time_stamp,uptime,pa_latency,memory,humidity,humidity_a,humidity_b,temperature,temperature_a,temperature_b,pressure,pressure_a,pressure_b,voc,voc_a,voc_b,analog_input,pm2.5_alt,pm2.5_alt_a,pm2.5_alt_b,scattering_coefficient,scattering_coefficient_a,scattering_coefficient_b,deciviews,deciviews_a,deciviews_b,visual_range,visual_range_a,visual_range_b,0.3_um_count,0.3_um_count_a,0.3_um_count_b,0.5_um_count,0.5_um_count_a,0.5_um_count_b,1.0_um_count,1.0_um_count_a,1.0_um_count_b,2.5_um_count,2.5_um_count_a,2.5_um_count_b,5.0_um_count,5.0_um_count_a,5.0_um_count_b,10.0_um_count,10.0_um_count_a,10.0_um_count_b,pm1.0_cf_1,pm1.0_cf_1_a,pm1.0_cf_1_b,pm1.0_atm,pm1.0_atm_a,pm1.0_atm_b,pm2.5_atm,pm2.5_atm_a,pm2.5_atm_b,pm2.5_cf_1,pm2.5_cf_1_a,pm2.5_cf_1_b,pm10.0_atm,pm10.0_atm_a,pm10.0_atm_b,pm10.0_cf_1,pm10.0_cf_1_a,pm10.0_cf_1_b
2023-06-14T03:30:00Z,1192,,14064,25,25,,83,83,,864,864,,,,,0.01,3.6,3.5,3.7,11.9,12,11.9,8.9,8.9,8.9,160.2,159.9,160.6,796.51,799.44,793.58,222.20499999999998,219.37,225.04,34.815,33.5,36.13,2.34,2.19,2.49,0.365,0.37,0.36,0.25,0.17,0.33,3.54,3.75,3.33,3.54,3.75,3.33,5.21,5.29,5.13,5.21,5.29,5.13,5.46,5.56,5.36,5.46,5.56,5.36
2023-06-14T03:40:00Z,1553,366,16626,24.6,24.6,,84.6,84.6,,864.334,864.334,,,,,0.01,3.5,3.3,3.7,12,12.1,11.8,8.9,9,8.8,160.2,159,161.3,797.137,806.958,787.316,222.358,223.082,221.634,33.385,29.038,37.732,1.899,1.252,2.546,0.12,0.02,0.22,0.03,0.02,0.04,3.5709999999999997,3.608,3.534,3.5709999999999997,3.608,3.534,5.068,4.788,5.348,5.068,4.788,5.348,5.183,4.834,5.532,5.183,4.834,5.532
2023-06-14T03:50:00Z,2152,470,16234,24,24,,85.8,85.8,,864.244,864.244,,,,,0.01,3.4,3.1,3.7,11.4,11.5,11.4,8.6,8.7,8.6,164.4,164.2,164.7,762.039,764.312,759.766,215.247,217.386,213.108,32.278,26.474,38.082,1.758,1.882,1.634,0.187,0.168,0.206,0.06,0.12,0,3.427,3.382,3.472,3.427,3.382,3.472,4.92,4.74,5.1,4.92,4.74,5.1,5.089,4.916,5.262,5.089,4.916,5.262
2023-06-14T04:00:00Z,2752,473,16208,24,24,,86.4,86.4,,864.246,864.246,,,,,0.01,3.5,3.3,3.7,11.7,11.7,11.6,8.8,8.8,8.7,162.6,162,163.1,777.2750000000001,782.076,772.474,218.46699999999998,221.88,215.054,33.125,29.366,36.884,1.9249999999999998,1.816,2.034,0.238,0.156,0.32,0.057,0.08,0.034,3.71,3.724,3.696,3.71,3.724,3.696,5.183,5.016,5.35,5.183,5.016,5.35,5.373,5.168,5.578,5.373,5.168,5.578
2023-06-14T04:10:00Z,3352,383,16528,24,24,,87,87,,864.062,864.062,,,,,0.01,3.5,3.4,3.7,11.8,11.9,11.6,8.8,8.9,8.7,161.6,160.6,162.7,784.869,793.206,776.532,220.92200000000003,226.05,215.794,33.606,30.398,36.814,1.75,1.694,1.806,0.297,0.298,0.296,0.127,0.254,0,3.683,3.65,3.716,3.683,3.65,3.716,5.163,5.042,5.284,5.163,5.042,5.284,5.4079999999999995,5.29,5.526,5.4079999999999995,5.29,5.526
2023-06-14T04:20:00Z,3952,367,15888,23.2,23.2,,87,87,,863.902,863.902,,,,,0.01,3.4,3.1,3.6,11.4,11.2,11.7,8.6,8.5,8.8,164.3,166.4,162.3,762.896,746.262,779.53,211.618,209.462,213.774,31.567,26.696,36.438,1.814,1.42,2.208,0.261,0.232,0.29,0.139,0.188,0.09,3.463,3.346,3.58,3.463,3.346,3.58,4.858,4.512,5.204,4.858,4.512,5.204,5.084,4.738,5.43,5.084,4.738,5.43
2023-06-14T04:30:00Z,4552,459,17488,23,23,,88,88,,863.782,863.782,,,,,0.01,3.3,3.2,3.4,11.2,11.4,10.9,8.5,8.6,8.4,166.6,164.5,168.7,745.097,761.798,728.396,210.524,217.002,204.046,31.22,28.366,34.074,1.876,1.614,2.138,0.127,0.176,0.078,0.057,0.08,0.034,3.309,3.212,3.406,3.309,3.212,3.406,4.763999999999999,4.462,5.066,4.763999999999999,4.462,5.066,4.917,4.658,5.176,4.917,4.658,5.176
2023-06-14T04:40:00Z,5152,368,17168,23,23,,88,88,,863.626,863.626,,,,,0.01,3.1,3,3.3,10.6,10.9,10.4,8.2,8.4,8.1,171.3,169.1,173.6,709.216,725.846,692.586,201.212,204.22,198.204,29.076,26.34,31.812,1.606,1.612,1.6,0.291,0.362,0.22,0.17900000000000002,0.278,0.08,3.135,3.136,3.134,3.135,3.136,3.134,4.4239999999999995,4.254,4.594,4.4239999999999995,4.254,4.594,4.667,4.632,4.702,4.667,4.632,4.702
2023-06-14T04:50:00Z,5752,354,17168,22.6,22.6,,88,88,,863.618,863.618,,,,,0.01,2.9,2.7,3.1,10.1,10.3,9.9,7.9,8.1,7.8,176.3,174.2,178.4,673.7280000000001,688.492,658.964,188.591,193.984,183.198,27.487000000000002,23.604,31.37,1.808,2,1.616,0.32999999999999996,0.308,0.352,0.2,0.274,0.126,2.912,2.948,2.876,2.912,2.948,2.876,4.104,4.014,4.194,4.104,4.014,4.194,4.355,4.272,4.438,4.355,4.272,4.438
2023-06-14T05:00:00Z,6352,366,16848,22,22,,88,88,,863.62,863.62,,,,,0.01,3,2.7,3.3,10.3,10.1,10.4,8,8,8.1,174.6,175.8,173.4,685.2139999999999,676.57,693.858,192.587,191.722,193.452,28.04,23.234,32.846,1.6440000000000001,1.55,1.738,0.308,0.252,0.364,0.164,0.188,0.14,3.125,3.134,3.116,3.125,3.134,3.116,4.41,4.268,4.552,4.41,4.268,4.552,4.645,4.48,4.81,4.645,4.48,4.81
2023-06-14T05:10:00Z,6952,366,17168,21,21,,88,88,,863.552,863.552,,,,,0.01,3.3,2.9,3.6,10.7,10.6,10.9,8.3,8.2,8.4,170.3,172.1,168.6,716.491,703.42,729.562,202.268,199.76,204.776,31.281999999999996,25.38,37.184,1.533,1.54,1.526,0.191,0.082,0.3,0.146,0.082,0.21,3.284,3.298,3.27,3.284,3.298,3.27,4.538,4.398,4.678,4.538,4.398,4.678,4.727,4.532,4.922,4.727,4.532,4.922
2023-06-14T05:20:00Z,7552,354,16528,21,21,,88,88,,863.516,863.516,,,,,0.01,3.2,2.9,3.5,10.7,10.5,10.9,8.3,8.2,8.4,170.7,172.6,168.8,713.77,699.654,727.886,202.39100000000002,200.762,204.02,30.606,25.494,35.718,1.572,1.72,1.424,0.361,0.262,0.46,0.153,0.21,0.096,3.15,3.04,3.26,3.15,3.04,3.26,4.4559999999999995,4.192,4.72,4.4559999999999995,4.192,4.72,4.727,4.478,4.976,4.727,4.478,4.976
2023-06-14T05:30:00Z,8152,384,16528,21,21,,88,88,,863.36,863.36,,,,,0.01,3,2.9,3.2,10.2,10.3,10.1,8,8.1,7.9,175.2,174.1,176.3,681.333,688.924,673.742,192.409,194.43,190.388,28.143,25.084,31.202,1.138,1.328,0.948,0.14300000000000002,0.166,0.12,0.11499999999999999,0.128,0.102,2.974,2.886,3.062,2.974,2.886,3.062,4.122999999999999,4.026,4.22,4.122999999999999,4.026,4.22,4.2490000000000006,4.138,4.36,4.2490000000000006,4.138,4.36
2023-06-14T05:40:00Z,8752,375,16848,21,21,,88.4,88.4,,863.308,863.308,,,,,0.01,3,2.7,3.4,10.1,10.1,10.2,8,7.9,8,175.9,176.3,175.6,675.927,673.534,678.32,191.057,191.486,190.628,28.435,22.616,34.254,1.238,1.272,1.204,0.148,0.078,0.218,0.046,0.078,0.014,2.84,2.876,2.804,2.84,2.876,2.804,3.972,3.774,4.17,3.972,3.774,4.17,4.0760000000000005,3.824,4.328,4.0760000000000005,3.824,4.328
2023-06-14T05:50:00Z,9352,355,17168,21,21,,89,89,,863.29,863.29,,,,,0.01,3,2.7,3.3,10,9.8,10.2,7.9,7.8,8,177,179,175,668.7529999999999,654.956,682.55,188.93900000000002,184.786,193.092,27.136000000000003,22.51,31.762,0.923,0.978,0.868,0.138,0.056,0.22,0.046,0.052,0.04,2.864,2.566,3.162,2.864,2.566,3.162,3.936,3.524,4.348,3.936,3.524,4.348,4.026,3.596,4.456,4.026,3.596,4.456
2023-06-14T06:00:00Z,9952,407,16848,21,21,,89,89,,863.23,863.23,,,,,0.01,3.1,2.8,3.5,10.2,10.1,10.3,8,7.9,8.1,175.2,176.2,174.2,681.149,674.27,688.028,193.68,192.66,194.7,29.768,24.116,35.42,1.357,1.532,1.182,0.177,0.268,0.086,0.066,0.094,0.038,3.0140000000000002,2.916,3.112,3.0140000000000002,2.916,3.112,4.243,3.892,4.594,4.243,3.892,4.594,4.394,4.132,4.656,4.394,4.132,4.656
2023-06-14T06:10:00Z,10552,440,17168,20.6,20.6,,89,89,,863.108,863.108,,,,,0.01,3,2.8,3.3,9.9,10.1,9.8,7.9,7.9,7.8,177.8,176.6,179,663.145,671.408,654.882,187.629,189.736,185.522,28.29,23.872,32.708,0.964,1.072,0.856,0.155,0.174,0.136,0.067,0.134,0,2.888,2.824,2.952,2.888,2.824,2.952,3.96,3.694,4.226,3.96,3.694,4.226,4.068,3.86,4.276,4.068,3.86,4.276
2023-06-14T06:20:00Z,11152,388,16208,20,20,,89,89,,863.02,863.02,,,,,0.01,2.9,2.6,3.2,9.7,9.7,9.8,7.7,7.7,7.8,179.8,180.3,179.2,649.809,646.198,653.42,182.767,181.584,183.95,26.753,21.964,31.542,1.092,0.986,1.198,0.11,0.054,0.166,0.048,0.054,0.042,2.8369999999999997,2.824,2.85,2.8369999999999997,2.824,2.85,3.9659999999999997,3.67,4.262,3.9659999999999997,3.67,4.262,4.031000000000001,3.724,4.338,4.031000000000001,3.724,4.338
2023-06-14T06:30:00Z,11752,382,17488,20.4,20.4,,89,89,,863.008,863.008,,,,,0.01,3,2.8,3.3,10.2,10.1,10.4,8,7.9,8.1,174.9,176.6,173.3,683.075,671.13,695.02,193.647,192.912,194.382,28.512999999999998,23.74,33.286,1.407,1.264,1.55,0.137,0.142,0.132,0.068,0.05,0.086,3.043,2.906,3.18,3.043,2.906,3.18,4.286,3.96,4.612,4.286,3.96,4.612,4.3629999999999995,4.036,4.69,4.3629999999999995,4.036,4.69
2023-06-14T06:40:00Z,12352,360,17168,21,21,,89,89,,862.986,862.986,,,,,0.01,3.3,3,3.6,10.9,11,10.8,8.4,8.4,8.3,169.1,168,170.2,725.5540000000001,733.994,717.114,205.876,209.448,202.304,31.557,26.186,36.928,1.127,1.48,0.774,0.16799999999999998,0.13,0.206,0.043,0.086,0,3.3529999999999998,3.268,3.438,3.3529999999999998,3.268,3.438,4.618,4.478,4.758,4.618,4.478,4.758,4.752,4.614,4.89,4.752,4.614,4.89
2023-06-14T06:50:00Z,12952,356,16848,21,21,,89,89,,862.908,862.908,,,,,0.01,3.2,3,3.4,10.7,10.9,10.6,8.3,8.4,8.2,170.3,169,171.6,716.5740000000001,726.332,706.816,204.41899999999998,208.464,200.374,29.796999999999997,24.968,34.626,1.6219999999999999,1.296,1.948,0.14600000000000002,0.14,0.152,0.05,0,0.1,3.291,3.322,3.26,3.291,3.322,3.26,4.609,4.43,4.788,4.609,4.43,4.788,4.741,4.548,4.934,4.741,4.548,4.934
2023-06-14T07:00:00Z,13552,377,17168,20.6,20.6,,89,89,,862.802,862.802,,,,,0.01,3.4,3,3.8,11.2,11.2,11.2,8.5,8.5,8.5,166.3,166.3,166.3,747.3489999999999,747.308,747.39,211.59699999999998,211.744,211.45,32.069,25.888,38.25,1.359,1.518,1.2,0.11699999999999999,0.048,0.186,0.07300000000000001,0.048,0.098,3.431,3.386,3.476,3.431,3.386,3.476,4.839,4.618,5.06,4.839,4.618,5.06,4.926,4.646,5.206,4.926,4.646,5.206
2023-06-14T07:10:00Z,14152,400,16848,20,20,,89,89,,862.792,862.792,,,,,0.01,3.7,3.3,4,11.9,11.7,12.2,8.9,8.8,9,160.3,162.3,158.4,795.9870000000001,779.49,812.484,227.101,225.982,228.22,34.966,29.248,40.684,1.1179999999999999,1.174,1.062,0.071,0.142,0,0.044,0.088,0,3.888,3.778,3.998,3.888,3.778,3.998,5.303,4.942,5.664,5.303,4.942,5.664,5.365,5.056,5.674,5.365,5.056,5.674
2023-06-14T07:20:00Z,14752,480,17168,20,20,,89,89,,862.738,862.738,,,,,0.01,3.8,3.6,4,12,11.9,12.1,8.9,8.9,9,159.7,160.6,158.9,800.799,793.572,808.026,226.95499999999998,227.362,226.548,37.568,34.164,40.972,1.459,1.622,1.296,0.09,0.044,0.136,0.048,0.044,0.052,3.823,3.834,3.812,3.823,3.834,3.812,5.404999999999999,5.26,5.55,5.404999999999999,5.26,5.55,5.537,5.402,5.672,5.537,5.402,5.672
2023-06-14T07:30:00Z,15352,354,17488,19.4,19.4,,89,89,,862.67,862.67,,,,,0.01,3.8,3.6,4,11.8,11.8,11.9,8.8,8.8,8.9,161.1,161.8,160.5,789.138,783.868,794.408,225.095,227.048,223.142,36.705,32.512,40.898,1.224,0.852,1.596,0.16599999999999998,0.096,0.236,0.067,0.044,0.09,3.7809999999999997,3.67,3.892,3.7809999999999997,3.67,3.892,5.2330000000000005,4.908,5.558,5.2330000000000005,4.908,5.558,5.407,5.062,5.752,5.407,5.062,5.752
2023-06-14T07:40:00Z,15952,445,17488,19,19,,88.6,88.6,,862.64,862.64,,,,,0.01,3.9,3.4,4.3,12,11.7,12.2,8.9,8.8,9,160,161.9,158.1,798.742,782.624,814.86,228.678,224.844,232.512,38.296,31.378,45.214,1.544,1.458,1.63,0.3,0.312,0.288,0.119,0.154,0.084,3.8,3.722,3.878,3.8,3.722,3.878,5.4190000000000005,5.016,5.822,5.4190000000000005,5.016,5.822,5.654,5.266,6.042,5.654,5.266,6.042
2023-06-14T07:50:00Z,16552,364,16848,19,19,,88.4,88.4,,862.654,862.654,,,,,0.01,3.6,3.5,3.8,11.2,11.3,11.1,8.5,8.6,8.5,166.4,165.4,167.4,746.6659999999999,754.786,738.546,214.844,220.952,208.736,35.69,31.942,39.438,1.171,1.102,1.24,0.124,0.166,0.082,0.083,0.166,0,3.38,3.386,3.374,3.38,3.386,3.374,4.908,4.746,5.07,4.908,4.746,5.07,5.0169999999999995,4.894,5.14,5.0169999999999995,4.894,5.14
2023-06-14T08:00:00Z,17152,355,17488,19,19,,89,89,,862.57,862.57,,,,,0.01,3.4,3.2,3.5,11,11.1,10.9,8.4,8.4,8.4,168.2,167.6,168.8,732.39,736.966,727.814,209.132,214.45,203.814,31.753,28.554,34.952,1.325,1.398,1.252,0.069,0,0.138,0.022,0,0.044,3.3810000000000002,3.466,3.296,3.3810000000000002,3.466,3.296,4.817,4.868,4.766,4.817,4.868,4.766,4.898,4.944,4.852,4.898,4.944,4.852
2023-06-14T08:10:00Z,17752,354,17168,19,19,,89,89,,862.474,862.474,,,,,0.01,3.2,3,3.4,10.6,10.8,10.3,8.2,8.3,8.1,172,170,174.1,704.145,719.098,689.192,198.75400000000002,204.934,192.574,30.554000000000002,26.48,34.628,1.343,1.234,1.452,0.1,0.042,0.158,0.021,0.042,0,3.1950000000000003,3.274,3.116,3.1950000000000003,3.274,3.116,4.538,4.408,4.668,4.538,4.408,4.668,4.593,4.47,4.716,4.593,4.47,4.716
2023-06-14T08:20:00Z,18352,369,17168,19,19,,89,89,,862.428,862.428,,,,,0.01,3.1,2.8,3.4,10.4,10.4,10.5,8.1,8.1,8.1,173.1,173.3,173,695.889,695.024,696.754,200.289,200.262,200.316,28.843,23.774,33.912,1.1099999999999999,0.998,1.222,0.212,0.3,0.124,0.124,0.248,0,3.36,3.26,3.46,3.36,3.26,3.46,4.536,4.294,4.778,4.536,4.294,4.778,4.736000000000001,4.594,4.878,4.736000000000001,4.594,4.878
2023-06-14T08:30:00Z,18952,371,17488,19,19,,89,89,,862.41,862.41,,,,,0.01,3.3,3,3.5,10.7,10.6,10.8,8.3,8.2,8.3,170.8,171.9,169.8,712.621,704.524,720.718,201.838,202.07,201.606,30.762,26.062,35.462,1.137,1.054,1.22,0.096,0.052,0.14,0.026,0.052,0,3.2359999999999998,3.142,3.33,3.2359999999999998,3.142,3.33,4.539,4.246,4.832,4.539,4.246,4.832,4.62,4.304,4.936,4.62,4.304,4.936
2023-06-14T08:40:00Z,19552,369,16848,19,19,,89,89,,862.324,862.324,,,,,0.01,3.3,3.1,3.4,10.5,10.6,10.4,8.2,8.2,8.1,172.5,171.9,173.1,700.4300000000001,704.904,695.956,200.89499999999998,205.476,196.314,31.664,28.588,34.74,1.2770000000000001,1.336,1.218,0.152,0.184,0.12,0.072,0.144,0,3.247,3.22,3.274,3.247,3.22,3.274,4.6240000000000006,4.442,4.806,4.6240000000000006,4.442,4.806,4.737,4.624,4.85,4.737,4.624,4.85
2023-06-14T08:50:00Z,20152,464,16848,18.6,18.6,,89,89,,862.18,862.18,,,,,0.01,3.4,3.1,3.6,10.9,10.9,10.9,8.4,8.3,8.4,169.1,169.3,168.9,725.846,724.256,727.436,208.32,209.434,207.206,32.405,28.594,36.216,1.504,1.802,1.206,0.156,0.094,0.218,0.047,0.094,0,3.4160000000000004,3.354,3.478,3.4160000000000004,3.354,3.478,4.832,4.652,5.012,4.832,4.652,5.012,4.961,4.768,5.154,4.961,4.768,5.154
2023-06-14T09:00:00Z,20783,370,17130,19,19,,89,89,,862.14,862.14,,,,,0.01,3.6,3.3,3.9,11.1,10.7,11.4,8.4,8.3,8.6,167.6,170.4,164.9,737.1365000000001,716.053,758.22,208.6095,206.067,211.152,35.534,30.29,40.778,1.125,1.097,1.153,0.055,0.055,0.055,0.0275,0.055,0,3.2115,3.143,3.28,3.2115,3.143,3.28,4.6935,4.332,5.055,4.6935,4.332,5.055,4.764,4.418,5.11,4.764,4.418,5.11
2023-06-14T09:10:00Z,21352,360,16528,19,19,,89,89,,862.08,862.08,,,,,0.01,3.6,3.2,4,11.4,11.2,11.5,8.6,8.5,8.7,165.1,166.2,164,756.795,747.872,765.718,216.49099999999999,215.172,217.81,34.808,29.018,40.598,1.121,1.56,0.682,0.046,0.092,0,0.046,0.092,0,3.498,3.312,3.684,3.498,3.312,3.684,5.082,4.75,5.414,5.082,4.75,5.414,5.131,4.848,5.414,5.131,4.848,5.414
2023-06-14T09:20:00Z,21952,361,17168,18.8,18.8,,89,89,,862.222,862.222,,,,,0.01,3.6,3.3,3.8,11,10.8,11.1,8.4,8.3,8.5,168.4,169.5,167.3,730.895,722.382,739.408,208.034,207.432,208.636,35.635,31.562,39.708,1.229,1.344,1.114,0.069,0.138,0,0.051,0.102,0,3.276,3.18,3.372,3.276,3.18,3.372,4.842,4.632,5.052,4.842,4.632,5.052,4.893,4.734,5.052,4.893,4.734,5.052
2023-06-14T09:30:00Z,22552,364,17168,18.4,18.4,,89,89,,862.196,862.196,,,,,0.01,3.6,3.3,3.9,11.3,11,11.5,8.6,8.4,8.7,165.8,168.1,163.5,751.527,733.256,769.798,214.906,211.602,218.21,34.673,29.706,39.64,1.42,1.21,1.63,0.022,0,0.044,0,0,0,3.484,3.312,3.656,3.484,3.312,3.656,5.0120000000000005,4.57,5.454,5.0120000000000005,4.57,5.454,5.023,4.578,5.468,5.023,4.578,5.468
2023-06-14T09:40:00Z,23152,389,17168,18,18,,89,89,,862.244,862.244,,,,,0.01,3.5,3.3,3.6,10.9,11.2,10.7,8.4,8.5,8.2,168.8,166.7,170.9,728.254,744.522,711.986,210.70499999999998,217.194,204.216,33.568,29.288,37.848,1.133,0.802,1.464,0.087,0,0.174,0.023,0,0.046,3.427,3.52,3.334,3.427,3.52,3.334,4.805,4.646,4.964,4.805,4.646,4.964,4.88,4.652,5.108,4.88,4.652,5.108
2023-06-14T09:50:00Z,23752,357,17488,18,18,,89,89,,862.178,862.178,,,,,0.01,3.5,3.3,3.7,10.9,10.9,10.9,8.3,8.4,8.3,169.2,169.2,169.3,724.749,724.932,724.566,206.654,207.17,206.138,34.789,30.53,39.048,1.23,1.158,1.302,0.089,0.144,0.034,0.072,0.144,0,3.394,3.316,3.472,3.394,3.316,3.472,4.873,4.594,5.152,4.873,4.594,5.152,4.964,4.742,5.186,4.964,4.742,5.186
2023-06-14T10:00:00Z,24352,358,17488,18,18,,89,89,,862.134,862.134,,,,,0.01,3.5,3.4,3.6,10.9,11.1,10.8,8.4,8.5,8.3,168.6,167.1,170.1,729.6690000000001,740.878,718.46,209.082,215.876,202.288,34.518,32.274,36.762,1.361,1.29,1.432,0.141,0.108,0.174,0.068,0.096,0.04,3.4539999999999997,3.522,3.386,3.4539999999999997,3.522,3.386,4.901999999999999,4.89,4.914,4.901999999999999,4.89,4.914,4.9990000000000006,4.964,5.034,4.9990000000000006,4.964,5.034
2023-06-14T10:10:00Z,24952,367,17488,18,18,,89,89,,862.056,862.056,,,,,0.01,3.7,3.5,3.9,11.4,11.6,11.3,8.6,8.7,8.6,164.4,163.3,165.6,762.21,771.276,753.144,217.804,222.942,212.666,36.369,32.884,39.854,1.085,0.93,1.24,0.137,0.132,0.142,0.025,0,0.05,3.512,3.486,3.538,3.512,3.486,3.538,5.024,4.89,5.158,5.024,4.89,5.158,5.133,4.968,5.298,5.133,4.968,5.298
2023-06-14T10:20:00Z,25552,351,17168,18,18,,89,89,,862.016,862.016,,,,,0.01,3.8,3.7,3.9,11.3,11.5,11.1,8.6,8.7,8.5,165.5,164.1,167,753.242,764.908,741.576,214.848,221.468,208.228,39.024,36.634,41.414,1.312,1.372,1.252,0.237,0.376,0.098,0.113,0.226,0,3.575,3.636,3.514,3.575,3.636,3.514,5.182,5.228,5.136,5.182,5.228,5.136,5.3309999999999995,5.476,5.186,5.3309999999999995,5.476,5.186
2023-06-14T10:30:00Z,26152,430,17488,18.6,18.6,,88.8,88.8,,861.984,861.984,,,,,0.01,4.2,4.1,4.3,12.5,12.7,12.3,9.2,9.3,9.1,155.9,154.6,157.2,834.1610000000001,845.566,822.756,236.602,241.454,231.75,42.846000000000004,40.028,45.664,1.41,1.38,1.44,0.16799999999999998,0.09,0.246,0.066,0.052,0.08,4.109,4.278,3.94,4.109,4.278,3.94,5.955,5.966,5.944,5.955,5.966,5.944,6.075,6.016,6.134,6.075,6.016,6.134
2023-06-14T10:40:00Z,26752,354,17202,19,19,,88,88,,861.93,861.93,,,,,0.01,3.9,3.6,4.2,12,11.6,12.4,8.9,8.7,9.1,159.8,163,156.6,800.73,773.428,828.032,229.641,224.248,235.034,39.010000000000005,33.716,44.304,1.756,1.448,2.064,0.144,0.084,0.204,0.064,0.084,0.044,3.915,3.884,3.946,3.915,3.884,3.946,5.606999999999999,5.252,5.962,5.606999999999999,5.252,5.962,5.746,5.314,6.178,5.746,5.314,6.178
2023-06-14T10:50:00Z,27352,358,17488,19,19,,87,87,,861.93,861.93,,,,,0.01,4,3.7,4.3,12.3,11.9,12.7,9.1,8.9,9.3,157.4,160.3,154.6,820.809,795.89,845.728,233.38,228.816,237.944,39.918,35.348,44.488,1.427,1.628,1.226,0.06,0,0.12,0.02,0,0.04,4.056,3.926,4.186,4.056,3.926,4.186,5.7330000000000005,5.478,5.988,5.7330000000000005,5.478,5.988,5.792,5.506,6.078,5.792,5.506,6.078
2023-06-14T11:00:00Z,27952,467,17488,19,19,,87,87,,861.934,861.934,,,,,0.01,3.8,3.6,3.9,11.7,11.8,11.6,8.8,8.8,8.7,162.1,161.2,162.9,781.44,788.422,774.458,222.9,226.632,219.168,37.75,33.964,41.536,1.478,0.802,2.154,0.131,0.096,0.166,0.068,0.096,0.04,3.691,3.818,3.564,3.691,3.818,3.564,5.198,5.042,5.354,5.198,5.042,5.354,5.301,5.118,5.484,5.301,5.118,5.484
2023-06-14T11:10:00Z,28552,357,17168,19,19,,88,88,,861.966,861.966,,,,,0.01,3.5,3.3,3.7,11.2,11.2,11.1,8.5,8.5,8.5,166.7,166.2,167.2,744.248,748.202,740.294,212.664,214.95,210.378,33.577,29.672,37.482,1.194,0.72,1.668,0.129,0.034,0.224,0.064,0.034,0.094,3.6159999999999997,3.63,3.602,3.6159999999999997,3.63,3.602,5.011,4.738,5.284,5.011,4.738,5.284,5.0920000000000005,4.766,5.418,5.0920000000000005,4.766,5.418
2023-06-14T11:20:00Z,29152,383,17488,19,19,,88,88,,862.018,862.018,,,,,0.01,3.6,3.5,3.7,11,11.3,10.8,8.4,8.6,8.3,167.7,165.6,169.9,736.2139999999999,752.904,719.524,210.668,218.422,202.914,35.36,32.528,38.192,1.262,1.288,1.236,0.11599999999999999,0.124,0.108,0.08299999999999999,0.09,0.076,3.444,3.584,3.304,3.444,3.584,3.304,4.907,4.99,4.824,4.907,4.99,4.824,5.022,5.124,4.92,5.022,5.124,4.92
2023-06-14T11:30:00Z,29752,362,17488,19,19,,88,88,,862.004,862.004,,,,,0.01,3.4,3,3.8,10.6,10.4,10.7,8.2,8.1,8.3,171.8,173.1,170.4,705.923,695.904,715.942,201.902,201.716,202.088,33.739,27.02,40.458,1.627,1.328,1.926,0.079,0.038,0.12,0.019,0.038,0,3.3689999999999998,3.41,3.328,3.3689999999999998,3.41,3.328,4.833,4.57,5.096,4.833,4.57,5.096,4.891,4.622,5.16,4.891,4.622,5.16
2023-06-14T11:40:00Z,30352,354,17168,19,19,,88,88,,862.006,862.006,,,,,0.01,3.2,2.9,3.5,10.2,10,10.3,8,7.9,8.1,175.5,176.8,174.3,678.79,669.77,687.81,193.82600000000002,192.538,195.114,30.473,24.998,35.948,1.085,0.862,1.308,0.10400000000000001,0.1,0.108,0.066,0.1,0.032,3.101,3.102,3.1,3.101,3.102,3.1,4.32,4.02,4.62,4.32,4.02,4.62,4.413,4.086,4.74,4.413,4.086,4.74
2023-06-14T11:50:00Z,30952,358,17168,18,18,,88.4,88.4,,861.982,861.982,,,,,0.01,3.2,3,3.4,10,10.1,9.9,7.9,7.9,7.8,177.2,176.2,178.3,666.9639999999999,674.28,659.648,189.998,195.59,184.406,31.222,27.076,35.368,1.098,0.86,1.336,0.14200000000000002,0.058,0.226,0,0,0,3.104,3.178,3.03,3.104,3.178,3.03,4.3420000000000005,4.238,4.446,4.3420000000000005,4.238,4.446,4.431,4.266,4.596,4.431,4.266,4.596
2023-06-14T12:00:00Z,31552,348,17168,18,18,,89,89,,861.958,861.958,,,,,0.01,2.9,2.7,3.1,9.6,9.8,9.5,7.7,7.8,7.6,181,179.4,182.5,641.682,652.006,631.358,183.882,188.864,178.9,27.286,23.012,31.56,0.999,1.004,0.994,0.133,0.148,0.118,0.056,0.112,0,3.026,3.16,2.892,3.026,3.16,2.892,4.122,4.142,4.102,4.122,4.142,4.102,4.279999999999999,4.294,4.266,4.279999999999999,4.294,4.266
2023-06-14T12:10:00Z,32152,348,17168,18,18,,89,89,,861.882,861.882,,,,,0.01,2.8,2.6,2.9,9.6,9.5,9.7,7.7,7.6,7.7,181.3,182,180.7,639.306,634.842,643.77,181.21300000000002,181.062,181.364,25.023,22.2,27.846,1.098,0.824,1.372,0.051,0,0.102,0,0,0,2.9219999999999997,2.956,2.888,2.9219999999999997,2.956,2.888,3.92,3.844,3.996,3.92,3.844,3.996,3.985,3.878,4.092,3.985,3.878,4.092
2023-06-14T12:20:00Z,32752,380,17168,18,18,,89,89,,861.84,861.84,,,,,0.01,2.8,2.8,2.8,9.4,9.6,9.2,7.6,7.7,7.4,183.2,180.9,185.6,627.002,642.208,611.796,178.02499999999998,183.986,172.064,25.978,25.722,26.234,0.9610000000000001,1.108,0.814,0.143,0.078,0.208,0.10300000000000001,0.078,0.128,2.592,2.544,2.64,2.592,2.544,2.64,3.7300000000000004,3.732,3.728,3.7300000000000004,3.732,3.728,3.855,3.832,3.878,3.855,3.832,3.878
2023-06-14T12:30:00Z,33352,363,17488,18,18,,88.8,88.8,,861.848,861.848,,,,,0.01,2.8,2.6,3.1,9.5,9.4,9.7,7.6,7.5,7.7,181.8,183.5,180.1,636.216,625.22,647.212,179.66,176.666,182.654,26.403,22.676,30.13,1.049,0.816,1.282,0.225,0.184,0.266,0.116,0.14,0.092,2.671,2.514,2.828,2.671,2.514,2.828,3.783,3.388,4.178,3.783,3.388,4.178,3.9239999999999995,3.53,4.318,3.9239999999999995,3.53,4.318
2023-06-14T12:40:00Z,33952,350,17488,18,18,,89,89,,861.868,861.868,,,,,0.01,2.9,2.7,3.1,9.6,9.7,9.4,7.6,7.7,7.6,181.7,180.5,183,636.75,644.8,628.7,179.644,184.678,174.61,27.016,22.78,31.252,1.211,1.104,1.318,0.12,0.094,0.146,0.047,0,0.094,2.734,2.788,2.68,2.734,2.788,2.68,3.8449999999999998,3.746,3.944,3.8449999999999998,3.746,3.944,3.947,3.826,4.068,3.947,3.826,4.068
2023-06-14T12:50:00Z,34552,350,17168,18,18,,88.8,88.8,,861.844,861.844,,,,,0.01,2.7,2.6,2.9,9.4,9.9,9,7.6,7.8,7.3,182.8,178.4,187.5,629.393,659.046,599.74,177.79399999999998,188.268,167.32,24.578,20.464,28.692,0.802,0.858,0.746,0.115,0.098,0.132,0.032,0.064,0,2.7830000000000004,2.89,2.676,2.7830000000000004,2.89,2.676,3.725,3.728,3.722,3.725,3.728,3.722,3.816,3.804,3.828,3.816,3.804,3.828
2023-06-14T13:00:00Z,35152,361,17488,18,18,,89,89,,862.038,862.038,,,,,0.01,2.9,2.8,3.1,9.7,9.9,9.6,7.7,7.8,7.7,179.9,178.6,181.2,648.8779999999999,657.424,640.332,186.899,191.336,182.462,26.77,23.506,30.034,1.009,0.86,1.158,0.082,0.034,0.13,0.035,0.034,0.036,2.858,2.758,2.958,2.858,2.758,2.958,3.9909999999999997,3.788,4.194,3.9909999999999997,3.788,4.194,4.057,3.818,4.296,4.057,3.818,4.296
2023-06-14T13:10:00Z,35752,359,17168,18,18,,89,89,,862.178,862.178,,,,,0.01,2.9,2.6,3.2,9.7,9.7,9.6,7.7,7.7,7.7,180.6,180.5,180.8,643.976,645.036,642.916,184.507,185.76,183.254,27.408,22.052,32.764,1.294,1.662,0.926,0.132,0.184,0.08,0.092,0.184,0,2.832,2.73,2.934,2.832,2.73,2.934,4.023,3.814,4.232,4.023,3.814,4.232,4.135,3.968,4.302,4.135,3.968,4.302
2023-06-14T13:20:00Z,36352,372,17488,18,18,,89,89,,862.228,862.228,,,,,0.01,3,2.8,3.2,9.9,10.2,9.7,7.8,8,7.7,177.9,175.7,180.2,662.219,677.762,646.676,187.185,191.938,182.432,28.319000000000003,24.188,32.45,1.444,1.342,1.546,0.163,0.128,0.198,0.11499999999999999,0.086,0.144,2.974,2.984,2.964,2.974,2.984,2.964,4.276,4.126,4.426,4.276,4.126,4.426,4.411,4.252,4.57,4.411,4.252,4.57
2023-06-14T13:30:00Z,36952,357,17168,18,18,,89,89,,862.248,862.248,,,,,0.01,3,2.7,3.2,9.9,10,9.9,7.9,7.9,7.8,177.9,177.6,178.1,662.685,664.138,661.232,186.575,187.666,185.484,27.898000000000003,23.352,32.444,1.514,1.21,1.818,0.291,0.142,0.44,0.13,0.142,0.118,2.921,3.03,2.812,2.921,3.03,2.812,4.0969999999999995,3.904,4.29,4.0969999999999995,3.904,4.29,4.3309999999999995,4.032,4.63,4.3309999999999995,4.032,4.63
2023-06-14T13:40:00Z,37552,362,16848,18,18,,89,89,,862.328,862.328,,,,,0.01,3.1,3,3.2,10.4,10.5,10.2,8.1,8.2,8,173.8,172.6,175,690.9970000000001,699.738,682.256,194.303,200.064,188.542,29.09,26.598,31.582,1.355,1.264,1.446,0.173,0.088,0.258,0.066,0.088,0.044,3.183,3.354,3.012,3.183,3.354,3.012,4.425000000000001,4.41,4.44,4.425000000000001,4.41,4.44,4.542,4.514,4.57,4.542,4.514,4.57
2023-06-14T13:50:00Z,38152,347,17488,18,18,,89,89,,862.458,862.458,,,,,0.01,3.3,3.1,3.5,11.1,11.1,11.2,8.5,8.5,8.5,166.8,167.3,166.4,743.278,739.652,746.904,213.18,213.468,212.892,30.842,26.862,34.822,1.453,0.932,1.974,0.242,0.188,0.296,0.11399999999999999,0.146,0.082,3.652,3.66,3.644,3.652,3.66,3.644,4.882,4.714,5.05,4.882,4.714,5.05,5.0649999999999995,4.838,5.292,5.0649999999999995,4.838,5.292
2023-06-14T14:00:00Z,38752,358,16528,18,18,,89,89,,862.418,862.418,,,,,0.01,3.5,3.3,3.7,11.7,11.7,11.6,8.7,8.8,8.7,162.6,162.1,163,777.108,780.772,773.444,219.381,220.586,218.176,33.031,29.248,36.814,1.447,1.41,1.484,0.20800000000000002,0.084,0.332,0.058,0.084,0.032,3.6879999999999997,3.574,3.802,3.6879999999999997,3.574,3.802,5.048,4.862,5.234,5.048,4.862,5.234,5.213,4.976,5.45,5.213,4.976,5.45
2023-06-14T14:10:00Z,39352,354,17168,18,18,,89,89,,862.388,862.388,,,,,0.01,3.7,3.3,4.1,11.9,12,11.8,8.9,8.9,8.8,160.7,160,161.4,792.715,798.562,786.868,226.411,228.024,224.798,36.054,28.21,43.898,1.8090000000000002,1.418,2.2,0.133,0.128,0.138,0.07,0.09,0.05,3.823,3.796,3.85,3.823,3.796,3.85,5.401999999999999,5.036,5.768,5.401999999999999,5.036,5.768,5.547000000000001,5.184,5.91,5.547000000000001,5.184,5.91
2023-06-14T14:20:00Z,39952,364,17488,18.4,18.4,,89,89,,862.48,862.48,,,,,0.01,3.8,3.7,4,12.4,12.6,12.2,9.1,9.2,9,156.9,155.4,158.4,825.4929999999999,839.01,811.976,232.60899999999998,238.536,226.682,37.169,33.238,41.1,1.4140000000000001,1.352,1.476,0.19,0.126,0.254,0.067,0.086,0.048,3.891,3.958,3.824,3.891,3.958,3.824,5.518,5.516,5.52,5.518,5.516,5.52,5.627000000000001,5.634,5.62,5.627000000000001,5.634,5.62
2023-06-14T14:30:00Z,40552,360,16848,19,19,,89,89,,862.556,862.556,,,,,0.01,4,3.7,4.3,13,13.1,12.8,9.4,9.4,9.3,152.6,151.6,153.5,864.398,873.206,855.59,244.829,247.41,242.248,38.545,33.084,44.006,1.53,1.444,1.616,0.293,0.152,0.434,0.107,0.096,0.118,4.182,4.14,4.224,4.182,4.14,4.224,5.829,5.52,6.138,5.829,5.52,6.138,5.997,5.62,6.374,5.997,5.62,6.374
2023-06-14T14:40:00Z,41152,363,17488,19,19,,89,89,,862.538,862.538,,,,,0.01,4.1,3.9,4.3,13.3,13.5,13.1,9.5,9.7,9.4,150.1,148.5,151.7,888.149,903.148,873.15,250.731,254.092,247.37,39.435,34.99,43.88,2.186,1.676,2.696,0.16799999999999998,0.1,0.236,0.025,0.05,0,4.202999999999999,4.1,4.306,4.202999999999999,4.1,4.306,6.026,5.716,6.336,6.026,5.716,6.336,6.192,5.812,6.572,6.192,5.812,6.572
2023-06-14T14:50:00Z,41752,361,17168,19,19,,89,89,,862.512,862.512,,,,,0.01,4.2,4,4.4,13.6,13.6,13.6,9.7,9.7,9.7,148.1,148.2,148,907.664,906.642,908.686,257.693,259.042,256.344,40.885,37.516,44.254,2.133,2.02,2.246,0.305,0.376,0.234,0.126,0.252,0,4.4879999999999995,4.346,4.63,4.4879999999999995,4.346,4.63,6.145,5.878,6.412,6.145,5.878,6.412,6.390000000000001,6.184,6.596,6.390000000000001,6.184,6.596
2023-06-14T15:00:00Z,42352,377,17168,19,19,,89,89,,862.518,862.518,,,,,0.01,4.7,4.6,4.8,14.8,15.2,14.4,10.2,10.4,10.1,140.3,138,142.7,988.922,1014.66,963.184,278.776,285.058,272.494,46.786,43.592,49.98,2.3209999999999997,2.016,2.626,0.29400000000000004,0.248,0.34,0.14200000000000002,0.15,0.134,4.902,4.932,4.872,4.902,4.932,4.872,7.002000000000001,6.948,7.056,7.002000000000001,6.948,7.056,7.265,7.164,7.366,7.265,7.164,7.366
2023-06-14T15:10:00Z,42952,355,16848,19,19,,89,89,,862.506,862.506,,,,,0.01,5.3,4.8,5.8,16.6,16.5,16.8,11,10.9,11,130.2,131.1,129.3,1108.634,1097.144,1120.124,314.87,314.536,315.204,52.527,44.198,60.856,2.172,1.878,2.466,0.365,0.256,0.474,0.158,0.118,0.198,5.695,5.686,5.704,5.695,5.686,5.704,7.944000000000001,7.546,8.342,7.944000000000001,7.546,8.342,8.209,7.774,8.644,8.209,7.774,8.644
2023-06-14T15:20:00Z,43552,372,17488,19,19,,89,89,,862.636,862.636,,,,,0.01,4.9,4.5,5.3,15.6,15.5,15.7,10.6,10.5,10.6,135.7,136.3,135.1,1041.2150000000001,1033.862,1048.568,295.647,294.988,296.306,48.048,40.956,55.14,2.237,1.82,2.654,0.28500000000000003,0.128,0.442,0.155,0.128,0.182,5.281000000000001,5.23,5.332,5.281000000000001,5.23,5.332,7.384,7.034,7.734,7.384,7.034,7.734,7.564,7.114,8.014,7.564,7.114,8.014
2023-06-14T15:30:00Z,44152,354,17488,19,19,,89,89,,862.73,862.73,,,,,0.01,4.8,4.4,5.2,15.5,15.3,15.7,10.5,10.4,10.6,136.1,137.4,135,1035.8719999999998,1021.77,1049.974,292.369,290.09,294.648,46.213,39.586,52.84,2.09,2.256,1.924,0.293,0.234,0.352,0.131,0.132,0.13,5.2620000000000005,4.93,5.594,5.2620000000000005,4.93,5.594,7.196,6.792,7.6,7.196,6.792,7.6,7.458,7.052,7.864,7.458,7.052,7.864
2023-06-14T15:40:00Z,44752,351,17488,19,19,,89,89,,862.752,862.752,,,,,0.01,5.2,4.8,5.6,16.2,16.2,16.3,10.8,10.8,10.8,132.3,132.7,131.9,1082.39,1077.534,1087.246,305.889,311.048,300.73,51.662,44.684,58.64,2.463,2.492,2.434,0.41200000000000003,0.482,0.342,0.303,0.438,0.168,5.381,5.352,5.41,5.381,5.352,5.41,7.614,7.346,7.882,7.614,7.346,7.882,7.916,7.716,8.116,7.916,7.716,8.116
2023-06-14T15:50:00Z,45352,423,17488,19,19,,89,89,,862.764,862.764,,,,,0.01,5,4.7,5.3,16.1,16.1,16.1,10.8,10.8,10.8,132.9,132.8,132.9,1074.869,1075.466,1074.272,304.55,309.204,299.896,48.608,41.852,55.364,2.618,1.966,3.27,0.28,0.25,0.31,0.15000000000000002,0.202,0.098,5.479,5.486,5.472,5.479,5.486,5.472,7.6850000000000005,7.436,7.934,7.6850000000000005,7.436,7.934,7.9,7.64,8.16,7.9,7.64,8.16
2023-06-14T16:00:00Z,45952,355,17168,19,19,,89,89,,862.764,862.764,,,,,0.01,5.1,4.8,5.5,15.9,15.8,15.9,10.7,10.7,10.7,134.3,134.4,134.3,1057.176,1056.044,1058.308,300.634,303.316,297.952,51.564,44.378,58.75,2.316,2.098,2.534,0.348,0.334,0.362,0.149,0.208,0.09,5.427,5.384,5.47,5.427,5.384,5.47,7.594,7.32,7.868,7.594,7.32,7.868,7.837999999999999,7.592,8.084,7.837999999999999,7.592,8.084
2023-06-14T16:10:00Z,46552,359,17488,19,19,,89,89,,862.826,862.826,,,,,0.01,5,4.6,5.4,16.4,16.1,16.6,10.9,10.8,11,131.6,132.8,130.4,1091.0549999999998,1076.396,1105.714,311.05,308.826,313.274,47.703,40.842,54.564,2.1310000000000002,1.678,2.584,0.278,0.248,0.308,0.183,0.196,0.17,5.566,5.374,5.758,5.566,5.374,5.758,7.651,7.162,8.14,7.651,7.162,8.14,7.91,7.394,8.426,7.91,7.394,8.426
2023-06-14T16:20:00Z,47152,363,17168,19,19,,89,89,,862.694,862.694,,,,,0.01,5.5,5,6.1,17.4,16.9,17.8,11.3,11.1,11.4,126.4,128.8,124.1,1158.338,1126.83,1189.846,328.8,321.244,336.356,54.747,45.866,63.628,2.293,1.826,2.76,0.177,0.094,0.26,0.047,0.094,0,6.009,5.654,6.364,6.009,5.654,6.364,8.333,7.714,8.952,8.333,7.714,8.952,8.479,7.82,9.138,8.479,7.82,9.138
2023-06-14T16:30:00Z,47752,362,17168,19,19,,89,89,,862.636,862.636,,,,,0.01,5.6,5.2,6,17.4,17.3,17.5,11.3,11.2,11.3,126.4,127,125.7,1159.1219999999998,1150.08,1168.164,328.244,329.092,327.396,56.896,49.874,63.918,2.68,2.93,2.43,0.28800000000000003,0.26,0.316,0.13,0.18,0.08,5.9559999999999995,5.856,6.056,5.9559999999999995,5.856,6.056,8.449000000000002,8.098,8.8,8.449000000000002,8.098,8.8,8.674,8.394,8.954,8.674,8.394,8.954
2023-06-14T16:40:00Z,48352,352,17488,19,19,,89,89,,862.724,862.724,,,,,0.01,5.3,4.9,5.7,17,16.8,17.2,11.1,11,11.2,128.3,129.4,127.2,1132.72,1118.308,1147.132,319.169,317.49,320.848,51.459,44.346,58.572,2.1950000000000003,2.168,2.222,0.331,0.276,0.386,0.167,0.232,0.102,5.864,5.822,5.906,5.864,5.822,5.906,8.065999999999999,7.814,8.318,8.065999999999999,7.814,8.318,8.287,7.982,8.592,8.287,7.982,8.592
2023-06-14T16:50:00Z,48952,359,17488,18.8,18.8,,89,89,,862.73,862.73,,,,,0.01,5.4,4.9,5.9,17.1,17,17.1,11.1,11.1,11.2,127.9,128.1,127.7,1138.436,1135.782,1141.09,321.155,322.11,320.2,53.533,45.224,61.842,2.487,2.786,2.188,0.29200000000000004,0.276,0.308,0.182,0.276,0.088,5.849,5.774,5.924,5.849,5.774,5.924,8.173,7.98,8.366,8.173,7.98,8.366,8.451,8.276,8.626,8.451,8.276,8.626
2023-06-14T17:00:00Z,49552,354,16848,18.2,18.2,,89,89,,862.674,862.674,,,,,0.01,5.3,5,5.7,16.9,16.9,16.9,11.1,11.1,11.1,129.1,129.1,129,1123.3739999999998,1123.34,1123.408,319.233,320.478,317.988,52.688,45.966,59.41,2.304,2.022,2.586,0.276,0.152,0.4,0.124,0.114,0.134,5.921,5.862,5.98,5.921,5.862,5.98,8.089,7.836,8.342,8.089,7.836,8.342,8.328,8,8.656,8.328,8,8.656
2023-06-14T17:10:00Z,50152,368,17488,18,18,,89,89,,862.52,862.52,,,,,0.01,5.5,5.2,5.9,17.4,17.3,17.5,11.3,11.3,11.3,126.1,126.6,125.7,1162.0729999999999,1155.874,1168.272,330.389,331.706,329.072,54.572,47.56,61.584,2.536,1.646,3.426,0.418,0.27,0.566,0.191,0.182,0.2,6.0920000000000005,6.05,6.134,6.0920000000000005,6.05,6.134,8.475999999999999,8.098,8.854,8.475999999999999,8.098,8.854,8.738,8.276,9.2,8.738,8.276,9.2
2023-06-14T17:20:00Z,50752,358,17488,18,18,,89,89,,862.514,862.514,,,,,0.01,5.3,4.9,5.8,16.8,16.6,17.1,11.1,11,11.1,129.1,130.4,127.9,1122.452,1106.612,1138.292,318.567,313.934,323.2,52.635999999999996,45.74,59.532,2.101,1.97,2.232,0.203,0.142,0.264,0.10400000000000001,0.1,0.108,5.888,5.668,6.108,5.888,5.668,6.108,8.098,7.614,8.582,8.098,7.614,8.582,8.277999999999999,7.792,8.764,8.277999999999999,7.792,8.764
2023-06-14T17:30:00Z,51352,349,17488,18,18,,88,88,,862.476,862.476,,,,,0.01,5.7,5.1,6.2,17.4,17.1,17.6,11.3,11.2,11.4,126.3,127.6,125.1,1159.423,1142.236,1176.61,329.884,324.916,334.852,57.323,47.982,66.664,2.5940000000000003,2.446,2.742,0.273,0.194,0.352,0.14,0.146,0.134,5.913,5.812,6.014,5.913,5.812,6.014,8.507000000000001,8.018,8.996,8.507000000000001,8.018,8.996,8.79,8.286,9.294,8.79,8.286,9.294
2023-06-14T17:40:00Z,51952,348,17488,18,18,,89,89,,862.562,862.562,,,,,0.01,5.7,5.2,6.1,17.4,17.2,17.5,11.3,11.2,11.3,126.5,127.3,125.6,1157.7269999999999,1146.618,1168.836,329.858,329.544,330.172,57.701,49.334,66.068,2.992,2.834,3.15,0.365,0.288,0.442,0.174,0.176,0.172,5.918,5.888,5.948,5.918,5.888,5.948,8.549,8.2,8.898,8.549,8.2,8.898,8.77,8.378,9.162,8.77,8.378,9.162
2023-06-14T17:50:00Z,52552,368,17168,18,18,,89,89,,862.504,862.504,,,,,0.01,5.4,5,5.8,16.9,16.6,17.2,11.1,10.9,11.2,128.9,130.5,127.4,1124.685,1104.816,1144.554,319.217,318.614,319.82,53.858000000000004,47.896,59.82,2.51,2.584,2.436,0.275,0.376,0.174,0.118,0.236,0,5.909000000000001,5.74,6.078,5.909000000000001,5.74,6.078,8.205,7.802,8.608,8.205,7.802,8.608,8.466000000000001,8.164,8.768,8.466000000000001,8.164,8.768
2023-06-14T18:00:00Z,53152,351,17488,18,18,,89,89,,862.474,862.474,,,,,0.01,5.5,5.1,5.9,17.3,16.9,17.7,11.2,11.1,11.4,126.8,128.8,124.9,1153.0990000000002,1126.402,1179.796,326.049,321.694,330.404,55.552,48.66,62.444,3.106,2.786,3.426,0.46799999999999997,0.296,0.64,0.191,0.218,0.164,5.873,5.75,5.996,5.873,5.75,5.996,8.35,8.008,8.692,8.35,8.008,8.692,8.671,8.242,9.1,8.671,8.242,9.1
2023-06-14T18:10:00Z,53752,351,16848,18,18,,89,89,,862.416,862.416,,,,,0.01,5.4,5.1,5.6,17,16.7,17.3,11.1,11,11.2,128.2,129.8,126.7,1134.063,1113.534,1154.592,319.644,318.094,321.194,52.778,47.332,58.224,2.4210000000000003,1.806,3.036,0.28300000000000003,0.332,0.234,0.192,0.332,0.052,5.785,5.642,5.928,5.785,5.642,5.928,8.113,7.626,8.6,8.113,7.626,8.6,8.36,7.932,8.788,8.36,7.932,8.788
2023-06-14T18:20:00Z,54352,353,17488,17.8,17.8,,89,89,,862.404,862.404,,,,,0.01,5.4,5,5.8,16.9,16.7,17.2,11.1,11,11.2,128.6,129.7,127.5,1129.838,1115.412,1144.264,321.307,319.542,323.072,53.831,47.108,60.554,2.2300000000000004,2.24,2.22,0.27,0.314,0.226,0.094,0.188,0,5.74,5.68,5.8,5.74,5.68,5.8,8.104,7.686,8.522,8.104,7.686,8.522,8.31,7.98,8.64,8.31,7.98,8.64
2023-06-14T18:30:00Z,54952,356,17168,18,18,,89,89,,862.354,862.354,,,,,0.01,5.2,4.8,5.6,16.2,16,16.5,10.8,10.7,10.9,132.4,133.7,131.1,1081.339,1065.364,1097.314,304.751,302.8,306.702,52.199,45.48,58.918,2.585,2.666,2.504,0.432,0.646,0.218,0.21000000000000002,0.33,0.09,5.414,5.12,5.708,5.414,5.12,5.708,7.697,7.228,8.166,7.697,7.228,8.166,7.9830000000000005,7.646,8.32,7.9830000000000005,7.646,8.32
2023-06-14T18:40:00Z,55552,377,17488,17.8,17.8,,88.2,88.2,,862.338,862.338,,,,,0.01,5.3,4.9,5.7,16.9,16.8,17,11.1,11,11.1,128.8,129.4,128.3,1126.0410000000002,1118.39,1133.692,318.25800000000004,319.62,316.896,53.025999999999996,45.114,60.938,2.9059999999999997,2.396,3.416,0.347,0.284,0.41,0.118,0.13,0.106,5.7170000000000005,5.738,5.696,5.7170000000000005,5.738,5.696,8.126000000000001,7.84,8.412,8.126000000000001,7.84,8.412,8.411999999999999,8.062,8.762,8.411999999999999,8.062,8.762
2023-06-14T18:50:00Z,56152,353,17488,17.2,17.2,,88.6,88.6,,862.274,862.274,,,,,0.01,5.2,4.7,5.7,16.3,16,16.7,10.8,10.7,11,131.8,133.8,129.9,1088.1170000000002,1064.13,1112.104,309.06,303.43,314.69,51.427,43.924,58.93,2.353,2.732,1.974,0.372,0.498,0.246,0.256,0.406,0.106,5.611,5.438,5.784,5.611,5.438,5.784,7.865,7.462,8.268,7.865,7.462,8.268,8.178,7.884,8.472,8.178,7.884,8.472
2023-06-14T19:00:00Z,56752,367,17488,17,17,,89,89,,862.144,862.144,,,,,0.01,4.9,4.5,5.2,15.9,15.8,16,10.7,10.6,10.7,134.2,134.9,133.5,1059.289,1051.038,1067.54,299.619,300.314,298.924,47.120999999999995,40.954,53.288,2.151,2.122,2.18,0.33999999999999997,0.184,0.496,0.14300000000000002,0.134,0.152,5.475,5.524,5.426,5.475,5.524,5.426,7.497,7.222,7.772,7.497,7.222,7.772,7.771,7.41,8.132,7.771,7.41,8.132
2023-06-14T19:10:00Z,57352,348,17488,17,17,,88.2,88.2,,862.1,862.1,,,,,0.01,5,4.5,5.5,15.6,15.3,15.9,10.6,10.4,10.7,135.8,137.3,134.2,1040.4969999999998,1022.182,1058.812,296.954,293.656,300.252,50.178,41.46,58.896,2.793,2.246,3.34,0.404,0.288,0.52,0.182,0.196,0.168,5.406,5.462,5.35,5.406,5.462,5.35,7.711,7.342,8.08,7.711,7.342,8.08,8.001,7.592,8.41,8.001,7.592,8.41
2023-06-14T19:20:00Z,57952,355,17168,17,17,,88.4,88.4,,862.034,862.034,,,,,0.01,5,4.6,5.3,15.5,15.2,15.8,10.5,10.4,10.6,136.4,138.1,134.7,1033.12,1012.934,1053.306,292.38,288.982,295.778,49.708,44.238,55.178,2.31,2.322,2.298,0.14200000000000002,0.132,0.152,0.066,0.132,0,5.276,5.162,5.39,5.276,5.162,5.39,7.476,7.198,7.754,7.476,7.198,7.754,7.616,7.342,7.89,7.616,7.342,7.89
2023-06-14T19:30:00Z,58552,351,17488,17,17,,88.8,88.8,,861.996,861.996,,,,,0.01,4.9,4.5,5.3,15.2,14.9,15.6,10.4,10.2,10.5,138,140,136.1,1014.4269999999999,991.996,1036.858,288.255,284.412,292.098,48.471000000000004,41.966,54.976,1.985,1.806,2.164,0.271,0.298,0.244,0.09999999999999999,0.148,0.052,5.225,5.136,5.314,5.225,5.136,5.314,7.279999999999999,6.882,7.678,7.279999999999999,6.882,7.678,7.4559999999999995,7.07,7.842,7.4559999999999995,7.07,7.842
2023-06-14T19:40:00Z,59152,351,17168,17,17,,89,89,,861.998,861.998,,,,,0.01,4.9,4.6,5.1,15.1,15.1,15.1,10.3,10.3,10.3,138.9,138.9,138.9,1004.395,1004.71,1004.08,286.19,287.112,285.268,48.766000000000005,44.054,53.478,2.391,2.81,1.972,0.16,0.154,0.166,0.095,0.108,0.082,5.04,4.92,5.16,5.04,4.92,5.16,7.146,6.946,7.346,7.146,6.946,7.346,7.333,7.148,7.518,7.333,7.148,7.518
2023-06-14T19:50:00Z,59752,352,17488,17,17,,88,88,,861.97,861.97,,,,,0.01,4.5,4.1,5,14.4,14.1,14.7,10,9.9,10.1,143,144.7,141.3,959.5250000000001,941.734,977.316,273.282,269.628,276.936,45.015,36.836,53.194,2.3129999999999997,1.758,2.868,0.238,0.216,0.26,0.129,0.17,0.088,4.816,4.718,4.914,4.816,4.718,4.914,6.882,6.278,7.486,6.882,6.278,7.486,7.061,6.466,7.656,7.061,6.466,7.656
2023-06-14T20:00:00Z,60352,350,17488,17,17,,88,88,,861.934,861.934,,,,,0.01,4.6,4.2,5.1,14.6,14.1,15,10.1,9.9,10.3,141.8,144.6,139.2,972.319,943.284,1001.354,276.11,269.002,283.218,46.186,39.264,53.108,2.351,2.104,2.598,0.196,0.238,0.154,0.119,0.238,0,4.694,4.384,5.004,4.694,4.384,5.004,6.7940000000000005,6.198,7.39,6.7940000000000005,6.198,7.39,6.946,6.388,7.504,6.946,6.388,7.504
2023-06-14T20:10:00Z,60952,348,17488,17,17,,88,88,,861.946,861.946,,,,,0.01,4.3,4.2,4.5,13.7,13.8,13.6,9.7,9.8,9.7,147.3,146.6,147.9,915.665,921.898,909.432,261.554,266.114,256.994,42.915,39.11,46.72,2.114,2.124,2.104,0.276,0.37,0.182,0.134,0.224,0.044,4.702,4.642,4.762,4.702,4.642,4.762,6.506,6.394,6.618,6.506,6.394,6.618,6.684,6.644,6.724,6.684,6.644,6.724
2023-06-14T20:20:00Z,61552,353,17488,17,17,,88,88,,861.85,861.85,,,,,0.01,4.4,4.1,4.7,13.8,13.7,14,9.8,9.7,9.9,146.5,147.4,145.6,923.249,914.13,932.368,263.015,262.944,263.086,43.212,37.966,48.458,1.783,1.718,1.848,0.188,0.252,0.124,0.083,0.166,0,4.689,4.706,4.672,4.689,4.706,4.672,6.586,6.296,6.876,6.586,6.296,6.876,6.7330000000000005,6.518,6.948,6.7330000000000005,6.518,6.948
2023-06-14T20:30:00Z,62152,358,16848,17,17,,88,88,,861.742,861.742,,,,,0.01,4.2,3.8,4.6,13.2,12.8,13.6,9.5,9.3,9.7,151.2,154,148.4,877.7280000000001,851.438,904.018,249.509,242.94,256.078,42.09,35.262,48.918,1.586,0.936,2.236,0.38,0.2,0.56,0.195,0.148,0.242,4.3870000000000005,4.212,4.562,4.3870000000000005,4.212,4.562,6.122,5.546,6.698,6.122,5.546,6.698,6.405,5.7,7.11,6.405,5.7,7.11
2023-06-14T20:40:00Z,62752,359,17488,17,17,,88.8,88.8,,861.758,861.758,,,,,0.01,4.1,3.8,4.5,13,12.7,13.4,9.4,9.3,9.6,152,154.4,149.8,869.54,847.824,891.256,248.293,243.494,253.092,40.748999999999995,35.122,46.376,1.8130000000000002,1.758,1.868,0.223,0.234,0.212,0.115,0.136,0.094,4.259,4.216,4.302,4.259,4.216,4.302,5.997999999999999,5.622,6.374,5.997999999999999,5.622,6.374,6.216,5.876,6.556,6.216,5.876,6.556
2023-06-14T20:50:00Z,63352,354,17488,17,17,,89,89,,861.686,861.686,,,,,0.01,4.3,3.9,4.7,13.2,12.8,13.7,9.5,9.3,9.7,150.6,153.7,147.6,883.001,854.086,911.916,249.379,243.986,254.772,43.153,37.632,48.674,1.755,1.824,1.686,0.10899999999999999,0.142,0.076,0.069,0.138,0,4.127000000000001,3.966,4.288,4.127000000000001,3.966,4.288,6.05,5.726,6.374,6.05,5.726,6.374,6.159000000000001,5.868,6.45,6.159000000000001,5.868,6.45
2023-06-14T21:00:00Z,63952,346,17488,17,17,,88.4,88.4,,861.616,861.616,,,,,0.01,4.1,3.7,4.4,12.8,12.7,12.9,9.3,9.3,9.4,153.6,154.4,152.8,854.9739999999999,847.824,862.124,242.656,242.946,242.366,40.269,33.988,46.55,1.9100000000000001,1.354,2.466,0.08499999999999999,0.088,0.082,0.019,0,0.038,4.157,4.124,4.19,4.157,4.124,4.19,5.849,5.476,6.222,5.849,5.476,6.222,5.9670000000000005,5.63,6.304,5.9670000000000005,5.63,6.304
2023-06-14T21:10:00Z,64552,362,17488,17,17,,88,88,,861.668,861.668,,,,,0.01,3.9,3.8,4.1,13,13,13,9.4,9.4,9.4,152.6,152.7,152.5,864.2139999999999,863.41,865.018,243.123,245.582,240.664,38.682,36.51,40.854,2.4939999999999998,2.844,2.144,0.262,0.296,0.228,0.11699999999999999,0.206,0.028,4.023,3.862,4.184,4.023,3.862,4.184,5.7829999999999995,5.532,6.034,5.7829999999999995,5.532,6.034,5.997999999999999,5.808,6.188,5.997999999999999,5.808,6.188
2023-06-14T21:20:00Z,65152,361,17461,17,17,,88,88,,861.74,861.74,,,,,0.01,3.9,3.5,4.3,12.5,12.3,12.7,9.2,9,9.3,156,157.8,154.3,833.1990000000001,817.726,848.672,234.637,230.548,238.726,37.664,31.044,44.284,1.613,1.432,1.794,0.263,0.136,0.39,0.131,0.09,0.172,4.007,3.804,4.21,4.007,3.804,4.21,5.609999999999999,5.162,6.058,5.609999999999999,5.162,6.058,5.818,5.28,6.356,5.818,5.28,6.356
2023-06-14T21:30:00Z,65752,350,16832,17,17,,88,88,,861.778,861.778,,,,,0.01,3.8,3.8,3.9,12.1,12.2,12,9,9,8.9,159,158.6,159.5,806.932,810.904,802.96,230.082,234.01,226.154,37.997,35.99,40.004,1.728,1.294,2.162,0.193,0.118,0.268,0.103,0.032,0.174,3.822,3.882,3.762,3.822,3.882,3.762,5.483,5.358,5.608,5.483,5.358,5.608,5.635,5.466,5.804,5.635,5.466,5.804
2023-06-14T21:40:00Z,66352,347,17128,16.8,16.8,,88,88,,861.716,861.716,,,,,0.01,3.6,3.3,3.9,11.9,11.5,12.4,8.9,8.7,9.1,160.3,164.2,156.6,796.0540000000001,764.066,828.042,228.01999999999998,220.394,235.646,34.065,29.086,39.044,1.6400000000000001,1.45,1.83,0.30900000000000005,0.278,0.34,0.185,0.23,0.14,3.7929999999999997,3.558,4.028,3.7929999999999997,3.558,4.028,5.3469999999999995,4.772,5.922,5.3469999999999995,4.772,5.922,5.586,5.01,6.162,5.586,5.01,6.162
2023-06-14T21:50:00Z,66952,352,17448,16.4,16.4,,88.8,88.8,,861.66,861.66,,,,,0.01,3.5,3.2,3.7,11.1,11.1,11.2,8.5,8.4,8.5,166.8,167.5,166.1,743.212,737.684,748.74,211.334,210.764,211.904,33.575,28.886,38.264,1.704,1.492,1.916,0.334,0.222,0.446,0.11699999999999999,0.146,0.088,3.4029999999999996,3.288,3.518,3.4029999999999996,3.288,3.518,4.837,4.542,5.132,4.837,4.542,5.132,5.133,4.814,5.452,5.133,4.814,5.452
2023-06-14T22:00:00Z,67552,356,16808,16.4,16.4,,89,89,,861.578,861.578,,,,,0.01,3.5,3.3,3.6,11.1,11.3,10.9,8.5,8.6,8.4,167.2,165.8,168.7,740.22,751.536,728.904,210.29399999999998,216.676,203.912,33.709,30.302,37.116,1.6720000000000002,1.47,1.874,0.10900000000000001,0.05,0.168,0.043,0,0.086,3.444,3.546,3.342,3.444,3.546,3.342,4.9,4.864,4.936,4.9,4.864,4.936,5.01,4.924,5.096,5.01,4.924,5.096
2023-06-14T22:10:00Z,68152,358,17128,17,17,,88.2,88.2,,861.616,861.616,,,,,0.01,3.5,3.2,3.8,11,10.6,11.3,8.4,8.2,8.6,168.3,171.6,165.1,731.836,707.166,756.506,207.893,201.894,213.892,34.215,29.856,38.574,1.461,1.352,1.57,0,0,0,0,0,0,3.398,3.156,3.64,3.398,3.156,3.64,4.95,4.556,5.344,4.95,4.556,5.344,4.984,4.574,5.394,4.984,4.574,5.394
2023-06-14T22:20:00Z,68752,349,17448,17,17,,88,88,,861.738,861.738,,,,,0.01,3.5,3.2,3.8,11.2,10.8,11.6,8.5,8.3,8.7,166.4,169.9,163,746.7429999999999,719.806,773.68,212.275,205.994,218.556,33.896,29.324,38.468,1.4369999999999998,1.462,1.412,0.119,0.188,0.05,0.096,0.142,0.05,3.423,3.25,3.596,3.423,3.25,3.596,4.922000000000001,4.572,5.272,4.922000000000001,4.572,5.272,5.031,4.712,5.35,5.031,4.712,5.35
2023-06-14T22:30:00Z,69352,390,17128,17,17,,88,88,,862,862,,,,,0.01,3.5,3.2,3.9,11.1,10.8,11.3,8.4,8.3,8.6,167.6,169.7,165.4,737.49,720.926,754.054,208.447,205.628,211.266,35.613,29.606,41.62,1.8599999999999999,1.622,2.098,0.209,0.246,0.172,0.114,0.19,0.038,3.306,3.236,3.376,3.306,3.236,3.376,5.008,4.656,5.36,5.008,4.656,5.36,5.179,4.884,5.474,5.179,4.884,5.474
2023-06-14T22:40:00Z,69952,368,17448,17,17,,88,88,,862.228,862.228,,,,,0.01,3.5,3.3,3.7,11.1,10.9,11.2,8.4,8.4,8.5,167.7,169.2,166.2,736.717,725.328,748.106,209.77499999999998,207.63,211.92,33.823,30.364,37.282,1.7029999999999998,1.48,1.926,0.163,0.072,0.254,0.035,0.032,0.038,3.618,3.542,3.694,3.618,3.542,3.694,5.022,4.828,5.216,5.022,4.828,5.216,5.127000000000001,4.862,5.392,5.127000000000001,4.862,5.392
2023-06-14T22:50:00Z,70552,366,17448,17,17,,88.6,88.6,,862.468,862.468,,,,,0.01,3.3,3,3.7,10.9,10.7,11.1,8.4,8.2,8.5,169.2,171.1,167.4,725.045,711.026,739.064,205.439,201.82,209.058,31.738,25.88,37.596,1.611,1.51,1.712,0.341,0.458,0.224,0.158,0.272,0.044,3.23,3.156,3.304,3.23,3.156,3.304,4.656,4.302,5.01,4.656,4.302,5.01,4.872999999999999,4.59,5.156,4.872999999999999,4.59,5.156
2023-06-14T23:00:00Z,71152,353,16808,17,17,,89,89,,862.584,862.584,,,,,0.01,3.4,3,3.7,10.5,10.5,10.5,8.2,8.2,8.1,172.5,172.2,172.8,700.4469999999999,702.56,698.334,200.845,201.8,199.89,33.479,26.926,40.032,1.479,1.05,1.908,0.248,0.094,0.402,0.079,0.044,0.114,3.2039999999999997,3.264,3.144,3.2039999999999997,3.264,3.144,4.607,4.386,4.828,4.607,4.386,4.828,4.854,4.496,5.212,4.854,4.496,5.212
2023-06-14T23:10:00Z,71752,357,17448,17,17,,89,89,,862.536,862.536,,,,,0.01,3.3,3.2,3.4,10.7,10.8,10.5,8.2,8.3,8.1,171.1,169.5,172.8,710.649,723.086,698.212,202.75900000000001,208.232,197.286,31.882,29.826,33.938,1.3039999999999998,1.436,1.172,0.2,0.174,0.226,0.13,0.126,0.134,3.349,3.354,3.344,3.349,3.354,3.344,4.631,4.64,4.622,4.631,4.64,4.622,4.802,4.794,4.81,4.802,4.794,4.81
2023-06-14T23:20:00Z,72352,361,17128,17,17,,88.8,88.8,,862.384,862.384,,,,,0.01,3.4,3.2,3.6,11,10.9,11,8.4,8.4,8.4,168.5,169.1,167.9,730.329,726.082,734.576,204.962,204.206,205.718,32.768,29.05,36.486,1.086,0.806,1.366,0.153,0.092,0.214,0.026,0.052,0,3.441,3.436,3.446,3.441,3.436,3.446,4.752,4.638,4.866,4.752,4.638,4.866,4.864,4.734,4.994,4.864,4.734,4.994
2023-06-14T23:30:00Z,72952,353,17448,17,17,,88,88,,862.326,862.326,,,,,0.01,3.4,3.2,3.6,10.9,10.7,11.1,8.4,8.3,8.5,168.6,170.4,167,729.23,716.242,742.218,208.36599999999999,208.478,208.254,33.433,30.434,36.432,1.5659999999999998,1.736,1.396,0.155,0.186,0.124,0.025,0.05,0,3.371,3.342,3.4,3.371,3.342,3.4,4.87,4.71,5.03,4.87,4.71,5.03,5.018000000000001,4.886,5.15,5.018000000000001,4.886,5.15
2023-06-14T23:40:00Z,73552,369,17128,17,17,,88,88,,862.15,862.15,,,,,0.01,3.9,3.4,4.4,12.2,12,12.4,9,8.9,9.1,158.6,160.2,157,810.924,797.002,824.846,230.554,228.93,232.178,38.957,30.276,47.638,1.955,2.132,1.778,0.197,0.218,0.176,0.111,0.17,0.052,3.769,3.72,3.818,3.769,3.72,3.818,5.589,5.2,5.978,5.589,5.2,5.978,5.757,5.424,6.09,5.757,5.424,6.09
2023-06-14T23:50:00Z,74152,407,17128,17.2,17.2,,87.6,87.6,,862.054,862.054,,,,,0.01,5.6,5.4,5.9,16.6,16.2,16.9,10.9,10.8,11.1,130.6,132.6,128.6,1103.499,1077.854,1129.144,314.18899999999996,310.776,317.602,59.224999999999994,55.696,62.754,2.992,3.186,2.798,0.339,0.272,0.406,0.182,0.272,0.092,5.766,5.618,5.914,5.766,5.618,5.914,8.414,8.174,8.654,8.414,8.174,8.654,8.719999999999999,8.506,8.934,8.719999999999999,8.506,8.934
2023-06-15T00:00:00Z,74692,381,17048,18,18,,87,87,,862.13,862.13,,,,,0.01,6,5.8,6.2,17.7,17.5,18,11.4,11.3,11.5,124.7,126,123.5,1181.4655,1164.698,1198.233,336.17949999999996,334.152,338.207,63.5785,59.125,68.032,3.8925,3.25,4.535,0.33299999999999996,0.493,0.173,0.2315,0.445,0.018,6.128500000000001,6.107,6.15,6.128500000000001,6.107,6.15,9.120000000000001,8.81,9.43,9.120000000000001,8.81,9.43,9.412500000000001,9.255,9.57,9.412500000000001,9.255,9.57
2023-06-15T03:10:00Z,294,356,18344,25,25,,80.25,80.25,,862.265,862.265,,,,,0.01,3.9,3.4,4.3,11.6,11.3,11.8,8.7,8.6,8.8,163.4,165.5,161.3,770.7294999999999,753.457,788.002,220.165,217.588,222.742,41.48350000000001,33.267,49.7,3.0725,2.353,3.792,0.635,0.497,0.773,0.402,0.442,0.362,3.2725,3.16,3.385,3.2725,3.16,3.385,5.371,4.8,5.942,5.371,4.8,5.942,5.817,5.147,6.487,5.817,5.147,6.487
2023-06-15T03:20:00Z,834,369,17640,23.4,23.4,,83,83,,862.376,862.376,,,,,0.01,4.2,3.9,4.5,12.2,12.1,12.3,9,9,9.1,158.1,158.8,157.5,814.595,808.9,820.29,232.665,233.212,232.118,45.623000000000005,39.176,52.07,3.468,2.782,4.154,0.7869999999999999,0.568,1.006,0.42000000000000004,0.382,0.458,3.661,3.658,3.664,3.661,3.658,3.664,5.9559999999999995,5.558,6.354,5.9559999999999995,5.558,6.354,6.551,6.094,7.008,6.551,6.094,7.008
2023-06-15T03:30:00Z,1434,365,18280,22.4,22.4,,84.6,84.6,,862.562,862.562,,,,,0.01,4.9,4.2,5.7,14.2,13.9,14.6,10,9.8,10.1,144.2,146.5,141.9,947.418,923.832,971.004,272.88599999999997,266.38,279.392,54.78,42.888,66.672,4.5440000000000005,4.304,4.784,0.9339999999999999,0.958,0.91,0.598,0.742,0.454,4.574,4.512,4.636,4.574,4.512,4.636,7.481,6.836,8.126,7.481,6.836,8.126,8.231,7.636,8.826,8.231,7.636,8.826
2023-06-15T03:40:00Z,2034,660,17947,21.8,21.8,,85.8,85.8,,862.604,862.604,,,,,0.01,5.5,4.9,6.1,15.6,15.1,16.1,10.5,10.4,10.7,135.8,138.5,133.3,1039.5049999999999,1008.89,1070.12,294.03200000000004,286.04,302.024,60.358,50.494,70.222,3.8049999999999997,3.836,3.774,0.637,0.336,0.938,0.356,0.234,0.478,5.135,4.934,5.336,5.135,4.934,5.336,8.02,7.466,8.574,8.02,7.466,8.574,8.597999999999999,7.866,9.33,8.597999999999999,7.866,9.33
2023-06-15T03:50:00Z,2634,484,17568,21,21,,86.2,86.2,,862.694,862.694,,,,,0.01,5.6,5.3,5.9,16.9,16.8,16.9,11.1,11,11.1,129,129.4,128.6,1123.502,1118.334,1128.67,320.854,322.176,319.532,60.69200000000001,54.508,66.876,5.151,4.52,5.782,0.756,0.526,0.986,0.41700000000000004,0.428,0.406,5.638,5.676,5.6,5.638,5.676,5.6,8.843,8.65,9.036,8.843,8.65,9.036,9.428,9.076,9.78,9.428,9.076,9.78
2023-06-15T04:00:00Z,3234,359,17856,20.4,20.4,,87,87,,862.874,862.874,,,,,0.01,5.2,4.9,5.6,16.2,16.5,15.9,10.8,10.9,10.7,132.6,131,134.3,1078.318,1098.884,1057.752,302.27200000000005,309.884,294.66,54.411,46.314,62.508,3.638,3.15,4.126,0.548,0.198,0.898,0.279,0.198,0.36,5.247999999999999,5.242,5.254,5.247999999999999,5.242,5.254,7.9270000000000005,7.676,8.178,7.9270000000000005,7.676,8.178,8.352,7.866,8.838,8.352,7.866,8.838
2023-06-15T04:10:00Z,3834,366,18176,20,20,,87,87,,862.854,862.854,,,,,0.01,5.4,5.3,5.6,16.6,16.5,16.6,10.9,10.9,11,130.5,130.7,130.4,1104.4470000000001,1102.38,1106.514,311.475,311.492,311.458,56.631,52.836,60.426,3.3070000000000004,2.994,3.62,0.602,0.604,0.6,0.28200000000000003,0.426,0.138,5.603,5.518,5.688,5.603,5.518,5.688,8.251000000000001,7.91,8.592,8.251000000000001,7.91,8.592,8.738,8.468,9.008,8.738,8.468,9.008
2023-06-15T04:20:00Z,4434,371,17856,20,20,,87,87,,863.046,863.046,,,,,0.01,4.3,4,4.7,14.3,14.1,14.5,10,9.9,10.1,143.7,145.1,142.3,952.4639999999999,937.73,967.198,268.058,263.542,272.574,42.331,36.486,48.176,2.8369999999999997,2.514,3.16,0.6000000000000001,0.532,0.668,0.309,0.298,0.32,4.581,4.238,4.924,4.581,4.238,4.924,6.509,5.896,7.122,6.509,5.896,7.122,7.009,6.322,7.696,7.009,6.322,7.696
2023-06-15T04:30:00Z,5034,434,17536,20,20,,87,87,,863.22,863.22,,,,,0.01,4.3,4,4.6,13.5,13.3,13.8,9.6,9.5,9.8,148.7,150.3,147.1,901.552,885.748,917.356,256.631,252.208,261.054,43.25,38.406,48.094,2.856,2.87,2.842,0.401,0.496,0.306,0.151,0.222,0.08,4.388,4.144,4.632,4.388,4.144,4.632,6.375,6.008,6.742,6.375,6.008,6.742,6.764,6.456,7.072,6.764,6.456,7.072
2023-06-15T04:40:00Z,5634,393,17216,20,20,,87,87,,863.318,863.318,,,,,0.01,4,3.8,4.3,12.9,13,12.8,9.3,9.4,9.3,153.2,152.5,153.9,858.692,865.338,852.046,240.745,243.028,238.462,39.983999999999995,34.69,45.278,2.228,1.78,2.676,0.447,0.492,0.402,0.317,0.454,0.18,4.031000000000001,3.912,4.15,4.031000000000001,3.912,4.15,5.855,5.454,6.256,5.855,5.454,6.256,6.170999999999999,5.826,6.516,6.170999999999999,5.826,6.516
2023-06-15T04:50:00Z,6235,1072,17890,20,20,,87,87,,862.98,862.98,,,,,0.01,3.8,3.4,4.2,12.6,12.7,12.5,9.2,9.3,9.1,155.3,154.4,156.2,839.7149999999999,848.006,831.424,235.997,240.684,231.31,36.418,28.968,43.868,1.762,1.732,1.792,0.21100000000000002,0.168,0.254,0.093,0.092,0.094,4.0169999999999995,4.22,3.814,4.0169999999999995,4.22,3.814,5.632,5.532,5.732,5.632,5.532,5.732,5.79,5.684,5.896,5.79,5.684,5.896
2023-06-15T05:00:00Z,6834,365,17536,20,20,,87,87,,863.032,863.032,,,,,0.01,4,3.8,4.2,12.7,13,12.3,9.2,9.4,9.1,154.9,152.2,157.6,843.488,867.738,819.238,238.078,245.354,230.802,39.024,34.29,43.758,1.9040000000000001,1.616,2.192,0.326,0.276,0.376,0.154,0.146,0.162,4.021,4.1,3.942,4.021,4.1,3.942,5.728,5.574,5.882,5.728,5.574,5.882,6.0489999999999995,5.882,6.216,6.0489999999999995,5.882,6.216
2023-06-15T05:10:00Z,7434,464,17216,20,20,,87,87,,863.178,863.178,,,,,0.01,4.2,3.9,4.4,13.1,13.1,13.2,9.5,9.4,9.5,151.5,152,151,874.797,870.012,879.582,247.36599999999999,247.334,247.398,41.602999999999994,37.282,45.924,2.015,1.978,2.052,0.338,0.276,0.4,0.188,0.222,0.154,3.999,3.88,4.118,3.999,3.88,4.118,5.911,5.586,6.236,5.911,5.586,6.236,6.1370000000000005,5.766,6.508,6.1370000000000005,5.766,6.508
2023-06-15T05:20:00Z,8034,384,17829,20,20,,87,87,,863.248,863.248,,,,,0.01,4.2,3.8,4.6,13.8,13.8,13.7,9.8,9.8,9.7,147.1,146.7,147.5,917.37,920.924,913.816,256.358,259.076,253.64,40.214,32.756,47.672,1.811,1.814,1.808,0.181,0.09,0.272,0.072,0.04,0.104,4.345,4.22,4.47,4.345,4.22,4.47,6.089,5.722,6.456,6.089,5.722,6.456,6.247999999999999,5.834,6.662,6.247999999999999,5.834,6.662
2023-06-15T05:30:00Z,8634,366,17536,20,20,,87,87,,863.236,863.236,,,,,0.01,4.1,3.8,4.3,13.5,13.8,13.3,9.6,9.8,9.5,148.7,147.1,150.3,901.565,917.534,885.596,252.30700000000002,257.874,246.74,38.051,32.554,43.548,1.502,1.12,1.884,0.325,0.144,0.506,0.14500000000000002,0.098,0.192,4.348,4.276,4.42,4.348,4.276,4.42,5.949999999999999,5.64,6.26,5.949999999999999,5.64,6.26,6.17,5.742,6.598,6.17,5.742,6.598
2023-06-15T05:40:00Z,9234,389,17536,20,20,,87,87,,863.346,863.346,,,,,0.01,4.2,4.1,4.4,13.7,14,13.4,9.7,9.8,9.6,147.5,145.8,149.3,913.0260000000001,930.284,895.768,258.703,266.764,250.642,40.872,36.93,44.814,1.996,1.796,2.196,0.46199999999999997,0.512,0.412,0.307,0.512,0.102,4.598,4.728,4.468,4.598,4.728,4.468,6.284000000000001,6.224,6.344,6.284000000000001,6.224,6.344,6.656000000000001,6.69,6.622,6.656000000000001,6.69,6.622
2023-06-15T05:50:00Z,9834,364,17536,20,20,,87,87,,863.584,863.584,,,,,0.01,4.2,3.9,4.4,13.8,13.7,13.8,9.8,9.7,9.8,146.9,147.2,146.6,919.401,916.478,922.324,259.577,256.778,262.376,39.571,34.59,44.552,1.896,1.446,2.346,0.276,0.13,0.422,0.089,0.13,0.048,4.393000000000001,4.222,4.564,4.393000000000001,4.222,4.564,5.979,5.532,6.426,5.979,5.532,6.426,6.151,5.638,6.664,6.151,5.638,6.664
2023-06-15T06:00:00Z,10434,359,18176,20.2,20.2,,87,87,,863.528,863.528,,,,,0.01,4.6,4.5,4.7,14.6,15.2,14,10.1,10.4,9.9,141.6,138.1,145.3,974.379,1013.384,935.374,276.43899999999996,288.322,264.556,44.426,41.382,47.47,1.991,2.21,1.772,0.148,0.18,0.116,0.09,0.18,0,4.8759999999999994,5.082,4.67,4.8759999999999994,5.082,4.67,6.769,6.9,6.638,6.769,6.9,6.638,6.932,7.128,6.736,6.932,7.128,6.736
2023-06-15T06:10:00Z,11034,369,18176,21,21,,87,87,,863.418,863.418,,,,,0.01,4.8,4.5,5.1,15.7,15.9,15.5,10.6,10.7,10.5,135.3,134.2,136.4,1045.69,1058.906,1032.474,293.476,299.026,287.926,46.593,39.842,53.344,2.207,1.746,2.668,0.466,0.386,0.546,0.24,0.268,0.212,5.183,5.324,5.042,5.183,5.324,5.042,7.242,7.022,7.462,7.242,7.022,7.462,7.534000000000001,7.322,7.746,7.534000000000001,7.322,7.746
2023-06-15T06:20:00Z,11635,975,17890,21,21,,87,87,,863.272,863.272,,,,,0.01,4.6,4.4,4.8,14.9,15.4,14.4,10.3,10.5,10,139.9,136.7,143.2,993.3960000000001,1029.236,957.556,280.636,291.41,269.862,45.304,40.306,50.302,2.4859999999999998,2.328,2.644,0.401,0.308,0.494,0.196,0.232,0.16,4.907,5.092,4.722,4.907,5.092,4.722,6.843,6.844,6.842,6.843,6.844,6.842,7.127000000000001,7.064,7.19,7.127000000000001,7.064,7.19
2023-06-15T06:30:00Z,12234,372,17536,20.4,20.4,,87,87,,863.354,863.354,,,,,0.01,4.2,4.1,4.3,14.2,14.5,13.8,9.9,10.1,9.8,144.3,142.2,146.6,945.6790000000001,968.642,922.716,263.903,272.442,255.364,39.57,36.808,42.332,1.582,1.852,1.312,0.25,0.282,0.218,0.123,0.246,0,4.572,4.524,4.62,4.572,4.524,4.62,6.255,6.172,6.338,6.255,6.172,6.338,6.444000000000001,6.424,6.464,6.444000000000001,6.424,6.464
2023-06-15T06:40:00Z,12834,376,17536,20,20,,88,88,,863.602,863.602,,,,,0.01,4.1,3.7,4.4,13.9,14,13.7,9.8,9.9,9.7,146.4,145.5,147.2,924.636,933.348,915.924,261.009,264.062,257.956,37.605000000000004,31.21,44,2.045,1.67,2.42,0.151,0.052,0.25,0.084,0.052,0.116,4.547,4.558,4.536,4.547,4.558,4.536,6.207000000000001,5.99,6.424,6.207000000000001,5.99,6.424,6.329000000000001,6.07,6.588,6.329000000000001,6.07,6.588
2023-06-15T06:50:00Z,13434,421,17509,20,20,,88,88,,863.412,863.412,,,,,0.01,3.9,3.7,4.2,13.4,13.7,13.1,9.6,9.7,9.4,149.6,147.5,151.9,892.28,913.356,871.204,251.118,258.996,243.24,36.489999999999995,30.866,42.114,1.693,1.682,1.704,0.271,0.138,0.404,0.109,0.09,0.128,4.229,4.376,4.082,4.229,4.376,4.082,5.811,5.736,5.886,5.811,5.736,5.886,6.007,5.84,6.174,6.007,5.84,6.174
2023-06-15T07:00:00Z,14034,362,18176,19.8,19.8,,88,88,,863.452,863.452,,,,,0.01,3.6,3.5,3.7,12.8,13.3,12.4,9.3,9.5,9.1,153.5,150.1,157,856.069,888.026,824.112,241.64600000000002,254.672,228.62,31.67,28.06,35.28,1.478,1.22,1.736,0.128,0.21,0.046,0.065,0.13,0,4.176,4.444,3.908,4.176,4.444,3.908,5.503,5.508,5.498,5.503,5.508,5.498,5.604,5.666,5.542,5.604,5.666,5.542
2023-06-15T07:10:00Z,14634,394,17856,19,19,,88.8,88.8,,863.47,863.47,,,,,0.01,3.6,3.4,3.7,12.5,12.7,12.3,9.2,9.2,9.1,156.1,154.7,157.5,832.448,844.81,820.086,233.56,236.554,230.566,32.681,29.26,36.102,1.7149999999999999,1.49,1.94,0.238,0.334,0.142,0.14200000000000002,0.186,0.098,3.8419999999999996,4.026,3.658,3.8419999999999996,4.026,3.658,5.263999999999999,5.154,5.374,5.263999999999999,5.154,5.374,5.454000000000001,5.44,5.468,5.454000000000001,5.44,5.468
2023-06-15T07:20:00Z,15234,398,17536,19,19,,89,89,,863.724,863.724,,,,,0.01,3.6,3.4,3.8,12.5,12.8,12.2,9.2,9.3,9,156,153.7,158.3,833.454,853.754,813.154,232.24200000000002,240.496,223.988,32.852,27.392,38.312,1.455,1.022,1.888,0.129,0.086,0.172,0.04,0.048,0.032,4.058,4.262,3.854,4.058,4.262,3.854,5.4030000000000005,5.284,5.522,5.4030000000000005,5.284,5.522,5.517,5.384,5.65,5.517,5.384,5.65
2023-06-15T07:30:00Z,15834,363,17536,19,19,,89,89,,864.012,864.012,,,,,0.01,3.8,3.5,4,12.8,12.9,12.7,9.3,9.4,9.3,153.7,152.8,154.6,854.453,862.866,846.04,240.07999999999998,244.718,235.442,34.855,29.468,40.242,1.421,1.23,1.612,0.244,0.094,0.394,0.15,0.048,0.252,4.009,3.948,4.07,4.009,3.948,4.07,5.443,5.208,5.678,5.443,5.208,5.678,5.643,5.316,5.97,5.643,5.316,5.97
2023-06-15T07:40:00Z,16434,893,17570,19,19,,89,89,,863.986,863.986,,,,,0.01,3.7,3.4,4,12.7,12.7,12.8,9.3,9.2,9.3,154.5,154.9,154.1,846.9010000000001,843.466,850.336,236.39100000000002,236.788,235.994,33.729,27.5,39.958,1.414,0.866,1.962,0.156,0.144,0.168,0.075,0.102,0.048,4.025,4.01,4.04,4.025,4.01,4.04,5.454,5.066,5.842,5.454,5.066,5.842,5.572,5.162,5.982,5.572,5.162,5.982
2023-06-15T07:50:00Z,17034,558,17856,19,19,,89,89,,864.252,864.252,,,,,0.01,3.6,3.3,3.9,12.7,12.7,12.6,9.2,9.3,9.2,154.8,154.6,155,844.096,845.488,842.704,237.59199999999998,238.932,236.252,31.871000000000002,26.346,37.396,1.698,1.558,1.838,0.08299999999999999,0.088,0.078,0.044,0.088,0,4.127,4.146,4.108,4.127,4.146,4.108,5.510999999999999,5.334,5.688,5.510999999999999,5.334,5.688,5.596,5.402,5.79,5.596,5.402,5.79
2023-06-15T08:00:00Z,17634,359,17536,19,19,,89.2,89.2,,864.308,864.308,,,,,0.01,3.7,3.7,3.7,12.5,12.7,12.3,9.2,9.3,9.1,155.9,154.6,157.2,833.996,845.53,822.462,234.675,239.798,229.552,34.480000000000004,33.29,35.67,1.531,1.656,1.406,0.225,0.234,0.216,0.118,0.186,0.05,4.056,4.116,3.996,4.056,4.116,3.996,5.484999999999999,5.426,5.544,5.484999999999999,5.426,5.544,5.677,5.688,5.666,5.677,5.688,5.666
2023-06-15T08:10:00Z,18234,494,18176,19,19,,89.6,89.6,,864.338,864.338,,,,,0.01,3.9,3.6,4.1,13.2,13.4,13,9.5,9.6,9.4,150.6,149.2,152,883.003,896.166,869.84,246.515,249.936,243.094,35.867000000000004,31.08,40.654,1.978,1.588,2.368,0.28600000000000003,0.182,0.39,0.133,0.182,0.084,4.1370000000000005,4.268,4.006,4.1370000000000005,4.268,4.006,5.744,5.664,5.824,5.744,5.664,5.824,6.015000000000001,5.848,6.182,6.015000000000001,5.848,6.182
2023-06-15T08:20:00Z,18834,374,17856,19.2,19.2,,89,89,,864.398,864.398,,,,,0.01,4.7,4.4,5,15.4,15.5,15.4,10.5,10.5,10.5,136.7,136.3,137.1,1029.122,1033.766,1024.478,291.432,293.394,289.47,44.979,39.094,50.864,1.8359999999999999,1.698,1.974,0.32599999999999996,0.37,0.282,0.202,0.276,0.128,5.239,5.332,5.146,5.239,5.332,5.146,7.117,7.004,7.23,7.117,7.004,7.23,7.348,7.282,7.414,7.348,7.282,7.414
2023-06-15T08:30:00Z,19434,358,18176,19.6,19.6,,89.2,89.2,,864.288,864.288,,,,,0.01,4.5,4.2,4.8,15,15.3,14.6,10.3,10.4,10.1,139.5,137.6,141.5,997.329,1018.498,976.16,280.274,286.978,273.57,42.628,37.064,48.192,1.786,1.848,1.724,0.368,0.442,0.294,0.146,0.256,0.036,4.936999999999999,5.098,4.776,4.936999999999999,5.098,4.776,6.6419999999999995,6.518,6.766,6.6419999999999995,6.518,6.766,6.911,6.87,6.952,6.911,6.87,6.952
2023-06-15T08:40:00Z,20034,414,16896,19.8,19.8,,90,90,,864.276,864.276,,,,,0.01,4.8,4.5,5.1,15.7,16,15.4,10.6,10.7,10.5,135.3,133.8,136.7,1046.4070000000002,1063.838,1028.976,297.071,300.822,293.32,45.302,39.738,50.866,1.9020000000000001,1.996,1.808,0.355,0.424,0.286,0.161,0.272,0.05,5.260999999999999,5.262,5.26,5.260999999999999,5.262,5.26,7.125,6.93,7.32,7.125,6.93,7.32,7.391,7.3,7.482,7.391,7.3,7.482
2023-06-15T08:50:00Z,20634,373,17536,20,20,,89.8,89.8,,864.478,864.478,,,,,0.01,5.2,4.9,5.4,16.3,16.4,16.2,10.8,10.9,10.8,131.8,131.3,132.3,1088.289,1094.068,1082.51,309.55100000000004,312.576,306.526,50.415,44.548,56.282,1.998,1.592,2.404,0.228,0.19,0.266,0.132,0.164,0.1,5.621,5.584,5.658,5.621,5.584,5.658,7.769,7.478,8.06,7.769,7.478,8.06,7.947,7.644,8.25,7.947,7.644,8.25
2023-06-15T09:00:00Z,21234,365,17216,20,20,,90,90,,864.4,864.4,,,,,0.01,4.6,4.3,4.9,15.3,15.7,14.8,10.4,10.6,10.2,137.8,135,140.7,1017.185,1049.772,984.598,285.79200000000003,293.868,277.716,43.905,36.972,50.838,1.953,1.826,2.08,0.176,0.096,0.256,0.048,0.096,0,5.112,5.214,5.01,5.112,5.214,5.01,6.99,6.808,7.172,6.99,6.808,7.172,7.145,6.918,7.372,7.145,6.918,7.372
2023-06-15T09:10:00Z,21834,381,17536,20,20,,90,90,,864.592,864.592,,,,,0.01,4.8,4.4,5.2,15.6,15.9,15.4,10.6,10.7,10.5,135.7,134.2,137.1,1041.661,1058.676,1024.646,292.647,299.274,286.02,46.588,38.834,54.342,2.271,1.866,2.676,0.295,0.182,0.408,0.223,0.182,0.264,5.18,5.286,5.074,5.18,5.286,5.074,7.196,6.88,7.512,7.196,6.88,7.512,7.471,7.078,7.864,7.471,7.078,7.864
2023-06-15T09:20:00Z,22434,365,17856,20,20,,90,90,,864.522,864.522,,,,,0.01,4.8,4.7,4.9,16,16.7,15.4,10.7,11,10.5,133.3,130,136.8,1069.5,1111.184,1027.816,302.418,314.162,290.674,44.425,40.266,48.584,1.532,1.208,1.856,0.126,0.046,0.206,0.025,0,0.05,5.498,5.54,5.456,5.498,5.54,5.456,7.308999999999999,7.212,7.406,7.308999999999999,7.212,7.406,7.404,7.26,7.548,7.404,7.26,7.548
2023-06-15T09:30:00Z,23034,378,17536,20,20,,89.6,89.6,,864.47,864.47,,,,,0.01,5,4.7,5.3,16.5,16.7,16.2,10.9,11,10.8,131.1,129.9,132.3,1097.301,1112.086,1082.516,310.693,315.328,306.058,46.917,40.532,53.302,1.459,1.444,1.474,0.182,0.19,0.174,0.025,0,0.05,5.6690000000000005,5.812,5.526,5.6690000000000005,5.812,5.526,7.524,7.396,7.652,7.524,7.396,7.652,7.6530000000000005,7.56,7.746,7.6530000000000005,7.56,7.746
2023-06-15T09:40:00Z,23594,389,17909,19.833,19.833,,89.167,89.167,,864.515,864.515,,,,,0.01,5.1,4.8,5.4,16.8,17.1,16.6,11.1,11.1,11,129.1,127.9,130.3,1122.865,1138.188,1107.542,318.0085,323.282,312.735,48.744,42.44,55.048,2.3914999999999997,2.515,2.268,0.14600000000000002,0.222,0.07,0.125,0.222,0.028,5.78,5.793,5.767,5.787000000000001,5.807,5.767,7.8755,7.848,7.903,7.8755,7.848,7.903,8.0365,8.08,7.993,8.0365,8.08,7.993
2023-06-15T09:50:00Z,24234,376,17856,19,19,,89,89,,864.426,864.426,,,,,0.01,5.2,4.7,5.6,16.6,16.8,16.4,11,11.1,10.9,130.3,129.1,131.6,1106.853,1123.258,1090.448,313.483,318.29,308.676,50.047,41.926,58.168,2.3019999999999996,2.518,2.086,0.33299999999999996,0.19,0.476,0.134,0.19,0.078,5.823,5.982,5.664,5.823,5.982,5.664,7.877,7.858,7.896,7.877,7.858,7.896,8.145,8.08,8.21,8.145,8.08,8.21
2023-06-15T10:00:00Z,24834,358,18176,19,19,,89,89,,864.356,864.356,,,,,0.01,5.3,5,5.7,16.9,17,16.9,11.1,11.1,11.1,128.6,128.1,129,1129.806,1135.786,1123.826,319.01300000000003,322.838,315.188,52.091,45.234,58.948,2.002,1.672,2.332,0.248,0.256,0.24,0.188,0.206,0.17,5.83,5.868,5.792,5.83,5.868,5.792,7.994999999999999,7.774,8.216,7.994999999999999,7.774,8.216,8.221,8.01,8.432,8.221,8.01,8.432
2023-06-15T10:10:00Z,25434,359,17856,19,19,,89,89,,864.276,864.276,,,,,0.01,5.2,5,5.4,16.9,17.5,16.4,11.1,11.3,10.9,128.8,126,131.6,1126.98,1163.398,1090.562,319.89099999999996,333.522,306.26,49.229,43.856,54.602,2.007,1.828,2.186,0.184,0.188,0.18,0.131,0.132,0.13,5.849,6.206,5.492,5.849,6.206,5.492,8.004,8.184,7.824,8.004,8.184,7.824,8.179,8.37,7.988,8.179,8.37,7.988
2023-06-15T10:20:00Z,26034,369,17536,19,19,,89,89,,864.428,864.428,,,,,0.01,5.4,5,5.8,17.2,17.2,17.1,11.2,11.2,11.2,127.4,127.3,127.6,1144.844,1146.72,1142.968,324.278,325.774,322.782,53.004000000000005,46.148,59.86,2.88,3.474,2.286,0.326,0.378,0.274,0.228,0.232,0.224,5.816000000000001,5.74,5.892,5.816000000000001,5.74,5.892,8.261,7.866,8.656,8.261,7.866,8.656,8.572,8.254,8.89,8.572,8.254,8.89
2023-06-15T10:30:00Z,26634,385,17216,19,19,,89,89,,864.454,864.454,,,,,0.01,5.3,5,5.6,17,17.1,16.9,11.1,11.2,11.1,128.3,127.6,129,1133.1550000000002,1142.208,1124.102,322.45,328.784,316.116,51.301,44.376,58.226,2.151,1.826,2.476,0.249,0.214,0.284,0.082,0.164,0,5.851,5.922,5.78,5.851,5.922,5.78,8.083,7.828,8.338,8.083,7.828,8.338,8.284,8.05,8.518,8.284,8.05,8.518
2023-06-15T10:40:00Z,27234,370,17536,19,19,,89,89,,864.546,864.546,,,,,0.01,5.2,5,5.5,16.9,17.2,16.6,11.1,11.2,11,128.9,127.5,130.4,1124.69,1143.828,1105.552,320.16200000000003,326.434,313.89,50.954,45.39,56.518,2.524,2.46,2.588,0.257,0.124,0.39,0.146,0.088,0.204,5.79,5.614,5.966,5.79,5.614,5.966,8.062999999999999,7.862,8.264,8.062999999999999,7.862,8.264,8.254999999999999,8.016,8.494,8.254999999999999,8.016,8.494
2023-06-15T10:50:00Z,27834,362,17536,19,19,,89,89,,864.44,864.44,,,,,0.01,5.4,5.1,5.7,17.1,17.4,16.8,11.1,11.3,11,127.9,126.3,129.5,1138.221,1159.474,1116.968,323.68600000000004,332.458,314.914,52.747,46.322,59.172,2.058,2.234,1.882,0.244,0.22,0.268,0.11399999999999999,0.182,0.046,5.982,6.054,5.91,5.982,6.054,5.91,8.169,8.08,8.258,8.169,8.08,8.258,8.354,8.254,8.454,8.354,8.254,8.454
2023-06-15T11:00:00Z,28434,389,17216,19,19,,89,89,,864.424,864.424,,,,,0.01,5.1,4.7,5.6,16.5,16.6,16.4,10.9,11,10.9,130.7,130.2,131.2,1102.1419999999998,1108.012,1096.272,314.455,318.03,310.88,49.878,41.194,58.562,2.432,1.766,3.098,0.304,0.134,0.474,0.111,0.134,0.088,5.899,6.082,5.716,5.899,6.082,5.716,8.035,7.818,8.252,8.035,7.818,8.252,8.225,7.91,8.54,8.225,7.91,8.54
2023-06-15T11:10:00Z,29034,359,18176,18.6,18.6,,89,89,,864.612,864.612,,,,,0.01,5,4.5,5.5,15.9,16,15.8,10.7,10.7,10.6,134.1,133.4,134.8,1060.19,1069.16,1051.22,300.193,302.838,297.548,47.731,38.21,57.252,1.556,1.276,1.836,0.23299999999999998,0.21,0.256,0.139,0.166,0.112,5.572,5.612,5.532,5.572,5.612,5.532,7.478,7.148,7.808,7.478,7.148,7.808,7.689,7.334,8.044,7.689,7.334,8.044
2023-06-15T11:20:00Z,29634,365,17856,18,18,,89,89,,864.884,864.884,,,,,0.01,4.9,4.6,5.3,16.1,16.2,16.1,10.8,10.8,10.7,132.8,132.3,133.3,1075.851,1081.644,1070.058,305.146,309.1,301.192,47.620999999999995,41.342,53.9,2.293,2.25,2.336,0.241,0.212,0.27,0.084,0.168,0,5.5600000000000005,5.696,5.424,5.5600000000000005,5.696,5.424,7.643,7.558,7.728,7.643,7.558,7.728,7.788,7.666,7.91,7.788,7.666,7.91
2023-06-15T11:30:00Z,30234,383,17536,18,18,,89,89,,865.266,865.266,,,,,0.01,5,4.9,5.2,16.5,16.7,16.4,10.9,11,10.9,130.8,130,131.7,1100.6019999999999,1111.142,1090.062,312.098,317.738,306.458,48.469,44.822,52.116,2.311,2.678,1.944,0.306,0.396,0.216,0.175,0.314,0.036,5.659,5.718,5.6,5.659,5.718,5.6,7.752,7.744,7.76,7.752,7.744,7.76,7.9959999999999996,8.03,7.962,7.9959999999999996,8.03,7.962
2023-06-15T11:40:00Z,30834,389,17216,18,18,,89,89,,865.142,865.142,,,,,0.01,5,4.6,5.4,16.1,15.9,16.3,10.8,10.7,10.8,132.9,134,131.9,1074.3020000000001,1061.386,1087.218,305.824,303.788,307.86,48.949,41.88,56.018,1.956,1.632,2.28,0.201,0.27,0.132,0.154,0.27,0.038,5.57,5.298,5.842,5.57,5.298,5.842,7.601000000000001,7.062,8.14,7.601000000000001,7.062,8.14,7.728,7.25,8.206,7.728,7.25,8.206
2023-06-15T11:50:00Z,31434,481,17856,18,18,,89,89,,864.88,864.88,,,,,0.01,5.2,4.8,5.7,16.7,16.5,16.8,11,10.9,11.1,130.1,131.1,129.1,1110.143,1097.524,1122.762,314.454,313.168,315.74,50.687,42.208,59.166,1.788,1.448,2.128,0.226,0.25,0.202,0.11900000000000001,0.202,0.036,5.797000000000001,5.78,5.814,5.797000000000001,5.78,5.814,7.8149999999999995,7.326,8.304,7.8149999999999995,7.326,8.304,8.016,7.592,8.44,8.016,7.592,8.44
2023-06-15T12:00:00Z,32034,419,17856,18,18,,89,89,,865.074,865.074,,,,,0.01,5.5,5.1,5.9,17.4,17.4,17.4,11.3,11.3,11.3,126.1,126.1,126.2,1162.4360000000001,1163.01,1161.862,328.49,331.408,325.572,53.085,46.142,60.028,1.9250000000000003,2.236,1.614,0.16299999999999998,0.208,0.118,0.145,0.208,0.082,6.058,5.994,6.122,6.058,5.994,6.122,8.183,7.968,8.398,8.183,7.968,8.398,8.352,8.25,8.454,8.352,8.25,8.454
2023-06-15T12:10:00Z,32634,375,17536,18,18,,89,89,,865.25,865.25,,,,,0.01,5.2,5,5.4,16.5,16.5,16.6,10.9,10.9,11,130.6,130.9,130.3,1103.001,1099.128,1106.874,315.777,318.224,313.33,51.176,47.524,54.828,2.513,2.692,2.334,0.363,0.248,0.478,0.14100000000000001,0.196,0.086,5.691,5.576,5.806,5.691,5.576,5.806,7.9239999999999995,7.784,8.064,7.9239999999999995,7.784,8.064,8.196000000000002,8.044,8.348,8.196000000000002,8.044,8.348
2023-06-15T12:20:00Z,33234,360,17536,18,18,,89,89,,866.092,866.092,,,,,0.01,4.8,4.5,5.2,16.1,16.1,16.2,10.8,10.7,10.8,133,133.2,132.7,1073.748,1070.716,1076.78,304.26,304.166,304.354,45.416,38.456,52.376,1.859,1.776,1.942,0.11199999999999999,0.08,0.144,0.04,0.08,0,5.598000000000001,5.538,5.658,5.598000000000001,5.538,5.658,7.542999999999999,7.164,7.922,7.542999999999999,7.164,7.922,7.631,7.256,8.006,7.631,7.256,8.006
2023-06-15T12:30:00Z,33834,358,17216,18,18,,89,89,,865.788,865.788,,,,,0.01,4.9,4.5,5.3,16.1,16,16.3,10.8,10.7,10.8,132.8,133.6,132.1,1075.5149999999999,1066.388,1084.642,304.775,304.916,304.634,45.922,38.566,53.278,1.4969999999999999,1.228,1.766,0.28900000000000003,0.326,0.252,0.136,0.23,0.042,5.569,5.49,5.648,5.569,5.49,5.648,7.365,6.92,7.81,7.365,6.92,7.81,7.599,7.21,7.988,7.599,7.21,7.988
2023-06-15T12:40:00Z,34434,448,17856,18,18,,89,89,,865.298,865.298,,,,,0.01,5.4,4.9,5.8,17.3,17.1,17.5,11.2,11.2,11.3,126.7,127.7,125.7,1154.727,1141.054,1168.4,327.377,327.002,327.752,51.962999999999994,44.056,59.87,2.532,1.984,3.08,0.176,0.094,0.258,0.062,0.044,0.08,6.013999999999999,6.004,6.024,6.013999999999999,6.004,6.024,8.271,8.022,8.52,8.271,8.022,8.52,8.399000000000001,8.112,8.686,8.399000000000001,8.112,8.686
2023-06-15T12:50:00Z,35034,370,17216,18,18,,89,89,,865.132,865.132,,,,,0.01,5.2,5,5.4,17.2,17.3,17.1,11.2,11.2,11.2,127.3,127,127.7,1145.9470000000001,1150.598,1141.296,324.721,329.412,320.03,49.132000000000005,45.432,52.832,2.125,2.084,2.166,0.19599999999999998,0.038,0.354,0.045,0,0.09,6.121,6.122,6.12,6.121,6.122,6.12,8.158999999999999,8.046,8.272,8.158999999999999,8.046,8.272,8.31,8.124,8.496,8.31,8.124,8.496
2023-06-15T13:00:00Z,35634,363,17536,18,18,,89,89,,865.136,865.136,,,,,0.01,5,4.6,5.3,16.2,16.3,16.1,10.8,10.9,10.8,132.2,131.7,132.8,1083.163,1089.794,1076.532,307.887,312.308,303.466,47.718,40.662,54.774,2.3579999999999997,2.158,2.558,0.256,0.204,0.308,0.14100000000000001,0.158,0.124,5.593999999999999,5.52,5.668,5.593999999999999,5.52,5.668,7.677,7.374,7.98,7.677,7.374,7.98,7.897,7.586,8.208,7.897,7.586,8.208
2023-06-15T13:10:00Z,36234,361,16896,18,18,,89,89,,864.998,864.998,,,,,0.01,4.7,4.3,5.1,15.5,15.6,15.4,10.5,10.5,10.5,136.4,135.9,137,1032.377,1038.51,1026.244,291.35699999999997,293.696,289.018,43.994,36.518,51.47,1.643,1.096,2.19,0.246,0.178,0.314,0.17099999999999999,0.178,0.164,5.2829999999999995,5.28,5.286,5.2829999999999995,5.28,5.286,7.1240000000000006,6.798,7.45,7.1240000000000006,6.798,7.45,7.359999999999999,6.96,7.76,7.359999999999999,6.96,7.76
2023-06-15T13:20:00Z,36834,369,17536,17.4,17.4,,89,89,,864.91,864.91,,,,,0.01,4.4,4.1,4.7,14.4,14.6,14.2,10,10.1,10,143,142,144,959.577,970.254,948.9,271.038,275.724,266.352,42.281,36.652,47.91,1.671,1.786,1.556,0.17200000000000001,0.082,0.262,0.064,0.044,0.084,4.755000000000001,4.764,4.746,4.755000000000001,4.764,4.746,6.6,6.488,6.712,6.6,6.488,6.712,6.734,6.598,6.87,6.734,6.598,6.87
2023-06-15T13:30:00Z,37434,367,18176,17.2,17.2,,89,89,,865.046,865.046,,,,,0.01,4.4,4,4.7,14.1,14.2,14,9.9,9.9,9.9,144.9,144.4,145.4,940.0519999999999,945.068,935.036,263.887,266.508,261.266,42.134,35.66,48.608,1.583,1.47,1.696,0.2,0.188,0.212,0.048,0.048,0.048,4.632,4.524,4.74,4.632,4.524,4.74,6.3149999999999995,5.958,6.672,6.3149999999999995,5.958,6.672,6.452999999999999,6.092,6.814,6.452999999999999,6.092,6.814
2023-06-15T13:40:00Z,38034,363,17856,17,17,,89,89,,865.52,865.52,,,,,0.01,4.5,4.3,4.7,14.7,14.9,14.5,10.2,10.2,10.1,141.2,140.1,142.2,979.3499999999999,990.828,967.872,278.876,285.698,272.054,42.682,38.8,46.564,1.8519999999999999,2.054,1.65,0.159,0.196,0.122,0.10799999999999998,0.144,0.072,4.954,4.978,4.93,4.954,4.978,4.93,6.87,6.838,6.902,6.87,6.838,6.902,7.002000000000001,6.972,7.032,7.002000000000001,6.972,7.032
2023-06-15T13:50:00Z,38634,397,17536,17,17,,89,89,,865.43,865.43,,,,,0.01,4.7,4.4,5,14.9,15,14.8,10.2,10.3,10.2,140,139.2,140.7,992.3230000000001,1000.566,984.08,283.296,288.442,278.15,45.962999999999994,39.974,51.952,1.754,1.766,1.742,0.322,0.43,0.214,0.19599999999999998,0.344,0.048,5.115,5.034,5.196,5.115,5.034,5.196,7.02,6.716,7.324,7.02,6.716,7.324,7.259,7.076,7.442,7.259,7.076,7.442
2023-06-15T14:00:00Z,39234,368,17536,17,17,,89,89,,865.406,865.406,,,,,0.01,4.7,4.3,5.1,14.8,14.5,15,10.2,10.1,10.3,140.8,142.1,139.5,983.4449999999999,968.864,998.026,275.58000000000004,275.978,275.182,45.663,38.966,52.36,1.665,1.77,1.56,0.15100000000000002,0.136,0.166,0.075,0.096,0.054,4.963,4.978,4.948,4.963,4.978,4.948,6.817,6.54,7.094,6.817,6.54,7.094,6.975,6.732,7.218,6.975,6.732,7.218
2023-06-15T14:10:00Z,39834,384,17856,17,17,,89,89,,865.628,865.628,,,,,0.01,4.4,4.2,4.6,14.6,14.9,14.4,10.1,10.2,10,141.6,140,143.1,975.113,991.832,958.394,275.251,279.532,270.97,41.261,37.322,45.2,1.409,1.068,1.75,0.135,0.062,0.208,0.044,0.048,0.04,5.117,5.18,5.054,5.117,5.18,5.054,6.748,6.62,6.876,6.748,6.62,6.876,6.901,6.776,7.026,6.901,6.776,7.026
2023-06-15T14:20:00Z,40434,390,17856,17,17,,89,89,,865.632,865.632,,,,,0.01,4.4,4.2,4.7,14.3,14.4,14.2,10,10,10,143.6,143.1,144.1,952.799,958.066,947.532,269.688,274.898,264.478,42.586,37.076,48.096,1.751,1.426,2.076,0.277,0.188,0.366,0.067,0.096,0.038,4.648,4.79,4.506,4.648,4.79,4.506,6.414,6.31,6.518,6.414,6.31,6.518,6.593,6.428,6.758,6.593,6.428,6.758
2023-06-15T14:30:00Z,41034,477,17216,17,17,,89,89,,865.514,865.514,,,,,0.01,4.4,4.1,4.8,14.6,14.3,15,10.1,10,10.3,141.5,143.6,139.4,976.044,953.37,998.718,276.346,272.158,280.534,41.186,35.634,46.738,1.574,1.546,1.602,0.231,0.14,0.322,0.11000000000000001,0.14,0.08,4.797000000000001,4.668,4.926,4.797000000000001,4.668,4.926,6.468,6.098,6.838,6.468,6.098,6.838,6.683,6.292,7.074,6.683,6.292,7.074
2023-06-15T14:40:00Z,41634,364,17536,17,17,,89,89,,865.82,865.82,,,,,0.01,4.8,4.5,5,14.9,14.9,14.9,10.3,10.3,10.2,139.9,139.7,140.2,992.961,995.542,990.38,279.684,282.47,276.898,47.608000000000004,42.168,53.048,2.113,1.934,2.292,0.22699999999999998,0.236,0.218,0.135,0.144,0.126,5.02,4.988,5.052,5.02,4.988,5.052,7.046,6.796,7.296,7.046,6.796,7.296,7.234,6.972,7.496,7.234,6.972,7.496
2023-06-15T14:50:00Z,42234,359,17216,17,17,,89,89,,865.93,865.93,,,,,0.01,4.9,4.5,5.2,15.3,15.3,15.3,10.4,10.4,10.4,137.4,137.6,137.2,1021.062,1019.004,1023.12,290.284,290.512,290.056,47.967,42.09,53.844,1.766,1.738,1.794,0.091,0.132,0.05,0.045,0.09,0,5.16,5.108,5.212,5.16,5.108,5.212,7.188000000000001,6.916,7.46,7.188000000000001,6.916,7.46,7.27,7.024,7.516,7.27,7.024,7.516
2023-06-15T15:00:00Z,42834,468,17536,17.4,17.4,,89,89,,866.022,866.022,,,,,0.01,5.5,5.2,5.8,17.1,17.2,17,11.2,11.2,11.1,127.6,127.1,128.2,1142.411,1149.654,1135.168,325.18399999999997,328.816,321.552,54.461,49.132,59.79,2.391,2.292,2.49,0.307,0.31,0.304,0.189,0.23,0.148,5.763,5.714,5.812,5.763,5.714,5.812,8.048,7.846,8.25,8.048,7.846,8.25,8.303,8.092,8.514,8.303,8.092,8.514
2023-06-15T15:10:00Z,43434,456,18176,18,18,,89,89,,865.966,865.966,,,,,0.01,5.4,5,5.8,17.3,17.1,17.5,11.2,11.2,11.3,126.8,127.6,126,1153.353,1142.188,1164.518,323.80899999999997,321.21,326.408,53.765,46.914,60.616,2.642,2.658,2.626,0.306,0.426,0.186,0.24,0.388,0.092,5.9399999999999995,5.774,6.106,5.9399999999999995,5.774,6.106,8.182,7.634,8.73,8.182,7.634,8.73,8.469,8.078,8.86,8.469,8.078,8.86
2023-06-15T15:20:00Z,44034,361,17536,18,18,,89,89,,866.276,866.276,,,,,0.01,5.6,5.3,6,17.9,18.1,17.7,11.5,11.6,11.4,123.8,122.8,124.7,1195.226,1208.31,1182.142,336.62199999999996,342.474,330.77,55.382,48.58,62.184,2.582,2.284,2.88,0.413,0.472,0.354,0.316,0.472,0.16,6.178,6.296,6.06,6.178,6.296,6.06,8.548,8.354,8.742,8.548,8.354,8.742,8.893,8.824,8.962,8.893,8.824,8.962
2023-06-15T15:30:00Z,44634,367,17536,18,18,,89,89,,866.484,866.484,,,,,0.01,5.4,5,5.8,17.6,17.8,17.5,11.4,11.4,11.3,125.2,124.5,125.9,1174.4560000000001,1184.166,1164.746,331.906,336.946,326.866,52.2,43.872,60.528,2.128,1.75,2.506,0.374,0.258,0.49,0.12000000000000001,0.14,0.1,5.939,6.046,5.832,5.939,6.046,5.832,8.245000000000001,7.98,8.51,8.245000000000001,7.98,8.51,8.498000000000001,8.178,8.818,8.498000000000001,8.178,8.818
2023-06-15T15:40:00Z,45234,358,17216,18,18,,89,89,,866.612,866.612,,,,,0.01,5.4,4.9,5.8,17.5,17.4,17.5,11.3,11.3,11.3,125.9,126.3,125.6,1164.937,1160.518,1169.356,329.499,328.908,330.09,52.274,44.348,60.2,2.9189999999999996,3.006,2.832,0.296,0.17,0.422,0.15500000000000003,0.14,0.17,6.098,6.032,6.164,6.098,6.032,6.164,8.356,8.012,8.7,8.356,8.012,8.7,8.667000000000002,8.342,8.992,8.667000000000002,8.342,8.992
2023-06-15T15:50:00Z,45834,362,17856,18,18,,89,89,,866.446,866.446,,,,,0.01,5.2,4.7,5.7,17,16.5,17.5,11.1,10.9,11.3,128.4,130.8,126,1132.5,1100.464,1164.536,318.494,313.006,323.982,50.525999999999996,42.85,58.202,2.541,2.452,2.63,0.32799999999999996,0.236,0.42,0.211,0.236,0.186,5.862,5.672,6.052,5.862,5.672,6.052,8.076,7.512,8.64,8.076,7.512,8.64,8.341000000000001,7.744,8.938,8.341000000000001,7.744,8.938
2023-06-15T16:00:00Z,46434,366,18176,18,18,,89,89,,866.718,866.718,,,,,0.01,5,4.8,5.2,16.2,16.4,16.1,10.8,10.9,10.8,132.2,131.6,132.9,1083.0819999999999,1091.308,1074.856,304.73400000000004,309.904,299.564,48.458,44.168,52.748,1.771,1.622,1.92,0.269,0.36,0.178,0.135,0.27,0,5.461,5.44,5.482,5.461,5.44,5.482,7.464,7.326,7.602,7.464,7.326,7.602,7.663,7.608,7.718,7.663,7.608,7.718
2023-06-15T16:10:00Z,47034,417,17536,18,18,,88.6,88.6,,866.548,866.548,,,,,0.01,4.8,4.5,5.1,15.4,15.7,15.1,10.5,10.6,10.3,136.9,135.1,138.8,1026.956,1048.206,1005.706,291.586,298.892,284.28,46.56,40.296,52.824,1.75,1.848,1.652,0.223,0.274,0.172,0.041999999999999996,0.04,0.044,5.112,5.174,5.05,5.112,5.174,5.05,7.146,7.012,7.28,7.146,7.012,7.28,7.304,7.204,7.404,7.304,7.204,7.404
2023-06-15T16:20:00Z,47634,368,17536,18,18,,88.8,88.8,,866.504,866.504,,,,,0.01,4.4,4.1,4.7,14.5,14.5,14.4,10.1,10.1,10.1,142.4,142.2,142.7,965.7950000000001,968.614,962.976,272.61199999999997,276.34,268.884,42.382,36.836,47.928,2.088,1.836,2.34,0.139,0.196,0.082,0.11399999999999999,0.146,0.082,4.829000000000001,4.702,4.956,4.829000000000001,4.702,4.956,6.681,6.33,7.032,6.681,6.33,7.032,6.8,6.502,7.098,6.8,6.502,7.098
2023-06-15T16:30:00Z,48234,358,17856,17.2,17.2,,88.4,88.4,,866.346,866.346,,,,,0.01,4.2,3.9,4.5,13.3,13.3,13.4,9.6,9.5,9.6,150,150.3,149.6,889.167,885.672,892.662,252.108,253.078,251.138,40.827,35.414,46.24,1.479,1.54,1.418,0.14800000000000002,0.162,0.134,0.107,0.162,0.052,4.384,4.3,4.468,4.384,4.3,4.468,6.0329999999999995,5.768,6.298,6.0329999999999995,5.768,6.298,6.165,5.944,6.386,6.165,5.944,6.386
2023-06-15T16:40:00Z,48834,357,17536,17,17,,88.2,88.2,,866.432,866.432,,,,,0.01,4,3.8,4.2,13,13.1,12.9,9.4,9.4,9.4,152.3,151.6,153.1,866.7940000000001,873.696,859.892,244.526,249.658,239.394,37.82299999999999,33.922,41.724,1.292,1.108,1.476,0.067,0.098,0.036,0.018,0,0.036,4.228,4.23,4.226,4.228,4.23,4.226,5.7669999999999995,5.622,5.912,5.7669999999999995,5.622,5.912,5.846,5.7,5.992,5.846,5.7,5.992
2023-06-15T16:50:00Z,49434,369,17536,17,17,,88.2,88.2,,866.208,866.208,,,,,0.01,3.6,3.4,3.8,12.1,12.1,12,9,9,8.9,159.2,159,159.5,805.1179999999999,807.396,802.84,230.406,232.912,227.9,33.387,29.444,37.33,1.355,1.236,1.474,0.233,0.328,0.138,0.146,0.248,0.044,3.872,3.864,3.88,3.872,3.864,3.88,5.213,5.032,5.394,5.213,5.032,5.394,5.414,5.312,5.516,5.414,5.312,5.516
2023-06-15T17:00:00Z,50034,361,18176,17,17,,88,88,,866.43,866.43,,,,,0.01,3.4,3.2,3.7,11.2,11.1,11.2,8.5,8.5,8.5,166.5,166.8,166.3,745.4000000000001,743.2,747.6,212.988,213.176,212.8,32.24,28.166,36.314,1.133,1.262,1.004,0.16699999999999998,0.248,0.086,0.068,0.092,0.044,3.457,3.33,3.584,3.457,3.33,3.584,4.672000000000001,4.464,4.88,4.672000000000001,4.464,4.88,4.808,4.638,4.978,4.808,4.638,4.978
2023-06-15T17:10:00Z,50634,363,18176,17,17,,88,88,,866.522,866.522,,,,,0.01,3.3,3.2,3.5,10.7,10.9,10.5,8.3,8.4,8.2,170.5,168.9,172.1,715.129,727.034,703.224,203.702,209.294,198.11,31.945,28.726,35.164,0.907,0.72,1.094,0.256,0.174,0.338,0.15799999999999997,0.174,0.142,3.343,3.324,3.362,3.343,3.324,3.362,4.46,4.37,4.55,4.46,4.37,4.55,4.6579999999999995,4.554,4.762,4.6579999999999995,4.554,4.762
2023-06-15T17:20:00Z,51234,364,17856,17,17,,88,88,,866.526,866.526,,,,,0.01,3.1,2.9,3.4,10.4,10.5,10.4,8.1,8.2,8.1,173.2,172.5,173.9,695.666,700.69,690.642,197.289,200.068,194.51,29.203000000000003,24.572,33.834,0.9949999999999999,0.61,1.38,0.161,0.05,0.272,0.061,0.05,0.072,3.117,3.18,3.054,3.117,3.18,3.054,4.229,4.006,4.452,4.229,4.006,4.452,4.344,4.046,4.642,4.344,4.046,4.642
2023-06-15T17:30:00Z,51834,359,17536,17,17,,88,88,,866.448,866.448,,,,,0.01,3.1,2.8,3.4,10.3,10.3,10.2,8,8.1,8,174.7,174.3,175.1,684.548,687.382,681.714,194.72199999999998,197.254,192.19,28.97,23.598,34.342,1.29,1.156,1.424,0.11599999999999999,0.086,0.146,0.028999999999999998,0.044,0.014,3.114,3.21,3.018,3.114,3.21,3.018,4.265000000000001,4.114,4.416,4.265000000000001,4.114,4.416,4.420999999999999,4.22,4.622,4.420999999999999,4.22,4.622
2023-06-15T17:40:00Z,52434,364,17536,17,17,,88,88,,866.596,866.596,,,,,0.01,3.1,2.9,3.4,10,10,10.1,7.9,7.9,7.9,177.1,177.6,176.6,667.751,664.13,671.372,190.70499999999998,191.698,189.712,30.046,25.498,34.594,1.268,1.344,1.192,0,0,0,0,0,0,3.045,2.99,3.1,3.045,2.99,3.1,4.307,4.094,4.52,4.307,4.094,4.52,4.32,4.108,4.532,4.32,4.108,4.532
2023-06-15T17:50:00Z,53034,376,17856,17,17,,88,88,,866.686,866.686,,,,,0.01,2.9,2.7,3.1,9.7,9.6,9.7,7.7,7.7,7.7,180.4,180.9,179.8,645.585,641.87,649.3,183.365,186.112,180.618,26.855,23.34,30.37,1.134,1.132,1.136,0.071,0.04,0.102,0.02,0.04,0,2.761,2.708,2.814,2.761,2.708,2.814,3.888,3.808,3.968,3.888,3.808,3.968,3.992,3.848,4.136,3.992,3.848,4.136
2023-06-15T18:00:00Z,53634,357,18176,17,17,,88,88,,866.822,866.822,,,,,0.01,2.9,2.5,3.2,9.3,9,9.6,7.5,7.3,7.7,183.9,187,180.9,622.418,602.936,641.9,178.251,173.544,182.958,26.775,22.192,31.358,0.706,0.992,0.42,0.045,0,0.09,0.025,0,0.05,2.7089999999999996,2.412,3.006,2.7089999999999996,2.412,3.006,3.843,3.504,4.182,3.843,3.504,4.182,3.8739999999999997,3.504,4.244,3.8739999999999997,3.504,4.244
2023-06-15T18:10:00Z,54234,359,17536,17,17,,88,88,,866.532,866.532,,,,,0.01,2.9,2.7,3.1,9.2,9.3,9.2,7.5,7.5,7.4,185.1,184.4,185.8,615.069,619.482,610.656,176.27100000000002,179.208,173.334,27.506,23.568,31.444,0.877,0.926,0.828,0.094,0.148,0.04,0.047,0.094,0,2.692,2.574,2.81,2.692,2.574,2.81,3.735,3.522,3.948,3.735,3.522,3.948,3.81,3.654,3.966,3.81,3.654,3.966
2023-06-15T18:20:00Z,54834,362,17856,17,17,,88,88,,866.76,866.76,,,,,0.01,2.7,2.5,3,8.9,9,8.9,7.3,7.3,7.3,188.2,187.9,188.6,595.563,597.568,593.558,167.892,169.968,165.816,25.67,20.79,30.55,0.8200000000000001,0.89,0.75,0.178,0.192,0.164,0.054,0.108,0,2.4459999999999997,2.36,2.532,2.4459999999999997,2.36,2.532,3.4539999999999997,3.166,3.742,3.4539999999999997,3.166,3.742,3.5789999999999997,3.29,3.868,3.5789999999999997,3.29,3.868
2023-06-15T18:30:00Z,55434,361,17856,17,17,,88,88,,866.804,866.804,,,,,0.01,2.7,2.5,3,8.9,8.8,9,7.3,7.2,7.4,188.6,190.2,187,593.431,583.708,603.154,168.982,167.494,170.47,25.848,21.37,30.326,0.832,0.814,0.85,0.178,0.2,0.156,0.093,0.146,0.04,2.591,2.572,2.61,2.591,2.572,2.61,3.6020000000000003,3.31,3.894,3.6020000000000003,3.31,3.894,3.729,3.454,4.004,3.729,3.454,4.004
2023-06-15T18:40:00Z,56034,365,17536,17,17,,88,88,,866.312,866.312,,,,,0.01,2.6,2.4,2.8,8.4,8.3,8.4,6.9,6.9,7,194.7,195.7,193.8,557.1030000000001,551.682,562.524,158.299,156.84,159.758,25.022,21.138,28.906,0.694,0.626,0.762,0.066,0.052,0.08,0,0,0,2.343,2.164,2.522,2.343,2.164,2.522,3.3689999999999998,3.088,3.65,3.3689999999999998,3.088,3.65,3.395,3.118,3.672,3.395,3.118,3.672
2023-06-15T18:50:00Z,56634,367,18176,17,17,,88,88,,866.564,866.564,,,,,0.01,2.6,2.5,2.8,8.4,8.5,8.3,7,7.1,6.9,194,192.6,195.5,561.298,569.624,552.972,160.101,163.856,156.346,24.988,21.746,28.23,0.821,0.922,0.72,0.077,0.116,0.038,0.026,0.052,0,2.356,2.494,2.218,2.356,2.494,2.218,3.3680000000000003,3.386,3.35,3.3680000000000003,3.386,3.35,3.415,3.46,3.37,3.415,3.46,3.37
2023-06-15T19:00:00Z,57234,360,17536,17,17,,88,88,,866.566,866.566,,,,,0.01,2.5,2.3,2.7,8.1,8,8.2,6.8,6.7,6.8,198.2,199.4,197,537.579,531.062,544.096,153.765,154.602,152.928,24.305999999999997,20.148,28.464,0.875,0.628,1.122,0.041999999999999996,0.036,0.048,0,0,0,2.332,2.32,2.344,2.332,2.32,2.344,3.29,3.09,3.49,3.29,3.09,3.49,3.311,3.09,3.532,3.311,3.09,3.532
2023-06-15T19:10:00Z,57834,363,18176,17,17,,88,88,,866.06,866.06,,,,,0.01,2.4,2.2,2.6,8.1,8.1,8.1,6.8,6.8,6.8,197.8,197.5,198.1,539.873,541.59,538.156,154.081,154.95,153.212,22.784,19.388,26.18,0.9430000000000001,1.096,0.79,0.135,0.092,0.178,0.112,0.092,0.132,2.1870000000000003,2.104,2.27,2.1870000000000003,2.104,2.27,3.056,2.85,3.262,3.056,2.85,3.262,3.197,2.972,3.422,3.197,2.972,3.422
2023-06-15T19:20:00Z,58434,364,17536,17,17,,88,88,,866.82,866.82,,,,,0.01,2.5,2.3,2.7,8.3,8.2,8.3,6.9,6.9,6.9,196,196.1,195.8,550.1600000000001,549.416,550.904,157.697,160.96,154.434,23.713,19.958,27.468,0.7729999999999999,0.596,0.95,0.097,0.056,0.138,0.072,0.056,0.088,2.349,2.194,2.504,2.349,2.194,2.504,3.211,2.888,3.534,3.211,2.888,3.534,3.276,2.926,3.626,3.276,2.926,3.626
2023-06-15T19:30:00Z,59034,362,17536,17,17,,88,88,,866.336,866.336,,,,,0.01,2.4,2.2,2.5,8,8,8.1,6.8,6.7,6.8,198.4,199.1,197.7,536.5519999999999,532.578,540.526,151.98399999999998,151.232,152.736,21.762999999999998,19.33,24.196,0.6890000000000001,0.668,0.71,0.09799999999999999,0.054,0.142,0.041,0.054,0.028,2.086,1.95,2.222,2.086,1.95,2.222,3.0490000000000004,2.87,3.228,3.0490000000000004,2.87,3.228,3.105,2.916,3.294,3.105,2.916,3.294
2023-06-15T19:40:00Z,59634,382,17856,17,17,,88,88,,866.732,866.732,,,,,0.01,2.4,2.2,2.5,7.9,7.8,7.9,6.6,6.6,6.7,200.7,201.6,199.7,524.259,519.118,529.4,150.072,149.834,150.31,21.942999999999998,19.558,24.328,0.829,0.76,0.898,0.076,0.048,0.104,0.033,0.048,0.018,2.098,1.978,2.218,2.098,1.978,2.218,3.004,2.726,3.282,3.004,2.726,3.282,3.078,2.792,3.364,3.078,2.792,3.364
2023-06-15T19:50:00Z,60234,363,17536,17,17,,88,88,,866.368,866.368,,,,,0.01,2.3,2.2,2.4,7.6,7.7,7.5,6.5,6.6,6.4,204,202.5,205.6,506.45899999999995,514.458,498.46,145.982,151.528,140.436,21.829,19.328,24.33,1.034,0.446,1.622,0.019,0,0.038,0,0,0,2.062,2.154,1.97,2.062,2.154,1.97,2.972,2.764,3.18,2.972,2.764,3.18,2.981,2.764,3.198,2.981,2.764,3.198
2023-06-15T20:00:00Z,60834,361,17856,17,17,,88,88,,865.636,865.636,,,,,0.01,2.3,2.1,2.6,7.5,7.3,7.8,6.4,6.3,6.6,204.7,208.1,201.3,503.134,485.402,520.866,144.86200000000002,141.852,147.872,22.040999999999997,17.996,26.086,0.889,0.856,0.922,0.073,0.146,0,0.024,0.048,0,2.039,1.95,2.128,2.039,1.95,2.128,2.965,2.698,3.232,2.965,2.698,3.232,3.0140000000000002,2.796,3.232,3.0140000000000002,2.796,3.232
2023-06-15T20:10:00Z,61434,359,17216,17,17,,88,88,,866.13,866.13,,,,,0.01,2.1,2,2.2,7,7,6.9,6.1,6.1,6,212.3,211.5,213.1,465.15999999999997,468.96,461.36,132.8,134.012,131.588,19.484,17.88,21.088,0.487,0.538,0.436,0.041999999999999996,0.048,0.036,0.024,0.048,0,1.8119999999999998,1.638,1.986,1.8119999999999998,1.638,1.986,2.4939999999999998,2.268,2.72,2.4939999999999998,2.268,2.72,2.528,2.322,2.734,2.528,2.322,2.734
2023-06-15T20:20:00Z,62034,363,17856,17,17,,88,88,,866.522,866.522,,,,,0.01,2.3,2,2.5,7.4,7,7.7,6.3,6.1,6.6,206.8,211.4,202.5,491.967,469.536,514.398,140.918,134.17,147.666,21.335,17.41,25.26,0.872,0.916,0.828,0.038000000000000006,0.042,0.034,0.038000000000000006,0.042,0.034,1.9180000000000001,1.744,2.092,1.9180000000000001,1.744,2.092,2.91,2.616,3.204,2.91,2.616,3.204,2.9459999999999997,2.654,3.238,2.9459999999999997,2.654,3.238
2023-06-15T20:30:00Z,62634,369,17216,17,17,,88,88,,866.464,866.464,,,,,0.01,2.3,2.1,2.4,7.5,7.4,7.7,6.4,6.3,6.5,205.1,206.9,203.2,501.09000000000003,491.672,510.508,142.341,140.146,144.536,21.408,19.276,23.54,1.0459999999999998,0.94,1.152,0.071,0.038,0.104,0,0,0,1.858,1.756,1.96,1.855,1.75,1.96,2.762,2.532,2.992,2.762,2.532,2.992,2.8129999999999997,2.552,3.074,2.8129999999999997,2.552,3.074
2023-06-15T20:40:00Z,63234,358,17856,17,17,,88,88,,866.186,866.186,,,,,0.01,2.3,2.1,2.5,7.6,7.7,7.5,6.5,6.5,6.4,204.3,203.2,205.5,504.77599999999995,510.78,498.772,142.618,146.434,138.802,21.240000000000002,17.748,24.732,0.7889999999999999,0.868,0.71,0.019,0,0.038,0,0,0,1.849,1.888,1.81,1.849,1.888,1.81,2.822,2.726,2.918,2.822,2.726,2.918,2.841,2.726,2.956,2.841,2.726,2.956
2023-06-15T20:50:00Z,63834,360,18176,17,17,,88,88,,866,866,,,,,0.01,2.3,2,2.5,7.6,7.4,7.7,6.5,6.4,6.6,204.6,206.7,202.5,503.604,492.89,514.318,143.394,140.448,146.34,20.9,17.298,24.502,0.881,0.86,0.902,0,0,0,0,0,0,1.888,1.694,2.082,1.888,1.694,2.082,2.871,2.558,3.184,2.871,2.558,3.184,2.911,2.584,3.238,2.911,2.584,3.238
2023-06-15T21:00:00Z,64494,375,18218,17,17,,88,88,,866.23,866.23,,,,,0.01,2.2,2.1,2.3,7.3,7.3,7.3,6.3,6.3,6.3,208.3,208.1,208.5,484.5845,485.447,483.722,139.066,139.512,138.62,20.565,18.67,22.46,0.99,0.603,1.377,0.0075,0.015,0,0.0075,0.015,0,1.7125,1.69,1.735,1.7125,1.69,1.735,2.672,2.462,2.882,2.672,2.462,2.882,2.714,2.518,2.91,2.714,2.518,2.91
2023-06-15T21:10:00Z,65034,361,17856,17,17,,88,88,,866.382,866.382,,,,,0.01,2.2,2,2.3,7.3,7.2,7.4,6.3,6.2,6.4,208.2,209.9,206.6,485.057,476.73,493.384,137.237,134.92,139.554,19.588,17.186,21.99,0.5369999999999999,0.364,0.71,0,0,0,0,0,0,1.826,1.654,1.998,1.826,1.654,1.998,2.593,2.254,2.932,2.593,2.254,2.932,2.593,2.254,2.932,2.593,2.254,2.932
2023-06-15T21:20:00Z,65634,368,17856,17,17,,88,88,,866.272,866.272,,,,,0.01,2.3,2.2,2.5,7.4,7.4,7.4,6.4,6.4,6.3,206.4,206.1,206.8,494.055,495.796,492.314,142.603,144.154,141.052,22.479,19.682,25.276,1.061,0.928,1.194,0.066,0.04,0.092,0.022,0,0.044,1.876,1.764,1.988,1.876,1.764,1.988,2.838,2.626,3.05,2.838,2.626,3.05,2.919,2.676,3.162,2.919,2.676,3.162
2023-06-15T21:30:00Z,66234,377,17536,17,17,,88,88,,865.992,865.992,,,,,0.01,2.3,2.2,2.4,7.2,7.3,7.2,6.2,6.3,6.2,208.9,208.5,209.4,481.445,483.582,479.308,137.73399999999998,140.82,134.648,21.886,19.75,24.022,0.871,0.796,0.946,0.071,0.106,0.036,0.053,0.106,0,1.857,1.726,1.988,1.857,1.726,1.988,2.792,2.584,3,2.792,2.584,3,2.879,2.744,3.014,2.879,2.744,3.014
2023-06-15T21:40:00Z,66834,360,17856,17,17,,88,88,,866.15,866.15,,,,,0.01,2.2,2,2.3,7.1,7.2,7,6.2,6.2,6.1,210.4,209,211.8,474.341,481.224,467.458,134.29000000000002,137.972,130.608,20.637999999999998,16.784,24.492,1.1680000000000001,1.028,1.308,0.10700000000000001,0.166,0.048,0.058,0.116,0,1.6749999999999998,1.712,1.638,1.6749999999999998,1.712,1.638,2.689,2.57,2.808,2.689,2.57,2.808,2.771,2.682,2.86,2.771,2.682,2.86
2023-06-15T21:50:00Z,67434,369,17856,17,17,,88,88,,866.366,866.366,,,,,0.01,2.2,2,2.3,7.3,7.3,7.4,6.3,6.3,6.3,207.7,208.3,207.2,487.546,484.798,490.294,137.662,138.728,136.596,20.339,17.23,23.448,0.9079999999999999,0.66,1.156,0.094,0.086,0.102,0.02,0.04,0,1.8039999999999998,1.892,1.716,1.8039999999999998,1.892,1.716,2.636,2.582,2.69,2.636,2.582,2.69,2.692,2.63,2.754,2.692,2.63,2.754
2023-06-15T22:00:00Z,68034,363,17856,17,17,,88,88,,866.524,866.524,,,,,0.01,2.2,2,2.3,7.3,7.3,7.4,6.3,6.3,6.3,207.3,207.6,207.1,489.387,488.022,490.752,141.42899999999997,141.468,141.39,19.651,16.794,22.508,0.7869999999999999,0.712,0.862,0.071,0.104,0.038,0.026,0.052,0,1.99,1.972,2.008,1.99,1.972,2.008,2.8209999999999997,2.718,2.924,2.8209999999999997,2.718,2.924,2.862,2.786,2.938,2.862,2.786,2.938
2023-06-15T22:10:00Z,68634,356,17856,17.2,17.2,,88,88,,866.716,866.716,,,,,0.01,2.1,2.1,2.2,7.3,7.5,7.1,6.3,6.4,6.2,207.8,205.1,210.7,486.905,500.948,472.862,136.549,142.568,130.53,19.247,17.378,21.116,0.671,0.65,0.692,0.036,0.036,0.036,0.018,0.036,0,1.748,1.78,1.716,1.7429999999999999,1.78,1.706,2.536,2.508,2.564,2.536,2.508,2.564,2.577,2.558,2.596,2.577,2.558,2.596
2023-06-15T22:20:00Z,69234,369,17856,17,17,,88,88,,866.936,866.936,,,,,0.01,2.1,2,2.3,7.1,7.3,6.9,6.1,6.3,6,211,208.3,213.8,471.11,484.396,457.824,134.512,140.44,128.584,20.09,17.006,23.174,0.6930000000000001,0.848,0.538,0.066,0.09,0.042,0.021,0,0.042,1.845,1.902,1.788,1.845,1.902,1.788,2.6660000000000004,2.672,2.66,2.6660000000000004,2.672,2.66,2.7190000000000003,2.736,2.702,2.7190000000000003,2.736,2.702
2023-06-15T22:30:00Z,69834,362,17216,17,17,,88,88,,866.884,866.884,,,,,0.01,2.2,2.1,2.2,7.3,7.4,7.1,6.3,6.4,6.2,208,206,210,486.094,496.216,475.972,137.40800000000002,141.828,132.988,19.906,18.128,21.684,0.91,0.892,0.928,0.106,0.092,0.12,0.087,0.092,0.082,1.8339999999999999,2.022,1.646,1.8339999999999999,2.022,1.646,2.644,2.748,2.54,2.644,2.748,2.54,2.734,2.806,2.662,2.734,2.806,2.662
2023-06-15T22:40:00Z,70434,361,17856,17,17,,88,88,,866.952,866.952,,,,,0.01,2.2,2.1,2.2,7.3,7.6,7.1,6.3,6.5,6.2,207.2,204.6,210,489.906,503.558,476.254,139.965,146.692,133.238,19.755,17.438,22.072,0.9430000000000001,0.862,1.024,0.072,0,0.144,0,0,0,2.007,2.196,1.818,2.007,2.196,1.818,2.8529999999999998,2.858,2.848,2.8529999999999998,2.858,2.848,2.887,2.858,2.916,2.887,2.858,2.916
2023-06-15T22:50:00Z,71034,367,17216,17,17,,88,88,,867.094,867.094,,,,,0.01,2.2,2.1,2.4,7.7,7.9,7.5,6.5,6.6,6.4,202.9,200.7,205.1,512.498,524.02,500.976,144.993,149.56,140.426,20.894,17.982,23.806,1.166,1.06,1.272,0.176,0.134,0.218,0.025,0.05,0,1.972,2.118,1.826,1.972,2.118,1.826,2.894,2.846,2.942,2.894,2.846,2.942,3.04,2.982,3.098,3.04,2.982,3.098
2023-06-15T23:00:00Z,71634,363,18176,17,17,,88,88,,867.014,867.014,,,,,0.01,2.2,2,2.4,7.6,7.6,7.6,6.5,6.5,6.5,204.4,204.2,204.6,504.436,505.412,503.46,142.024,142.744,141.304,20.313,16.406,24.22,0.992,0.826,1.158,0.15,0.218,0.082,0.10400000000000001,0.168,0.04,1.9509999999999998,2.022,1.88,1.9509999999999998,2.022,1.88,2.827,2.732,2.922,2.827,2.732,2.922,2.934,2.868,3,2.934,2.868,3
2023-06-15T23:10:00Z,72234,365,17856,17,17,,88,88,,866.82,866.82,,,,,0.01,2.3,2.1,2.4,7.6,7.6,7.5,6.5,6.5,6.4,204.5,203.4,205.6,503.822,509.622,498.022,143.115,145.138,141.092,20.858,18.146,23.57,0.8069999999999999,0.772,0.842,0.042,0,0.084,0,0,0,2.02,2.072,1.968,2.02,2.072,1.968,2.912,2.84,2.984,2.912,2.84,2.984,2.9589999999999996,2.868,3.05,2.9589999999999996,2.868,3.05
2023-06-15T23:20:00Z,72834,400,17856,17,17,,88,88,,866.828,866.828,,,,,0.01,2.3,2,2.5,7.8,7.5,8,6.6,6.4,6.7,201.8,204.8,198.9,517.889,502.144,533.634,147.335,140.848,153.822,20.464,16.458,24.47,0.8140000000000001,0.788,0.84,0.118,0.092,0.144,0.07300000000000001,0.048,0.098,2.1310000000000002,1.976,2.286,2.1310000000000002,1.976,2.286,2.981,2.804,3.158,2.981,2.804,3.158,3.072,2.872,3.272,3.072,2.872,3.272
2023-06-15T23:30:00Z,73434,373,17856,17,17,,88,88,,867,867,,,,,0.01,2.3,2.2,2.4,7.8,7.7,7.9,6.6,6.6,6.7,201.4,202.5,200.3,520.178,514.246,526.11,150.192,149.214,151.17,20.371000000000002,18.846,21.896,0.812,0.758,0.866,0.123,0.14,0.106,0.07,0.14,0,2.143,2.194,2.092,2.143,2.194,2.092,3.0469999999999997,3.038,3.056,3.0469999999999997,3.038,3.056,3.141,3.138,3.144,3.141,3.138,3.144
2023-06-15T23:40:00Z,74034,360,18176,17,17,,87.8,87.8,,866.992,866.992,,,,,0.01,2.4,2.2,2.5,8.1,8,8.1,6.8,6.8,6.8,198.2,198.5,197.9,537.5229999999999,535.924,539.122,151.8,153.028,150.572,21.801000000000002,18.462,25.14,1.002,0.73,1.274,0.08700000000000001,0.038,0.136,0.044,0.038,0.05,2.221,2.288,2.154,2.221,2.288,2.154,3.1390000000000002,3.036,3.242,3.1390000000000002,3.036,3.242,3.208,3.066,3.35,3.208,3.066,3.35
2023-06-15T23:50:00Z,74634,367,18176,17,17,,87.8,87.8,,866.904,866.904,,,,,0.01,2.3,2.3,2.3,8,8.1,7.9,6.7,6.8,6.7,199.3,198.4,200.3,531.479,536.682,526.276,150.72899999999998,153.074,148.384,20.784999999999997,19.74,21.83,0.9339999999999999,1.002,0.866,0.028,0.056,0,0.028,0.056,0,2.127,2.132,2.122,2.127,2.132,2.122,3.101,3.116,3.086,3.101,3.116,3.086,3.142,3.198,3.086,3.142,3.198,3.086
2023-06-16T00:00:00Z,75234,364,17856,17,17,,88,88,,867.074,867.074,,,,,0.01,2.5,2.3,2.7,8.4,8.6,8.3,7,7.1,6.9,193.7,192.5,195,562.813,570.198,555.428,159.127,162.964,155.29,23.234,19.848,26.62,0.996,0.862,1.13,0.041999999999999996,0.04,0.044,0.02,0.04,0,2.37,2.486,2.254,2.37,2.486,2.254,3.3979999999999997,3.292,3.504,3.3979999999999997,3.292,3.504,3.426,3.32,3.532,3.426,3.32,3.532
2023-06-16T00:10:00Z,75834,734,17856,17,17,,88,88,,867.132,867.132,,,,,0.01,2.6,2.4,2.7,8.4,8.4,8.3,7,7,6.9,194.4,194,194.9,558.704,561.472,555.936,160.03500000000003,162.764,157.306,24.237000000000002,21.096,27.378,1.045,1,1.09,0.064,0.04,0.088,0.046,0.04,0.052,2.203,2.252,2.154,2.203,2.252,2.154,3.284,3.15,3.418,3.284,3.15,3.418,3.342,3.204,3.48,3.342,3.204,3.48
2023-06-16T00:20:00Z,76434,359,18176,17,17,,88,88,,867.168,867.168,,,,,0.01,2.9,2.7,3,9.1,9.1,9.1,7.4,7.4,7.4,186.7,186.5,186.9,604.907,605.95,603.864,172.43099999999998,171.678,173.184,27.930999999999997,24.996,30.866,1.226,1.378,1.074,0.214,0.254,0.174,0.149,0.214,0.084,2.415,2.126,2.704,2.415,2.126,2.704,3.6310000000000002,3.174,4.088,3.6310000000000002,3.174,4.088,3.782,3.366,4.198,3.782,3.366,4.198
2023-06-16T00:30:00Z,77034,358,18176,17,17,,88,88,,867.196,867.196,,,,,0.01,2.6,2.5,2.7,8.9,8.8,9,7.3,7.2,7.3,188.3,189.2,187.3,595.374,589.668,601.08,169.589,171.218,167.96,23.52,21.326,25.714,1.181,1.216,1.146,0.095,0.106,0.084,0.029,0.058,0,2.632,2.672,2.592,2.632,2.672,2.592,3.652,3.52,3.784,3.652,3.52,3.784,3.7430000000000003,3.652,3.834,3.7430000000000003,3.652,3.834
2023-06-16T00:40:00Z,77634,360,17856,17,17,,88,88,,867.28,867.28,,,,,0.01,2.8,2.7,2.9,9.5,9.4,9.6,7.6,7.6,7.6,182.4,183.2,181.6,632.4,627.434,637.366,180.519,181.232,179.806,25.476,23.738,27.214,1.355,1.408,1.302,0.22799999999999998,0.24,0.216,0.11699999999999999,0.19,0.044,2.752,2.546,2.958,2.752,2.546,2.958,3.873,3.666,4.08,3.873,3.666,4.08,4.038,3.872,4.204,4.038,3.872,4.204
2023-06-16T00:50:00Z,78234,374,17856,17,17,,88,88,,867.302,867.302,,,,,0.01,2.7,2.4,2.9,9,8.9,9.2,7.4,7.3,7.4,187,188.8,185.2,603.296,592.222,614.37,168.297,166.686,169.908,24.839,20.89,28.788,1.155,1.208,1.102,0.062,0,0.124,0,0,0,2.583,2.536,2.63,2.583,2.536,2.63,3.637,3.434,3.84,3.637,3.434,3.84,3.713,3.5,3.926,3.713,3.5,3.926
2023-06-16T01:00:00Z,78835,355,17856,17.2,17.2,,88,88,,867.426,867.426,,,,,0.01,3,2.8,3.2,10,9.7,10.3,7.9,7.7,8,177.5,180.3,174.8,665.232,646.414,684.05,187.531,184.704,190.358,28.928,25.708,32.148,1.6280000000000001,1.548,1.708,0.138,0.192,0.084,0.039,0.04,0.038,2.982,2.862,3.102,2.982,2.862,3.102,4.327,4.08,4.574,4.327,4.08,4.574,4.444,4.228,4.66,4.444,4.228,4.66
2023-06-16T01:10:00Z,79434,1472,17856,18,18,,88,88,,867.532,867.532,,,,,0.01,3.1,2.9,3.4,10.4,10.5,10.4,8.1,8.1,8.1,173.3,172.8,173.8,694.646,698.23,691.062,197.901,200.122,195.68,29.95,25.08,34.82,1.7389999999999999,1.792,1.686,0.227,0.188,0.266,0.065,0.07,0.06,3.144,3.158,3.13,3.144,3.158,3.13,4.479,4.368,4.59,4.479,4.368,4.59,4.64,4.528,4.752,4.64,4.528,4.752
2023-06-16T01:20:00Z,80034,362,18176,18,18,,88,88,,867.464,867.464,,,,,0.01,3.4,3.1,3.6,10.8,10.9,10.8,8.3,8.4,8.3,169.6,168.9,170.3,722.007,727.334,716.68,205.148,205.67,204.626,32.842,28.478,37.206,1.626,2.068,1.184,0.292,0.37,0.214,0.14700000000000002,0.228,0.066,3.239,3.078,3.4,3.239,3.078,3.4,4.5329999999999995,4.276,4.79,4.5329999999999995,4.276,4.79,4.757,4.56,4.954,4.757,4.56,4.954
2023-06-16T01:30:00Z,80634,372,17856,18,18,,88,88,,867.51,867.51,,,,,0.01,3.3,3.3,3.4,10.8,10.8,10.9,8.3,8.3,8.4,169.5,169.7,169.2,723.066,721.064,725.068,204.072,203.868,204.276,31.822,30.332,33.312,1.1,1.014,1.186,0.089,0,0.178,0.023,0,0.046,3.399,3.338,3.46,3.399,3.338,3.46,4.675,4.56,4.79,4.675,4.56,4.79,4.744999999999999,4.592,4.898,4.744999999999999,4.592,4.898
2023-06-16T01:40:00Z,81234,358,17856,18,18,,88,88,,867.52,867.52,,,,,0.01,3.4,3.3,3.6,11.3,11.2,11.5,8.6,8.5,8.7,165.2,166.5,163.9,755.948,745.866,766.03,213.472,211.4,215.544,32.991,29.828,36.154,1.709,1.198,2.22,0.211,0.238,0.184,0.135,0.23,0.04,3.5940000000000003,3.448,3.74,3.5940000000000003,3.448,3.74,5.02,4.594,5.446,5.02,4.594,5.446,5.173,4.782,5.564,5.173,4.782,5.564
2023-06-16T01:50:00Z,81834,364,18176,18,18,,88,88,,867.528,867.528,,,,,0.01,3.6,3.3,3.9,12.2,12.1,12.3,9,9,9.1,158.3,158.8,157.7,813.3800000000001,808.738,818.022,230.801,229.574,232.028,33.187,28.336,38.038,1.311,1.164,1.458,0.23099999999999998,0.218,0.244,0.077,0.096,0.058,3.835,3.718,3.952,3.835,3.718,3.952,5.201,4.826,5.576,5.201,4.826,5.576,5.378,5.014,5.742,5.378,5.014,5.742
2023-06-16T02:00:00Z,82434,390,17856,18,18,,88,88,,867.446,867.446,,,,,0.01,4,3.8,4.2,12.9,13,12.8,9.4,9.4,9.3,152.9,152.3,153.5,861.5329999999999,866.786,856.28,245.03300000000002,246.736,243.33,39.483,35.55,43.416,1.874,1.756,1.992,0.21100000000000002,0.148,0.274,0.118,0.148,0.088,4.254,4.298,4.21,4.254,4.298,4.21,6.095000000000001,5.972,6.218,6.095000000000001,5.972,6.218,6.27,6.116,6.424,6.27,6.116,6.424
2023-06-16T02:10:00Z,83034,364,17856,18,18,,88,88,,867.444,867.444,,,,,0.01,4.4,4.1,4.6,13.5,13.4,13.7,9.6,9.6,9.7,148.6,149.6,147.6,902.3240000000001,892.76,911.888,255.933,255.668,256.198,43.498999999999995,39.018,47.98,1.921,2.23,1.612,0.28600000000000003,0.442,0.13,0.176,0.352,0,4.4350000000000005,4.282,4.588,4.4350000000000005,4.282,4.588,6.357,6.094,6.62,6.357,6.094,6.62,6.603,6.482,6.724,6.603,6.482,6.724
2023-06-16T02:20:00Z,83634,358,17856,18,18,,88,88,,867.426,867.426,,,,,0.01,4.2,4,4.4,13.9,14.2,13.6,9.8,9.9,9.7,146.1,144.3,147.9,927.694,946.144,909.244,261.275,267.448,255.102,40.229,35.51,44.948,2.013,1.772,2.254,0.274,0.268,0.28,0.11499999999999999,0.18,0.05,4.67,4.85,4.49,4.67,4.85,4.49,6.465999999999999,6.406,6.526,6.465999999999999,6.406,6.526,6.677,6.624,6.73,6.677,6.624,6.73
2023-06-16T02:30:00Z,84234,401,18176,18,18,,88,88,,867.436,867.436,,,,,0.01,4.5,4.3,4.6,14.5,14.7,14.3,10.1,10.2,10,142.6,141.3,143.9,963.915,977.76,950.07,273.98199999999997,278.816,269.148,43.266999999999996,39.984,46.55,1.986,2.38,1.592,0.289,0.17,0.408,0.15100000000000002,0.17,0.132,4.907,4.994,4.82,4.907,4.994,4.82,6.776,6.846,6.706,6.776,6.846,6.706,6.95,6.958,6.942,6.95,6.958,6.942
2023-06-16T02:40:00Z,84834,358,17216,18,18,,88.6,88.6,,867.374,867.374,,,,,0.01,4.7,4.5,5,14.7,14.9,14.5,10.2,10.3,10.1,140.9,139.7,142.2,981.697,995.414,967.98,281.533,286.206,276.86,47.424,42.362,52.486,2.669,2.496,2.842,0.217,0.134,0.3,0.067,0.134,0,5.054,5.128,4.98,5.054,5.128,4.98,7.306,7.188,7.424,7.306,7.188,7.424,7.519,7.376,7.662,7.519,7.376,7.662
2023-06-16T02:50:00Z,85435,1087,17570,18,18,,89,89,,867.282,867.282,,,,,0.01,4.9,4.6,5.3,15.3,15.2,15.4,10.4,10.4,10.5,137.5,137.9,137,1020.671,1015.58,1025.762,291.322,293.05,289.594,49.969,43.884,56.054,2.601,2.31,2.892,0.419,0.35,0.488,0.152,0.198,0.106,5.287000000000001,5.246,5.328,5.287000000000001,5.246,5.328,7.513,7.24,7.786,7.513,7.24,7.786,7.8709999999999996,7.574,8.168,7.8709999999999996,7.574,8.168
2023-06-16T03:00:00Z,86034,364,18176,18,18,,89,89,,867.26,867.26,,,,,0.01,4.7,4.5,5,14.9,14.9,14.8,10.2,10.3,10.2,140.1,139.8,140.5,990.7339999999999,994.564,986.904,279.59000000000003,284.3,274.88,47.321,43.276,51.366,2.1340000000000003,2.24,2.028,0.277,0.284,0.27,0.164,0.244,0.084,4.861,5.01,4.712,4.861,5.01,4.712,6.9239999999999995,6.946,6.902,6.9239999999999995,6.946,6.902,7.121,7.16,7.082,7.121,7.16,7.082
2023-06-16T03:10:00Z,86635,390,17250,18,18,,89,89,,867.196,867.196,,,,,0.01,4.6,4.4,4.8,14.8,14.9,14.6,10.2,10.3,10.1,140.7,139.8,141.6,984.735,994.638,974.832,278.38,281.184,275.576,45.677,42.28,49.074,2.38,2.654,2.106,0.13,0.238,0.022,0.08299999999999999,0.144,0.022,4.811,4.678,4.944,4.811,4.678,4.944,7.0120000000000005,6.796,7.228,7.0120000000000005,6.796,7.228,7.138999999999999,6.968,7.31,7.138999999999999,6.968,7.31
2023-06-16T03:20:00Z,87234,818,17250,18,18,,89,89,,867.07,867.07,,,,,0.01,4.7,4.5,4.9,14.6,14.8,14.5,10.1,10.2,10.1,141.6,140.7,142.6,974.175,984.178,964.172,276.66700000000003,280.17,273.164,47.141,42.622,51.66,2.234,2.192,2.276,0.14700000000000002,0.124,0.17,0.076,0.092,0.06,4.799,4.682,4.916,4.799,4.682,4.916,6.839,6.638,7.04,6.839,6.638,7.04,6.966,6.714,7.218,6.966,6.714,7.218
2023-06-16T03:30:00Z,87834,396,17536,18,18,,89,89,,866.932,866.932,,,,,0.01,4.8,4.5,5.2,15.4,15.1,15.6,10.5,10.3,10.6,137.2,138.6,135.8,1024.132,1008.118,1040.146,291.438,289.69,293.186,47.45099999999999,42.166,52.736,2.2430000000000003,2.306,2.18,0.303,0.314,0.292,0.135,0.184,0.086,5.175,5.028,5.322,5.175,5.028,5.322,7.218,6.86,7.576,7.218,6.86,7.576,7.418,7.096,7.74,7.418,7.096,7.74
2023-06-16T03:40:00Z,88434,358,17536,18,18,,89,89,,866.842,866.842,,,,,0.01,4.7,4.3,5.1,15.3,15.3,15.4,10.4,10.4,10.5,137.3,137.7,137,1021.9849999999999,1018.382,1025.588,286.63300000000004,286.904,286.362,46.756,40.058,53.454,2.858,2.946,2.77,0.33299999999999996,0.246,0.42,0.14100000000000001,0.196,0.086,5.1899999999999995,5.162,5.218,5.1899999999999995,5.162,5.218,7.396,7.104,7.688,7.396,7.104,7.688,7.649,7.378,7.92,7.649,7.378,7.92
2023-06-16T03:50:00Z,89034,360,18176,18,18,,89.8,89.8,,866.776,866.776,,,,,0.01,5.1,4.7,5.6,16.3,16.2,16.5,10.9,10.8,10.9,131.7,132.7,130.8,1089.497,1077.7,1101.294,305.314,304.244,306.384,50.685,43.298,58.072,2.185,1.958,2.412,0.33599999999999997,0.318,0.354,0.159,0.272,0.046,5.585,5.55,5.62,5.585,5.55,5.62,7.792,7.504,8.08,7.792,7.504,8.08,8.091999999999999,7.786,8.398,8.091999999999999,7.786,8.398
2023-06-16T04:00:00Z,89634,359,17856,18,18,,90,90,,866.696,866.696,,,,,0.01,5.4,5,5.7,17,16.8,17.1,11.1,11,11.2,128.4,129.3,127.6,1131.531,1120.322,1142.74,321.678,321.398,321.958,53.105999999999995,46.86,59.352,2.552,2.248,2.856,0.237,0.17,0.304,0.137,0.088,0.186,5.816000000000001,5.796,5.836,5.816000000000001,5.796,5.836,8.294,8.042,8.546,8.294,8.042,8.546,8.494,8.204,8.784,8.494,8.204,8.784
2023-06-16T04:10:00Z,90234,365,17216,18,18,,90,90,,866.676,866.676,,,,,0.01,5.4,4.9,5.9,16.8,16.5,17,11,10.9,11.1,129.4,130.8,128.1,1118.759,1101.448,1136.07,317.03499999999997,312.8,321.27,53.988,46.32,61.656,2.3890000000000002,2.348,2.43,0.32999999999999996,0.24,0.42,0.14500000000000002,0.196,0.094,5.642,5.48,5.804,5.642,5.48,5.804,8.063,7.658,8.468,8.063,7.658,8.468,8.297,7.844,8.75,8.297,7.844,8.75
2023-06-16T04:20:00Z,90834,355,17216,18,18,,90,90,,866.53,866.53,,,,,0.01,5.2,4.9,5.4,16.6,16.8,16.3,11,11.1,10.9,130.4,129.1,131.7,1106.337,1122.708,1089.966,313.42,319.168,307.672,50.3,45.528,55.072,2.455,2.712,2.198,0.297,0.176,0.418,0.154,0.176,0.132,5.536,5.462,5.61,5.536,5.462,5.61,7.817,7.592,8.042,7.817,7.592,8.042,8.106,7.834,8.378,8.106,7.834,8.378
2023-06-16T04:30:00Z,91434,358,17536,18,18,,90,90,,866.416,866.416,,,,,0.01,5.8,5.6,6,18,18.1,17.8,11.5,11.5,11.4,123.6,123,124.3,1197,1205.832,1188.168,340.076,347.432,332.72,57.685,53.276,62.094,2.5620000000000003,2.378,2.746,0.215,0.132,0.298,0.15000000000000002,0.132,0.168,6.3260000000000005,6.434,6.218,6.3260000000000005,6.434,6.218,8.854,8.718,8.99,8.854,8.718,8.99,9.055,8.9,9.21,9.055,8.9,9.21
2023-06-16T04:40:00Z,92034,378,17856,18,18,,90,90,,866.296,866.296,,,,,0.01,6.1,5.7,6.4,19.2,19.2,19.1,11.9,12,11.9,118.2,118,118.3,1278.123,1280.884,1275.362,361.928,366.588,357.268,60.333,53.58,67.086,2.949,3.188,2.71,0.41900000000000004,0.392,0.446,0.217,0.256,0.178,6.771,6.768,6.774,6.771,6.768,6.774,9.370000000000001,9.226,9.514,9.370000000000001,9.226,9.514,9.718,9.546,9.89,9.718,9.546,9.89
2023-06-16T04:50:00Z,92634,364,17856,18,18,,90,90,,866.252,866.252,,,,,0.01,6.2,5.8,6.6,18.9,18.7,19.1,11.9,11.8,11.9,119.2,120.1,118.3,1261.693,1248.166,1275.22,358.015,357.47,358.56,63.566,57.858,69.274,3.5039999999999996,4.486,2.522,0.346,0.37,0.322,0.112,0.224,0,6.591,6.336,6.846,6.591,6.336,6.846,9.425,9.194,9.656,9.425,9.194,9.656,9.696,9.54,9.852,9.696,9.54,9.852
2023-06-16T05:00:00Z,93234,359,17536,18,18,,90,90,,866.21,866.21,,,,,0.01,6.1,5.7,6.4,18.9,19.1,18.8,11.9,11.9,11.8,119.1,118.4,119.8,1263.33,1273.98,1252.68,356.74,359.784,353.696,60.453,53.718,67.188,2.66,2.798,2.522,0.285,0.356,0.214,0.15300000000000002,0.274,0.032,6.471,6.422,6.52,6.471,6.422,6.52,9.036999999999999,8.778,9.296,9.036999999999999,8.778,9.296,9.283999999999999,9.116,9.452,9.283999999999999,9.116,9.452
2023-06-16T05:10:00Z,93834,355,18176,18,18,,90,90,,866.25,866.25,,,,,0.01,5.7,5.5,6,18.4,18.5,18.2,11.6,11.7,11.6,121.7,121.1,122.4,1224.786,1234.292,1215.28,345.918,355.122,336.714,55.653000000000006,50.77,60.536,2.141,2.006,2.276,0.258,0.238,0.278,0.118,0.19,0.046,6.2620000000000005,6.248,6.276,6.2620000000000005,6.248,6.276,8.715,8.5,8.93,8.715,8.5,8.93,8.931999999999999,8.696,9.168,8.931999999999999,8.696,9.168
2023-06-16T05:20:00Z,94434,356,17856,18,18,,90,90,,866.152,866.152,,,,,0.01,5.7,5.3,6.1,18,17.9,18.2,11.5,11.5,11.6,123.3,123.9,122.6,1202.3629999999998,1193.568,1211.158,342.62800000000004,345.918,339.338,56.631,50.168,63.094,2.74,3.132,2.348,0.259,0.184,0.334,0.139,0.136,0.142,6.26,6.146,6.374,6.26,6.146,6.374,8.689,8.51,8.868,8.689,8.51,8.868,8.908000000000001,8.704,9.112,8.908000000000001,8.704,9.112
2023-06-16T05:30:00Z,95034,368,17536,18,18,,90,90,,866.134,866.134,,,,,0.01,5.4,5.1,5.7,17.4,17.7,17.1,11.3,11.4,11.2,126.4,125.1,127.8,1158.6080000000002,1176.968,1140.248,327.051,333.88,320.222,52.108000000000004,46.356,57.86,2.585,2.896,2.274,0.304,0.364,0.244,0.19,0.256,0.124,5.981999999999999,6.146,5.818,5.981999999999999,6.146,5.818,8.291,8.264,8.318,8.291,8.264,8.318,8.544,8.606,8.482,8.544,8.606,8.482
2023-06-16T05:40:00Z,95634,360,17856,18.2,18.2,,90,90,,865.988,865.988,,,,,0.01,5.2,5,5.4,16.7,16.7,16.7,11,11,11,130,130.1,130,1110.675,1110.216,1111.134,312.78700000000003,317.106,308.468,50.287,47.064,53.51,1.867,2.102,1.632,0.259,0.21,0.308,0.127,0.168,0.086,5.814,5.982,5.646,5.814,5.982,5.646,7.926,8.004,7.848,7.926,8.004,7.848,8.107,8.166,8.048,8.107,8.166,8.048
2023-06-16T05:50:00Z,96234,359,17216,19,19,,90,90,,865.934,865.934,,,,,0.01,4.5,4.2,4.8,14.6,15,14.3,10.1,10.3,10,141.5,139.3,143.8,975.307,999.816,950.798,274.105,281.99,266.22,42.881,36.158,49.604,1.564,1.198,1.93,0.291,0.214,0.368,0.088,0.124,0.052,4.905,5.104,4.706,4.905,5.104,4.706,6.666,6.51,6.822,6.666,6.51,6.822,6.862,6.676,7.048,6.862,6.676,7.048
2023-06-16T06:00:00Z,96834,360,17856,19,19,,90,90,,865.948,865.948,,,,,0.01,4.1,4,4.2,13.3,13.7,13,9.6,9.7,9.4,149.9,147.8,152,889.883,910.17,869.596,249.18,254.624,243.736,39.138000000000005,36.746,41.53,1.576,1.53,1.622,0.28400000000000003,0.39,0.178,0.147,0.204,0.09,4.324,4.396,4.252,4.324,4.396,4.252,6.013,5.968,6.058,6.013,5.968,6.058,6.2219999999999995,6.254,6.19,6.2219999999999995,6.254,6.19
2023-06-16T06:10:00Z,97434,357,17536,19,19,,90,90,,865.92,865.92,,,,,0.01,4,3.6,4.5,13.4,13,13.9,9.6,9.4,9.8,149.2,152.3,146.3,896.185,867.418,924.952,253.541,245.746,261.336,37.757,30.568,44.946,1.4569999999999999,1.2,1.714,0.118,0.104,0.132,0.075,0.056,0.094,4.466,4.182,4.75,4.466,4.182,4.75,6.038,5.442,6.634,6.038,5.442,6.634,6.135,5.54,6.73,6.135,5.54,6.73
2023-06-16T06:20:00Z,98034,364,17856,19,19,,90,90,,865.716,865.716,,,,,0.01,4.1,3.9,4.3,13.3,13.4,13.2,9.5,9.6,9.5,150.1,149.6,150.7,887.519,892.686,882.352,250.039,254.182,245.896,38.918,34.024,43.812,1.375,0.972,1.778,0.121,0.036,0.206,0.079,0.036,0.122,4.254,4.298,4.21,4.254,4.298,4.21,5.904,5.63,6.178,5.904,5.63,6.178,5.984,5.666,6.302,5.984,5.666,6.302
2023-06-16T06:30:00Z,98634,381,17536,19,19,,90,90,,865.75,865.75,,,,,0.01,3.7,3.5,4,12.6,12.6,12.6,9.2,9.2,9.2,155.4,155.4,155.5,838.403,838.564,838.242,237.582,239.538,235.626,34.174,29.854,38.494,1.319,1.47,1.168,0.19499999999999998,0.106,0.284,0.076,0.106,0.046,3.8600000000000003,3.842,3.878,3.8600000000000003,3.842,3.878,5.277,5.126,5.428,5.277,5.126,5.428,5.442,5.24,5.644,5.442,5.24,5.644
2023-06-16T06:40:00Z,99234,392,17856,19,19,,90,90,,865.736,865.736,,,,,0.01,3.9,3.5,4.2,12.9,12.6,13.3,9.4,9.2,9.5,152.9,155.5,150.3,861.877,837.84,885.914,243.108,235.728,250.488,36.095,30.942,41.248,1.6829999999999998,1.674,1.692,0.279,0.27,0.288,0.155,0.27,0.04,4.038,3.748,4.328,4.038,3.748,4.328,5.5,4.934,6.066,5.5,4.934,6.066,5.737,5.252,6.222,5.737,5.252,6.222
2023-06-16T06:50:00Z,99834,386,18176,19,19,,90,90,,865.682,865.682,,,,,0.01,3.6,3.5,3.7,12.1,12.3,11.9,9,9.1,8.9,158.8,157.5,160.3,808.51,820.524,796.496,228.96699999999998,235.286,222.648,32.567,29.71,35.424,1.146,0.966,1.326,0.164,0.164,0.164,0.106,0.15,0.062,3.792,3.942,3.642,3.792,3.942,3.642,5.234,5.264,5.204,5.234,5.264,5.204,5.378,5.422,5.334,5.378,5.422,5.334
2023-06-16T07:00:00Z,100434,361,17536,19,19,,90,90,,865.66,865.66,,,,,0.01,3.5,3.3,3.7,11.9,12.2,11.6,8.9,9,8.7,160.5,158.3,162.8,794.003,812.998,775.008,226.155,231.97,220.34,31.687,28.204,35.17,1.155,1.372,0.938,0.107,0.172,0.042,0.053,0.106,0,3.694,3.654,3.734,3.694,3.654,3.734,4.958,4.812,5.104,4.958,4.812,5.104,5.050000000000001,4.948,5.152,5.050000000000001,4.948,5.152
2023-06-16T07:10:00Z,101034,367,17536,18.4,18.4,,90,90,,865.666,865.666,,,,,0.01,3.6,3.4,3.8,12.3,12.5,12.1,9.1,9.2,8.9,157.5,155.6,159.4,820.077,836.566,803.588,231.14,235.472,226.808,32.894,28.522,37.266,1.43,1.176,1.684,0.121,0.154,0.088,0.097,0.106,0.088,3.846,3.738,3.954,3.846,3.738,3.954,5.214,4.944,5.484,5.214,4.944,5.484,5.341,5.12,5.562,5.341,5.12,5.562
2023-06-16T07:20:00Z,101634,362,17856,18,18,,90,90,,865.584,865.584,,,,,0.01,3.6,3.3,3.9,12.2,12.3,12,9,9.1,8.9,158.6,157.5,159.7,810.774,820.16,801.388,228.011,231.332,224.69,32.968,26.976,38.96,1.5539999999999998,1.214,1.894,0.21300000000000002,0.098,0.328,0.027,0.054,0,3.912,3.858,3.966,3.912,3.858,3.966,5.188,4.864,5.512,5.188,4.864,5.512,5.297000000000001,4.936,5.658,5.297000000000001,4.936,5.658
2023-06-16T07:30:00Z,102234,419,17216,18,18,,90,90,,865.51,865.51,,,,,0.01,3.4,3.2,3.6,11.7,11.8,11.6,8.8,8.8,8.7,162.2,161.5,162.8,780.28,785.642,774.918,219.019,222.57,215.468,31.102,27.954,34.25,1.154,1.304,1.004,0.138,0.05,0.226,0.051000000000000004,0.05,0.052,3.722,3.738,3.706,3.722,3.738,3.706,4.982,4.98,4.984,4.982,4.98,4.984,5.07,5.032,5.108,5.07,5.032,5.108
2023-06-16T07:40:00Z,102834,397,17536,18,18,,90,90,,865.428,865.428,,,,,0.01,3.4,3.2,3.5,11.8,11.8,11.8,8.8,8.8,8.8,161.8,161.8,161.8,783.553,783.768,783.338,220.59300000000002,221.616,219.57,30.07,27.56,32.58,1.2160000000000002,1.348,1.084,0.191,0.28,0.102,0.128,0.192,0.064,3.818,3.698,3.938,3.818,3.698,3.938,5.078,4.868,5.288,5.078,4.868,5.288,5.25,5.16,5.34,5.25,5.16,5.34
2023-06-16T07:50:00Z,103434,561,17856,18,18,,90,90,,865.368,865.368,,,,,0.01,3.6,3.2,3.9,12,11.9,12.1,8.9,8.9,9,159.7,160.6,158.8,801.225,793.86,808.59,225.709,225.39,226.028,32.722,27.292,38.152,1.248,1.43,1.066,0.126,0.164,0.088,0.056999999999999995,0.076,0.038,3.835,3.658,4.012,3.835,3.658,4.012,5.234999999999999,4.914,5.556,5.234999999999999,4.914,5.556,5.361,5.098,5.624,5.361,5.098,5.624
2023-06-16T08:00:00Z,104034,359,18176,18,18,,90,90,,865.338,865.338,,,,,0.01,3.5,3.2,3.8,12.2,12.2,12.3,9,9,9.1,157.9,158.6,157.3,816.534,810.79,822.278,228.995,229.02,228.97,31.695999999999998,26.876,36.516,1.28,1.208,1.352,0.134,0.102,0.166,0.028,0.056,0,3.7960000000000003,3.634,3.958,3.7960000000000003,3.634,3.958,5.125,4.862,5.388,5.125,4.862,5.388,5.219,4.942,5.496,5.219,4.942,5.496
2023-06-16T08:10:00Z,104634,369,17856,18,18,,90,90,,865.37,865.37,,,,,0.01,3.5,3.1,4,12.2,11.9,12.5,9,8.9,9.2,158.4,160.6,156.2,812.6500000000001,793.748,831.552,228.857,225.37,232.344,31.884999999999998,24.822,38.948,1.264,1.11,1.418,0.151,0.09,0.212,0.056999999999999995,0.09,0.024,3.846,3.66,4.032,3.846,3.66,4.032,5.192,4.754,5.63,5.192,4.754,5.63,5.324,4.88,5.768,5.324,4.88,5.768
2023-06-16T08:20:00Z,105234,369,17536,18,18,,90.8,90.8,,865.21,865.21,,,,,0.01,3.3,3.2,3.5,11.5,11.9,11.2,8.7,8.9,8.5,163.5,160.6,166.5,769.425,793.244,745.606,219.70600000000002,229.538,209.874,30.084,27.286,32.882,1.34,1.81,0.87,0.134,0.128,0.14,0.098,0.128,0.068,3.6849999999999996,3.864,3.506,3.6849999999999996,3.864,3.506,4.946,5.122,4.77,4.946,5.122,4.77,5.095000000000001,5.298,4.892,5.095000000000001,5.298,4.892
2023-06-16T08:30:00Z,105834,364,17216,18,18,,91,91,,865.19,865.19,,,,,0.01,3.4,3.1,3.7,11.6,11.6,11.6,8.7,8.7,8.7,162.8,163,162.7,775.005,773.802,776.208,217.959,218.882,217.036,31.404000000000003,26.196,36.612,1.447,1.358,1.536,0.266,0.32,0.212,0.184,0.32,0.048,3.649,3.578,3.72,3.649,3.578,3.72,4.964,4.76,5.168,4.964,4.76,5.168,5.164,5.008,5.32,5.164,5.008,5.32
2023-06-16T08:40:00Z,106404,356,17776,18,18,,90.75,90.75,,865.14,865.14,,,,,0.01,3.5,3.2,3.7,11.5,11.8,11.3,8.7,8.8,8.6,163.5,161.5,165.6,769.7315000000001,786.315,753.148,217.76999999999998,224.338,211.202,31.933500000000002,27.527,36.34,1.0965,1.203,0.99,0.2515,0.35,0.153,0.1615,0.305,0.018,3.7750000000000004,4.065,3.485,3.7750000000000004,4.065,3.485,5.0525,5.18,4.925,5.0525,5.18,4.925,5.2385,5.44,5.037,5.2385,5.44,5.037
2023-06-16T08:50:00Z,107034,373,18176,18,18,,90,90,,865.164,865.164,,,,,0.01,3.4,3.3,3.6,11.9,11.9,12,8.9,8.9,8.9,160.2,160.4,160.1,796.624,795.17,798.078,223.7,224.45,222.95,30.99,28.104,33.876,1.135,0.856,1.414,0.212,0.056,0.368,0.061,0.056,0.066,3.727,3.698,3.756,3.727,3.698,3.756,5,4.868,5.132,5,4.868,5.132,5.147,4.914,5.38,5.147,4.914,5.38
2023-06-16T09:00:00Z,107634,362,18176,18,18,,90,90,,865.184,865.184,,,,,0.01,3.6,3.4,3.9,11.8,12.1,11.6,8.8,9,8.7,161.1,159,163.3,789.2570000000001,807.352,771.162,223.124,229.558,216.69,34.163,28.844,39.482,0.9430000000000001,1.228,0.658,0.041,0,0.082,0,0,0,3.715,3.776,3.654,3.715,3.776,3.654,5.1259999999999994,5.13,5.122,5.1259999999999994,5.13,5.122,5.178000000000001,5.174,5.182,5.178000000000001,5.174,5.182
2023-06-16T09:10:00Z,108234,436,18176,18,18,,90,90,,865.1,865.1,,,,,0.01,3.4,3.4,3.4,11.6,11.9,11.3,8.7,8.9,8.6,163,160.8,165.2,773.7339999999999,791.468,756,218.256,225.32,211.192,30.75,29.38,32.12,1.044,1.262,0.826,0.09999999999999999,0.146,0.054,0.047,0.094,0,3.614,3.722,3.506,3.614,3.722,3.506,4.84,5.002,4.678,4.84,5.002,4.678,4.917999999999999,5.132,4.704,4.917999999999999,5.132,4.704
2023-06-16T09:20:00Z,108834,360,17536,18,18,,90,90,,865.05,865.05,,,,,0.01,3.4,3.1,3.8,11.8,11.9,11.7,8.8,8.9,8.8,161.5,160.4,162.6,786.346,795.498,777.194,220.555,222.184,218.926,30.755000000000003,24.624,36.886,0.784,0.596,0.972,0.09,0.058,0.122,0.029,0.058,0,3.589,3.554,3.624,3.589,3.554,3.624,4.854,4.598,5.11,4.854,4.598,5.11,4.8870000000000005,4.616,5.158,4.8870000000000005,4.616,5.158
2023-06-16T09:30:00Z,109434,358,18176,18,18,,90,90,,865.034,865.034,,,,,0.01,3.4,3.2,3.6,11.5,11.6,11.4,8.7,8.7,8.6,163.9,162.8,164.9,766.652,775.212,758.092,213.29,217.172,209.408,31.413,26.902,35.924,1.345,1.144,1.546,0.161,0.182,0.14,0.091,0.182,0,3.487,3.476,3.498,3.487,3.476,3.498,4.827,4.486,5.168,4.827,4.486,5.168,4.957,4.66,5.254,4.957,4.66,5.254
2023-06-16T09:40:00Z,110034,448,17536,18,18,,90,90,,864.996,864.996,,,,,0.01,3.4,3,3.7,11.3,11.1,11.5,8.6,8.4,8.7,165.8,167.6,164,751.308,737.358,765.258,208.89600000000002,205.132,212.66,31.758,26.018,37.498,1.336,0.872,1.8,0.14300000000000002,0.088,0.198,0.064,0.088,0.04,3.4379999999999997,3.218,3.658,3.4379999999999997,3.218,3.658,4.752,4.226,5.278,4.752,4.226,5.278,4.865,4.32,5.41,4.865,4.32,5.41
2023-06-16T09:50:00Z,110634,392,17856,18,18,,90,90,,864.98,864.98,,,,,0.01,3.1,2.9,3.4,11.1,11.1,11,8.4,8.5,8.4,167.6,166.9,168.3,737.073,742.318,731.828,207.98700000000002,210.086,205.888,27.9,23.754,32.046,1.246,1.456,1.036,0.068,0.088,0.048,0.068,0.088,0.048,3.317,3.22,3.414,3.317,3.22,3.414,4.494,4.246,4.742,4.494,4.246,4.742,4.6,4.424,4.776,4.6,4.424,4.776
2023-06-16T10:00:00Z,111234,419,17856,18,18,,90,90,,865.05,865.05,,,,,0.01,3.3,3.1,3.4,10.9,11,10.8,8.4,8.4,8.3,168.6,167.8,169.5,729.223,735.672,722.774,205.22899999999998,207.004,203.454,30.381999999999998,26.918,33.846,1.2970000000000002,1.23,1.364,0.182,0.102,0.262,0.088,0.102,0.074,3.291,3.304,3.278,3.291,3.304,3.278,4.574,4.414,4.734,4.574,4.414,4.734,4.7010000000000005,4.514,4.888,4.7010000000000005,4.514,4.888
2023-06-16T10:10:00Z,111834,357,17536,18,18,,90,90,,864.946,864.946,,,,,0.01,3,2.8,3.1,10.5,10.6,10.3,8.1,8.2,8,173,171.3,174.7,696.9190000000001,709.046,684.792,196.16500000000002,200.78,191.55,26.192,22.84,29.544,1.157,0.642,1.672,0.16699999999999998,0.05,0.284,0.025,0.05,0,3.06,3.032,3.088,3.06,3.032,3.088,4.165,3.898,4.432,4.165,3.898,4.432,4.274,3.938,4.61,4.274,3.938,4.61
2023-06-16T10:20:00Z,112434,397,17536,18,18,,90,90,,865,865,,,,,0.01,3,3,3.1,10.4,10.6,10.2,8.1,8.2,8,173.4,171.4,175.5,693.649,708.388,678.91,197.189,201.988,192.39,27.485,25.518,29.452,1.052,1.168,0.936,0.129,0.15,0.108,0.129,0.15,0.108,3.029,3.024,3.034,3.029,3.024,3.034,4.117,4.094,4.14,4.117,4.094,4.14,4.225,4.208,4.242,4.225,4.208,4.242
2023-06-16T10:30:00Z,113034,418,18176,18,18,,90,90,,864.892,864.892,,,,,0.01,3.1,2.9,3.3,10.3,10.4,10.3,8.1,8.1,8.1,174.1,173.8,174.3,689.197,691.174,687.22,198.303,198.506,198.1,28.366,24.47,32.262,0.954,0.864,1.044,0.153,0.086,0.22,0.112,0.086,0.138,3.229,3.132,3.326,3.229,3.132,3.326,4.352,4.112,4.592,4.352,4.112,4.592,4.504,4.206,4.802,4.504,4.206,4.802
2023-06-16T10:40:00Z,113634,454,17856,18,18,,90,90,,864.906,864.906,,,,,0.01,3.1,3,3.2,10.5,10.5,10.5,8.2,8.2,8.1,172.4,172.2,172.7,701.057,702.866,699.248,197.33499999999998,199.664,195.006,28.288,25.64,30.936,1.335,0.984,1.686,0.11599999999999999,0.046,0.186,0.048,0.046,0.05,2.96,2.91,3.01,2.96,2.91,3.01,4.298,4.186,4.41,4.298,4.186,4.41,4.406000000000001,4.258,4.554,4.406000000000001,4.258,4.554
2023-06-16T10:50:00Z,114234,361,17856,19,19,,90,90,,864.968,864.968,,,,,0.01,3.2,3,3.4,10.8,10.8,10.8,8.3,8.3,8.3,169.8,169.7,170,720.2929999999999,721.324,719.262,202.787,206.18,199.394,29.137,25.55,32.724,1.1179999999999999,1.02,1.216,0.119,0.142,0.096,0.07300000000000001,0.05,0.096,3.404,3.436,3.372,3.404,3.436,3.372,4.5440000000000005,4.472,4.616,4.5440000000000005,4.472,4.616,4.647,4.564,4.73,4.647,4.564,4.73
2023-06-16T11:00:00Z,114834,363,17536,19,19,,90,90,,864.952,864.952,,,,,0.01,3.3,3,3.6,11.1,10.8,11.3,8.5,8.3,8.6,167.4,169.7,165.2,738.769,721.192,756.346,207.397,204.434,210.36,31.082,26.43,35.734,1.4500000000000002,1.288,1.612,0.097,0.194,0,0,0,0,3.2969999999999997,3.29,3.304,3.2969999999999997,3.29,3.304,4.731,4.434,5.028,4.731,4.434,5.028,4.784000000000001,4.53,5.038,4.784000000000001,4.53,5.038
2023-06-16T11:10:00Z,115434,395,17536,19,19,,90,90,,864.992,864.992,,,,,0.01,3.3,3.2,3.4,11.2,11.5,10.8,8.5,8.7,8.3,166.5,163.5,169.6,745.768,769.686,721.85,212.095,218.988,205.202,30.631,27.656,33.606,1.296,1.306,1.286,0.21400000000000002,0.338,0.09,0.111,0.222,0,3.59,3.824,3.356,3.59,3.824,3.356,4.867,4.922,4.812,4.867,4.922,4.812,4.997,5.12,4.874,4.997,5.12,4.874
2023-06-16T11:20:00Z,116034,361,17856,19,19,,90,90,,865.146,865.146,,,,,0.01,3.1,3,3.1,10.8,11,10.6,8.3,8.4,8.2,169.9,168.5,171.2,719.904,730.092,709.716,201.43900000000002,206.216,196.662,27.360999999999997,25.676,29.046,1.119,1.286,0.952,0.14100000000000001,0.14,0.142,0.095,0.14,0.05,3.3,3.42,3.18,3.3,3.42,3.18,4.418,4.586,4.25,4.418,4.586,4.25,4.527,4.714,4.34,4.527,4.714,4.34
2023-06-16T11:30:00Z,116634,362,17536,19,19,,90,90,,865.136,865.136,,,,,0.01,3.1,3,3.2,10.5,10.5,10.5,8.1,8.1,8.2,172.7,172.8,172.5,699.3209999999999,697.972,700.67,198.60399999999998,198.948,198.26,28.82,26.486,31.154,1.0979999999999999,0.958,1.238,0.044,0.088,0,0.044,0.088,0,3.121,2.858,3.384,3.121,2.858,3.384,4.3420000000000005,4.072,4.612,4.3420000000000005,4.072,4.612,4.388,4.154,4.622,4.388,4.154,4.622
2023-06-16T11:40:00Z,117234,359,17856,19,19,,90,90,,865.118,865.118,,,,,0.01,3.1,2.8,3.3,10.6,10.3,10.8,8.2,8.1,8.3,172,174,170.1,704.034,689.732,718.336,198.94,195.25,202.63,27.659,24.042,31.276,1.038,0.982,1.094,0.178,0.168,0.188,0.061,0.076,0.046,3.0650000000000004,2.732,3.398,3.0650000000000004,2.732,3.398,4.17,3.752,4.588,4.17,3.752,4.588,4.322,3.922,4.722,4.322,3.922,4.722
2023-06-16T11:50:00Z,117834,359,17856,19,19,,90,90,,865.166,865.166,,,,,0.01,3,2.9,3.1,10.1,10.2,9.9,7.9,8,7.8,176.8,175,178.5,670.16,682.352,657.968,189.697,194.662,184.732,27.743,25.298,30.188,1.026,0.984,1.068,0.062,0,0.124,0.062,0,0.124,2.9939999999999998,3.016,2.972,2.9939999999999998,3.016,2.972,4.208,4.188,4.228,4.208,4.188,4.228,4.247,4.2,4.294,4.247,4.2,4.294
2023-06-16T12:00:00Z,118434,369,17216,19,19,,90,90,,865.246,865.246,,,,,0.01,3,2.9,3.1,10,10.3,9.7,7.9,8.1,7.7,177.1,174.2,180,668.0550000000001,688.122,647.988,189.44,195.016,183.864,28.153,25.574,30.732,1.339,0.968,1.71,0.114,0.088,0.14,0.021,0.042,0,2.944,2.978,2.91,2.944,2.978,2.91,4.173,4.15,4.196,4.173,4.15,4.196,4.26,4.196,4.324,4.26,4.196,4.324
2023-06-16T12:10:00Z,119034,358,17856,19,19,,90,90,,865.206,865.206,,,,,0.01,2.9,2.7,3.1,10,10.1,9.8,7.9,7.9,7.8,177.6,176.4,178.9,664.175,672.948,655.402,186.86,190.676,183.044,26.305999999999997,22.33,30.282,0.947,0.948,0.946,0.067,0.048,0.086,0.024,0.048,0,2.859,2.868,2.85,2.859,2.868,2.85,3.932,3.838,4.026,3.932,3.838,4.026,3.997,3.902,4.092,3.997,3.902,4.092
2023-06-16T12:20:00Z,119634,383,17856,19,19,,90,90,,865.192,865.192,,,,,0.01,2.9,2.8,3.1,9.9,9.9,9.8,7.8,7.9,7.7,178.7,177.8,179.7,656.7139999999999,663.314,650.114,186.124,189.432,182.816,27.241999999999997,23.586,30.898,1.133,1.064,1.202,0.11199999999999999,0.05,0.174,0.048,0.05,0.046,2.8289999999999997,2.87,2.788,2.8289999999999997,2.87,2.788,4.009,3.97,4.048,4.009,3.97,4.048,4.104,4.03,4.178,4.104,4.03,4.178
2023-06-16T12:30:00Z,120234,371,17856,19,19,,90,90,,865.224,865.224,,,,,0.01,2.8,2.7,2.8,9.6,10,9.3,7.7,7.9,7.5,180.8,177.6,184.2,642.514,664.45,620.578,181.93099999999998,189.43,174.432,25.2,23.506,26.894,0.91,1.06,0.76,0.111,0.094,0.128,0.062,0.044,0.08,2.887,2.898,2.876,2.887,2.898,2.876,3.884,3.9,3.868,3.884,3.9,3.868,3.958,3.962,3.954,3.958,3.962,3.954
2023-06-16T12:40:00Z,120834,358,17856,19,19,,90,90,,865.23,865.23,,,,,0.01,2.9,2.7,3,9.7,9.6,9.8,7.7,7.7,7.8,180.4,181.3,179.5,645.64,639.458,651.822,183.94299999999998,182.41,185.476,26.215,23.588,28.842,1.014,0.982,1.046,0.111,0.038,0.184,0.024,0,0.048,2.855,2.798,2.912,2.855,2.798,2.912,3.8890000000000002,3.73,4.048,3.8890000000000002,3.73,4.048,3.957,3.744,4.17,3.957,3.744,4.17
2023-06-16T12:50:00Z,121434,361,17536,19,19,,90,90,,865.296,865.296,,,,,0.01,2.8,2.6,3,9.7,9.9,9.5,7.7,7.8,7.6,180.2,178.2,182.2,646.979,660.22,633.738,181.925,184.152,179.698,25.5,21.43,29.57,1.182,1.102,1.262,0.2,0.172,0.228,0.107,0.172,0.042,2.87,2.858,2.882,2.87,2.858,2.882,3.9530000000000003,3.85,4.056,3.9530000000000003,3.85,4.056,4.131,4.014,4.248,4.131,4.014,4.248
2023-06-16T13:00:00Z,122034,362,17536,19,19,,90,90,,865.426,865.426,,,,,0.01,2.6,2.5,2.8,9.5,9.4,9.6,7.6,7.6,7.7,182,182.9,181.1,635.042,629.296,640.788,177.361,175.922,178.8,22.808,20.986,24.63,0.952,0.998,0.906,0.078,0.064,0.092,0.03,0.012,0.048,2.87,2.766,2.974,2.87,2.766,2.974,3.798,3.666,3.93,3.798,3.666,3.93,3.878,3.742,4.014,3.878,3.742,4.014
2023-06-16T13:10:00Z,122634,352,18176,18.2,18.2,,90,90,,865.626,865.626,,,,,0.01,2.8,2.6,3,9.4,9.5,9.2,7.5,7.6,7.4,183.7,181.9,185.6,623.689,635.858,611.52,175.79199999999997,179.902,171.682,26.209,22.742,29.676,0.9099999999999999,0.882,0.938,0.179,0.204,0.154,0.125,0.204,0.046,2.629,2.666,2.592,2.629,2.666,2.592,3.694,3.58,3.808,3.694,3.58,3.808,3.8200000000000003,3.72,3.92,3.8200000000000003,3.72,3.92
2023-06-16T13:20:00Z,123234,355,18176,18,18,,90,90,,865.688,865.688,,,,,0.01,2.6,2.4,2.8,9.5,9.4,9.5,7.6,7.6,7.6,182.7,183.2,182.3,630.105,627.11,633.1,176.27,175.764,176.776,22.402,18.916,25.888,0.9249999999999999,0.698,1.152,0.126,0.076,0.176,0.08,0.076,0.084,2.823,2.92,2.726,2.823,2.92,2.726,3.615,3.552,3.678,3.615,3.552,3.678,3.735,3.61,3.86,3.735,3.61,3.86
2023-06-16T13:30:00Z,123834,360,17856,18,18,,90,90,,865.752,865.752,,,,,0.01,2.8,2.4,3.1,9.5,9.1,9.9,7.6,7.4,7.9,181.9,186.2,177.8,635.649,608.224,663.074,177.187,171.02,183.354,24.688,19.9,29.476,0.641,0.602,0.68,0.109,0.09,0.128,0.062,0.09,0.034,2.763,2.594,2.932,2.763,2.594,2.932,3.71,3.336,4.084,3.71,3.336,4.084,3.838,3.472,4.204,3.838,3.472,4.204
2023-06-16T13:40:00Z,124434,361,18176,18,18,,90,90,,865.702,865.702,,,,,0.01,2.7,2.6,2.9,9.3,9.3,9.3,7.5,7.5,7.5,184.2,184,184.5,620.672,622.286,619.058,175.125,176.896,173.354,24.961,21.612,28.31,0.993,0.97,1.016,0.007,0.014,0,0.007,0.014,0,2.808,2.81,2.806,2.808,2.81,2.806,3.7409999999999997,3.602,3.88,3.7409999999999997,3.602,3.88,3.774,3.64,3.908,3.774,3.64,3.908
2023-06-16T13:50:00Z,125034,353,17856,18.4,18.4,,90,90,,865.71,865.71,,,,,0.01,2.8,2.6,2.9,9.4,9.5,9.3,7.6,7.6,7.5,183.1,182.1,184.1,628.059,634.582,621.536,176.037,178.828,173.246,25.748,22.196,29.3,1.479,1.286,1.672,0.174,0.25,0.098,0.078,0.156,0,2.56,2.572,2.548,2.56,2.572,2.548,3.66,3.542,3.778,3.66,3.542,3.778,3.786,3.712,3.86,3.786,3.712,3.86
2023-06-16T14:00:00Z,125634,363,18176,18,18,,90,90,,865.792,865.792,,,,,0.01,2.7,2.5,2.8,9.3,9.6,9,7.5,7.7,7.3,183.9,180.8,187.1,622.787,642.99,602.584,175.608,181.58,169.636,23.487000000000002,19.822,27.152,0.794,0.782,0.806,0.087,0.142,0.032,0.064,0.096,0.032,2.699,2.766,2.632,2.699,2.766,2.632,3.5999999999999996,3.538,3.662,3.5999999999999996,3.538,3.662,3.684,3.636,3.732,3.684,3.636,3.732
2023-06-16T14:10:00Z,126234,372,17856,18,18,,90,90,,865.856,865.856,,,,,0.01,2.7,2.4,2.9,9.2,9.2,9.2,7.4,7.5,7.4,185.3,184.8,185.8,613.598,616.614,610.582,173.937,175.45,172.424,24.234,19.676,28.792,0.8109999999999999,0.772,0.85,0.066,0.082,0.05,0.045,0.04,0.05,2.629,2.634,2.624,2.629,2.634,2.624,3.6929999999999996,3.514,3.872,3.6929999999999996,3.514,3.872,3.76,3.606,3.914,3.76,3.606,3.914
2023-06-16T14:20:00Z,126834,362,17536,18,18,,90,90,,865.912,865.912,,,,,0.01,2.7,2.6,2.8,9.7,9.8,9.6,7.7,7.8,7.6,180.3,179.1,181.5,646.017,653.942,638.092,182.561,186.698,178.424,23.171,20.592,25.75,0.8109999999999999,0.656,0.966,0.099,0.05,0.148,0.05,0.05,0.05,2.718,2.496,2.94,2.718,2.496,2.94,3.6959999999999997,3.384,4.008,3.6959999999999997,3.384,4.008,3.763,3.434,4.092,3.763,3.434,4.092
2023-06-16T14:30:00Z,127434,358,18176,18,18,,90,90,,865.928,865.928,,,,,0.01,2.9,2.7,3,9.3,9.3,9.4,7.5,7.5,7.5,184,184.6,183.4,621.86,617.95,625.77,173.745,173.426,174.064,27.884,24.52,31.248,1.521,1.112,1.93,0.194,0.142,0.246,0.126,0.142,0.11,2.516,2.38,2.652,2.516,2.38,2.652,3.7680000000000002,3.442,4.094,3.7680000000000002,3.442,4.094,3.9269999999999996,3.6,4.254,3.9269999999999996,3.6,4.254
2023-06-16T14:40:00Z,128034,365,18176,18,18,,90,90,,865.914,865.914,,,,,0.01,2.5,2.4,2.6,9,8.9,9,7.3,7.3,7.3,188,188.1,188,596.73,596.264,597.196,168.61599999999999,171.226,166.006,22.318,20.132,24.504,0.879,0.91,0.848,0.08199999999999999,0.092,0.072,0.066,0.092,0.04,2.523,2.414,2.632,2.523,2.414,2.632,3.457,3.316,3.598,3.457,3.316,3.598,3.551,3.464,3.638,3.551,3.464,3.638
2023-06-16T14:50:00Z,128634,356,18176,18,18,,90,90,,865.87,865.87,,,,,0.01,2.7,2.5,2.9,9.2,9.2,9.2,7.4,7.4,7.4,185.8,185.9,185.8,610.273,610.024,610.522,172.799,171.848,173.75,24.829,21.43,28.228,0.799,0.934,0.664,0.067,0.074,0.06,0.024,0.038,0.01,2.575,2.35,2.8,2.575,2.35,2.8,3.62,3.282,3.958,3.62,3.282,3.958,3.7060000000000004,3.422,3.99,3.7060000000000004,3.422,3.99
2023-06-16T15:00:00Z,129234,362,18176,18,18,,90,90,,865.778,865.778,,,,,0.01,2.5,2.3,2.6,9.1,9,9.2,7.4,7.4,7.4,186.2,187,185.3,608.3530000000001,603.288,613.418,169.66,170.42,168.9,20.881,17.596,24.166,0.964,0.738,1.19,0.137,0.044,0.23,0.034,0,0.068,2.564,2.512,2.616,2.564,2.512,2.616,3.4370000000000003,3.282,3.592,3.4370000000000003,3.282,3.592,3.545,3.31,3.78,3.545,3.31,3.78
2023-06-16T15:10:00Z,129834,355,18176,18,18,,90,90,,865.714,865.714,,,,,0.01,2.7,2.5,2.8,9.5,9.5,9.5,7.6,7.6,7.6,182.2,181.9,182.5,633.8340000000001,635.846,631.822,177.97,179.474,176.466,23.512999999999998,20.454,26.572,1.233,1.148,1.318,0.128,0.088,0.168,0.045,0.048,0.042,2.649,2.48,2.818,2.649,2.48,2.818,3.747,3.538,3.956,3.747,3.538,3.956,3.8689999999999998,3.632,4.106,3.8689999999999998,3.632,4.106
2023-06-16T15:20:00Z,130434,359,17856,18,18,,90,90,,865.778,865.778,,,,,0.01,2.8,2.6,2.9,9.4,9.6,9.3,7.6,7.7,7.5,183,181.2,184.8,628.505,640.16,616.85,176.765,181.008,172.522,24.946,22.074,27.818,0.8360000000000001,0.768,0.904,0.101,0.088,0.114,0.08099999999999999,0.088,0.074,2.657,2.666,2.648,2.657,2.666,2.648,3.652,3.578,3.726,3.652,3.578,3.726,3.769,3.68,3.858,3.769,3.68,3.858
2023-06-16T15:30:00Z,131034,362,17856,18,18,,90,90,,865.726,865.726,,,,,0.01,2.6,2.4,2.8,9.6,9.6,9.5,7.6,7.7,7.6,181.5,181.1,182,637.909,641.082,634.736,179.671,182.712,176.63,22.381999999999998,18.348,26.416,0.735,0.482,0.988,0.026,0,0.052,0,0,0,2.825,2.814,2.836,2.825,2.814,2.836,3.746,3.51,3.982,3.746,3.51,3.982,3.754,3.51,3.998,3.754,3.51,3.998
2023-06-16T15:40:00Z,131634,367,18176,18,18,,90,90,,865.646,865.646,,,,,0.01,2.7,2.6,2.8,9.1,9.3,9,7.4,7.5,7.3,185.9,184.8,187,609.932,617.07,602.794,173.472,174.662,172.282,24.114,22.076,26.152,0.823,0.956,0.69,0.044,0,0.088,0.023,0,0.046,2.699,2.644,2.754,2.699,2.644,2.754,3.698,3.626,3.77,3.698,3.626,3.77,3.731,3.638,3.824,3.731,3.638,3.824
2023-06-16T15:50:00Z,132234,354,17856,18,18,,90,90,,865.652,865.652,,,,,0.01,2.6,2.6,2.6,9.2,9.6,8.8,7.5,7.7,7.2,185.1,180.9,189.5,615.106,642.262,587.95,172.49,180.28,164.7,23.437,22.3,24.574,0.903,0.836,0.97,0.109,0.124,0.094,0.062,0.124,0,2.5869999999999997,2.678,2.496,2.5869999999999997,2.678,2.496,3.6399999999999997,3.706,3.574,3.6399999999999997,3.706,3.574,3.7169999999999996,3.788,3.646,3.7169999999999996,3.788,3.646
2023-06-16T16:00:00Z,132834,352,17536,18,18,,90,90,,865.614,865.614,,,,,0.01,2.7,2.5,2.9,9.2,9.3,9,7.4,7.5,7.3,185.5,183.9,187,612.746,622.592,602.9,173.014,175.06,170.968,23.787,20.342,27.232,0.692,0.902,0.482,0.13,0.14,0.12,0.07,0.14,0,2.491,2.362,2.62,2.491,2.362,2.62,3.488,3.276,3.7,3.488,3.276,3.7,3.598,3.416,3.78,3.598,3.416,3.78
2023-06-16T16:10:00Z,133434,359,17856,18,18,,90,90,,865.59,865.59,,,,,0.01,2.4,2.3,2.5,8.8,9,8.7,7.2,7.3,7.1,189.3,187.5,191.2,588.856,600.304,577.408,165.60000000000002,170.086,161.114,20.392,17.948,22.836,0.769,0.542,0.996,0.076,0,0.152,0.019,0,0.038,2.396,2.34,2.452,2.396,2.34,2.452,3.213,3.026,3.4,3.213,3.026,3.4,3.272,3.026,3.518,3.272,3.026,3.518
2023-06-16T16:20:00Z,134034,356,17856,18,18,,90,90,,865.59,865.59,,,,,0.01,2.6,2.7,2.6,9,9.5,8.5,7.3,7.6,7.1,187.1,181.9,192.6,602.444,635.372,569.516,169.046,178.596,159.496,23.972,23.562,24.382,0.783,1.018,0.548,0.098,0.096,0.1,0.048,0.096,0,2.5469999999999997,2.528,2.566,2.5469999999999997,2.528,2.566,3.468,3.482,3.454,3.468,3.482,3.454,3.5439999999999996,3.586,3.502,3.5439999999999996,3.586,3.502
2023-06-16T16:30:00Z,134634,365,18176,18,18,,90,90,,865.588,865.588,,,,,0.01,2.6,2.4,2.9,9.2,9.2,9.2,7.4,7.4,7.5,185.3,185.7,184.9,613.482,610.972,615.992,174.232,172.536,175.928,23.755000000000003,20.108,27.402,1.119,1.192,1.046,0.12,0.152,0.088,0.051,0.102,0,2.54,2.414,2.666,2.54,2.414,2.666,3.617,3.312,3.922,3.617,3.312,3.922,3.73,3.468,3.992,3.73,3.468,3.992
2023-06-16T16:40:00Z,135234,355,17856,18,18,,89.8,89.8,,865.54,865.54,,,,,0.01,2.6,2.4,2.8,9.2,9.1,9.2,7.4,7.4,7.5,185.7,186.3,185,611.296,607.22,615.372,173.164,172.032,174.296,23.124000000000002,19.878,26.37,0.937,0.76,1.114,0.064,0.128,0,0.064,0.128,0,2.5069999999999997,2.554,2.46,2.5069999999999997,2.554,2.46,3.485,3.328,3.642,3.485,3.328,3.642,3.526,3.396,3.656,3.526,3.396,3.656
2023-06-16T16:50:00Z,135834,369,17536,18,18,,89.4,89.4,,865.538,865.538,,,,,0.01,2.7,2.7,2.8,9.5,9.8,9.2,7.6,7.8,7.4,182.3,178.9,185.7,633.2049999999999,655.216,611.194,178.17000000000002,183.54,172.8,24.592,23.018,26.166,1.099,0.946,1.252,0.065,0.078,0.052,0.021,0.042,0,2.689,2.7,2.678,2.689,2.7,2.678,3.801,3.742,3.86,3.801,3.742,3.86,3.83,3.782,3.878,3.83,3.782,3.878
2023-06-16T17:00:00Z,136434,356,18176,18,18,,89,89,,865.47,865.47,,,,,0.01,2.7,2.6,2.8,9.2,9.5,8.9,7.4,7.6,7.3,185.2,182.4,188.1,614.451,632.6,596.302,172.299,179.098,165.5,25.139000000000003,22.71,27.568,1.299,1.326,1.272,0.185,0.178,0.192,0.14300000000000002,0.13,0.156,2.746,2.796,2.696,2.746,2.796,2.696,3.7800000000000002,3.722,3.838,3.7800000000000002,3.722,3.838,3.96,3.908,4.012,3.96,3.908,4.012
2023-06-16T17:10:00Z,137034,356,17856,18,18,,89.2,89.2,,865.43,865.43,,,,,0.01,2.6,2.5,2.7,9.3,9.4,9.2,7.5,7.5,7.4,184.6,183.7,185.5,617.922,623.636,612.208,173.475,177.786,169.164,22.678,20.224,25.132,0.881,0.762,1,0.15,0.184,0.116,0.144,0.184,0.104,2.643,2.65,2.636,2.643,2.65,2.636,3.616,3.49,3.742,3.616,3.49,3.742,3.729,3.618,3.84,3.729,3.618,3.84
2023-06-16T17:20:00Z,137634,359,18176,18,18,,89.8,89.8,,865.394,865.394,,,,,0.01,2.6,2.4,2.8,9.2,9.2,9.2,7.4,7.4,7.4,185.4,185.5,185.4,612.901,612.55,613.252,172.995,172.646,173.344,23.738,20.326,27.15,1.237,1.114,1.36,0.079,0.04,0.118,0.018,0,0.036,2.6079999999999997,2.662,2.554,2.6079999999999997,2.662,2.554,3.6879999999999997,3.59,3.786,3.6879999999999997,3.59,3.786,3.757,3.652,3.862,3.757,3.652,3.862
2023-06-16T17:30:00Z,138234,363,18176,18,18,,89.4,89.4,,865.334,865.334,,,,,0.01,2.5,2.4,2.6,9.1,9.1,9.1,7.4,7.4,7.4,186.1,186.3,186,608.42,607.732,609.108,170.607,171.752,169.462,21.491999999999997,20.054,22.93,0.9119999999999999,0.972,0.852,0.131,0.186,0.076,0.11599999999999999,0.186,0.046,2.5279999999999996,2.514,2.542,2.5279999999999996,2.514,2.542,3.412,3.342,3.482,3.412,3.342,3.482,3.537,3.546,3.528,3.537,3.546,3.528
2023-06-16T17:40:00Z,138834,364,17856,18,18,,90,90,,865.476,865.476,,,,,0.01,2.7,2.6,2.9,9,9.1,9,7.3,7.4,7.3,187.1,186.5,187.6,602.665,606.202,599.128,171.57100000000003,175.068,168.074,26.087,23.024,29.15,1.3079999999999998,1.204,1.412,0.079,0.108,0.05,0.05499999999999999,0.074,0.036,2.5679999999999996,2.538,2.598,2.5679999999999996,2.538,2.598,3.689,3.544,3.834,3.689,3.544,3.834,3.748,3.634,3.862,3.748,3.634,3.862
2023-06-16T17:50:00Z,139434,358,17856,18,18,,90,90,,865.456,865.456,,,,,0.01,2.5,2.3,2.8,8.7,8.5,8.9,7.1,7,7.3,191,193.1,188.9,579.1179999999999,566.608,591.628,163.223,160.784,165.662,23.587,19.642,27.532,1.165,1.28,1.05,0.043,0.044,0.042,0.022,0.044,0,2.448,2.27,2.626,2.448,2.27,2.626,3.542,3.318,3.766,3.542,3.318,3.766,3.58,3.37,3.79,3.58,3.37,3.79
2023-06-16T18:00:00Z,140034,362,17216,18,18,,89.8,89.8,,865.4,865.4,,,,,0.01,2.6,2.4,2.9,9.1,9.1,9.2,7.4,7.4,7.4,186.3,186.9,185.7,607.453,603.818,611.088,170.418,169.73,171.106,24.003,20.346,27.66,0.9450000000000001,1.006,0.884,0.22899999999999998,0.154,0.304,0.051000000000000004,0.06,0.042,2.505,2.462,2.548,2.505,2.462,2.548,3.492,3.382,3.602,3.492,3.382,3.602,3.636,3.48,3.792,3.636,3.48,3.792
2023-06-16T18:10:00Z,140634,360,17856,18,18,,89.8,89.8,,865.312,865.312,,,,,0.01,2.6,2.4,2.9,9.1,9,9.2,7.4,7.3,7.5,186,187.1,184.9,609.5609999999999,602.698,616.424,170.904,170.71,171.098,24.108,19.934,28.282,1.01,1.004,1.016,0.157,0.136,0.178,0.134,0.136,0.132,2.583,2.462,2.704,2.583,2.462,2.704,3.565,3.36,3.77,3.565,3.36,3.77,3.694,3.472,3.916,3.694,3.472,3.916
2023-06-16T18:20:00Z,141234,359,18176,18,18,,89,89,,865.226,865.226,,,,,0.01,2.8,2.5,3,9.3,9.1,9.4,7.5,7.4,7.6,184.6,186,183.2,618.387,609.4,627.374,174.793,172.568,177.018,25.775,21.848,29.702,1.1059999999999999,1.002,1.21,0.158,0,0.316,0.043,0,0.086,2.573,2.44,2.706,2.573,2.44,2.706,3.702,3.39,4.014,3.702,3.39,4.014,3.809,3.4,4.218,3.809,3.4,4.218
2023-06-16T18:30:00Z,141834,363,18176,18,18,,89,89,,865.194,865.194,,,,,0.01,2.6,2.4,2.8,8.9,8.9,9,7.3,7.3,7.3,188.1,188.3,188,596.1469999999999,595.256,597.038,168.15699999999998,169.01,167.304,23.52,20.256,26.784,0.822,0.82,0.824,0.094,0.188,0,0.048,0.096,0,2.447,2.372,2.522,2.447,2.372,2.522,3.4619999999999997,3.182,3.742,3.4619999999999997,3.182,3.742,3.566,3.364,3.768,3.566,3.364,3.768
2023-06-16T18:40:00Z,142434,358,17856,18,18,,89,89,,865.092,865.092,,,,,0.01,2.7,2.5,2.8,9.2,9.1,9.3,7.4,7.4,7.5,185.5,186.4,184.6,612.2470000000001,606.616,617.878,172.289,171.126,173.452,24.293,22.184,26.402,1.272,1.34,1.204,0.228,0.192,0.264,0.134,0.146,0.122,2.686,2.662,2.71,2.686,2.662,2.71,3.782,3.638,3.926,3.782,3.638,3.926,3.928,3.772,4.084,3.928,3.772,4.084
2023-06-16T18:50:00Z,143034,355,18176,18,18,,89,89,,865.07,865.07,,,,,0.01,2.7,2.6,2.8,9.1,9.3,8.9,7.4,7.5,7.3,186.1,183.8,188.5,608.422,623.046,593.798,171.398,175.644,167.152,24.357,21.76,26.954,1.038,1.01,1.066,0.08,0.098,0.062,0.055,0.048,0.062,2.673,2.652,2.694,2.673,2.652,2.694,3.644,3.574,3.714,3.644,3.574,3.714,3.721,3.68,3.762,3.721,3.68,3.762
2023-06-16T19:00:00Z,143634,359,17856,18,18,,89,89,,865.076,865.076,,,,,0.01,2.6,2.3,2.9,9.1,8.9,9.3,7.4,7.3,7.5,186.5,188.9,184.1,606.466,591.572,621.36,171.22199999999998,169.554,172.89,23.104999999999997,18.534,27.676,1.159,1.33,0.988,0.184,0.17,0.198,0.072,0.126,0.018,2.6,2.41,2.79,2.6,2.41,2.79,3.617,3.332,3.902,3.617,3.332,3.902,3.741,3.482,4,3.741,3.482,4
2023-06-16T19:10:00Z,144234,375,17856,18,18,,89.2,89.2,,864.91,864.91,,,,,0.01,2.7,2.4,2.9,9.3,9.3,9.2,7.5,7.5,7.5,184.4,184,184.9,619.314,622.286,616.342,174.062,177.826,170.298,23.891,19.464,28.318,1.1600000000000001,1.044,1.276,0.175,0.25,0.1,0.10999999999999999,0.176,0.044,2.692,2.782,2.602,2.692,2.782,2.602,3.699,3.526,3.872,3.699,3.526,3.872,3.832,3.728,3.936,3.832,3.728,3.936
2023-06-16T19:20:00Z,144834,361,18176,18,18,,89.8,89.8,,864.814,864.814,,,,,0.01,2.5,2.4,2.6,8.9,9.2,8.7,7.3,7.4,7.1,188.4,185.6,191.4,594.3299999999999,611.938,576.722,166.38400000000001,173.716,159.052,22.389000000000003,19.484,25.294,1.278,1.346,1.21,0.041,0.082,0,0.041,0.082,0,2.469,2.594,2.344,2.469,2.594,2.344,3.501,3.5,3.502,3.501,3.5,3.502,3.5549999999999997,3.608,3.502,3.5549999999999997,3.608,3.502
2023-06-16T19:30:00Z,145434,354,17856,18,18,,90,90,,864.802,864.802,,,,,0.01,2.6,2.4,2.9,9.2,9.1,9.3,7.4,7.4,7.5,185.4,186.5,184.3,613.2149999999999,606.246,620.184,172.261,169.796,174.726,23.409,18.866,27.952,0.988,0.8,1.176,0.158,0.226,0.09,0.07100000000000001,0.092,0.05,2.534,2.394,2.674,2.534,2.394,2.674,3.415,3.09,3.74,3.415,3.09,3.74,3.559,3.268,3.85,3.559,3.268,3.85
2023-06-16T19:40:00Z,146034,358,17536,18,18,,89.4,89.4,,864.674,864.674,,,,,0.01,2.5,2.4,2.6,8.9,9.1,8.8,7.3,7.4,7.2,188.4,186.9,189.9,594.318,603.464,585.172,165.005,168.198,161.812,22.853,21.41,24.296,1.619,1.7,1.538,0.122,0.1,0.144,0.07500000000000001,0.1,0.05,2.4370000000000003,2.426,2.448,2.4370000000000003,2.426,2.448,3.496,3.438,3.554,3.496,3.438,3.554,3.574,3.53,3.618,3.574,3.53,3.618
2023-06-16T19:50:00Z,146634,374,18176,18,18,,89,89,,864.658,864.658,,,,,0.01,2.6,2.3,2.9,9,8.8,9.2,7.3,7.2,7.4,187.5,189.7,185.4,599.769,586.462,613.076,168.995,167.718,170.272,23.781,18.802,28.76,1.338,1.416,1.26,0,0,0,0,0,0,2.513,2.408,2.618,2.513,2.408,2.618,3.591,3.294,3.888,3.591,3.294,3.888,3.6159999999999997,3.344,3.888,3.6159999999999997,3.344,3.888
2023-06-16T20:00:00Z,147234,385,17536,18,18,,89,89,,864.6,864.6,,,,,0.01,2.7,2.4,3,9.1,9.2,9,7.4,7.4,7.3,186.7,185.4,188,605.125,613.106,597.144,169.965,169.988,169.942,24.988999999999997,19.618,30.36,1.0539999999999998,0.982,1.126,0.107,0.04,0.174,0.04,0.04,0.04,2.464,2.278,2.65,2.464,2.278,2.65,3.536,3.198,3.874,3.536,3.198,3.874,3.611,3.228,3.994,3.611,3.228,3.994
2023-06-16T20:10:00Z,147834,355,17856,18,18,,89,89,,864.48,864.48,,,,,0.01,2.6,2.5,2.8,9,8.9,9,7.3,7.3,7.3,187.9,188.1,187.8,597.278,596.296,598.26,169.385,169.836,168.934,24.216,21.498,26.934,1.1019999999999999,1.204,1,0.258,0.146,0.37,0.113,0.096,0.13,2.5220000000000002,2.452,2.592,2.5220000000000002,2.452,2.592,3.529,3.398,3.66,3.529,3.398,3.66,3.695,3.502,3.888,3.695,3.502,3.888
2023-06-16T20:20:00Z,148434,355,18176,18,18,,89,89,,864.356,864.356,,,,,0.01,2.4,2.3,2.5,8.7,8.7,8.8,7.2,7.2,7.2,190.4,190.6,190.2,582.405,581.308,583.502,162.74099999999999,163.646,161.836,20.695999999999998,18.586,22.806,0.6799999999999999,0.536,0.824,0.159,0.082,0.236,0.045,0.048,0.042,2.4130000000000003,2.452,2.374,2.4130000000000003,2.452,2.374,3.283,3.226,3.34,3.283,3.226,3.34,3.3979999999999997,3.28,3.516,3.3979999999999997,3.28,3.516
2023-06-16T20:30:00Z,149034,357,18176,18,18,,89,89,,864.268,864.268,,,,,0.01,2.5,2.3,2.6,8.6,8.5,8.8,7.1,7,7.2,191.5,193.2,189.9,575.681,565.89,585.472,161.728,159.684,163.772,22.033,18.974,25.092,0.899,0.702,1.096,0.135,0.126,0.144,0.089,0.086,0.092,2.447,2.316,2.578,2.447,2.316,2.578,3.309,3.02,3.598,3.309,3.02,3.598,3.412,3.114,3.71,3.412,3.114,3.71
2023-06-16T20:40:00Z,149634,354,18176,18,18,,89,89,,864.182,864.182,,,,,0.01,2.5,2.2,2.8,8.5,8.5,8.6,7,7,7.1,192.8,193.3,192.3,568.298,565.232,571.364,160.438,160.868,160.008,22.658,17.734,27.582,0.927,0.768,1.086,0.202,0.192,0.212,0.08900000000000001,0.138,0.04,2.455,2.478,2.432,2.455,2.478,2.432,3.429,3.256,3.602,3.429,3.256,3.602,3.5570000000000004,3.382,3.732,3.5570000000000004,3.382,3.732
2023-06-16T20:50:00Z,150234,358,17856,18,18,,89,89,,864.132,864.132,,,,,0.01,2.5,2.3,2.8,8.9,8.9,8.9,7.3,7.3,7.3,188.5,188.6,188.4,593.848,593.502,594.194,168.213,167.724,168.702,22.206,17.468,26.944,1.056,0.712,1.4,0.129,0.078,0.18,0.08299999999999999,0.078,0.088,2.552,2.498,2.606,2.552,2.498,2.606,3.521,3.198,3.844,3.521,3.198,3.844,3.623,3.28,3.966,3.623,3.28,3.966
2023-06-16T21:00:00Z,150834,372,18176,18,18,,89,89,,864.108,864.108,,,,,0.01,2.4,2.2,2.5,8.4,8.4,8.3,6.9,6.9,6.9,194.8,194.7,194.9,556.7180000000001,557.162,556.274,156.26,158.022,154.498,21.338,18.96,23.716,1.017,1.142,0.892,0.026,0,0.052,0.026,0,0.052,2.266,2.288,2.244,2.266,2.288,2.244,3.217,3.218,3.216,3.217,3.218,3.216,3.25,3.23,3.27,3.25,3.23,3.27
2023-06-16T21:10:00Z,151434,360,18176,18,18,,89,89,,864.098,864.098,,,,,0.01,2.4,2.2,2.6,8.3,8,8.6,6.9,6.7,7.1,195.6,198.9,192.4,552.271,534.004,570.538,155.753,150.884,160.622,21.245,17.916,24.574,0.905,0.804,1.006,0.077,0.108,0.046,0.058,0.07,0.046,2.252,2.046,2.458,2.252,2.046,2.458,3.1319999999999997,2.754,3.51,3.1319999999999997,2.754,3.51,3.224,2.892,3.556,3.224,2.892,3.556
2023-06-16T21:20:00Z,152034,360,17536,18,18,,89,89,,864.15,864.15,,,,,0.01,2.4,2.4,2.4,8.5,8.6,8.4,7,7.1,6.9,193.2,191.7,194.7,565.692,574.402,556.982,160.453,164.16,156.746,21.323999999999998,20.61,22.038,1.008,1.352,0.664,0.13,0.18,0.08,0.08700000000000001,0.136,0.038,2.358,2.45,2.266,2.358,2.45,2.266,3.296,3.502,3.09,3.296,3.502,3.09,3.3819999999999997,3.622,3.142,3.3819999999999997,3.622,3.142
2023-06-16T21:30:00Z,152634,358,18176,18,18,,89,89,,864.132,864.132,,,,,0.01,2.5,2.4,2.6,8.8,9,8.6,7.2,7.3,7.1,190.1,187.9,192.3,584.258,597.494,571.022,164.684,167.424,161.944,22.441,20.118,24.764,0.6990000000000001,0.652,0.746,0.062,0.048,0.076,0.043,0.048,0.038,2.4130000000000003,2.47,2.356,2.4130000000000003,2.47,2.356,3.325,3.218,3.432,3.325,3.218,3.432,3.384,3.264,3.504,3.384,3.264,3.504
2023-06-16T21:40:00Z,153234,357,17536,18,18,,89,89,,864.182,864.182,,,,,0.01,2.5,2.4,2.6,8.5,8.5,8.6,7,7,7.1,192.8,193.1,192.4,568.5219999999999,566.252,570.792,162.661,163.852,161.47,23.21,20.424,25.996,1.236,0.988,1.484,0.065,0.092,0.038,0.046,0.092,0,2.3280000000000003,2.278,2.378,2.3280000000000003,2.278,2.378,3.355,3.166,3.544,3.355,3.166,3.544,3.417,3.244,3.59,3.417,3.244,3.59
2023-06-16T21:50:00Z,153834,362,18176,18,18,,89,89,,864.134,864.134,,,,,0.01,2.4,2.2,2.5,8.3,8.3,8.3,6.9,6.9,6.9,194.9,195,194.8,555.8720000000001,555.322,556.422,156.88400000000001,157.826,155.942,21.289,18.44,24.138,1.009,1.226,0.792,0.08299999999999999,0.086,0.08,0.064,0.086,0.042,2.136,2.056,2.216,2.136,2.056,2.216,3.074,2.914,3.234,3.074,2.914,3.234,3.136,2.974,3.298,3.136,2.974,3.298
2023-06-16T22:00:00Z,154434,358,17856,18,18,,89,89,,863.974,863.974,,,,,0.01,2.3,2.2,2.5,8.2,8.2,8.1,6.8,6.9,6.8,197,196.2,197.9,544.188,548.872,539.504,154.55599999999998,154.94,154.172,21.124000000000002,18.666,23.582,1.039,0.814,1.264,0.228,0.13,0.326,0.045,0.04,0.05,2.042,1.878,2.206,2.042,1.878,2.206,2.96,2.616,3.304,2.96,2.616,3.304,3.09,2.678,3.502,3.09,2.678,3.502
2023-06-16T22:10:00Z,155034,356,18176,18,18,,89,89,,863.988,863.988,,,,,0.01,2.3,2.2,2.4,8.1,8.2,8,6.8,6.9,6.7,198.1,196.6,199.6,538.3340000000001,546.662,530.006,151.111,154.85,147.372,20.570999999999998,19.028,22.114,0.86,0.726,0.994,0.043,0,0.086,0.019,0,0.038,2.066,2.144,1.988,2.066,2.144,1.988,3.019,3.018,3.02,3.019,3.018,3.02,3.059,3.044,3.074,3.059,3.044,3.074
2023-06-16T22:20:00Z,155634,359,17856,18,18,,89,89,,863.896,863.896,,,,,0.01,2.3,2.2,2.5,8.1,8.1,8,6.8,6.8,6.7,198.3,197.8,198.8,537.335,540.094,534.576,150.8,151.756,149.844,20.826,18.286,23.366,0.764,0.656,0.872,0.082,0.126,0.038,0.044,0.088,0,2.178,2.156,2.2,2.178,2.156,2.2,3.072,2.984,3.16,3.072,2.984,3.16,3.146,3.064,3.228,3.146,3.064,3.228
2023-06-16T22:30:00Z,156234,356,18176,17,17,,89,89,,863.82,863.82,,,,,0.01,2.3,2,2.6,7.9,7.6,8.3,6.7,6.5,6.9,200,204.5,195.8,527.59,504.028,551.152,148.18200000000002,141.934,154.43,20.739,16.32,25.158,0.751,0.732,0.77,0.156,0.176,0.136,0.08600000000000001,0.13,0.042,2.066,1.85,2.282,2.066,1.85,2.282,2.903,2.516,3.29,2.903,2.516,3.29,3.016,2.648,3.384,3.016,2.648,3.384
2023-06-16T22:40:00Z,156834,357,17856,17,17,,89,89,,863.796,863.796,,,,,0.01,2.1,1.9,2.3,7.7,7.8,7.7,6.6,6.6,6.5,202.4,202,202.8,514.85,516.904,512.796,145.344,146.07,144.618,17.734,14.628,20.84,0.6739999999999999,0.57,0.778,0.161,0.186,0.136,0.072,0.144,0,1.793,1.68,1.906,1.793,1.68,1.906,2.524,2.296,2.752,2.524,2.296,2.752,2.627,2.46,2.794,2.627,2.46,2.794
2023-06-16T22:50:00Z,157434,360,18176,17,17,,89,89,,863.87,863.87,,,,,0.01,2.2,2.1,2.3,8,8.1,7.9,6.7,6.8,6.7,198.8,197.6,200,534.392,540.764,528.02,150.59,155.398,145.782,19,16.498,21.502,0.775,0.916,0.634,0.047,0.048,0.046,0.024,0.048,0,2.164,2.248,2.08,2.164,2.248,2.08,2.928,2.916,2.94,2.928,2.916,2.94,2.982,2.982,2.982,2.982,2.982,2.982
2023-06-16T23:00:00Z,158034,357,17536,17.2,17.2,,89,89,,863.838,863.838,,,,,0.01,2.3,2.1,2.5,7.8,7.7,8,6.6,6.5,6.7,201.2,203.2,199.3,521.2429999999999,510.884,531.602,146.47000000000003,143.348,149.592,21.494,17.832,25.156,0.997,0.694,1.3,0.092,0.042,0.142,0.064,0.042,0.086,1.9,1.828,1.972,1.9,1.828,1.972,2.831,2.578,3.084,2.831,2.578,3.084,2.9059999999999997,2.618,3.194,2.9059999999999997,2.618,3.194
2023-06-16T23:10:00Z,158634,358,18176,17,17,,89,89,,863.936,863.936,,,,,0.01,2.2,2,2.3,7.8,7.9,7.6,6.6,6.7,6.5,202.1,200,204.2,516.667,527.82,505.514,144.357,148.506,140.208,19.567,15.604,23.53,1.027,0.42,1.634,0.17200000000000001,0.076,0.268,0.079,0.076,0.082,2.033,2.158,1.908,2.033,2.158,1.908,2.851,2.796,2.906,2.851,2.796,2.906,2.9749999999999996,2.864,3.086,2.9749999999999996,2.864,3.086
2023-06-16T23:20:00Z,159234,356,17856,17,17,,89,89,,863.916,863.916,,,,,0.01,2.2,2,2.3,7.8,7.8,7.8,6.6,6.6,6.6,201.1,200.9,201.3,521.774,522.708,520.84,146.615,148.008,145.222,18.737000000000002,15.054,22.42,0.887,0.694,1.08,0.153,0.146,0.16,0.132,0.104,0.16,1.986,1.874,2.098,1.986,1.874,2.098,2.824,2.57,3.078,2.824,2.57,3.078,2.965,2.708,3.222,2.965,2.708,3.222
2023-06-16T23:30:00Z,159834,366,17856,17,17,,89,89,,863.784,863.784,,,,,0.01,2.3,2.1,2.4,8,8.1,7.9,6.7,6.8,6.6,199.1,197.6,200.6,532.6510000000001,541.028,524.274,150.103,152.084,148.122,20.047,17.832,22.262,1.048,1.058,1.038,0.113,0,0.226,0.022,0,0.044,1.931,1.82,2.042,1.931,1.82,2.042,2.832,2.728,2.936,2.832,2.728,2.936,2.944,2.808,3.08,2.944,2.808,3.08
2023-06-16T23:40:00Z,160434,357,17856,17,17,,89,89,,863.642,863.642,,,,,0.01,2.2,2.1,2.3,7.7,7.8,7.5,6.5,6.6,6.4,203.3,201.3,205.4,510.155,521.024,499.286,143.24,147.916,138.564,20.222,17.972,22.472,1.017,1.068,0.966,0.15699999999999997,0.282,0.032,0.025,0.05,0,1.923,2.012,1.834,1.923,2.012,1.834,2.8120000000000003,2.72,2.904,2.8120000000000003,2.72,2.904,2.884,2.864,2.904,2.884,2.864,2.904
2023-06-16T23:50:00Z,161034,359,17856,17,17,,89,89,,863.636,863.636,,,,,0.01,2.3,2.1,2.5,7.8,7.8,7.9,6.6,6.6,6.7,201.2,201.9,200.5,521.4770000000001,517.84,525.114,147.512,148.452,146.572,21.325,18.048,24.602,1.161,0.93,1.392,0.11699999999999999,0.044,0.19,0.066,0.044,0.088,2.028,1.918,2.138,2.028,1.918,2.138,2.923,2.748,3.098,2.923,2.748,3.098,3.012,2.792,3.232,3.012,2.792,3.232
2023-06-17T00:00:00Z,161634,363,18176,17,17,,89,89,,863.636,863.636,,,,,0.01,2.1,2,2.2,7.7,7.8,7.6,6.5,6.6,6.5,202.7,202,203.4,513.489,517.29,509.688,144.371,146.924,141.818,18.22,16.518,19.922,0.896,1.068,0.724,0.08199999999999999,0.086,0.078,0.039,0.038,0.04,1.887,1.882,1.892,1.887,1.882,1.892,2.697,2.712,2.682,2.697,2.712,2.682,2.748,2.778,2.718,2.748,2.778,2.718
2023-06-17T00:10:00Z,162234,352,17856,17,17,,89,89,,863.602,863.602,,,,,0.01,2.3,2.1,2.5,8,8,8.1,6.7,6.7,6.8,198.8,199.4,198.2,534.183,530.788,537.578,151.773,149.64,153.906,21.725,18.196,25.254,1.476,1.242,1.71,0.357,0.446,0.268,0.20600000000000002,0.312,0.1,2.13,1.996,2.264,2.13,1.996,2.264,3.0410000000000004,2.66,3.422,3.0410000000000004,2.66,3.422,3.3280000000000003,3.068,3.588,3.3280000000000003,3.068,3.588
2023-06-17T00:20:00Z,162834,357,18176,17,17,,89,89,,863.55,863.55,,,,,0.01,2.3,2.2,2.4,8,8.2,7.8,6.7,6.8,6.6,199.4,197,201.8,530.987,544.084,517.89,150.22899999999998,155.8,144.658,20.261,17.418,23.104,0.852,0.762,0.942,0.11200000000000002,0.084,0.14,0.043,0.036,0.05,2.184,2.248,2.12,2.184,2.248,2.12,3.0490000000000004,2.958,3.14,3.0490000000000004,2.958,3.14,3.1719999999999997,3.08,3.264,3.1719999999999997,3.08,3.264
2023-06-17T00:30:00Z,163434,355,17856,17,17,,89,89,,863.502,863.502,,,,,0.01,2.3,2.1,2.5,8.1,7.8,8.4,6.8,6.6,7,197.6,200.9,194.4,540.797,522.818,558.776,153.35500000000002,150.49,156.22,20.471,17.59,23.352,0.876,0.804,0.948,0.063,0.044,0.082,0.046,0.044,0.048,2.197,2.11,2.284,2.197,2.11,2.284,2.991,2.738,3.244,2.991,2.738,3.244,3.075,2.814,3.336,3.075,2.814,3.336
2023-06-17T00:40:00Z,164034,355,18176,17,17,,89,89,,863.49,863.49,,,,,0.01,2.3,2.2,2.4,8.1,8.2,7.9,6.8,6.9,6.7,198.1,196.2,200.1,538.104,548.786,527.422,151.404,155.014,147.794,20.987000000000002,18.886,23.088,1.0630000000000002,1.008,1.118,0.21399999999999997,0.144,0.284,0.155,0.144,0.166,2.27,2.342,2.198,2.27,2.342,2.198,3.061,3.074,3.048,3.061,3.074,3.048,3.275,3.26,3.29,3.275,3.26,3.29
2023-06-17T00:50:00Z,164634,355,18176,17,17,,89,89,,863.326,863.326,,,,,0.01,2.4,2.2,2.6,8.1,7.9,8.2,6.8,6.7,6.9,198.2,200.3,196.2,537.399,526.214,548.584,151.875,149.756,153.994,23.125,19.282,26.968,1.274,1.002,1.546,0.234,0.13,0.338,0.12,0.046,0.194,2.208,2.162,2.254,2.208,2.162,2.254,3.2889999999999997,3.016,3.562,3.2889999999999997,3.016,3.562,3.452,3.108,3.796,3.452,3.108,3.796
2023-06-17T01:00:00Z,165234,361,17856,17,17,,89,89,,863.286,863.286,,,,,0.01,2.3,2.2,2.5,7.8,7.8,7.9,6.6,6.6,6.6,201,201.4,200.6,522.466,520.482,524.45,148.3,148.836,147.764,21.769,18.904,24.634,0.958,0.962,0.954,0.063,0.088,0.038,0,0,0,2.043,2.028,2.058,2.043,2.028,2.058,3.0309999999999997,2.844,3.218,3.0309999999999997,2.844,3.218,3.083,2.91,3.256,3.083,2.91,3.256
2023-06-17T01:10:00Z,165834,357,18176,16.6,16.6,,89,89,,863.176,863.176,,,,,0.01,2.4,2.1,2.6,8.1,8,8.2,6.8,6.7,6.8,197.9,199,196.9,539.1990000000001,533.428,544.97,150.573,148.58,152.566,21.854,18.144,25.564,0.974,1.122,0.826,0.18,0.274,0.086,0.05,0.066,0.034,2.1029999999999998,2.048,2.158,2.1029999999999998,2.048,2.158,3.013,2.836,3.19,3.013,2.836,3.19,3.17,3.072,3.268,3.17,3.072,3.268
2023-06-17T01:20:00Z,166434,358,18176,16,16,,89.2,89.2,,863.102,863.102,,,,,0.01,2.3,2.2,2.4,8,7.9,8,6.7,6.7,6.7,199.4,199.9,198.9,531.1859999999999,528.338,534.034,149.63,150.356,148.904,21.085,19.228,22.942,0.909,1.156,0.662,0.185,0.232,0.138,0.098,0.196,0,2.2030000000000003,2.262,2.144,2.2030000000000003,2.262,2.144,3.093,3.174,3.012,3.093,3.174,3.012,3.237,3.354,3.12,3.237,3.354,3.12
2023-06-17T01:30:00Z,167034,363,17856,16,16,,89.6,89.6,,863.1,863.1,,,,,0.01,2.3,2.2,2.5,7.9,8.2,7.7,6.7,6.8,6.6,199.7,197,202.6,529.245,544.45,514.04,150.426,154.038,146.814,20.927999999999997,17.58,24.276,0.884,0.688,1.08,0.184,0.144,0.224,0.123,0.144,0.102,2.1470000000000002,2.114,2.18,2.1470000000000002,2.114,2.18,3.013,2.874,3.152,3.013,2.874,3.152,3.142,2.976,3.308,3.142,2.976,3.308
2023-06-17T01:40:00Z,167634,782,17890,16,16,,89,89,,863.092,863.092,,,,,0.01,2.5,2.3,2.7,8.3,8.2,8.3,6.9,6.9,6.9,195.9,196.2,195.5,550.548,548.598,552.498,154.869,155.46,154.278,23.725,19.94,27.51,1.245,1.248,1.242,0.21400000000000002,0.198,0.23,0.119,0.15,0.088,2.08,2.03,2.13,2.08,2.03,2.13,3.168,2.946,3.39,3.168,2.946,3.39,3.3529999999999998,3.138,3.568,3.3529999999999998,3.138,3.568
2023-06-17T01:50:00Z,168234,361,17856,16,16,,89,89,,863.068,863.068,,,,,0.01,2.3,2.1,2.4,8.2,8.2,8.1,6.8,6.9,6.8,197.1,196.5,197.6,543.947,546.914,540.98,153.79899999999998,154.38,153.218,20.136000000000003,17.288,22.984,1.158,1.156,1.16,0.11,0,0.22,0.053,0,0.106,2.121,1.954,2.288,2.121,1.954,2.288,3.0709999999999997,2.878,3.264,3.0709999999999997,2.878,3.264,3.173,2.9,3.446,3.173,2.9,3.446
2023-06-17T02:00:00Z,168834,416,18176,16,16,,89,89,,862.978,862.978,,,,,0.01,2.3,2.1,2.5,8.1,7.9,8.2,6.8,6.7,6.9,197.9,199.6,196.3,539.165,529.96,548.37,151.05700000000002,149.216,152.898,20.489,17.262,23.716,0.979,0.986,0.972,0.047,0,0.094,0.007,0,0.014,2.123,1.952,2.294,2.123,1.952,2.294,3.025,2.78,3.27,3.025,2.78,3.27,3.0629999999999997,2.804,3.322,3.0629999999999997,2.804,3.322
2023-06-17T02:10:00Z,169435,1103,17856,16,16,,89,89,,862.904,862.904,,,,,0.01,2.3,2,2.5,7.9,7.8,7.9,6.7,6.6,6.7,200.4,200.9,200,525.491,523.148,527.834,148.36700000000002,147.5,149.234,20.616,16.67,24.562,1.069,1.002,1.136,0.14500000000000002,0.132,0.158,0.128,0.132,0.124,1.857,1.706,2.008,1.857,1.706,2.008,2.7889999999999997,2.42,3.158,2.7889999999999997,2.42,3.158,2.933,2.564,3.302,2.933,2.564,3.302
2023-06-17T02:20:00Z,170034,369,18176,16,16,,90,90,,862.814,862.814,,,,,0.01,2.3,2.1,2.4,7.8,7.7,7.9,6.6,6.6,6.7,201.1,202.2,200,522.002,515.97,528.034,146.257,146.896,145.618,20.569000000000003,17.91,23.228,1.064,1.13,0.998,0.21100000000000002,0.198,0.224,0.077,0.112,0.042,2.012,1.906,2.118,2.012,1.906,2.118,2.933,2.772,3.094,2.933,2.772,3.094,3.097,2.944,3.25,3.097,2.944,3.25
2023-06-17T02:30:00Z,170634,930,17890,16,16,,90,90,,862.78,862.78,,,,,0.01,2.2,2.1,2.3,7.6,7.7,7.5,6.5,6.6,6.4,203.7,202.5,205,507.88200000000006,514.57,501.194,142.27100000000002,144.57,139.972,19.608,17.564,21.652,0.796,1.09,0.502,0.11499999999999999,0.152,0.078,0.051,0.102,0,1.9869999999999999,2.002,1.972,1.9869999999999999,2.002,1.972,2.818,2.806,2.83,2.818,2.806,2.83,2.903,2.948,2.858,2.903,2.948,2.858
2023-06-17T02:40:00Z,171234,358,17856,16,16,,90,90,,862.786,862.786,,,,,0.01,2.3,2.1,2.5,7.9,8,7.8,6.7,6.7,6.6,200.4,199.3,201.5,525.547,531.356,519.738,147.03300000000002,147.918,146.148,20.500999999999998,16.948,24.054,0.978,0.96,0.996,0.257,0.278,0.236,0.158,0.19,0.126,2.114,2.076,2.152,2.114,2.076,2.152,3.011,2.846,3.176,3.011,2.846,3.176,3.239,3.146,3.332,3.239,3.146,3.332
2023-06-17T02:50:00Z,171834,419,18176,16,16,,90,90,,862.73,862.73,,,,,0.01,2.3,2.1,2.6,7.9,7.7,8,6.7,6.6,6.8,200.3,202.2,198.4,526.108,515.802,536.414,147.911,145.238,150.584,21.57,17.536,25.604,1.125,1.214,1.036,0.141,0.178,0.104,0.044,0.088,0,2.0949999999999998,2.05,2.14,2.0949999999999998,2.05,2.14,3.136,2.904,3.368,3.136,2.904,3.368,3.259,3.046,3.472,3.259,3.046,3.472
2023-06-17T03:00:00Z,172434,358,18176,16,16,,90,90,,862.656,862.656,,,,,0.01,2.3,2.1,2.4,7.5,7.4,7.6,6.4,6.4,6.5,205.3,206.6,204.1,499.71299999999997,493.236,506.19,140.978,139.614,142.342,21.458,18.294,24.622,1.056,0.898,1.214,0.075,0.046,0.104,0.049,0.046,0.052,1.932,1.804,2.06,1.932,1.804,2.06,2.8659999999999997,2.642,3.09,2.8659999999999997,2.642,3.09,2.955,2.696,3.214,2.955,2.696,3.214
2023-06-17T03:10:00Z,173034,355,17856,16,16,,90,90,,862.78,862.78,,,,,0.01,2.3,2.1,2.5,8,7.9,8.1,6.7,6.7,6.8,199,200.5,197.6,533.092,525.172,541.012,147.60199999999998,147.95,147.254,21.009,17.582,24.436,0.962,1.066,0.858,0.10999999999999999,0.142,0.078,0.092,0.142,0.042,2.059,2.038,2.08,2.059,2.038,2.08,2.966,2.848,3.084,2.966,2.848,3.084,3.048,2.984,3.112,3.048,2.984,3.112
2023-06-17T03:20:00Z,173634,361,17856,16,16,,90,90,,862.738,862.738,,,,,0.01,2.4,2.2,2.6,8.2,8.2,8.3,6.9,6.8,6.9,196.3,197,195.6,548.331,544.484,552.178,154.368,155.372,153.364,22.637999999999998,18.836,26.44,1.115,0.79,1.44,0.17099999999999999,0.05,0.292,0.017,0,0.034,2.2039999999999997,2.288,2.12,2.2039999999999997,2.288,2.12,3.125,2.972,3.278,3.125,2.972,3.278,3.259,3.066,3.452,3.259,3.066,3.452
2023-06-17T03:30:00Z,174234,369,17856,16,16,,90,90,,862.618,862.618,,,,,0.01,2.4,2.3,2.5,8.1,8.1,8.1,6.8,6.8,6.8,197.5,197.8,197.2,541.55,539.858,543.242,152.315,153.294,151.336,21.932000000000002,19.866,23.998,0.94,1.224,0.656,0.16699999999999998,0.142,0.192,0.071,0.142,0,2.078,1.998,2.158,2.078,1.998,2.158,3.0549999999999997,2.98,3.13,3.0549999999999997,2.98,3.13,3.194,3.11,3.278,3.194,3.11,3.278
2023-06-17T03:40:00Z,174834,888,17890,16,16,,90,90,,862.618,862.618,,,,,0.01,2.5,2.5,2.6,8.3,8.3,8.4,6.9,6.9,6.9,195.2,195.6,194.8,554.482,552.054,556.91,155.68900000000002,156.294,155.084,24.676000000000002,23.35,26.002,1.217,1.334,1.1,0.156,0.078,0.234,0.08900000000000001,0.038,0.14,2.302,2.406,2.198,2.302,2.406,2.198,3.3520000000000003,3.394,3.31,3.3520000000000003,3.394,3.31,3.441,3.452,3.43,3.441,3.452,3.43
2023-06-17T03:50:00Z,175434,372,17856,16,16,,90,90,,862.536,862.536,,,,,0.01,2.5,2.1,2.8,8.3,8.1,8.4,6.9,6.8,7,195.8,197.4,194.1,551.187,541.934,560.44,154.035,149.93,158.14,23.038,17.768,28.308,0.9910000000000001,0.86,1.122,0.086,0.088,0.084,0.021,0.042,0,2.326,2.194,2.458,2.326,2.194,2.458,3.299,2.952,3.646,3.299,2.952,3.646,3.3810000000000002,3.058,3.704,3.3810000000000002,3.058,3.704
2023-06-17T04:00:00Z,176034,420,17856,16,16,,90,90,,862.52,862.52,,,,,0.01,2.3,2.1,2.5,8.2,8.2,8.1,6.8,6.9,6.8,197.1,196.5,197.8,543.5550000000001,547.02,540.09,153.484,155.4,151.568,20.77,16.77,24.77,0.935,1.062,0.808,0.068,0.136,0,0.046,0.092,0,2.226,2.208,2.244,2.226,2.208,2.244,3.218,3.022,3.414,3.218,3.022,3.414,3.286,3.158,3.414,3.286,3.158,3.414
2023-06-17T04:10:00Z,176634,559,18176,15.6,15.6,,90,90,,862.472,862.472,,,,,0.01,2.3,2.2,2.3,8.3,8.5,8.1,6.9,7,6.8,195.4,193.2,197.7,553.299,566.01,540.588,156.219,160.342,152.096,18.99,16.836,21.144,0.8240000000000001,0.784,0.864,0.10400000000000001,0.13,0.078,0.079,0.08,0.078,2.314,2.258,2.37,2.314,2.258,2.37,3.096,2.996,3.196,3.096,2.996,3.196,3.1719999999999997,3.082,3.262,3.1719999999999997,3.082,3.262
2023-06-17T04:20:00Z,177234,359,17856,15.2,15.2,,90,90,,862.408,862.408,,,,,0.01,2.4,2.2,2.5,8.2,8.1,8.2,6.8,6.8,6.8,197.1,197.6,196.6,543.566,540.758,546.374,154.526,154.154,154.898,21.450000000000003,18.19,24.71,1.061,0.918,1.204,0.10700000000000001,0.098,0.116,0.028,0.056,0,2.143,1.948,2.338,2.143,1.948,2.338,3.1109999999999998,2.776,3.446,3.1109999999999998,2.776,3.446,3.202,2.876,3.528,3.202,2.876,3.528
2023-06-17T04:30:00Z,177834,350,17856,15,15,,90,90,,862.336,862.336,,,,,0.01,2.3,2.2,2.4,8,8,8.1,6.8,6.7,6.8,198.5,199,198,536.143,533.318,538.968,150.333,151.564,149.102,20.906,18.556,23.256,0.839,0.818,0.86,0.092,0.088,0.096,0.044,0.042,0.046,2.097,2.068,2.126,2.097,2.068,2.126,3.016,2.912,3.12,3.016,2.912,3.12,3.0869999999999997,2.972,3.202,3.0869999999999997,2.972,3.202
2023-06-17T04:40:00Z,178434,901,18210,15,15,,90,90,,862.38,862.38,,,,,0.01,2.5,2.2,2.7,8.7,8.4,9,7.1,6.9,7.3,191.3,194.8,187.9,577.2439999999999,556.808,597.68,162.671,158.666,166.676,21.859,18.392,25.326,0.94,0.704,1.176,0.11699999999999999,0.052,0.182,0.071,0,0.142,2.426,2.328,2.524,2.426,2.328,2.524,3.3369999999999997,3.008,3.666,3.3369999999999997,3.008,3.666,3.4610000000000003,3.124,3.798,3.4610000000000003,3.124,3.798
2023-06-17T04:50:00Z,179034,906,18210,15.8,15.8,,90,90,,862.328,862.328,,,,,0.01,2.4,2.3,2.5,8.4,8.5,8.3,7,7.1,6.9,193.8,192.6,194.9,562.604,569.33,555.878,156.77,159.782,153.758,21.799999999999997,18.836,24.764,1.093,0.854,1.332,0.183,0.162,0.204,0.10800000000000001,0.132,0.084,2.2590000000000003,2.458,2.06,2.2590000000000003,2.458,2.06,3.197,3.204,3.19,3.197,3.204,3.19,3.335,3.344,3.326,3.335,3.344,3.326
2023-06-17T05:00:00Z,179634,493,18176,15.6,15.6,,90,90,,862.238,862.238,,,,,0.01,2.5,2.3,2.6,8.3,8.3,8.4,6.9,6.9,7,194.8,195.9,193.8,556.6500000000001,550.624,562.676,157.683,157.644,157.722,23.149,20.552,25.746,1.074,1.116,1.032,0.129,0.152,0.106,0.025,0.05,0,2.263,2.206,2.32,2.263,2.206,2.32,3.283,3.15,3.416,3.283,3.15,3.416,3.359,3.232,3.486,3.359,3.232,3.486
2023-06-17T05:10:00Z,180234,388,18176,15.2,15.2,,90,90,,862.216,862.216,,,,,0.01,2.4,2.2,2.7,8.4,8.2,8.5,6.9,6.8,7,194.8,196.9,192.7,556.6990000000001,544.796,568.602,155.947,152.608,159.286,22.633000000000003,19.012,26.254,1.183,0.918,1.448,0.115,0,0.23,0.044,0,0.088,2.3499999999999996,2.272,2.428,2.3499999999999996,2.272,2.428,3.323,3.122,3.524,3.323,3.122,3.524,3.449,3.138,3.76,3.449,3.138,3.76
2023-06-17T05:20:00Z,180834,567,18176,15,15,,90,90,,862.176,862.176,,,,,0.01,2.5,2.3,2.8,8.7,8.8,8.6,7.1,7.2,7.1,190.8,189.9,191.7,579.9590000000001,585.472,574.446,163.05700000000002,164.738,161.376,23.42,18.874,27.966,1.142,1.462,0.822,0.218,0.356,0.08,0.156,0.312,0,2.362,2.432,2.292,2.362,2.432,2.292,3.3,3.188,3.412,3.3,3.188,3.412,3.491,3.504,3.478,3.491,3.504,3.478
2023-06-17T05:30:00Z,181434,426,17216,15,15,,90,90,,862.026,862.026,,,,,0.01,2.5,2.3,2.6,8.2,8,8.5,6.9,6.7,7,196.2,199,193.5,548.677,533.47,563.884,154.548,151.558,157.538,23.063000000000002,20.134,25.992,0.8720000000000001,0.674,1.07,0.139,0.14,0.138,0.05,0.1,0,2.252,2.174,2.33,2.252,2.174,2.33,3.133,2.952,3.314,3.133,2.952,3.314,3.2169999999999996,3.066,3.368,3.2169999999999996,3.066,3.368
2023-06-17T05:40:00Z,182035,928,18210,15,15,,90,90,,861.924,861.924,,,,,0.01,2.3,2.2,2.4,8.1,8.2,8,6.8,6.8,6.7,198.1,196.9,199.3,538.393,544.98,531.806,152.548,156.878,148.218,20.188,17.99,22.386,0.743,0.672,0.814,0.10800000000000001,0.048,0.168,0.02,0,0.04,2.232,2.294,2.17,2.232,2.294,2.17,3.028,2.936,3.12,3.028,2.936,3.12,3.1100000000000003,3.016,3.204,3.1100000000000003,3.016,3.204
2023-06-17T05:50:00Z,182635,927,17890,15,15,,90,90,,861.798,861.798,,,,,0.01,2.5,2.3,2.7,8.4,8.3,8.5,7,6.9,7,194,195.1,192.9,561.1769999999999,554.708,567.646,159.233,157.782,160.684,22.717,19.234,26.2,0.9910000000000001,0.638,1.344,0.093,0.052,0.134,0.026,0.052,0,2.1950000000000003,2.158,2.232,2.1950000000000003,2.158,2.232,3.149,2.93,3.368,3.149,2.93,3.368,3.2119999999999997,3,3.424,3.2119999999999997,3,3.424
2023-06-17T06:00:00Z,183235,949,18210,15,15,,90,90,,861.668,861.668,,,,,0.01,2.5,2.3,2.7,8.6,8.5,8.7,7.1,7,7.1,192.1,192.9,191.3,572.423,567.608,577.238,164.50900000000001,165.17,163.848,22.917,19.804,26.03,1.307,1.298,1.316,0.085,0,0.17,0.022,0,0.044,2.2569999999999997,2,2.514,2.2569999999999997,2,2.514,3.3209999999999997,2.968,3.674,3.3209999999999997,2.968,3.674,3.412,3.026,3.798,3.412,3.026,3.798
2023-06-17T06:10:00Z,183834,476,18176,15.6,15.6,,90,90,,861.594,861.594,,,,,0.01,2.5,2.3,2.8,8.7,8.5,8.9,7.2,7.1,7.2,190.7,192.5,188.9,580.491,569.748,591.234,164.673,163.088,166.258,23.725,20.156,27.294,1.4769999999999999,1.388,1.566,0.071,0,0.142,0.026,0,0.052,2.4139999999999997,2.306,2.522,2.4139999999999997,2.306,2.522,3.558,3.294,3.822,3.558,3.294,3.822,3.613,3.298,3.928,3.613,3.298,3.928
2023-06-17T06:20:00Z,184434,356,17856,16,16,,90,90,,861.418,861.418,,,,,0.01,2.5,2.3,2.7,8.6,8.7,8.6,7.1,7.1,7.1,191.5,190.9,192.1,575.917,579.23,572.604,160.071,163.436,156.706,22.782,18.822,26.742,0.854,0.694,1.014,0.159,0.124,0.194,0.065,0.082,0.048,2.407,2.462,2.352,2.407,2.462,2.352,3.306,3.162,3.45,3.306,3.162,3.45,3.4619999999999997,3.28,3.644,3.4619999999999997,3.28,3.644
2023-06-17T06:30:00Z,185034,356,17856,16,16,,90,90,,861.08,861.08,,,,,0.01,2.5,2.4,2.7,8.8,9,8.6,7.2,7.3,7.1,189.4,187.2,191.6,588.523,601.87,575.176,165.858,169.356,162.36,22.862000000000002,19.642,26.082,1.033,0.984,1.082,0.126,0.216,0.036,0.126,0.216,0.036,2.349,2.462,2.236,2.349,2.462,2.236,3.346,3.308,3.384,3.346,3.308,3.384,3.477,3.534,3.42,3.477,3.534,3.42
2023-06-17T06:40:00Z,185634,360,17536,16,16,,90,90,,860.802,860.802,,,,,0.01,2.6,2.5,2.8,8.8,8.7,8.8,7.2,7.1,7.2,190.2,191,189.5,583.4110000000001,579.116,587.706,166.04899999999998,164.956,167.142,24.607,21.942,27.272,0.765,0.644,0.886,0.091,0.078,0.104,0.051000000000000004,0.078,0.024,2.579,2.494,2.664,2.579,2.494,2.664,3.528,3.346,3.71,3.528,3.346,3.71,3.612,3.418,3.806,3.612,3.418,3.806
2023-06-17T06:50:00Z,186234,477,17856,16,16,,90,90,,860.46,860.46,,,,,0.01,2.6,2.3,2.8,8.5,8.5,8.5,7,7,7,193.6,193.6,193.5,563.729,563.368,564.09,160.897,161.846,159.948,24.576999999999998,20.118,29.036,1.311,0.858,1.764,0.11800000000000001,0.17,0.066,0.048,0.074,0.022,2.386,2.47,2.302,2.386,2.47,2.302,3.495,3.246,3.744,3.495,3.246,3.744,3.567,3.352,3.782,3.567,3.352,3.782
2023-06-17T07:00:00Z,186834,416,17856,16,16,,90,90,,860.178,860.178,,,,,0.01,2.6,2.5,2.7,8.9,9.2,8.6,7.3,7.4,7.1,188.8,185.8,191.9,591.973,610.676,573.27,167.748,173.862,161.634,24.229,21.126,27.332,0.976,0.802,1.15,0.138,0.056,0.22,0.066,0.056,0.076,2.5300000000000002,2.664,2.396,2.5300000000000002,2.664,2.396,3.499,3.454,3.544,3.499,3.454,3.544,3.5999999999999996,3.502,3.698,3.5999999999999996,3.502,3.698
2023-06-17T07:10:00Z,187434,355,18176,16,16,,90,90,,859.838,859.838,,,,,0.01,2.7,2.5,2.9,9.1,9.2,9,7.4,7.4,7.3,186.2,185.3,187.2,607.8140000000001,613.792,601.836,172.744,173.822,171.666,24.829,21.064,28.594,0.9500000000000001,0.798,1.102,0.127,0.104,0.15,0.072,0.104,0.04,2.6109999999999998,2.658,2.564,2.6109999999999998,2.658,2.564,3.596,3.486,3.706,3.596,3.486,3.706,3.699,3.592,3.806,3.699,3.592,3.806
2023-06-17T07:20:00Z,188034,419,17856,16,16,,90,90,,859.65,859.65,,,,,0.01,2.9,2.7,3,9.7,9.7,9.7,7.7,7.7,7.7,180.3,180.4,180.2,646.031,645.262,646.8,181.899,183.116,180.682,26.887,24.068,29.706,1.1219999999999999,1.084,1.16,0.177,0.132,0.222,0.09699999999999999,0.052,0.142,2.963,2.924,3.002,2.963,2.924,3.002,4.08,3.998,4.162,4.08,3.998,4.162,4.259,4.112,4.406,4.259,4.112,4.406
2023-06-17T07:30:00Z,188634,419,18176,15.6,15.6,,90,90,,859.37,859.37,,,,,0.01,2.9,2.9,3,9.6,9.6,9.7,7.7,7.7,7.7,180.9,181,180.7,642.488,641.492,643.484,181.459,182.938,179.98,28.533,26.81,30.256,1.582,1.318,1.846,0.22699999999999998,0.216,0.238,0.087,0.174,0,2.795,2.72,2.87,2.795,2.72,2.87,4.131,3.938,4.324,4.131,3.938,4.324,4.28,4.12,4.44,4.28,4.12,4.44
2023-06-17T07:40:00Z,189234,436,17856,15.4,15.4,,90,90,,859.21,859.21,,,,,0.01,3.1,2.9,3.2,10.3,10.4,10.2,8,8.1,8,174.8,173.9,175.7,683.95,690.63,677.27,193.66,199.17,188.15,28.72,25.294,32.146,1.127,1.04,1.214,0.14800000000000002,0.166,0.13,0.063,0.084,0.042,3.041,3.13,2.952,3.041,3.13,2.952,4.308,4.286,4.33,4.308,4.286,4.33,4.398,4.378,4.418,4.398,4.378,4.418
2023-06-17T07:50:00Z,189834,358,17536,15.8,15.8,,90,90,,859.096,859.096,,,,,0.01,3.1,2.8,3.3,10,10.1,9.9,7.9,8,7.9,176.9,176,177.8,669.1990000000001,675.442,662.956,189.387,192.828,185.946,28.884,24.664,33.104,1.147,0.978,1.316,0.045,0.054,0.036,0.027,0.054,0,2.928,2.81,3.046,2.928,2.81,3.046,4.19,3.914,4.466,4.19,3.914,4.466,4.212,3.952,4.472,4.212,3.952,4.472
2023-06-17T08:00:00Z,190434,491,17536,16,16,,90,90,,859.236,859.236,,,,,0.01,3.1,3,3.2,10.5,10.7,10.2,8.1,8.3,8,172.8,170.6,175,698.615,714.638,682.592,196.69299999999998,202.584,190.802,28.767,27.02,30.514,1.181,1.66,0.702,0.092,0.038,0.146,0.019,0.038,0,3.197,3.266,3.128,3.197,3.266,3.128,4.380000000000001,4.432,4.328,4.380000000000001,4.432,4.328,4.4670000000000005,4.526,4.408,4.4670000000000005,4.526,4.408
2023-06-17T08:10:00Z,191034,360,17536,16,16,,90,90,,859.132,859.132,,,,,0.01,3.2,3,3.5,10.7,10.5,10.9,8.3,8.2,8.4,170.8,172.4,169.2,713.282,701.282,725.282,201.993,198.97,205.016,30.031,25.736,34.326,1.287,1.04,1.534,0.22,0.05,0.39,0.076,0,0.152,3.196,2.946,3.446,3.196,2.946,3.446,4.489,4.098,4.88,4.489,4.098,4.88,4.674,4.19,5.158,4.674,4.19,5.158
2023-06-17T08:20:00Z,191634,361,18176,15.6,15.6,,90,90,,858.91,858.91,,,,,0.01,3.1,2.8,3.4,10.6,10.5,10.6,8.2,8.2,8.2,172.1,172.3,171.8,703.744,701.724,705.764,198.61200000000002,198.132,199.092,28.604,23.854,33.354,1.237,1.136,1.338,0.09,0.092,0.088,0.045,0.05,0.04,3.125,3.16,3.09,3.125,3.16,3.09,4.372999999999999,4.138,4.608,4.372999999999999,4.138,4.608,4.446,4.212,4.68,4.446,4.212,4.68
2023-06-17T08:30:00Z,192234,463,18176,15,15,,90,90,,858.802,858.802,,,,,0.01,3.2,3.1,3.3,10.7,10.6,10.7,8.2,8.2,8.3,171,171.4,170.7,711.425,708.908,713.942,202.013,203.014,201.012,30.097,28.116,32.078,1.4849999999999999,1.316,1.654,0.327,0.276,0.378,0.138,0.232,0.044,3.3689999999999998,3.424,3.314,3.3689999999999998,3.424,3.314,4.606,4.536,4.676,4.606,4.536,4.676,4.827999999999999,4.762,4.894,4.827999999999999,4.762,4.894
2023-06-17T08:40:00Z,192835,1578,17603,15,15,,90.8,90.8,,858.876,858.876,,,,,0.01,3.1,2.9,3.4,10.4,10.4,10.4,8.1,8.1,8.1,173.6,173.4,173.8,692.586,694.06,691.112,197.13,198.618,195.642,28.908,24.366,33.45,1.117,1.294,0.94,0.092,0.052,0.132,0.026,0,0.052,3.127,3.104,3.15,3.127,3.104,3.15,4.353999999999999,4.164,4.544,4.353999999999999,4.164,4.544,4.481999999999999,4.302,4.662,4.481999999999999,4.302,4.662
2023-06-17T08:50:00Z,193434,355,17856,15.2,15.2,,90.8,90.8,,858.696,858.696,,,,,0.01,3.2,2.9,3.4,10.6,10.7,10.6,8.2,8.2,8.2,171.5,171,172.1,707.511,711.534,703.488,201.9,203.294,200.506,29.298,25.122,33.474,1.362,1.162,1.562,0.047,0.036,0.058,0,0,0,3.373,3.408,3.338,3.373,3.408,3.338,4.640000000000001,4.476,4.804,4.640000000000001,4.476,4.804,4.677,4.526,4.828,4.677,4.526,4.828
2023-06-17T09:00:00Z,194034,389,17856,16,16,,91,91,,858.714,858.714,,,,,0.01,3.2,3,3.4,10.9,10.7,11.1,8.4,8.3,8.5,169,170.7,167.3,726.461,713.382,739.54,203.363,203.504,203.222,29.83,26.596,33.064,1.702,1.538,1.866,0.153,0.096,0.21,0.07100000000000001,0.05,0.092,3.383,3.336,3.43,3.383,3.336,3.43,4.704,4.576,4.832,4.704,4.576,4.832,4.872999999999999,4.686,5.06,4.872999999999999,4.686,5.06
2023-06-17T09:10:00Z,194634,363,18176,16,16,,90.2,90.2,,858.802,858.802,,,,,0.01,3.5,3.3,3.7,11.4,11.5,11.3,8.6,8.7,8.5,164.8,163.8,165.9,758.809,767.27,750.348,216.249,219.16,213.338,33.477000000000004,30.204,36.75,1.581,1.512,1.65,0.307,0.234,0.38,0.11699999999999999,0.146,0.088,3.628,3.678,3.578,3.628,3.678,3.578,5.118,4.998,5.238,5.118,4.998,5.238,5.352,5.246,5.458,5.352,5.246,5.458
2023-06-17T09:20:00Z,195234,661,17536,16,16,,90,90,,858.914,858.914,,,,,0.01,3.7,3.5,3.9,11.9,11.7,12.1,8.9,8.8,9,160.5,162,159,794.577,782.21,806.944,227.446,225.552,229.34,35.535,32.384,38.686,1.729,1.722,1.736,0.167,0.06,0.274,0.097,0.06,0.134,3.793,3.764,3.822,3.793,3.764,3.822,5.398,5.316,5.48,5.398,5.316,5.48,5.543,5.394,5.692,5.543,5.394,5.692
2023-06-17T09:30:00Z,195834,554,17856,16,16,,90,90,,859.31,859.31,,,,,0.01,3.8,3.7,4,12.1,12.1,12.1,9,9,9,159,159.2,158.8,807.182,805.504,808.86,229.2,230.786,227.614,37.546,35.034,40.058,1.421,1.554,1.288,0.218,0.132,0.304,0.091,0.132,0.05,3.84,3.852,3.828,3.84,3.852,3.828,5.346,5.248,5.444,5.346,5.248,5.444,5.5169999999999995,5.436,5.598,5.5169999999999995,5.436,5.598
2023-06-17T09:40:00Z,196435,1182,17890,16,16,,90,90,,859.13,859.13,,,,,0.01,4,3.7,4.2,12.5,12.2,12.9,9.2,9,9.3,155.9,158.6,153.3,834.185,810.254,858.116,237.65,232.77,242.53,39.061,34.98,43.142,1.948,1.616,2.28,0.156,0.036,0.276,0.085,0.036,0.134,4.119,3.86,4.378,4.119,3.86,4.378,5.7490000000000006,5.376,6.122,5.7490000000000006,5.376,6.122,5.894,5.454,6.334,5.894,5.454,6.334
2023-06-17T09:50:00Z,197034,422,17829,16,16,,90,90,,858.92,858.92,,,,,0.01,4.1,3.7,4.5,12.8,12.7,13,9.3,9.2,9.4,153.6,154.9,152.3,855.479,843.534,867.424,242.325,238.722,245.928,40.363,32.86,47.866,1.9500000000000002,1.296,2.604,0.271,0.242,0.3,0.13,0.184,0.076,4.164999999999999,4.076,4.254,4.164999999999999,4.076,4.254,5.890000000000001,5.4,6.38,5.890000000000001,5.4,6.38,6.0969999999999995,5.562,6.632,6.0969999999999995,5.562,6.632
2023-06-17T10:00:00Z,197634,731,18176,16.6,16.6,,90,90,,858.944,858.944,,,,,0.01,4,3.8,4.2,13.1,12.7,13.5,9.4,9.2,9.6,151.7,154.7,148.9,872.578,845.392,899.764,247.615,243.514,251.716,38.708,36.252,41.164,1.802,2.016,1.588,0.22199999999999998,0.352,0.092,0.115,0.23,0,4.156,4.042,4.27,4.156,4.042,4.27,5.927,5.838,6.016,5.927,5.838,6.016,6.08,6.078,6.082,6.08,6.078,6.082
2023-06-17T10:10:00Z,198235,465,17890,17,17,,90,90,,859.296,859.296,,,,,0.01,4.2,3.9,4.4,13.5,13.4,13.7,9.6,9.6,9.7,148.7,149.8,147.6,901.443,890.948,911.938,255.011,253.038,256.984,40.961,36.49,45.432,2.186,1.96,2.412,0.184,0.242,0.126,0.11100000000000002,0.138,0.084,4.53,4.434,4.626,4.53,4.434,4.626,6.302,5.918,6.686,6.302,5.918,6.686,6.486,6.146,6.826,6.486,6.146,6.826
2023-06-17T10:20:00Z,198834,823,18176,17,17,,90,90,,859.344,859.344,,,,,0.01,4.2,3.7,4.6,13.4,13.1,13.7,9.6,9.4,9.7,149.8,151.9,147.8,890.425,870.598,910.252,252.66000000000003,246.208,259.112,40.094,32.116,48.072,1.617,1.19,2.044,0.278,0.236,0.32,0.137,0.182,0.092,4.38,4.202,4.558,4.38,4.202,4.558,5.997,5.516,6.478,5.997,5.516,6.478,6.247,5.746,6.748,6.247,5.746,6.748
2023-06-17T10:30:00Z,199434,496,17536,17,17,,90.8,90.8,,859.414,859.414,,,,,0.01,4.2,3.8,4.5,13.3,13.2,13.4,9.5,9.5,9.6,150.3,150.9,149.6,886.2750000000001,880.138,892.412,252.64,250.156,255.124,41.144,34.796,47.492,1.789,1.416,2.162,0.216,0.102,0.33,0.062,0.048,0.076,4.399,4.328,4.47,4.399,4.328,4.47,6.223,5.838,6.608,6.223,5.838,6.608,6.355,5.908,6.802,6.355,5.908,6.802
2023-06-17T10:40:00Z,200034,383,17890,17,17,,90.6,90.6,,859.794,859.794,,,,,0.01,4.3,4.2,4.4,14.1,14.3,13.8,9.9,10,9.8,145,143.3,146.8,938.249,956.284,920.214,264.105,270.578,257.632,41.724000000000004,39.354,44.094,1.771,1.774,1.768,0.269,0.326,0.212,0.16299999999999998,0.286,0.04,4.684,4.732,4.636,4.684,4.732,4.636,6.383,6.296,6.47,6.383,6.296,6.47,6.641,6.656,6.626,6.641,6.656,6.626
2023-06-17T10:50:00Z,200634,974,17536,17,17,,90,90,,859.956,859.956,,,,,0.01,4.4,4,4.8,14.1,14,14.2,9.9,9.8,9.9,145,145.8,144.3,938.3430000000001,930.24,946.446,266.978,264.18,269.776,42.398,35.084,49.712,1.766,1.198,2.334,0.127,0.108,0.146,0.054,0.108,0,4.65,4.458,4.842,4.65,4.458,4.842,6.421,5.958,6.884,6.421,5.958,6.884,6.5600000000000005,6.048,7.072,6.5600000000000005,6.048,7.072
2023-06-17T11:00:00Z,201234,487,17536,17.4,17.4,,90,90,,860.052,860.052,,,,,0.01,4.4,4.1,4.6,14.2,14.3,14.1,10,10,9.9,144.2,143.4,145,947.083,955.856,938.31,266.515,272.69,260.34,42.236,36.992,47.48,1.893,1.73,2.056,0.228,0.194,0.262,0.067,0.102,0.032,4.589,4.672,4.506,4.589,4.672,4.506,6.461,6.292,6.63,6.461,6.292,6.63,6.645,6.49,6.8,6.645,6.49,6.8
2023-06-17T11:10:00Z,201834,363,18176,18,18,,90,90,,860.222,860.222,,,,,0.01,4.3,4,4.6,14.2,14.1,14.3,10,9.9,10,144.1,144.7,143.6,947.693,942.128,953.258,267.826,269.318,266.334,40.844,36.084,45.604,1.799,1.696,1.902,0.131,0.146,0.116,0.06899999999999999,0.102,0.036,4.7989999999999995,4.832,4.766,4.7989999999999995,4.832,4.766,6.527,6.362,6.692,6.527,6.362,6.692,6.599,6.406,6.792,6.599,6.406,6.792
2023-06-17T11:20:00Z,202434,378,17856,18,18,,90,90,,860.316,860.316,,,,,0.01,4.4,4.1,4.7,14.4,14.3,14.4,10,10,10,143.1,143.5,142.8,958.1279999999999,954.716,961.54,268.976,268.542,269.41,42.585,37.508,47.662,1.8399999999999999,1.992,1.688,0.171,0.228,0.114,0.062,0.124,0,4.695,4.696,4.694,4.695,4.696,4.694,6.4719999999999995,6.262,6.682,6.4719999999999995,6.262,6.682,6.62,6.45,6.79,6.62,6.45,6.79
2023-06-17T11:30:00Z,203034,416,18176,18,18,,90,90,,860.374,860.374,,,,,0.01,4.6,4.3,4.9,14.4,14.3,14.5,10,10,10.1,142.9,143.8,142.1,960.15,951.174,969.126,271.65999999999997,270.154,273.166,45.098,39.614,50.582,1.755,1.726,1.784,0.124,0.038,0.21,0.043,0.038,0.048,4.868,4.806,4.93,4.868,4.806,4.93,6.695,6.458,6.932,6.695,6.458,6.932,6.779,6.508,7.05,6.779,6.508,7.05
2023-06-17T11:40:00Z,203634,416,17856,18,18,,90,90,,860.46,860.46,,,,,0.01,4.4,4.1,4.6,14.5,14.6,14.4,10.1,10.1,10,142.2,141.7,142.8,967.6510000000001,973.504,961.798,271.82,275.042,268.598,41.936,36.808,47.064,2.2270000000000003,2.076,2.378,0.33,0.226,0.434,0.158,0.184,0.132,4.6129999999999995,4.688,4.538,4.6129999999999995,4.688,4.538,6.654,6.59,6.718,6.654,6.59,6.718,6.9190000000000005,6.796,7.042,6.9190000000000005,6.796,7.042
2023-06-17T11:50:00Z,204234,476,18176,18,18,,90,90,,860.526,860.526,,,,,0.01,4.2,3.8,4.6,13.9,14,13.7,9.8,9.9,9.7,146.4,145.6,147.3,924.06,932.708,915.412,261.603,264.106,259.1,39.479,32.106,46.852,1.6949999999999998,1.724,1.666,0.153,0.188,0.118,0.074,0.148,0,4.569,4.618,4.52,4.569,4.618,4.52,6.295,6.004,6.586,6.295,6.004,6.586,6.441,6.18,6.702,6.441,6.18,6.702
2023-06-17T12:00:00Z,204834,877,17890,18,18,,90,90,,860.544,860.544,,,,,0.01,4.2,4.1,4.4,13.8,13.8,13.7,9.8,9.8,9.7,147.1,146.8,147.4,917.478,920.858,914.098,259.94,264.342,255.538,40.843999999999994,37.044,44.644,1.7850000000000001,1.598,1.972,0.101,0.088,0.114,0.087,0.088,0.086,4.481,4.512,4.45,4.481,4.512,4.45,6.288,6.098,6.478,6.288,6.098,6.478,6.394,6.176,6.612,6.394,6.176,6.612
2023-06-17T12:10:00Z,205434,495,18176,18,18,,90,90,,860.656,860.656,,,,,0.01,4.3,4,4.5,14.2,14.6,13.7,9.9,10.1,9.7,144.5,141.6,147.5,944.0219999999999,974.758,913.286,266.419,275.14,257.698,40.849999999999994,35.318,46.382,1.923,1.842,2.004,0.245,0.174,0.316,0.066,0.082,0.05,4.705,4.788,4.622,4.705,4.788,4.622,6.442,6.362,6.522,6.442,6.362,6.522,6.617,6.494,6.74,6.617,6.494,6.74
2023-06-17T12:20:00Z,206035,973,17890,18.6,18.6,,90,90,,860.75,860.75,,,,,0.01,4.4,4.1,4.6,14.1,14.3,13.9,9.9,10,9.8,145,143.5,146.5,938.975,954.048,923.902,265.99,272.154,259.826,42.004999999999995,36.486,47.524,1.589,1.26,1.918,0.33899999999999997,0.192,0.486,0.113,0.098,0.128,4.639,4.66,4.618,4.639,4.66,4.618,6.43,6.156,6.704,6.43,6.156,6.704,6.661,6.308,7.014,6.661,6.308,7.014
2023-06-17T12:30:00Z,206634,451,17856,19,19,,90,90,,860.774,860.774,,,,,0.01,4.5,4.4,4.7,14.6,14.5,14.6,10.1,10.1,10.1,142,142.2,141.8,970.4590000000001,968.586,972.332,276.425,279.74,273.11,44.495999999999995,41.168,47.824,2.202,1.808,2.596,0.304,0.216,0.392,0.158,0.162,0.154,4.7059999999999995,4.87,4.542,4.7059999999999995,4.87,4.542,6.7379999999999995,6.69,6.786,6.7379999999999995,6.69,6.786,6.920999999999999,6.814,7.028,6.920999999999999,6.814,7.028
2023-06-17T12:40:00Z,207234,414,18176,19,19,,90,90,,860.738,860.738,,,,,0.01,4.4,4,4.8,14.3,14.3,14.3,10,10,10,143.5,143.6,143.5,953.812,953.096,954.528,268.41499999999996,269.072,267.758,42.361000000000004,35.516,49.206,1.8039999999999998,1.636,1.972,0.202,0.088,0.316,0.067,0.088,0.046,4.664,4.686,4.642,4.664,4.686,4.642,6.48,6.27,6.69,6.48,6.27,6.69,6.635,6.374,6.896,6.635,6.374,6.896
2023-06-17T12:50:00Z,207834,418,17536,19,19,,90,90,,860.75,860.75,,,,,0.01,4.2,3.7,4.7,13.7,13.3,14,9.7,9.5,9.9,147.7,150.2,145.2,911.585,886.696,936.474,258.284,250.582,265.986,40.653999999999996,33.19,48.118,2.097,1.744,2.45,0.10200000000000001,0.104,0.1,0.057999999999999996,0.064,0.052,4.519,4.292,4.746,4.519,4.292,4.746,6.337,5.68,6.994,6.337,5.68,6.994,6.46,5.802,7.118,6.46,5.802,7.118
2023-06-17T13:00:00Z,208434,416,17856,19,19,,90,90,,860.84,860.84,,,,,0.01,4.1,4,4.3,13.7,14.2,13.3,9.7,9.9,9.5,147.4,144.4,150.5,914.242,944.388,884.096,257.519,268.658,246.38,39.173,34.406,43.94,1.561,1.64,1.482,0.139,0.112,0.166,0.062,0.076,0.048,4.406000000000001,4.65,4.162,4.406000000000001,4.65,4.162,6.05,6.012,6.088,6.05,6.012,6.088,6.178,6.168,6.188,6.178,6.168,6.188
2023-06-17T13:10:00Z,209034,370,18176,19,19,,90,90,,861,861,,,,,0.01,4.2,3.8,4.6,14,13.9,14.2,9.9,9.8,9.9,145.3,146.2,144.5,935.412,926.682,944.142,263.845,263.064,264.626,40.266999999999996,32.576,47.958,2.2030000000000003,1.56,2.846,0.19999999999999998,0.042,0.358,0.09000000000000001,0.042,0.138,4.709,4.526,4.892,4.709,4.526,4.892,6.407,5.846,6.968,6.407,5.846,6.968,6.6,5.948,7.252,6.6,5.948,7.252
2023-06-17T13:20:00Z,209635,1656,17923,19.8,19.8,,90,90,,860.992,860.992,,,,,0.01,4.3,4.2,4.5,14.2,14.2,14.3,10,9.9,10,144.1,144.3,143.8,948.3389999999999,945.654,951.024,267.472,269,265.944,41.516000000000005,39.396,43.636,1.752,1.708,1.796,0.20500000000000002,0.2,0.21,0.14700000000000002,0.2,0.094,4.679,4.534,4.824,4.679,4.534,4.824,6.338,6.054,6.622,6.338,6.054,6.622,6.521,6.224,6.818,6.521,6.224,6.818
2023-06-17T13:30:00Z,210234,361,17856,20,20,,90,90,,860.984,860.984,,,,,0.01,4.3,4,4.6,14.1,13.9,14.2,9.9,9.8,10,145.1,146.1,144.1,937.74,927.802,947.678,265.148,263.928,266.368,40.8,35.378,46.222,1.4740000000000002,1.586,1.362,0.219,0.228,0.21,0.106,0.18,0.032,4.698,4.568,4.828,4.698,4.568,4.828,6.377,5.944,6.81,6.377,5.944,6.81,6.54,6.158,6.922,6.54,6.158,6.922
2023-06-17T13:40:00Z,210834,567,18176,20,20,,90,90,,860.984,860.984,,,,,0.01,4.1,3.7,4.6,13.8,13.6,14.1,9.8,9.7,9.9,146.6,148.3,144.9,922.524,905.26,939.788,260.681,259.65,261.712,38.467,31.038,45.896,1.4380000000000002,1.334,1.542,0.21900000000000003,0.096,0.342,0.07,0.048,0.092,4.4990000000000006,4.296,4.702,4.4990000000000006,4.296,4.702,6.086,5.606,6.566,6.086,5.606,6.566,6.25,5.692,6.808,6.25,5.692,6.808
2023-06-17T13:50:00Z,211434,424,18176,20,20,,90,90,,861,861,,,,,0.01,4.3,4.2,4.4,14,14,14,9.9,9.9,9.9,145.5,145.6,145.5,933.244,932.778,933.71,261.21500000000003,263.72,258.71,40.863,38.54,43.186,1.7890000000000001,1.622,1.956,0.153,0.152,0.154,0.05,0.068,0.032,4.537000000000001,4.448,4.626,4.537000000000001,4.448,4.626,6.309,6.168,6.45,6.309,6.168,6.45,6.447,6.33,6.564,6.447,6.33,6.564
2023-06-17T14:00:00Z,212034,425,17536,20,20,,90,90,,860.9,860.9,,,,,0.01,4.3,4.3,4.4,14.3,14.7,14,10,10.2,9.8,143.4,141.2,145.8,954.844,979.31,930.378,267.483,275.594,259.372,40.161,38.296,42.026,1.112,1.124,1.1,0.185,0.228,0.142,0.11699999999999999,0.19,0.044,4.651,4.696,4.606,4.651,4.696,4.606,6.2379999999999995,6.256,6.22,6.2379999999999995,6.256,6.22,6.3740000000000006,6.444,6.304,6.3740000000000006,6.444,6.304
2023-06-17T14:10:00Z,212634,354,17856,21,21,,90,90,,860.778,860.778,,,,,0.01,4.3,4.1,4.5,13.9,14.1,13.8,9.8,9.9,9.8,145.9,144.8,146.9,929.8409999999999,940.358,919.324,262.278,267.016,257.54,41.153000000000006,37.106,45.2,2.027,1.972,2.082,0.185,0.29,0.08,0.147,0.25,0.044,4.602,4.708,4.496,4.602,4.708,4.496,6.41,6.32,6.5,6.41,6.32,6.5,6.601,6.576,6.626,6.601,6.576,6.626
2023-06-17T14:20:00Z,213234,419,17536,21,21,,90,90,,860.746,860.746,,,,,0.01,4.4,4.1,4.7,14.4,14.5,14.4,10.1,10.1,10,142.6,142.3,143,963.323,967.52,959.126,270.743,271.372,270.114,41.826,36.536,47.116,1.4849999999999999,1.572,1.398,0.22,0.314,0.126,0.109,0.184,0.034,4.824,4.846,4.802,4.824,4.846,4.802,6.569,6.378,6.76,6.569,6.378,6.76,6.718999999999999,6.616,6.822,6.718999999999999,6.616,6.822
2023-06-17T14:30:00Z,213834,418,17856,21,21,,90,90,,860.752,860.752,,,,,0.01,4.1,3.8,4.3,13.8,13.7,13.9,9.8,9.7,9.8,146.6,147.2,146.1,922.0450000000001,916.666,927.424,261.169,259.426,262.912,37.373000000000005,32.784,41.962,1.501,1.422,1.58,0.155,0.092,0.218,0.025,0,0.05,4.712,4.646,4.778,4.712,4.646,4.778,6.289,6.046,6.532,6.289,6.046,6.532,6.399,6.118,6.68,6.399,6.118,6.68
2023-06-17T14:40:00Z,214434,364,18176,21,21,,90,90,,860.736,860.736,,,,,0.01,4.3,4,4.7,14.2,14.3,14.1,9.9,10,9.9,144.2,143.3,145.1,946.765,955.978,937.552,266.64,270.862,262.418,40.739000000000004,33.442,48.036,1.467,1.116,1.818,0.044,0.088,0,0,0,0,4.661,4.86,4.462,4.661,4.86,4.462,6.466,6.336,6.596,6.466,6.336,6.596,6.499,6.39,6.608,6.499,6.39,6.608
2023-06-17T14:50:00Z,215034,568,18176,21,21,,90,90,,860.702,860.702,,,,,0.01,4.2,3.8,4.5,14,14,14.1,9.9,9.8,9.9,145.2,145.7,144.7,936.591,931.378,941.804,263.78700000000003,264.574,263,39.638999999999996,33.382,45.896,2.175,2.086,2.264,0.214,0.214,0.214,0.125,0.214,0.036,4.57,4.444,4.696,4.57,4.444,4.696,6.3870000000000005,6.08,6.694,6.3870000000000005,6.08,6.694,6.552,6.288,6.816,6.552,6.288,6.816
2023-06-17T15:00:00Z,215634,478,18176,21,21,,90,90,,860.592,860.592,,,,,0.01,4.5,4.1,4.8,14,13.7,14.3,9.9,9.7,10,145.6,147.5,143.7,932.826,913.64,952.012,265.329,259.67,270.988,43.335,37.412,49.258,1.305,1.43,1.18,0.21899999999999997,0.142,0.296,0.139,0.142,0.136,4.646,4.46,4.832,4.646,4.46,4.832,6.3469999999999995,5.872,6.822,6.3469999999999995,5.872,6.822,6.531,6.002,7.06,6.531,6.002,7.06
2023-06-17T15:10:00Z,216234,398,17856,21,21,,90,90,,860.526,860.526,,,,,0.01,4.3,3.9,4.7,13.9,13.8,14.1,9.8,9.8,9.9,145.9,147,144.9,929.076,918.622,939.53,260.10299999999995,258.162,262.044,41.238,34.692,47.784,1.6349999999999998,1.268,2.002,0.155,0.124,0.186,0.064,0.078,0.05,4.609999999999999,4.378,4.842,4.609999999999999,4.378,4.842,6.311,5.814,6.808,6.311,5.814,6.808,6.446,5.972,6.92,6.446,5.972,6.92
2023-06-17T15:20:00Z,216834,365,18176,21,21,,90,90,,860.334,860.334,,,,,0.01,4.3,3.9,4.7,14.4,14.2,14.5,10,10,10.1,143,143.9,142.1,959.527,949.682,969.372,267.007,265.168,268.846,40.852000000000004,34.646,47.058,1.5619999999999998,1.886,1.238,0.117,0.196,0.038,0.096,0.154,0.038,4.5169999999999995,4.272,4.762,4.5169999999999995,4.272,4.762,6.226,5.84,6.612,6.226,5.84,6.612,6.3580000000000005,6.042,6.674,6.3580000000000005,6.042,6.674
2023-06-17T15:30:00Z,217434,548,18176,21,21,,90,90,,860.22,860.22,,,,,0.01,4.4,4,4.8,14.5,14.4,14.6,10.1,10,10.1,142.2,142.8,141.7,967.973,962.16,973.786,274.053,274.324,273.782,42.013000000000005,34.774,49.252,1.6059999999999999,1.694,1.518,0.189,0.128,0.25,0.044,0.088,0,4.882,4.78,4.984,4.882,4.78,4.984,6.587,6.254,6.92,6.587,6.254,6.92,6.791,6.464,7.118,6.791,6.464,7.118
2023-06-17T15:40:00Z,218035,984,18210,21,21,,90,90,,860.192,860.192,,,,,0.01,4.5,4.3,4.7,14.6,14.6,14.6,10.1,10.1,10.1,141.6,141.7,141.5,974.4860000000001,973.508,975.464,274.914,275.568,274.26,42.623000000000005,38.116,47.13,1.521,1.058,1.984,0.13,0.092,0.168,0.105,0.092,0.118,4.8260000000000005,4.75,4.902,4.8260000000000005,4.75,4.902,6.601,6.296,6.906,6.601,6.296,6.906,6.7219999999999995,6.39,7.054,6.7219999999999995,6.39,7.054
2023-06-17T15:50:00Z,218634,355,17536,21,21,,90,90,,860.17,860.17,,,,,0.01,4.4,4.2,4.6,14.9,15.1,14.6,10.2,10.3,10.1,140.1,138.6,141.7,990.5619999999999,1007.954,973.17,275.63,282.62,268.64,41.025999999999996,36.512,45.54,1.322,1.452,1.192,0.179,0.322,0.036,0.101,0.202,0,4.909000000000001,4.99,4.828,4.909000000000001,4.99,4.828,6.634,6.548,6.72,6.634,6.548,6.72,6.744,6.76,6.728,6.744,6.76,6.728
2023-06-17T16:00:00Z,219234,361,17536,21,21,,90,90,,860.086,860.086,,,,,0.01,4.3,4.1,4.6,14.8,14.8,14.8,10.2,10.2,10.2,140.7,140.6,140.7,984.8889999999999,985.074,984.704,275.20000000000005,275.956,274.444,40.144999999999996,35.662,44.628,1.635,1.362,1.908,0.183,0.114,0.252,0.124,0.114,0.134,4.849,4.96,4.738,4.849,4.96,4.738,6.524,6.478,6.57,6.524,6.478,6.57,6.646,6.564,6.728,6.646,6.564,6.728
2023-06-17T16:10:00Z,219834,358,18176,21,21,,90,90,,860.188,860.188,,,,,0.01,4.5,4.4,4.6,14.7,15.1,14.3,10.2,10.3,10,141.3,138.9,143.7,978.331,1003.926,952.736,279.398,288.226,270.57,42.742999999999995,39.41,46.076,1.77,1.598,1.942,0.178,0.176,0.18,0.057999999999999996,0.08,0.036,5,5.096,4.904,5,5.096,4.904,6.865,6.88,6.85,6.865,6.88,6.85,6.984,7.004,6.964,6.984,7.004,6.964
2023-06-17T16:20:00Z,220434,357,17856,21,21,,90,90,,860.178,860.178,,,,,0.01,4.5,4.3,4.7,14.5,14.8,14.2,10.1,10.2,9.9,142.3,140.4,144.3,966.641,987.362,945.92,273.334,282.132,264.536,42.866,38.524,47.208,1.4129999999999998,1.4,1.426,0.174,0.112,0.236,0.092,0,0.184,4.7940000000000005,4.944,4.644,4.7940000000000005,4.944,4.644,6.492,6.462,6.522,6.492,6.462,6.522,6.629,6.58,6.678,6.629,6.58,6.678
2023-06-17T16:30:00Z,221034,351,18176,21,21,,90,90,,860.146,860.146,,,,,0.01,4.5,4.2,4.9,14.8,14.8,14.7,10.2,10.2,10.2,140.7,140.6,140.9,983.941,985.94,981.942,280.289,282.632,277.946,42.893,36.684,49.102,1.6589999999999998,1.648,1.67,0.11900000000000001,0.196,0.042,0.107,0.172,0.042,4.937,4.884,4.99,4.937,4.884,4.99,6.732,6.37,7.094,6.732,6.37,7.094,6.837999999999999,6.552,7.124,6.837999999999999,6.552,7.124
2023-06-17T16:40:00Z,221634,423,17856,21,21,,90,90,,860.114,860.114,,,,,0.01,4.4,4.2,4.6,14.7,14.7,14.7,10.2,10.2,10.1,141.3,141.1,141.4,978.354,979.89,976.818,275.689,277.884,273.494,41.389,36.526,46.252,1.778,1.38,2.176,0.193,0.136,0.25,0.091,0.136,0.046,4.853999999999999,4.866,4.842,4.853999999999999,4.866,4.842,6.645,6.314,6.976,6.645,6.314,6.976,6.818,6.518,7.118,6.818,6.518,7.118
2023-06-17T16:50:00Z,222234,732,17890,21,21,,90,90,,860.234,860.234,,,,,0.01,4.4,4,4.8,14.5,14.5,14.6,10.1,10.1,10.1,142.1,142.5,141.7,969.088,964.726,973.45,271.738,273.152,270.324,41.123999999999995,33.44,48.808,1.516,1.266,1.766,0.158,0.092,0.224,0.026,0,0.052,4.840999999999999,4.752,4.93,4.840999999999999,4.752,4.93,6.536,6.146,6.926,6.536,6.146,6.926,6.639,6.192,7.086,6.639,6.192,7.086
2023-06-17T17:00:00Z,222834,355,18210,21,21,,90,90,,860.192,860.192,,,,,0.01,4.4,4.3,4.6,14.3,14.5,14.1,10,10.1,9.9,143.4,142.3,144.6,954.982,967.46,942.504,269.981,274.684,265.278,42.739000000000004,39.536,45.942,1.59,1.57,1.61,0.099,0.1,0.098,0,0,0,4.755,4.734,4.776,4.755,4.734,4.776,6.547000000000001,6.36,6.734,6.547000000000001,6.36,6.734,6.617,6.43,6.804,6.617,6.43,6.804
2023-06-17T17:10:00Z,223434,869,18176,21,21,,90,90,,860.264,860.264,,,,,0.01,4.4,4.1,4.7,14.6,14.5,14.7,10.1,10.1,10.2,141.5,142.2,140.8,975.478,968.06,982.896,274.96299999999997,276.99,272.936,41.241,35.81,46.672,1.416,1.466,1.366,0.11,0.068,0.152,0.034,0.034,0.034,4.924,4.868,4.98,4.924,4.868,4.98,6.6419999999999995,6.422,6.862,6.6419999999999995,6.422,6.862,6.710000000000001,6.472,6.948,6.710000000000001,6.472,6.948
2023-06-17T17:20:00Z,224034,461,17856,21,21,,90,90,,860.314,860.314,,,,,0.01,4.6,4.4,4.9,15,14.9,15.1,10.3,10.2,10.3,139.5,140,139,997.535,991.592,1003.478,282.432,284.428,280.436,44.183,39.43,48.936,1.572,1.624,1.52,0.109,0.056,0.162,0.02,0,0.04,4.845,4.906,4.784,4.845,4.906,4.784,6.741,6.688,6.794,6.741,6.688,6.794,6.839,6.734,6.944,6.839,6.734,6.944
2023-06-17T17:30:00Z,224634,355,17856,21,21,,89.8,89.8,,860.42,860.42,,,,,0.01,4.5,4.4,4.6,15,15.4,14.6,10.3,10.5,10.1,139.2,136.8,141.7,1001.31,1028.652,973.968,281.30899999999997,291.384,271.234,41.956,39.468,44.444,1.5910000000000002,1.612,1.57,0.197,0.256,0.138,0.148,0.204,0.092,5.063000000000001,5.182,4.944,5.063000000000001,5.182,4.944,6.869,6.84,6.898,6.869,6.84,6.898,7.006,7.024,6.988,7.006,7.024,6.988
2023-06-17T17:40:00Z,225234,473,18176,21,21,,90,90,,860.474,860.474,,,,,0.01,4.3,4.1,4.5,14.3,14.6,14.1,10,10.1,9.9,143.3,141.6,145,956.3050000000001,974.1,938.51,269.92,276.05,263.79,40.774,36.33,45.218,1.634,1.652,1.616,0.094,0.048,0.14,0.047,0.048,0.046,4.7780000000000005,4.81,4.746,4.7780000000000005,4.81,4.746,6.548,6.488,6.608,6.548,6.488,6.608,6.640000000000001,6.55,6.73,6.640000000000001,6.55,6.73
2023-06-17T17:50:00Z,225834,355,18176,21,21,,90,90,,860.766,860.766,,,,,0.01,4.4,4.1,4.7,14.8,15,14.6,10.2,10.3,10.1,140.6,139.4,141.9,985.246,998.968,971.524,276.65599999999995,284.806,268.506,40.842,34.964,46.72,1.365,1.18,1.55,0.136,0.178,0.094,0.064,0.128,0,4.88,4.986,4.774,4.88,4.986,4.774,6.532,6.362,6.702,6.532,6.362,6.702,6.629,6.524,6.734,6.629,6.524,6.734
2023-06-17T18:00:00Z,226434,362,17856,21,21,,90,90,,861.112,861.112,,,,,0.01,4.5,4.1,4.8,15.1,14.9,15.2,10.3,10.2,10.4,138.9,140,137.9,1004.064,991.972,1016.156,285.15999999999997,283.364,286.956,40.931,34.852,47.01,1.37,1.16,1.58,0.16899999999999998,0.15,0.188,0.051000000000000004,0.058,0.044,4.954000000000001,4.95,4.958,4.954000000000001,4.95,4.958,6.6259999999999994,6.338,6.914,6.6259999999999994,6.338,6.914,6.748,6.448,7.048,6.748,6.448,7.048
2023-06-17T18:10:00Z,227034,382,18176,21,21,,90,90,,861.154,861.154,,,,,0.01,4.6,4.4,4.9,14.9,15.2,14.7,10.3,10.4,10.2,139.6,137.9,141.3,996.461,1015.312,977.61,281.265,287.962,274.568,44.585,39.644,49.526,1.713,1.824,1.602,0.172,0.172,0.172,0.066,0.088,0.044,5.029,5.04,5.018,5.029,5.04,5.018,6.832,6.694,6.97,6.832,6.694,6.97,6.978,6.874,7.082,6.978,6.874,7.082
2023-06-17T18:20:00Z,227634,370,18176,21,21,,90,90,,861.428,861.428,,,,,0.01,4.7,4.4,5,15.2,15.1,15.3,10.4,10.3,10.4,138.1,138.9,137.3,1013.588,1004.772,1022.404,284.865,286.408,283.322,44.768,39.154,50.382,1.459,1.422,1.496,0.165,0.278,0.052,0.09,0.18,0,5.145,5.104,5.186,5.145,5.104,5.186,6.9190000000000005,6.6,7.238,6.9190000000000005,6.6,7.238,7.047,6.818,7.276,7.047,6.818,7.276
2023-06-17T18:30:00Z,228234,410,18176,21,21,,89.8,89.8,,861.652,861.652,,,,,0.01,4.8,4.5,5.1,15.4,15.4,15.4,10.5,10.5,10.5,137.1,137.1,137.1,1024.8249999999998,1024.57,1025.08,288.626,293.9,283.352,46.672,40.52,52.824,1.679,1.504,1.854,0.10300000000000001,0.04,0.166,0.04,0,0.08,5.0329999999999995,5.252,4.814,5.0329999999999995,5.252,4.814,6.997,6.99,7.004,6.997,6.99,7.004,7.073,7.022,7.124,7.073,7.022,7.124
2023-06-17T18:40:00Z,228834,387,18176,21.8,21.8,,89,89,,861.88,861.88,,,,,0.01,4.7,4.3,5.1,15.4,15.4,15.3,10.5,10.5,10.4,137.2,136.8,137.6,1024.215,1028.822,1019.608,291.27700000000004,293.706,288.848,44.189,37.098,51.28,1.752,2.016,1.488,0.048,0.054,0.042,0.048,0.054,0.042,5.266,5.29,5.242,5.266,5.29,5.242,7.031000000000001,6.772,7.29,7.031000000000001,6.772,7.29,7.111,6.882,7.34,7.111,6.882,7.34
2023-06-17T18:50:00Z,229434,361,17856,22,22,,89,89,,861.82,861.82,,,,,0.01,4.7,4.3,5.1,15.1,15.1,15.2,10.4,10.3,10.4,138.4,138.6,138.3,1009.412,1008.16,1010.664,286.43,286.136,286.724,45.442,37.812,53.072,1.764,1.746,1.782,0.197,0.308,0.086,0.059,0.118,0,5.1850000000000005,4.988,5.382,5.1850000000000005,4.988,5.382,7.006,6.588,7.424,7.006,6.588,7.424,7.1240000000000006,6.78,7.468,7.1240000000000006,6.78,7.468
2023-06-17T19:00:00Z,230034,358,18176,22,22,,89,89,,861.584,861.584,,,,,0.01,4.5,4.2,4.8,14.6,14.6,14.5,10.1,10.1,10.1,142,141.5,142.5,970.452,975.966,964.938,275.04499999999996,279.986,270.104,42.868,36.478,49.258,1.781,1.246,2.316,0.127,0.078,0.176,0.064,0.078,0.05,4.8149999999999995,4.802,4.828,4.8149999999999995,4.802,4.828,6.587,6.266,6.908,6.587,6.266,6.908,6.7330000000000005,6.44,7.026,6.7330000000000005,6.44,7.026
2023-06-17T19:10:00Z,230634,491,17536,21.4,21.4,,89,89,,860.814,860.814,,,,,0.01,4.1,4.1,4.2,13.9,14.4,13.4,9.8,10,9.6,146.2,143,149.6,926.279,959.638,892.92,260.989,270.258,251.72,37.711,35.47,39.952,1.139,1.304,0.974,0.09,0.18,0,0.073,0.146,0,4.614,4.708,4.52,4.614,4.708,4.52,6.122999999999999,6.148,6.098,6.122999999999999,6.148,6.098,6.244,6.34,6.148,6.244,6.34,6.148
2023-06-17T19:20:00Z,231234,360,17856,21.2,21.2,,89,89,,861.3,861.3,,,,,0.01,4.3,3.8,4.7,13.4,13.2,13.6,9.6,9.5,9.7,149.4,150.8,148,894.867,880.956,908.778,253.247,251.36,255.134,41.559,33.682,49.436,1.251,1.414,1.088,0.21100000000000002,0.1,0.322,0.094,0.1,0.088,4.308,4.12,4.496,4.308,4.12,4.496,5.973000000000001,5.53,6.416,5.973000000000001,5.53,6.416,6.176,5.7,6.652,6.176,5.7,6.652
2023-06-17T19:30:00Z,231834,355,17856,21,21,,89,89,,861.21,861.21,,,,,0.01,4,3.7,4.2,12.9,13,12.9,9.4,9.4,9.4,152.9,152.7,153.1,861.545,863.348,859.742,242.62,246.884,238.356,37.69,33.244,42.136,1.396,1.456,1.336,0.115,0.042,0.188,0.021,0.042,0,4.058,4.05,4.066,4.058,4.05,4.066,5.659,5.568,5.75,5.659,5.568,5.75,5.75,5.614,5.886,5.75,5.614,5.886
2023-06-17T19:40:00Z,232434,356,17536,21,21,,89.6,89.6,,860.966,860.966,,,,,0.01,3.5,3.2,3.8,11.9,11.8,11.9,8.8,8.8,8.9,161,161.6,160.4,790.07,784.926,795.214,223.738,226.242,221.234,32.482,27.382,37.582,1.4089999999999998,1.192,1.626,0.11599999999999999,0.078,0.154,0.081,0.078,0.084,3.88,3.868,3.892,3.88,3.868,3.892,5.249,5.012,5.486,5.249,5.012,5.486,5.346,5.086,5.606,5.346,5.086,5.606
2023-06-17T19:50:00Z,233034,446,18176,21,21,,90,90,,860.99,860.99,,,,,0.01,3.3,3.1,3.6,11.5,11.6,11.4,8.7,8.7,8.6,164.1,163.2,165.1,764.4860000000001,772.272,756.7,213.11599999999999,217.846,208.386,30.328000000000003,26.02,34.636,0.9139999999999999,0.992,0.836,0.10900000000000001,0.084,0.134,0.067,0.084,0.05,3.5010000000000003,3.49,3.512,3.5010000000000003,3.49,3.512,4.587,4.402,4.772,4.587,4.402,4.772,4.699999999999999,4.502,4.898,4.699999999999999,4.502,4.898
2023-06-17T20:00:00Z,233634,357,17856,21,21,,89.4,89.4,,861.084,861.084,,,,,0.01,3.3,3.1,3.6,11,10.9,11,8.4,8.4,8.4,168.5,168.6,168.4,730.433,729.63,731.236,204.422,205.338,203.506,31.400999999999996,27.298,35.504,1.241,1.43,1.052,0.109,0.038,0.18,0.019,0.038,0,3.202,3.106,3.298,3.202,3.106,3.298,4.561,4.378,4.744,4.561,4.378,4.744,4.661,4.464,4.858,4.661,4.464,4.858
2023-06-17T20:10:00Z,234234,359,17856,21,21,,89,89,,861.42,861.42,,,,,0.01,3.5,3.2,3.7,11.4,11.3,11.5,8.6,8.5,8.7,164.9,165.9,163.9,758.26,750.32,766.2,213.075,213.24,212.91,33.167,28.816,37.518,1.454,1.416,1.492,0.127,0,0.254,0.109,0,0.218,3.512,3.39,3.634,3.512,3.39,3.634,4.85,4.584,5.116,4.85,4.584,5.116,4.981,4.652,5.31,4.981,4.652,5.31
2023-06-17T20:20:00Z,234834,400,17856,21,21,,89,89,,861.28,861.28,,,,,0.01,3.2,3,3.4,10.8,10.9,10.7,8.3,8.4,8.3,169.6,168.7,170.6,721.6800000000001,729.054,714.306,202.961,206.606,199.316,29.198,25.242,33.154,1.08,1.066,1.094,0.126,0.09,0.162,0.066,0.09,0.042,3.215,3.096,3.334,3.215,3.096,3.334,4.365,4.174,4.556,4.365,4.174,4.556,4.457,4.242,4.672,4.457,4.242,4.672
2023-06-17T20:30:00Z,235434,357,18176,21,21,,89,89,,860.86,860.86,,,,,0.01,2.9,2.9,3,9.9,10,9.9,7.8,7.9,7.8,178.1,177.6,178.5,661.094,664.224,657.964,187.612,190.284,184.94,27.162,26.028,28.296,0.962,0.978,0.946,0.023,0,0.046,0.023,0,0.046,2.955,3.018,2.892,2.955,3.018,2.892,4.061,4.106,4.016,4.061,4.106,4.016,4.084,4.106,4.062,4.084,4.106,4.062
2023-06-17T20:40:00Z,236034,439,17856,21,21,,89,89,,860.818,860.818,,,,,0.01,2.7,2.5,2.9,9.1,9.1,9.2,7.4,7.4,7.4,186.1,186.8,185.5,608.568,604.42,612.716,173.11,174.346,171.874,24.079,20.958,27.2,0.837,1.052,0.622,0.024,0.048,0,0.024,0.048,0,2.682,2.618,2.746,2.682,2.618,2.746,3.7,3.6,3.8,3.7,3.6,3.8,3.7199999999999998,3.64,3.8,3.7199999999999998,3.64,3.8
2023-06-17T20:50:00Z,236634,449,17856,21,21,,89,89,,861.016,861.016,,,,,0.01,2.4,2.4,2.5,8.6,8.8,8.4,7.1,7.2,7,191.7,189.1,194.4,574.51,589.954,559.066,162.37599999999998,167.128,157.624,21.108,19.448,22.768,0.853,0.904,0.802,0.112,0.182,0.042,0.044,0.088,0,2.4989999999999997,2.522,2.476,2.4989999999999997,2.522,2.476,3.3529999999999998,3.388,3.318,3.3529999999999998,3.388,3.318,3.426,3.524,3.328,3.426,3.524,3.328
2023-06-17T21:00:00Z,237234,361,18176,21,21,,89,89,,861.118,861.118,,,,,0.01,2.3,2.1,2.5,8.3,8.1,8.5,6.9,6.8,7,196,198.3,193.6,550.1179999999999,536.89,563.346,156.911,153.504,160.318,20.294,16.984,23.604,0.772,0.682,0.862,0.018,0,0.036,0,0,0,2.1769999999999996,2.102,2.252,2.1769999999999996,2.102,2.252,3.085,2.81,3.36,3.085,2.81,3.36,3.107,2.836,3.378,3.107,2.836,3.378
2023-06-17T21:10:00Z,237834,360,17536,21,21,,89,89,,861.118,861.118,,,,,0.01,2.2,2.2,2.2,7.7,8.1,7.2,6.5,6.8,6.2,203.3,197.8,209.1,510.376,539.882,480.87,143.801,152.448,135.154,19.722,18.728,20.716,0.727,0.968,0.486,0.021,0,0.042,0.021,0,0.042,1.944,2.144,1.744,1.944,2.144,1.744,2.7119999999999997,2.918,2.506,2.7119999999999997,2.918,2.506,2.77,2.978,2.562,2.77,2.978,2.562
2023-06-17T21:20:00Z,238434,444,17856,21,21,,89,89,,861.08,861.08,,,,,0.01,2,1.8,2.1,7.3,7.3,7.2,6.3,6.3,6.2,208.3,207.6,209,484.563,487.932,481.194,134.738,135.83,133.646,16.346,12.69,20.002,0.5920000000000001,0.264,0.92,0.04,0,0.08,0.022,0,0.044,1.803,1.946,1.66,1.803,1.946,1.66,2.432,2.38,2.484,2.432,2.38,2.484,2.4509999999999996,2.38,2.522,2.4509999999999996,2.38,2.522
2023-06-17T21:30:00Z,239034,402,17856,21,21,,89,89,,860.978,860.978,,,,,0.01,2,2,2,6.9,7,6.7,6,6.1,5.9,213.9,211.5,216.3,457.56,468.85,446.27,129.142,133.984,124.3,18.503999999999998,17.766,19.242,0.902,1.05,0.754,0.106,0.174,0.038,0.02,0.04,0,1.553,1.454,1.652,1.553,1.454,1.652,2.365,2.162,2.568,2.365,2.162,2.568,2.483,2.334,2.632,2.483,2.334,2.632
2023-06-17T21:40:00Z,239634,362,18176,21,21,,89,89,,860.938,860.938,,,,,0.01,1.9,1.8,2.1,7,6.9,7.1,6.1,6.1,6.2,211.7,212.9,210.6,467.718,462.11,473.326,131.66,131.512,131.808,16.234,13.726,18.742,0.708,0.654,0.762,0.048,0,0.096,0,0,0,1.535,1.422,1.648,1.535,1.422,1.648,2.221,2.006,2.436,2.221,2.006,2.436,2.247,2.006,2.488,2.247,2.006,2.488
2023-06-17T21:50:00Z,240234,356,18176,21,21,,89,89,,860.84,860.84,,,,,0.01,1.7,1.7,1.8,6.5,6.7,6.2,5.8,5.9,5.6,219.4,215.8,223.2,431.896,448.596,415.196,120.874,126.6,115.148,14.789000000000001,13.842,15.736,0.6930000000000001,0.74,0.646,0.08299999999999999,0.048,0.118,0.049,0.048,0.05,1.483,1.472,1.494,1.483,1.472,1.494,2.074,2.09,2.058,2.074,2.09,2.058,2.138,2.148,2.128,2.138,2.148,2.128
2023-06-17T22:00:00Z,240834,399,17536,21,21,,89,89,,860.858,860.858,,,,,0.01,1.8,1.8,1.8,6.4,6.6,6.2,5.7,5.8,5.6,220.8,217.9,223.7,425.75800000000004,438.678,412.838,120.136,125.488,114.784,15.532,15.234,15.83,0.534,0.55,0.518,0.043,0.054,0.032,0.027,0.054,0,1.415,1.426,1.404,1.415,1.426,1.404,2.011,2.01,2.012,2.011,2.01,2.012,2.0389999999999997,2.066,2.012,2.0389999999999997,2.066,2.012
2023-06-17T22:10:00Z,241434,354,18176,21,21,,89,89,,860.972,860.972,,,,,0.01,1.7,1.7,1.8,6.1,6.3,6,5.5,5.6,5.4,224.7,222.6,226.9,408.50300000000004,417.704,399.302,114.522,118.388,110.656,15.388,13.758,17.018,0.404,0.388,0.42,0.022,0,0.044,0.022,0,0.044,1.244,1.296,1.192,1.244,1.296,1.192,1.866,1.854,1.878,1.866,1.854,1.878,1.891,1.868,1.914,1.891,1.868,1.914
2023-06-17T22:20:00Z,242034,360,17856,20.2,20.2,,89,89,,861.06,861.06,,,,,0.01,1.5,1.5,1.5,5.8,5.8,5.7,5.3,5.3,5.2,230.7,230.1,231.3,383.666,386.248,381.084,106.67500000000001,107.334,106.016,12.239999999999998,11.418,13.062,0.571,0.588,0.554,0.019,0,0.038,0,0,0,0.974,0.924,1.024,0.974,0.924,1.024,1.5230000000000001,1.448,1.598,1.5230000000000001,1.448,1.598,1.5379999999999998,1.448,1.628,1.5379999999999998,1.448,1.628
2023-06-17T22:30:00Z,242634,354,17856,20,20,,89,89,,860.996,860.996,,,,,0.01,1.5,1.5,1.6,5.7,5.9,5.6,5.2,5.3,5.1,231.1,228.5,233.8,381.823,392.58,371.066,105.282,109.136,101.428,12.879,11.376,14.382,0.6100000000000001,0.686,0.534,0.027,0.054,0,0.027,0.054,0,0.968,1.01,0.926,0.968,1.01,0.926,1.541,1.472,1.61,1.541,1.472,1.61,1.612,1.614,1.61,1.612,1.614,1.61
2023-06-17T22:40:00Z,243234,359,17856,20,20,,89,89,,860.932,860.932,,,,,0.01,1.5,1.5,1.5,5.7,6,5.4,5.2,5.4,5,231.8,227.1,236.8,379.006,398.542,359.47,105.077,111.586,98.568,12.46,11.832,13.088,0.526,0.56,0.492,0,0,0,0,0,0,0.9299999999999999,0.994,0.866,0.9299999999999999,0.994,0.866,1.4889999999999999,1.52,1.458,1.4889999999999999,1.52,1.458,1.495,1.52,1.47,1.495,1.52,1.47
2023-06-17T22:50:00Z,243834,362,18176,20,20,,90,90,,860.964,860.964,,,,,0.01,1.5,1.4,1.6,5.5,5.6,5.4,5.1,5.2,5,234.7,232.5,236.9,367.661,376.46,358.862,101.5,104.232,98.768,12.759,11.12,14.398,0.737,0.698,0.776,0.049,0.048,0.05,0.024,0.048,0,0.9359999999999999,0.698,1.174,0.9359999999999999,0.698,1.174,1.5790000000000002,1.288,1.87,1.5790000000000002,1.288,1.87,1.6400000000000001,1.374,1.906,1.6400000000000001,1.374,1.906
2023-06-17T23:00:00Z,244434,356,18176,20,20,,89.8,89.8,,860.928,860.928,,,,,0.01,1.6,1.5,1.6,5.7,5.9,5.6,5.2,5.3,5.1,231.3,229,233.7,381.067,390.434,371.7,107.02799999999999,109.798,104.258,13.527999999999999,12.328,14.728,0.664,0.684,0.644,0.094,0.138,0.05,0.026,0.052,0,1.0739999999999998,0.954,1.194,1.0739999999999998,0.954,1.194,1.673,1.52,1.826,1.673,1.52,1.826,1.7280000000000002,1.616,1.84,1.7280000000000002,1.616,1.84
2023-06-17T23:10:00Z,245034,396,17536,20,20,,89,89,,861.118,861.118,,,,,0.01,1.5,1.4,1.7,5.7,5.7,5.7,5.2,5.2,5.2,230.8,230.9,230.8,383.022,382.94,383.104,107.102,106.7,107.504,12.923,10.25,15.596,0.507,0.416,0.598,0.044,0.088,0,0.025,0.05,0,1.19,1.108,1.272,1.19,1.108,1.272,1.7999999999999998,1.566,2.034,1.7999999999999998,1.566,2.034,1.8279999999999998,1.622,2.034,1.8279999999999998,1.622,2.034
2023-06-17T23:20:00Z,245634,355,18176,20,20,,89,89,,861.118,861.118,,,,,0.01,1.7,1.5,1.8,5.9,6.1,5.8,5.4,5.5,5.3,227.6,225.5,229.7,396.48199999999997,405.34,387.624,110.657,112.366,108.948,14.440999999999999,12.112,16.77,0.48,0.642,0.318,0.08399999999999999,0.096,0.072,0.044,0.052,0.036,1.408,1.356,1.46,1.408,1.356,1.46,1.924,1.818,2.03,1.924,1.818,2.03,2.011,1.928,2.094,2.011,1.928,2.094
2023-06-17T23:30:00Z,246234,422,17856,20,20,,88.8,88.8,,860.988,860.988,,,,,0.01,1.5,1.4,1.6,5.6,5.7,5.6,5.2,5.2,5.1,232.4,231.1,233.8,376.65200000000004,381.99,371.314,106.26400000000001,105.84,106.688,12.280999999999999,9.862,14.7,0.584,0.564,0.604,0.147,0.146,0.148,0.062,0.048,0.076,1.108,0.942,1.274,1.108,0.942,1.274,1.624,1.454,1.794,1.624,1.454,1.794,1.7189999999999999,1.532,1.906,1.7189999999999999,1.532,1.906
2023-06-17T23:40:00Z,246834,402,17216,20,20,,89.2,89.2,,861.1,861.1,,,,,0.01,1.5,1.4,1.6,5.5,5.5,5.5,5.1,5.1,5.1,234.6,234.4,234.7,368.148,368.722,367.574,102.265,103.998,100.532,12.629000000000001,11.364,13.894,0.657,0.88,0.434,0.059,0.074,0.044,0.059,0.074,0.044,1.0550000000000002,1.002,1.108,1.0550000000000002,1.002,1.108,1.633,1.512,1.754,1.633,1.512,1.754,1.6920000000000002,1.572,1.812,1.6920000000000002,1.572,1.812
2023-06-17T23:50:00Z,247434,457,18176,20,20,,90,90,,861.278,861.278,,,,,0.01,1.5,1.4,1.5,5.5,5.7,5.3,5.1,5.2,4.9,235.3,231.9,238.8,365.275,378.812,351.738,102.549,106.726,98.372,12.766,11.282,14.25,0.644,0.486,0.802,0.067,0,0.134,0.05,0,0.1,1.004,1.176,0.832,1.004,1.176,0.832,1.6179999999999999,1.59,1.646,1.6179999999999999,1.59,1.646,1.696,1.64,1.752,1.696,1.64,1.752
2023-06-18T00:00:00Z,248034,355,18176,20,20,,90,90,,861.254,861.254,,,,,0.01,1.5,1.5,1.6,5.6,5.9,5.2,5.1,5.4,4.9,233.7,228.2,239.4,371.59299999999996,393.832,349.354,102.477,109.85,95.104,12.957,10.798,15.116,0.571,0.478,0.664,0.07500000000000001,0.05,0.1,0,0,0,1.086,1.37,0.802,1.086,1.37,0.802,1.601,1.824,1.378,1.601,1.824,1.378,1.6909999999999998,1.894,1.488,1.6909999999999998,1.894,1.488
2023-06-18T00:10:00Z,248634,405,17856,20,20,,90,90,,861.164,861.164,,,,,0.01,1.4,1.3,1.5,5.6,5.6,5.5,5.1,5.2,5.1,233.8,232.7,234.8,371.35,375.518,367.182,102.938,103.424,102.452,10.949,9.836,12.062,0.436,0.48,0.392,0,0,0,0,0,0,1.011,1.142,0.88,1.011,1.142,0.88,1.52,1.588,1.452,1.52,1.588,1.452,1.543,1.634,1.452,1.543,1.634,1.452
2023-06-18T00:20:00Z,249234,358,18176,20,20,,90,90,,861.176,861.176,,,,,0.01,1.6,1.4,1.8,5.8,5.7,5.9,5.3,5.2,5.3,230.4,231.7,229,384.943,379.37,390.516,107.687,106.092,109.282,13.633000000000001,10.012,17.254,0.847,0.77,0.924,0.11900000000000001,0.04,0.198,0.042,0,0.084,1.098,1.104,1.092,1.098,1.104,1.092,1.798,1.666,1.93,1.798,1.666,1.93,1.87,1.68,2.06,1.87,1.68,2.06
2023-06-18T00:30:00Z,249834,357,17856,20,20,,90,90,,861.146,861.146,,,,,0.01,1.7,1.6,1.7,6.2,6.3,6,5.5,5.7,5.4,224.2,221.4,227,410.97799999999995,423.054,398.902,114.545,117.342,111.748,14.384,12.926,15.842,0.8460000000000001,1.02,0.672,0.172,0.16,0.184,0.12,0.16,0.08,1.407,1.49,1.324,1.407,1.49,1.324,2.025,2.116,1.934,2.025,2.116,1.934,2.17,2.266,2.074,2.17,2.266,2.074
2023-06-18T00:40:00Z,250434,369,17856,20,20,,89,89,,861.164,861.164,,,,,0.01,1.7,1.5,2,6.4,6.2,6.5,5.7,5.6,5.8,221.3,223.8,218.8,423.65999999999997,412.43,434.89,118.245,115.324,121.166,15.384,11.392,19.376,0.9670000000000001,1.052,0.882,0.20700000000000002,0.184,0.23,0.161,0.184,0.138,1.448,1.31,1.586,1.447,1.31,1.584,2.135,1.854,2.416,2.135,1.854,2.416,2.331,2.062,2.6,2.331,2.062,2.6
2023-06-18T00:50:00Z,251034,352,18176,20,20,,89,89,,861.306,861.306,,,,,0.01,1.8,1.6,2,6.3,6.2,6.4,5.6,5.6,5.7,222,223.6,220.4,420.451,413.41,427.492,117.941,117.032,118.85,16.08,13.414,18.746,0.782,0.776,0.788,0.124,0.118,0.13,0.043,0,0.086,1.452,1.336,1.568,1.452,1.336,1.568,2.131,1.934,2.328,2.131,1.934,2.328,2.254,2.042,2.466,2.254,2.042,2.466
2023-06-18T01:00:00Z,251634,409,18176,20,20,,89,89,,861.458,861.458,,,,,0.01,1.8,1.6,1.9,6.4,6.4,6.4,5.7,5.7,5.7,221.1,220.9,221.3,424.374,425.238,423.51,118.144,119.542,116.746,16.222,13.574,18.87,1.218,1.414,1.022,0.187,0.294,0.08,0.12,0.24,0,1.268,1.214,1.322,1.2650000000000001,1.214,1.316,2.008,1.88,2.136,2.008,1.88,2.136,2.175,2.146,2.204,2.175,2.146,2.204
2023-06-18T01:10:00Z,252234,356,18176,20,20,,89.6,89.6,,861.526,861.526,,,,,0.01,1.8,1.6,2.1,6.3,6.2,6.4,5.6,5.6,5.7,221.9,223.4,220.5,420.66999999999996,414.392,426.948,118.416,114.492,122.34,16.979,13.132,20.826,1.194,1.146,1.242,0.174,0.142,0.206,0.11299999999999999,0.142,0.084,1.384,1.26,1.508,1.384,1.26,1.508,2.217,1.962,2.472,2.217,1.962,2.472,2.3339999999999996,2.058,2.61,2.3339999999999996,2.058,2.61
2023-06-18T01:20:00Z,252834,418,18176,20,20,,90,90,,861.676,861.676,,,,,0.01,1.9,1.7,2.1,6.5,6.3,6.8,5.8,5.6,5.9,218.9,222.5,215.4,434.356,418.298,450.414,121.75800000000001,116.926,126.59,17.969,15.954,19.984,1.141,1.256,1.026,0.225,0.318,0.132,0.111,0.222,0,1.484,1.356,1.612,1.484,1.356,1.612,2.271,2.074,2.468,2.271,2.074,2.468,2.442,2.308,2.576,2.442,2.308,2.576
2023-06-18T01:30:00Z,253434,420,17856,20,20,,90,90,,861.756,861.756,,,,,0.01,1.8,1.6,2,6.6,6.3,6.9,5.8,5.7,6,217.7,221.6,213.9,439.615,422.068,457.162,122.905,118.116,127.694,16.677,14.126,19.228,1.234,1.368,1.1,0.173,0.146,0.2,0.129,0.098,0.16,1.327,1.058,1.596,1.327,1.058,1.596,2.097,1.726,2.468,2.097,1.726,2.468,2.246,1.838,2.654,2.246,1.838,2.654
2023-06-18T01:40:00Z,254034,615,17536,20,20,,90,90,,861.81,861.81,,,,,0.01,1.8,1.6,1.9,6.4,6.4,6.4,5.7,5.7,5.7,220.5,220.8,220.2,427.12199999999996,425.938,428.306,119.455,117.722,121.188,15.719,13.45,17.988,0.962,0.76,1.164,0.118,0.054,0.182,0.072,0.054,0.09,1.238,1.036,1.44,1.238,1.036,1.44,2.056,1.748,2.364,2.056,1.748,2.364,2.153,1.818,2.488,2.153,1.818,2.488
2023-06-18T01:50:00Z,254634,370,17856,20,20,,90,90,,861.728,861.728,,,,,0.01,1.8,1.7,1.9,6.6,6.7,6.5,5.8,5.9,5.8,217.5,215.9,219,440.815,447.918,433.712,123.231,125.664,120.798,15.719000000000001,14.214,17.224,0.947,0.954,0.94,0.156,0.204,0.108,0.127,0.204,0.05,1.4900000000000002,1.372,1.608,1.4900000000000002,1.372,1.608,2.197,2.028,2.366,2.197,2.028,2.366,2.317,2.204,2.43,2.317,2.204,2.43
2023-06-18T02:00:00Z,255234,357,18176,20,20,,90,90,,861.686,861.686,,,,,0.01,1.7,1.5,1.9,6.2,6.2,6.2,5.6,5.6,5.6,223.4,223.6,223.1,414.392,413.234,415.55,114.572,114.144,115,14.843,11.844,17.842,0.8939999999999999,0.82,0.968,0.166,0.008,0.324,0.031,0.008,0.054,1.385,1.372,1.398,1.385,1.372,1.398,2.009,1.898,2.12,2.009,1.898,2.12,2.088,1.898,2.278,2.088,1.898,2.278
2023-06-18T02:10:00Z,255834,360,18176,20,20,,89.8,89.8,,861.714,861.714,,,,,0.01,1.9,1.8,1.9,6.6,6.7,6.6,5.8,5.9,5.8,217.4,216.7,218,441.196,444.234,438.158,122.06700000000001,122.058,122.076,16.988,15.418,18.558,1.1960000000000002,1.276,1.116,0.214,0.186,0.242,0.068,0.09,0.046,1.466,1.45,1.482,1.466,1.45,1.482,2.271,2.214,2.328,2.271,2.214,2.328,2.4290000000000003,2.372,2.486,2.4290000000000003,2.372,2.486
2023-06-18T02:20:00Z,256434,581,17856,20,20,,89.6,89.6,,861.694,861.694,,,,,0.01,1.9,1.7,2,6.6,6.7,6.6,5.9,5.9,5.8,217.1,216.9,217.3,442.34000000000003,443.354,441.326,122.883,123.288,122.478,16.691000000000003,14.43,18.952,1.056,1.214,0.898,0.083,0.098,0.068,0.022,0.044,0,1.5350000000000001,1.472,1.598,1.5350000000000001,1.472,1.598,2.432,2.328,2.536,2.432,2.328,2.536,2.485,2.392,2.578,2.485,2.392,2.578
2023-06-18T02:30:00Z,257034,379,18176,20,20,,90,90,,861.796,861.796,,,,,0.01,1.8,1.7,1.9,6.6,6.7,6.5,5.8,5.9,5.8,218,216.8,219.2,438.275,443.604,432.946,123.018,125.038,120.998,15.243,13.308,17.178,0.862,1.016,0.708,0.08,0.04,0.12,0.04,0.04,0.04,1.647,1.622,1.672,1.647,1.622,1.672,2.2430000000000003,2.25,2.236,2.2430000000000003,2.25,2.236,2.338,2.3,2.376,2.338,2.3,2.376
2023-06-18T02:40:00Z,257634,844,18210,20,20,,89.8,89.8,,861.784,861.784,,,,,0.01,1.8,1.8,1.9,6.6,6.8,6.4,5.8,5.9,5.7,217.8,215.2,220.5,439.08,451.188,426.972,122.53999999999999,127.142,117.938,16.493000000000002,15.198,17.788,0.967,1.23,0.704,0.092,0.134,0.05,0.045,0.09,0,1.513,1.6,1.426,1.513,1.6,1.426,2.208,2.306,2.11,2.208,2.306,2.11,2.2720000000000002,2.398,2.146,2.2720000000000002,2.398,2.146
2023-06-18T02:50:00Z,258234,826,18210,20,20,,90,90,,861.814,861.814,,,,,0.01,1.7,1.5,1.9,6.5,6.3,6.7,5.8,5.6,5.9,218.7,221.9,215.5,435.221,420.668,449.774,120.599,116.516,124.682,14.888,11.602,18.174,1.314,1.284,1.344,0.272,0.28,0.264,0.115,0.23,0,1.525,1.378,1.672,1.525,1.378,1.672,2.185,1.922,2.448,2.185,1.922,2.448,2.3899999999999997,2.182,2.598,2.3899999999999997,2.182,2.598
2023-06-18T03:00:00Z,258834,354,18176,20,20,,90,90,,861.846,861.846,,,,,0.01,1.7,1.5,1.9,6.4,6.2,6.5,5.7,5.6,5.8,221.2,223.1,219.4,423.866,415.582,432.15,115.881,115.08,116.682,14.352,11.76,16.944,0.753,0.884,0.622,0.265,0.286,0.244,0.16699999999999998,0.286,0.048,1.271,0.946,1.596,1.2690000000000001,0.946,1.592,1.905,1.588,2.222,1.905,1.588,2.222,2.103,1.84,2.366,2.103,1.84,2.366
2023-06-18T03:10:00Z,259434,358,18176,20,20,,90,90,,861.8,861.8,,,,,0.01,1.9,1.8,2,6.9,6.8,7,6,6,6.1,213.7,214.9,212.6,458.187,452.716,463.658,129.773,127.156,132.39,16.884,15.46,18.308,0.731,0.836,0.626,0.027,0,0.054,0.027,0,0.054,1.564,1.29,1.838,1.564,1.29,1.838,2.291,2.046,2.536,2.291,2.046,2.536,2.364,2.11,2.618,2.364,2.11,2.618
2023-06-18T03:20:00Z,260034,360,18176,20,20,,90,90,,861.916,861.916,,,,,0.01,1.8,1.7,1.9,6.8,6.8,6.8,6,5.9,6,214.9,215.4,214.3,452.858,450.294,455.422,127.005,126.114,127.896,15.754999999999999,13.952,17.558,1.032,0.95,1.114,0.20800000000000002,0.234,0.182,0.068,0.136,0,1.578,1.292,1.864,1.578,1.292,1.864,2.2880000000000003,1.948,2.628,2.2880000000000003,1.948,2.628,2.427,2.104,2.75,2.427,2.104,2.75
2023-06-18T03:30:00Z,260634,362,18176,20,20,,90,90,,862.036,862.036,,,,,0.01,1.7,1.6,1.9,6.6,6.7,6.5,5.8,5.9,5.8,217.8,216.6,219,439.172,444.704,433.64,124.793,128.362,121.224,14.419,11.598,17.24,0.772,0.808,0.736,0.127,0.13,0.124,0.02,0.04,0,1.397,1.356,1.438,1.397,1.356,1.438,2.047,1.866,2.228,2.047,1.866,2.228,2.107,1.932,2.282,2.107,1.932,2.282
2023-06-18T03:40:00Z,261234,417,18176,20,20,,90,90,,862.054,862.054,,,,,0.01,1.7,1.6,1.8,6.6,6.8,6.5,5.9,5.9,5.8,217.1,215.2,219.1,442.243,451.37,433.116,122.029,124.918,119.14,13.559000000000001,11.714,15.404,0.783,0.68,0.886,0.07,0.14,0,0.07,0.14,0,1.49,1.504,1.476,1.49,1.504,1.476,2.127,2.024,2.23,2.127,2.024,2.23,2.2039999999999997,2.178,2.23,2.2039999999999997,2.178,2.23
2023-06-18T03:50:00Z,261834,359,18176,20,20,,90,90,,862.042,862.042,,,,,0.01,1.8,1.7,1.8,6.7,6.8,6.6,5.9,6,5.8,216.1,214.7,217.5,447.033,453.618,440.448,124.826,127.872,121.78,14.449,12.996,15.902,0.752,0.662,0.842,0.148,0.206,0.09,0.078,0.156,0,1.487,1.516,1.458,1.487,1.516,1.458,2.1079999999999997,2.038,2.178,2.1079999999999997,2.038,2.178,2.243,2.234,2.252,2.243,2.234,2.252
2023-06-18T04:00:00Z,262434,356,18176,20,20,,90,90,,862.04,862.04,,,,,0.01,1.8,1.7,2,6.8,6.8,6.8,6,6,6,214.9,214.9,215,452.625,452.878,452.372,125.945,125.58,126.31,15.407,13.034,17.78,0.8160000000000001,0.82,0.812,0.183,0.136,0.23,0.071,0.09,0.052,1.4660000000000002,1.312,1.62,1.4660000000000002,1.312,1.62,2.0389999999999997,1.818,2.26,2.0389999999999997,1.818,2.26,2.202,1.996,2.408,2.202,1.996,2.408
2023-06-18T04:10:00Z,263034,418,17536,20,20,,90,90,,862.074,862.074,,,,,0.01,1.8,1.6,1.9,6.7,6.5,6.8,5.9,5.8,6,216.5,218.5,214.6,445.023,436.128,453.918,122.151,119.27,125.032,14.602,12.758,16.446,0.772,0.698,0.846,0.075,0.078,0.072,0.056,0.078,0.034,1.419,1.262,1.576,1.419,1.262,1.576,2.029,1.818,2.24,2.029,1.818,2.24,2.109,1.916,2.302,2.109,1.916,2.302
2023-06-18T04:20:00Z,263634,369,17856,20,20,,90,90,,861.984,861.984,,,,,0.01,1.8,1.6,1.9,6.8,6.8,6.8,6,6,5.9,215.1,214.9,215.3,451.785,452.838,450.732,124.59200000000001,125.394,123.79,14.55,11.628,17.472,0.5900000000000001,0.676,0.504,0.061,0,0.122,0.016,0,0.032,1.6400000000000001,1.746,1.534,1.6400000000000001,1.746,1.534,2.233,2.224,2.242,2.233,2.224,2.242,2.3,2.284,2.316,2.3,2.284,2.316
2023-06-18T04:30:00Z,264234,420,18176,20,20,,90,90,,861.956,861.956,,,,,0.01,1.7,1.6,1.9,6.7,6.8,6.7,5.9,5.9,5.9,215.7,215.4,216,448.903,450.408,447.398,124.036,124.34,123.732,14.091999999999999,10.912,17.272,0.55,0.784,0.316,0.067,0.134,0,0.028,0.056,0,1.629,1.634,1.624,1.629,1.634,1.624,2.1900000000000004,2.176,2.204,2.1900000000000004,2.176,2.204,2.2359999999999998,2.268,2.204,2.2359999999999998,2.268,2.204
2023-06-18T04:40:00Z,264834,420,18176,20,20,,90,90,,861.986,861.986,,,,,0.01,1.7,1.6,1.8,6.4,6.4,6.4,5.7,5.7,5.7,220.5,219.8,221.2,426.914,429.982,423.846,118.765,120.536,116.994,14.099999999999998,11.934,16.266,0.853,0.922,0.784,0.136,0.144,0.128,0.051,0.102,0,1.377,1.404,1.35,1.377,1.404,1.35,2.0389999999999997,1.992,2.086,2.0389999999999997,1.992,2.086,2.135,2.102,2.168,2.135,2.102,2.168
2023-06-18T04:50:00Z,265434,356,18176,20,20,,90,90,,862.004,862.004,,,,,0.01,1.7,1.5,1.9,6.4,6.4,6.3,5.7,5.7,5.6,221.2,220.2,222.1,424.144,428.414,419.874,118.25800000000001,119.59,116.926,14.27,11.15,17.39,0.814,0.94,0.688,0.11100000000000002,0.14,0.082,0.092,0.14,0.044,1.42,1.41,1.43,1.42,1.41,1.43,2.013,1.876,2.15,2.013,1.876,2.15,2.101,1.992,2.21,2.101,1.992,2.21
2023-06-18T05:00:00Z,266034,870,18210,20,20,,90,90,,861.982,861.982,,,,,0.01,1.7,1.6,1.8,6.7,6.8,6.6,5.9,6,5.8,216.2,215,217.5,446.61699999999996,452.4,440.834,124.041,125.008,123.074,13.514,12.162,14.866,0.8140000000000001,0.848,0.78,0.098,0.112,0.084,0.056,0.112,0,1.603,1.64,1.566,1.603,1.64,1.566,2.182,2.06,2.304,2.182,2.06,2.304,2.257,2.164,2.35,2.257,2.164,2.35
2023-06-18T05:10:00Z,266634,943,17890,20,20,,90,90,,861.982,861.982,,,,,0.01,1.8,1.7,1.9,6.6,6.7,6.4,5.8,5.9,5.7,218.3,216.3,220.4,436.80899999999997,446.278,427.34,122.043,125.854,118.232,15.207999999999998,13.472,16.944,0.625,0.656,0.594,0.035,0.034,0.036,0.017,0.034,0,1.45,1.512,1.388,1.45,1.512,1.388,2.152,2.162,2.142,2.152,2.162,2.142,2.183,2.192,2.174,2.183,2.192,2.174
2023-06-18T05:20:00Z,267234,418,17856,20,20,,90,90,,861.916,861.916,,,,,0.01,1.8,1.6,2,6.7,6.7,6.7,5.9,5.9,5.9,216.1,216.3,215.8,447.183,446.016,448.35,124.174,122.698,125.65,15.140999999999998,11.728,18.554,0.8200000000000001,0.74,0.9,0.092,0.086,0.098,0.024,0.048,0,1.6179999999999999,1.556,1.68,1.6179999999999999,1.556,1.68,2.2430000000000003,2.068,2.418,2.2430000000000003,2.068,2.418,2.326,2.154,2.498,2.326,2.154,2.498
2023-06-18T05:30:00Z,267834,355,17856,20,20,,90,90,,861.812,861.812,,,,,0.01,1.9,1.7,2.1,6.9,6.8,6.9,6,6,6,213.7,214.3,213.2,458.237,455.66,460.814,128.817,127.42,130.214,16.459,12.938,19.98,0.7070000000000001,0.478,0.936,0.046,0,0.092,0.025,0,0.05,1.767,1.706,1.828,1.767,1.706,1.828,2.406,2.216,2.596,2.406,2.216,2.596,2.4530000000000003,2.23,2.676,2.4530000000000003,2.23,2.676
2023-06-18T05:40:00Z,268434,356,18176,20,20,,90,90,,861.698,861.698,,,,,0.01,1.7,1.6,1.7,6.6,6.8,6.5,5.8,6,5.7,217.3,214.9,219.8,441.432,452.564,430.3,123.324,125.184,121.464,12.722999999999999,12.142,13.304,0.616,0.764,0.468,0.09,0.102,0.078,0.06899999999999999,0.102,0.036,1.483,1.592,1.374,1.483,1.592,1.374,1.9980000000000002,2.128,1.868,1.9980000000000002,2.128,1.868,2.0389999999999997,2.166,1.912,2.0389999999999997,2.166,1.912
2023-06-18T05:50:00Z,269035,1008,17890,20,20,,90,90,,861.624,861.624,,,,,0.01,1.8,1.7,1.9,6.8,6.8,6.9,6,6,6,214.2,214.8,213.6,455.918,452.948,458.888,126.994,128.078,125.91,14.707,12.448,16.966,0.649,0.556,0.742,0.113,0.042,0.184,0.063,0.042,0.084,1.5390000000000001,1.512,1.566,1.5390000000000001,1.512,1.566,2.174,2.072,2.276,2.174,2.072,2.276,2.2489999999999997,2.102,2.396,2.2489999999999997,2.102,2.396
2023-06-18T06:00:00Z,269635,841,17890,20,20,,90,90,,861.592,861.592,,,,,0.01,1.7,1.6,1.8,6.6,6.7,6.4,5.8,5.9,5.7,218.1,215.6,220.7,437.993,449.598,426.388,123.068,125.158,120.978,13.966,11.634,16.298,0.8580000000000001,1.096,0.62,0.07,0.09,0.05,0.045,0.09,0,1.624,1.546,1.702,1.624,1.546,1.702,2.135,2.012,2.258,2.135,2.012,2.258,2.214,2.13,2.298,2.214,2.13,2.298
2023-06-18T06:10:00Z,270235,869,17856,20,20,,90,90,,861.46,861.46,,,,,0.01,1.7,1.6,1.8,6.5,6.6,6.5,5.8,5.8,5.8,218.4,217.9,218.9,436.541,438.788,434.294,121.797,122.48,121.114,13.203,11.764,14.642,0.66,0.758,0.562,0.135,0.144,0.126,0.067,0.098,0.036,1.4220000000000002,1.302,1.542,1.42,1.302,1.538,1.914,1.798,2.03,1.914,1.798,2.03,2.024,1.932,2.116,2.024,1.932,2.116
2023-06-18T06:20:00Z,270834,890,18210,20,20,,90,90,,861.308,861.308,,,,,0.01,1.8,1.7,1.9,6.6,6.8,6.4,5.8,6,5.7,217.4,214.6,220.2,441.121,453.864,428.378,122.682,125.096,120.268,14.892,12.532,17.252,0.613,0.514,0.712,0.032,0,0.064,0.023,0,0.046,1.467,1.24,1.694,1.467,1.24,1.694,1.9989999999999999,1.726,2.272,1.9989999999999999,1.726,2.272,2.025,1.726,2.324,2.025,1.726,2.324
2023-06-18T06:30:00Z,271434,403,18176,20,20,,90,90,,861.264,861.264,,,,,0.01,1.7,1.7,1.8,6.5,6.7,6.3,5.8,5.9,5.6,218.7,215.8,221.7,435.147,448.642,421.652,121.89,125.726,118.054,13.903,12.726,15.08,0.603,0.712,0.494,0.059000000000000004,0.05,0.068,0,0,0,1.357,1.418,1.296,1.357,1.418,1.296,1.9,1.91,1.89,1.9,1.91,1.89,1.942,1.966,1.918,1.942,1.966,1.918
2023-06-18T06:40:00Z,272034,376,18210,20,20,,90,90,,861.25,861.25,,,,,0.01,1.6,1.5,1.6,6.3,6.4,6.2,5.6,5.7,5.5,222.2,220.3,224.1,419.5,427.81,411.19,117.065,119.558,114.572,11.652000000000001,9.638,13.666,0.475,0.216,0.734,0.099,0.034,0.164,0.044,0.034,0.054,1.363,1.286,1.44,1.363,1.286,1.44,1.857,1.67,2.044,1.857,1.67,2.044,1.9169999999999998,1.7,2.134,1.9169999999999998,1.7,2.134
2023-06-18T06:50:00Z,272634,807,17890,20,20,,90,90,,861.202,861.202,,,,,0.01,1.7,1.6,1.7,6.5,6.6,6.5,5.8,5.8,5.7,218.9,217.9,219.8,434.45000000000005,438.872,430.028,120.46000000000001,122.3,118.62,13.488,11.924,15.052,0.6759999999999999,0.636,0.716,0,0,0,0,0,0,1.385,1.218,1.552,1.385,1.218,1.552,1.96,1.756,2.164,1.96,1.756,2.164,1.9769999999999999,1.776,2.178,1.9769999999999999,1.776,2.178
2023-06-18T07:00:00Z,273235,1483,18210,20,20,,90,90,,861.266,861.266,,,,,0.01,1.7,1.6,1.7,6.5,6.7,6.4,5.8,5.9,5.7,218.5,216.2,220.9,435.922,446.672,425.172,121.463,124.264,118.662,13.012,11.796,14.228,0.504,0.582,0.426,0.133,0.092,0.174,0.047,0,0.094,1.6019999999999999,1.65,1.554,1.6019999999999999,1.65,1.554,1.99,2.06,1.92,1.99,2.06,1.92,2.083,2.11,2.056,2.083,2.11,2.056
2023-06-18T07:10:00Z,273834,363,17856,20,20,,90,90,,861.172,861.172,,,,,0.01,1.7,1.6,1.7,6.3,6.8,5.9,5.7,6,5.3,221.5,214.7,228.7,422.762,453.71,391.814,117.148,125.6,108.696,13.272,11.944,14.6,0.44999999999999996,0.588,0.312,0.045,0,0.09,0.025,0,0.05,1.496,1.676,1.316,1.491,1.676,1.306,1.975,2.106,1.844,1.975,2.106,1.844,2.003,2.11,1.896,2.003,2.11,1.896
2023-06-18T07:20:00Z,274434,877,17890,20,20,,90,90,,861.246,861.246,,,,,0.01,1.6,1.6,1.7,6.2,6.5,5.9,5.6,5.8,5.4,223,218.6,227.6,416.038,435.63,396.446,114.88499999999999,119.074,110.696,13.308,11.486,15.13,0.624,0.718,0.53,0.065,0.092,0.038,0.024,0.048,0,1.324,1.308,1.34,1.324,1.308,1.34,1.883,1.846,1.92,1.883,1.846,1.92,1.938,1.938,1.938,1.938,1.938,1.938
2023-06-18T07:30:00Z,275034,360,17890,19.6,19.6,,90,90,,861.242,861.242,,,,,0.01,1.6,1.5,1.7,6.3,6.5,6,5.6,5.8,5.4,222.8,219,226.8,416.825,433.762,399.888,116.336,121.676,110.996,12.176,9.846,14.506,0.432,0.39,0.474,0.113,0.1,0.126,0.046,0.044,0.048,1.4609999999999999,1.538,1.384,1.4609999999999999,1.538,1.384,1.9249999999999998,1.808,2.042,1.9249999999999998,1.808,2.042,1.987,1.872,2.102,1.987,1.872,2.102
2023-06-18T07:40:00Z,275634,882,17536,19,19,,90,90,,861.194,861.194,,,,,0.01,1.6,1.5,1.7,6.3,6.4,6.2,5.7,5.7,5.6,221.4,220,222.9,422.909,429.35,416.468,116.267,119.47,113.064,13.378,11.422,15.334,0.714,0.686,0.742,0.038,0.04,0.036,0,0,0,1.427,1.456,1.398,1.427,1.456,1.398,1.9889999999999999,1.928,2.05,1.9889999999999999,1.928,2.05,2.042,1.972,2.112,2.042,1.972,2.112
2023-06-18T07:50:00Z,276234,354,17216,19,19,,90,90,,861.11,861.11,,,,,0.01,1.6,1.5,1.7,6.2,6.3,6.1,5.6,5.6,5.5,223.8,221.7,225.9,412.711,421.874,403.548,114.262,115.694,112.83,12.780999999999999,11.01,14.552,0.42000000000000004,0.386,0.454,0.07100000000000001,0.048,0.094,0.047,0.048,0.046,1.421,1.47,1.372,1.419,1.466,1.372,1.904,1.872,1.936,1.904,1.872,1.936,1.954,1.892,2.016,1.954,1.892,2.016
2023-06-18T08:00:00Z,276834,416,18176,19,19,,90,90,,861.21,861.21,,,,,0.01,1.7,1.6,1.8,6.5,6.5,6.4,5.7,5.8,5.7,219.8,218.6,221.1,430.021,435.672,424.37,119.072,120.062,118.082,14.279,11.892,16.666,0.6799999999999999,0.598,0.762,0.066,0,0.132,0.018,0,0.036,1.388,1.524,1.252,1.388,1.524,1.252,1.995,1.97,2.02,1.995,1.97,2.02,2.064,1.97,2.158,2.064,1.97,2.158
2023-06-18T08:10:00Z,277434,354,18176,19,19,,90,90,,861.252,861.252,,,,,0.01,1.6,1.5,1.7,6.4,6.4,6.3,5.7,5.7,5.6,221.2,220.6,221.8,423.911,426.448,421.374,117.3,119.8,114.8,12.496,10.438,14.554,0.461,0.536,0.386,0.049,0.054,0.044,0.027,0.054,0,1.399,1.364,1.434,1.399,1.364,1.434,1.887,1.782,1.992,1.887,1.782,1.992,1.9579999999999997,1.898,2.018,1.9579999999999997,1.898,2.018
2023-06-18T08:20:00Z,278034,354,17856,19,19,,90,90,,861.196,861.196,,,,,0.01,1.7,1.6,1.7,6.6,6.8,6.5,5.8,6,5.7,217.4,215,219.8,441.202,452.156,430.248,120.271,124.256,116.286,12.949,11.046,14.852,0.523,0.512,0.534,0.042,0.084,0,0,0,0,1.6099999999999999,1.628,1.592,1.6099999999999999,1.628,1.592,2.105,2.094,2.116,2.105,2.094,2.116,2.135,2.154,2.116,2.135,2.154,2.116
2023-06-18T08:30:00Z,278634,423,18176,19,19,,90,90,,861.224,861.224,,,,,0.01,1.7,1.6,1.9,6.9,6.9,6.8,6,6,6,213.9,213.1,214.6,457.438,461,453.876,127.03,130.074,123.986,13.258,10.748,15.768,0.482,0.62,0.344,0.043,0.044,0.042,0.043,0.044,0.042,1.5910000000000002,1.566,1.616,1.5910000000000002,1.566,1.616,2.1470000000000002,2.116,2.178,2.1470000000000002,2.116,2.178,2.176,2.156,2.196,2.176,2.156,2.196
2023-06-18T08:40:00Z,279234,369,18176,19,19,,90,90,,861.238,861.238,,,,,0.01,1.7,1.5,1.8,6.6,6.7,6.5,5.8,5.9,5.8,218,216.6,219.4,438.424,444.686,432.162,121.267,123.518,119.016,13.235999999999999,10.11,16.362,0.626,0.686,0.566,0.155,0.19,0.12,0.095,0.144,0.046,1.404,1.464,1.344,1.4020000000000001,1.464,1.34,1.81,1.712,1.908,1.81,1.712,1.908,1.926,1.882,1.97,1.926,1.882,1.97
2023-06-18T08:50:00Z,279834,414,17536,19,19,,89.8,89.8,,861.34,861.34,,,,,0.01,1.7,1.6,1.8,6.7,6.8,6.6,5.9,5.9,5.8,216.7,215.3,218.1,444.284,450.852,437.716,123.267,126.148,120.386,14.122,11.88,16.364,1.018,0.886,1.15,0.065,0.13,0,0.065,0.13,0,1.5,1.382,1.618,1.5,1.382,1.618,2.138,1.892,2.384,2.138,1.892,2.384,2.199,2.014,2.384,2.199,2.014,2.384
2023-06-18T09:00:00Z,280434,360,17856,19,19,,90,90,,861.426,861.426,,,,,0.01,1.6,1.7,1.6,6.5,6.9,6.2,5.8,6,5.6,218.4,213.3,223.7,436.461,460.04,412.882,121.499,128.804,114.194,12.742999999999999,11.988,13.498,0.5589999999999999,0.614,0.504,0.189,0.196,0.182,0.10300000000000001,0.158,0.048,1.456,1.414,1.498,1.456,1.414,1.498,1.966,1.892,2.04,1.966,1.892,2.04,2.106,2.04,2.172,2.106,2.04,2.172
2023-06-18T09:10:00Z,281034,423,17856,19,19,,90,90,,861.562,861.562,,,,,0.01,1.6,1.6,1.7,6.5,6.5,6.4,5.7,5.8,5.7,219.7,218.6,220.8,430.663,435.452,425.874,118.326,121.276,115.376,12.953,11.186,14.72,0.59,0.462,0.718,0.138,0.052,0.224,0.023,0,0.046,1.3199999999999998,1.424,1.216,1.3199999999999998,1.424,1.216,1.865,1.888,1.842,1.865,1.888,1.842,1.9609999999999999,1.96,1.962,1.9609999999999999,1.96,1.962
2023-06-18T09:20:00Z,281634,358,17856,19,19,,90,90,,861.398,861.398,,,,,0.01,1.7,1.6,1.8,6.6,6.7,6.4,5.8,5.9,5.7,217.7,215.5,219.9,439.69100000000003,449.832,429.55,120.821,122.39,119.252,13.396,11.33,15.462,0.559,0.444,0.674,0.037,0,0.074,0.019,0,0.038,1.377,1.382,1.372,1.377,1.382,1.372,1.951,1.874,2.028,1.951,1.874,2.028,1.98,1.874,2.086,1.98,1.874,2.086
2023-06-18T09:30:00Z,282234,418,17856,19,19,,90,90,,861.418,861.418,,,,,0.01,1.6,1.5,1.7,6.5,6.7,6.3,5.8,5.9,5.6,219.2,215.8,222.8,432.706,448.516,416.896,119.12899999999999,122.36,115.898,11.604,9.894,13.314,0.544,0.752,0.336,0.07400000000000001,0.098,0.05,0.024,0.048,0,1.438,1.39,1.486,1.438,1.39,1.486,1.955,1.856,2.054,1.955,1.856,2.054,1.9949999999999999,1.932,2.058,1.9949999999999999,1.932,2.058
2023-06-18T09:40:00Z,282834,360,18176,19,19,,90,90,,861.482,861.482,,,,,0.01,1.7,1.6,1.8,6.6,6.8,6.5,5.9,6,5.7,217.2,214.7,219.7,441.99199999999996,453.428,430.556,123.197,127.526,118.868,12.768,10.82,14.716,0.482,0.598,0.366,0.053,0.088,0.018,0.032,0.046,0.018,1.5979999999999999,1.552,1.644,1.5979999999999999,1.552,1.644,2.072,2.036,2.108,2.072,2.036,2.108,2.123,2.12,2.126,2.123,2.12,2.126
2023-06-18T09:50:00Z,283435,417,17570,19,19,,90,90,,861.51,861.51,,,,,0.01,1.6,1.5,1.8,6.6,6.5,6.6,5.8,5.8,5.8,218.4,219.2,217.6,436.673,433.092,440.254,119.955,118.58,121.33,12.2,9.788,14.612,0.508,0.414,0.602,0.054000000000000006,0.038,0.07,0.054000000000000006,0.038,0.07,1.38,1.196,1.564,1.38,1.196,1.564,1.904,1.666,2.142,1.904,1.666,2.142,1.968,1.732,2.204,1.968,1.732,2.204
2023-06-18T10:00:00Z,284034,963,18176,19,19,,90,90,,861.522,861.522,,,,,0.01,1.7,1.6,1.8,6.7,6.8,6.7,5.9,5.9,5.9,215.7,215.4,215.9,449.129,450.108,448.15,123.463,123.678,123.248,12.667,10.642,14.692,0.481,0.398,0.564,0.039,0,0.078,0.018,0,0.036,1.4900000000000002,1.366,1.614,1.4900000000000002,1.366,1.614,1.966,1.742,2.19,1.966,1.742,2.19,2.023,1.768,2.278,2.023,1.768,2.278
2023-06-18T10:10:00Z,284634,372,17856,19,19,,90,90,,861.51,861.51,,,,,0.01,1.7,1.7,1.8,6.9,7.1,6.6,6,6.2,5.8,213.9,210.5,217.5,457.26599999999996,473.89,440.642,127.68700000000001,132.08,123.294,13.440000000000001,11.448,15.432,0.45,0.354,0.546,0.043,0.052,0.034,0.026,0.052,0,1.626,1.56,1.692,1.626,1.56,1.692,2.1310000000000002,1.984,2.278,2.1310000000000002,1.984,2.278,2.1790000000000003,2.036,2.322,2.1790000000000003,2.036,2.322
2023-06-18T10:20:00Z,285234,477,17856,19,19,,90,90,,861.572,861.572,,,,,0.01,1.8,1.7,1.9,7,7.1,6.9,6.1,6.1,6,212.5,211.2,213.8,463.88599999999997,470.134,457.638,128.293,131.158,125.428,13.858,11.812,15.904,0.46699999999999997,0.44,0.494,0.044,0,0.088,0.044,0,0.088,1.684,1.7,1.668,1.684,1.7,1.668,2.178,2.116,2.24,2.178,2.116,2.24,2.245,2.154,2.336,2.245,2.154,2.336
2023-06-18T10:30:00Z,285834,485,17536,19,19,,90,90,,861.538,861.538,,,,,0.01,1.7,1.6,1.8,6.7,6.8,6.6,5.9,6,5.8,216.2,214.8,217.6,446.48900000000003,452.908,440.07,124.226,125.13,123.322,13.491,11.208,15.774,0.485,0.518,0.452,0.048,0,0.096,0,0,0,1.488,1.41,1.566,1.488,1.41,1.566,2.082,1.916,2.248,2.082,1.916,2.248,2.0999999999999996,1.916,2.284,2.0999999999999996,1.916,2.284
2023-06-18T10:40:00Z,286434,363,17536,19,19,,90,90,,861.524,861.524,,,,,0.01,1.7,1.7,1.8,6.9,7.3,6.5,6,6.3,5.8,213.8,208.4,219.4,458.085,484.186,431.984,127.072,135.408,118.736,13.615,11.928,15.302,0.618,0.67,0.566,0.025,0.05,0,0,0,0,1.447,1.542,1.352,1.445,1.538,1.352,2.025,2.046,2.004,2.025,2.046,2.004,2.036,2.068,2.004,2.036,2.068,2.004
2023-06-18T10:50:00Z,287034,360,17856,19,19,,90,90,,861.58,861.58,,,,,0.01,1.7,1.5,1.9,7,7,7,6.1,6.1,6.1,212.4,212.4,212.4,464.451,464.58,464.322,127.879,127.852,127.906,12.944,9.692,16.196,0.38,0.276,0.484,0,0,0,0,0,0,1.5779999999999998,1.396,1.76,1.5779999999999998,1.396,1.76,2.037,1.82,2.254,2.037,1.82,2.254,2.045,1.82,2.27,2.045,1.82,2.27
2023-06-18T11:00:00Z,287635,1210,18210,19,19,,90,90,,861.758,861.758,,,,,0.01,1.8,1.7,1.9,6.9,7.1,6.7,6,6.2,5.9,213.3,210.4,216.2,460.347,474.232,446.462,127.068,130.564,123.572,14.516,12.044,16.988,0.642,0.55,0.734,0.067,0.058,0.076,0.02,0,0.04,1.542,1.53,1.554,1.542,1.53,1.554,2.114,2.03,2.198,2.114,2.03,2.198,2.162,2.068,2.256,2.162,2.068,2.256
2023-06-18T11:10:00Z,288234,554,17856,19,19,,90,90,,861.726,861.726,,,,,0.01,1.6,1.6,1.6,6.6,7,6.1,5.8,6.1,5.5,217.8,211.4,224.7,439.159,469.596,408.722,121.914,131.252,112.576,12.585,11.372,13.798,0.533,0.602,0.464,0.07500000000000001,0.05,0.1,0.05,0.05,0.05,1.369,1.61,1.128,1.369,1.61,1.128,1.853,2.082,1.624,1.853,2.082,1.624,1.9340000000000002,2.132,1.736,1.9340000000000002,2.132,1.736
2023-06-18T11:20:00Z,288834,375,17536,19,19,,90,90,,861.836,861.836,,,,,0.01,1.7,1.6,1.9,6.7,6.8,6.6,5.9,6,5.8,216.2,214.9,217.5,446.60400000000004,452.708,440.5,124.071,125.242,122.9,13.464,10.364,16.564,0.338,0.396,0.28,0.026,0.052,0,0,0,0,1.595,1.506,1.684,1.595,1.506,1.684,2.067,1.98,2.154,2.067,1.98,2.154,2.127,2.034,2.22,2.127,2.034,2.22
2023-06-18T11:30:00Z,289434,357,17856,19,19,,90,90,,862.038,862.038,,,,,0.01,1.8,1.7,1.9,7.1,7.3,6.9,6.2,6.3,6,210.8,208.4,213.2,472.517,484.222,460.812,130.143,134.516,125.77,14.076999999999998,11.588,16.566,0.522,0.524,0.52,0.081,0.084,0.078,0.042,0.084,0,1.714,1.786,1.642,1.708,1.774,1.642,2.2110000000000003,2.164,2.258,2.2110000000000003,2.164,2.258,2.2720000000000002,2.238,2.306,2.2720000000000002,2.238,2.306
2023-06-18T11:40:00Z,290034,365,17856,19,19,,90,90,,862.082,862.082,,,,,0.01,1.7,1.6,1.8,7,7.2,6.8,6.1,6.3,6,211.3,208.6,214.2,469.68,483.184,456.176,127.106,132,122.212,12.850000000000001,10.486,15.214,0.656,0.538,0.774,0.159,0.102,0.216,0.06999999999999999,0.102,0.038,1.608,1.766,1.45,1.608,1.766,1.45,2.151,2.252,2.05,2.151,2.252,2.05,2.25,2.31,2.19,2.25,2.31,2.19
2023-06-18T11:50:00Z,290634,357,17536,19,19,,90,90,,862.18,862.18,,,,,0.01,1.8,1.7,1.9,7.1,7.2,7,6.1,6.2,6.1,211,209.8,212.3,471.11400000000003,477.182,465.046,130.324,133.394,127.254,14.131,11.888,16.374,0.646,0.558,0.734,0.073,0.038,0.108,0.019,0.038,0,1.686,1.548,1.824,1.686,1.548,1.824,2.29,2.106,2.474,2.29,2.106,2.474,2.3369999999999997,2.132,2.542,2.3369999999999997,2.132,2.542
2023-06-18T12:00:00Z,291234,625,17536,19,19,,90,90,,862.298,862.298,,,,,0.01,1.9,1.7,2,7.3,7.4,7.3,6.3,6.3,6.3,207.6,206.8,208.3,488.324,492.254,484.394,135.35,137.744,132.956,14.954,12.334,17.574,0.597,0.584,0.61,0,0,0,0,0,0,1.9,1.932,1.868,1.9,1.932,1.868,2.432,2.376,2.488,2.432,2.376,2.488,2.447,2.406,2.488,2.447,2.406,2.488
2023-06-18T12:10:00Z,291834,355,17856,19,19,,90,90,,862.382,862.382,,,,,0.01,1.9,1.8,2,7.4,7.5,7.3,6.4,6.4,6.3,206.5,205,208,493.804,501.464,486.144,137.357,138.716,135.998,15.158000000000001,12.524,17.792,0.811,0.812,0.81,0.115,0.096,0.134,0.026,0.052,0,1.7269999999999999,1.688,1.766,1.7269999999999999,1.688,1.766,2.387,2.228,2.546,2.387,2.228,2.546,2.475,2.318,2.632,2.475,2.318,2.632
2023-06-18T12:20:00Z,292434,549,17856,19,19,,90,90,,862.29,862.29,,,,,0.01,1.9,1.7,2,7.5,7.6,7.4,6.4,6.5,6.4,205.3,203.9,206.6,500.031,506.85,493.212,138.31799999999998,141.958,134.678,13.919,11.454,16.384,0.566,0.708,0.424,0.023,0,0.046,0.023,0,0.046,1.681,1.602,1.76,1.681,1.602,1.76,2.235,2.154,2.316,2.235,2.154,2.316,2.27,2.188,2.352,2.27,2.188,2.352
2023-06-18T12:30:00Z,293035,1121,17570,19,19,,89.8,89.8,,862.202,862.202,,,,,0.01,1.9,1.9,2,7.1,7.4,6.8,6.2,6.4,6,210.6,206.3,215,473.48699999999997,494.694,452.28,132.387,138.796,125.978,16.104,14.618,17.59,0.8140000000000001,0.968,0.66,0.09000000000000001,0.14,0.04,0.024,0.048,0,1.626,1.79,1.462,1.626,1.79,1.462,2.282,2.366,2.198,2.282,2.366,2.198,2.3680000000000003,2.508,2.228,2.3680000000000003,2.508,2.228
2023-06-18T12:40:00Z,293634,360,17856,19,19,,90,90,,862.198,862.198,,,,,0.01,1.8,1.7,2,7.3,7.5,7.2,6.3,6.4,6.2,207.6,205.6,209.6,488.227,498.146,478.308,135.08800000000002,140.054,130.122,14.219999999999999,11.214,17.226,0.754,0.896,0.612,0.078,0.114,0.042,0.057,0.114,0,1.706,1.632,1.78,1.706,1.632,1.78,2.3810000000000002,2.248,2.514,2.3810000000000002,2.248,2.514,2.425,2.312,2.538,2.425,2.312,2.538
2023-06-18T12:50:00Z,294234,768,18176,19,19,,90,90,,862.272,862.272,,,,,0.01,2,1.9,2,7.4,7.7,7.2,6.4,6.5,6.2,206.3,203.2,209.6,494.575,510.94,478.21,137.51,145.284,129.736,16.282,14.882,17.682,0.626,0.578,0.674,0.041,0.048,0.034,0.024,0.048,0,1.7839999999999998,1.922,1.646,1.7839999999999998,1.922,1.646,2.404,2.53,2.278,2.404,2.53,2.278,2.451,2.564,2.338,2.451,2.564,2.338
2023-06-18T13:00:00Z,294834,356,18176,19,19,,89.4,89.4,,862.246,862.246,,,,,0.01,2.1,2,2.2,8,8.3,7.7,6.7,6.9,6.6,198.7,195.3,202.2,534.923,553.846,516,149.886,156.154,143.618,16.878999999999998,14.328,19.43,0.628,0.64,0.616,0.067,0.086,0.048,0.043,0.086,0,2.028,1.936,2.12,2.028,1.936,2.12,2.6950000000000003,2.512,2.878,2.6950000000000003,2.512,2.878,2.746,2.594,2.898,2.746,2.594,2.898
2023-06-18T13:10:00Z,295434,563,17856,19,19,,89,89,,862.234,862.234,,,,,0.01,2.1,2,2.1,8.2,8.4,7.9,6.8,7,6.7,197,194.3,199.8,544.4000000000001,559.71,529.09,151.05700000000002,154.644,147.47,16.032,14.656,17.408,0.791,1.098,0.484,0.145,0.246,0.044,0.11699999999999999,0.19,0.044,2.047,1.986,2.108,2.047,1.986,2.108,2.6929999999999996,2.622,2.764,2.6929999999999996,2.622,2.764,2.823,2.858,2.788,2.823,2.858,2.788
2023-06-18T13:20:00Z,296034,628,18176,19,19,,89,89,,862.316,862.316,,,,,0.01,2.3,2.2,2.3,8.2,8.6,7.9,6.9,7.1,6.7,196.1,192.2,200.2,549.108,571.658,526.558,155.12099999999998,162.196,148.046,19.253,17.8,20.706,0.74,0.742,0.738,0.075,0.104,0.046,0,0,0,2.224,2.212,2.236,2.224,2.212,2.236,3.023,2.866,3.18,3.023,2.866,3.18,3.0810000000000004,2.954,3.208,3.0810000000000004,2.954,3.208
2023-06-18T13:30:00Z,296634,356,17856,19,19,,89,89,,862.458,862.458,,,,,0.01,2.2,2,2.4,8.3,8.3,8.3,6.9,6.9,6.9,195.4,195.4,195.4,553.367,553.214,553.52,153.088,153.458,152.718,18.625999999999998,14.892,22.36,0.6890000000000001,0.696,0.682,0.025,0.05,0,0.025,0.05,0,2.168,2.16,2.176,2.168,2.16,2.176,3.013,2.892,3.134,3.013,2.892,3.134,3.029,2.924,3.134,3.029,2.924,3.134
2023-06-18T13:40:00Z,297234,356,17856,19,19,,89.4,89.4,,862.596,862.596,,,,,0.01,2.3,2.2,2.4,8.7,8.9,8.4,7.1,7.3,7,190.9,188.1,193.7,579.708,596.38,563.036,162.03300000000002,167.77,156.296,19.257,16.638,21.876,0.84,0.854,0.826,0.025,0.05,0,0,0,0,2.4210000000000003,2.422,2.42,2.4210000000000003,2.422,2.42,3.224,3.174,3.274,3.224,3.174,3.274,3.26,3.21,3.31,3.26,3.21,3.31
2023-06-18T13:50:00Z,297834,360,17856,19,19,,90,90,,862.914,862.914,,,,,0.01,2.3,2.2,2.4,8.6,8.7,8.5,7.1,7.1,7.1,191.8,190.9,192.6,574.379,579.342,569.416,161.437,164.086,158.788,19.231,17.608,20.854,0.746,0.958,0.534,0.084,0.04,0.128,0.047,0.04,0.054,2.331,2.368,2.294,2.331,2.368,2.294,3.106,3.118,3.094,3.106,3.118,3.094,3.181,3.18,3.182,3.181,3.18,3.182
2023-06-18T14:00:00Z,298434,420,18176,19,19,,90,90,,862.944,862.944,,,,,0.01,2.5,2.4,2.6,8.7,8.8,8.7,7.2,7.2,7.2,190.4,190.2,190.5,582.4680000000001,583.346,581.59,164.63400000000001,166.532,162.736,22.547,20.204,24.89,1.141,1.162,1.12,0.20600000000000002,0.25,0.162,0.131,0.168,0.094,2.463,2.404,2.522,2.463,2.404,2.522,3.3819999999999997,3.252,3.512,3.3819999999999997,3.252,3.512,3.548,3.448,3.648,3.548,3.448,3.648
2023-06-18T14:10:00Z,299035,1083,17890,19,19,,89.8,89.8,,863.01,863.01,,,,,0.01,2.5,2.3,2.6,9,9.1,8.9,7.3,7.4,7.3,187.5,186.5,188.5,599.9359999999999,605.944,593.928,167.716,171.882,163.55,21.079,17.802,24.356,0.7709999999999999,0.816,0.726,0.154,0.218,0.09,0.118,0.186,0.05,2.4290000000000003,2.294,2.564,2.4290000000000003,2.294,2.564,3.232,3.086,3.378,3.232,3.086,3.378,3.382,3.266,3.498,3.382,3.266,3.498
2023-06-18T14:20:00Z,299634,359,17536,19,19,,89.8,89.8,,862.838,862.838,,,,,0.01,2.5,2.4,2.6,9.1,9.2,9,7.4,7.4,7.3,186.5,185.3,187.8,605.941,613.93,597.952,171.655,174.9,168.41,21.87,19.838,23.902,0.9380000000000001,1.076,0.8,0.163,0.242,0.084,0.09,0.146,0.034,2.5229999999999997,2.44,2.606,2.5229999999999997,2.44,2.606,3.404,3.298,3.51,3.404,3.298,3.51,3.532,3.498,3.566,3.532,3.498,3.566
2023-06-18T14:30:00Z,300234,358,18176,19,19,,89,89,,862.778,862.778,,,,,0.01,2.4,2.2,2.7,9.1,9,9.3,7.4,7.3,7.5,186.2,188,184.5,607.8240000000001,597.056,618.592,170.874,168.124,173.624,20.579,16.36,24.798,1.1,0.988,1.212,0.134,0.186,0.082,0.044,0.088,0,2.387,2.068,2.706,2.387,2.068,2.706,3.333,2.862,3.804,3.333,2.862,3.804,3.44,3.008,3.872,3.44,3.008,3.872
2023-06-18T14:40:00Z,300834,358,17856,19,19,,89,89,,862.77,862.77,,,,,0.01,2.6,2.5,2.6,9.2,9.5,8.8,7.4,7.6,7.2,185.5,181.9,189.2,612.558,635.688,589.428,172.63,179.352,165.908,21.78,19.698,23.862,0.649,0.644,0.654,0.091,0.136,0.046,0.043,0.086,0,2.5839999999999996,2.522,2.646,2.5839999999999996,2.522,2.646,3.407,3.274,3.54,3.407,3.274,3.54,3.491,3.414,3.568,3.491,3.414,3.568
2023-06-18T14:50:00Z,301435,363,18210,19,19,,89,89,,862.77,862.77,,,,,0.01,2.5,2.4,2.5,9,9.4,8.7,7.3,7.5,7.1,187.2,183.6,190.9,601.838,624.468,579.208,167.739,174.508,160.97,20.86,19.312,22.408,0.768,1.03,0.506,0.035,0,0.07,0,0,0,2.4640000000000004,2.47,2.458,2.4640000000000004,2.47,2.458,3.3680000000000003,3.402,3.334,3.3680000000000003,3.402,3.334,3.4059999999999997,3.44,3.372,3.4059999999999997,3.44,3.372
2023-06-18T15:00:00Z,302034,1005,18176,19,19,,89,89,,862.796,862.796,,,,,0.01,2.6,2.5,2.6,9.1,9.2,9.1,7.4,7.4,7.4,185.9,185.2,186.7,609.842,614.504,605.18,172.054,173.584,170.524,22.515,21.678,23.352,0.9179999999999999,0.948,0.888,0.043,0,0.086,0.02,0,0.04,2.548,2.622,2.474,2.548,2.622,2.474,3.444,3.406,3.482,3.444,3.406,3.482,3.4619999999999997,3.406,3.518,3.4619999999999997,3.406,3.518
2023-06-18T15:10:00Z,302634,354,18176,19,19,,89,89,,862.74,862.74,,,,,0.01,2.6,2.4,2.8,9.3,9.3,9.3,7.5,7.5,7.5,184.3,183.9,184.6,620.337,622.36,618.314,174.899,176.076,173.722,23.174999999999997,19.592,26.758,0.981,0.972,0.99,0.127,0.088,0.166,0.018,0,0.036,2.6950000000000003,2.552,2.838,2.6950000000000003,2.552,2.838,3.543,3.286,3.8,3.543,3.286,3.8,3.65,3.36,3.94,3.65,3.36,3.94
2023-06-18T15:20:00Z,303234,559,17536,19,19,,89,89,,862.766,862.766,,,,,0.01,2.5,2.2,2.8,8.9,8.9,9,7.3,7.3,7.3,188.2,188.6,187.7,595.809,592.984,598.634,166.36,165.78,166.94,22.027,16.606,27.448,0.8140000000000001,0.934,0.694,0.103,0.206,0,0.103,0.206,0,2.524,2.406,2.642,2.524,2.406,2.642,3.38,3.068,3.692,3.38,3.068,3.692,3.488,3.256,3.72,3.488,3.256,3.72
2023-06-18T15:30:00Z,303834,417,17536,19,19,,89,89,,862.73,862.73,,,,,0.01,2.7,2.4,2.9,9.2,9.2,9.2,7.4,7.4,7.4,185.5,185.3,185.7,612.5540000000001,613.94,611.168,173.52,173.686,173.354,24.121000000000002,19.998,28.244,0.731,0.864,0.598,0.08199999999999999,0.118,0.046,0.041,0.082,0,2.6950000000000003,2.6,2.79,2.6950000000000003,2.6,2.79,3.707,3.418,3.996,3.707,3.418,3.996,3.7560000000000002,3.498,4.014,3.7560000000000002,3.498,4.014
2023-06-18T15:40:00Z,304434,360,17856,19,19,,89,89,,862.786,862.786,,,,,0.01,2.5,2.4,2.6,9.1,9.2,8.9,7.4,7.5,7.3,186.8,185,188.6,604.265,615.376,593.154,171.61,175.624,167.596,21.991999999999997,19.77,24.214,1.029,0.782,1.276,0.186,0.186,0.186,0.049,0.05,0.048,2.476,2.478,2.474,2.476,2.478,2.474,3.4139999999999997,3.266,3.562,3.4139999999999997,3.266,3.562,3.544,3.416,3.672,3.544,3.416,3.672
2023-06-18T15:50:00Z,305034,364,18176,19,19,,89,89,,862.818,862.818,,,,,0.01,2.5,2.3,2.6,8.9,9,8.8,7.3,7.3,7.2,188.4,187.7,189.2,594.2239999999999,598.834,589.614,167.769,170.516,165.022,21.393,18.52,24.266,0.9929999999999999,0.818,1.168,0.09,0.038,0.142,0.027,0,0.054,2.5090000000000003,2.354,2.664,2.5090000000000003,2.354,2.664,3.372,3.136,3.608,3.372,3.136,3.608,3.4530000000000003,3.182,3.724,3.4530000000000003,3.182,3.724
2023-06-18T16:00:00Z,305635,932,18210,19,19,,89,89,,862.924,862.924,,,,,0.01,2.5,2.3,2.7,9.1,9.3,8.9,7.4,7.5,7.2,186.8,184.8,188.9,604.189,616.882,591.496,170.49,172.41,168.57,21.942,18.252,25.632,1.151,1.052,1.25,0.091,0.052,0.13,0.06999999999999999,0.052,0.088,2.63,2.626,2.634,2.63,2.626,2.634,3.552,3.41,3.694,3.552,3.41,3.694,3.636,3.486,3.786,3.636,3.486,3.786
2023-06-18T16:10:00Z,306234,360,17856,19,19,,89,89,,862.984,862.984,,,,,0.01,2.7,2.5,2.9,9.5,9.7,9.3,7.6,7.7,7.5,182.2,180.1,184.4,633.557,647.686,619.428,178.92700000000002,183.102,174.752,23.751,19.76,27.742,0.924,0.5,1.348,0.02,0,0.04,0,0,0,2.755,2.686,2.824,2.755,2.686,2.824,3.835,3.65,4.02,3.835,3.65,4.02,3.8529999999999998,3.65,4.056,3.8529999999999998,3.65,4.056
2023-06-18T16:20:00Z,306834,924,18210,19,19,,89,89,,863.056,863.056,,,,,0.01,2.6,2.4,2.9,9.3,9.2,9.4,7.5,7.5,7.5,184.2,185,183.4,620.546,615.338,625.754,174.49900000000002,173.644,175.354,22.851,18.542,27.16,0.8200000000000001,0.636,1.004,0.055,0,0.11,0,0,0,2.5620000000000003,2.346,2.778,2.5620000000000003,2.346,2.778,3.55,3.196,3.904,3.55,3.196,3.904,3.6029999999999998,3.206,4,3.6029999999999998,3.206,4
2023-06-18T16:30:00Z,307434,897,18210,19,19,,89,89,,863.056,863.056,,,,,0.01,2.4,2.3,2.5,8.9,9.2,8.6,7.3,7.5,7.1,188.3,184.9,191.8,595.2370000000001,616.422,574.052,167.963,176.272,159.654,20.545,17.722,23.368,0.7370000000000001,0.538,0.936,0.007,0,0.014,0,0,0,2.465,2.672,2.258,2.465,2.672,2.258,3.399,3.464,3.334,3.399,3.464,3.334,3.404,3.464,3.344,3.404,3.464,3.344
2023-06-18T16:40:00Z,308034,356,17856,19,19,,89,89,,863.098,863.098,,,,,0.01,2.4,2.1,2.7,8.5,8.5,8.4,7,7,7,193.6,193.1,194.1,563.64,566.54,560.74,159.50900000000001,162.002,157.016,20.84,14.942,26.738,0.9239999999999999,0.678,1.17,0.149,0.088,0.21,0.016,0,0.032,2.3280000000000003,2.314,2.342,2.3280000000000003,2.314,2.342,3.234,2.952,3.516,3.234,2.952,3.516,3.2990000000000004,2.97,3.628,3.2990000000000004,2.97,3.628
2023-06-18T16:50:00Z,308634,607,18176,19,19,,89,89,,863.154,863.154,,,,,0.01,2.4,2.2,2.5,8.3,8.4,8.2,6.9,7,6.9,195.1,194.1,196.1,555.139,560.98,549.298,156.176,158.482,153.87,20.631,17.212,24.05,0.7270000000000001,0.768,0.686,0.067,0.04,0.094,0,0,0,2.24,2.302,2.178,2.24,2.302,2.178,3.0999999999999996,3.062,3.138,3.0999999999999996,3.062,3.138,3.161,3.122,3.2,3.161,3.122,3.2
2023-06-18T17:00:00Z,309234,355,17856,19,19,,89,89,,863.23,863.23,,,,,0.01,2.3,2.2,2.3,8.4,8.5,8.3,7,7,6.9,194.3,192.9,195.7,559.662,567.806,551.518,155.42700000000002,159.436,151.418,18.880000000000003,17.478,20.282,0.753,0.664,0.842,0.108,0.182,0.034,0.024,0.048,0,2.08,2.196,1.964,2.08,2.196,1.964,2.87,2.896,2.844,2.87,2.896,2.844,2.945,3.022,2.868,2.945,3.022,2.868
2023-06-18T17:10:00Z,309834,359,18176,19,19,,89,89,,863.292,863.292,,,,,0.01,2.4,2.4,2.5,8.4,8.6,8.2,7,7.1,6.9,194.5,192.5,196.5,558.639,570.13,547.148,156.888,160.78,152.996,21.705,19.912,23.498,0.837,0.676,0.998,0.208,0.236,0.18,0.161,0.194,0.128,2.2110000000000003,2.222,2.2,2.2110000000000003,2.222,2.2,3.128,3.064,3.192,3.128,3.064,3.192,3.282,3.234,3.33,3.282,3.234,3.33
2023-06-18T17:20:00Z,310434,655,17856,19,19,,89,89,,863.38,863.38,,,,,0.01,2.2,2,2.4,8.1,8,8.2,6.8,6.7,6.9,197.6,198.6,196.6,541.098,535.41,546.786,152.82,153.208,152.432,18.409,15.544,21.274,0.7030000000000001,0.754,0.652,0.07,0.1,0.04,0.025,0.05,0,2.115,2.154,2.076,2.115,2.154,2.076,2.838,2.722,2.954,2.838,2.722,2.954,2.926,2.87,2.982,2.926,2.87,2.982
2023-06-18T17:30:00Z,311034,469,17856,19,19,,89,89,,863.418,863.418,,,,,0.01,2.3,2.1,2.5,8.1,7.9,8.3,6.8,6.7,6.9,197.7,199.7,195.7,540.5740000000001,529.47,551.678,153.05700000000002,149.094,157.02,19.866,16.84,22.892,0.8680000000000001,0.63,1.106,0.123,0.084,0.162,0.042,0.084,0,2.1980000000000004,2.18,2.216,2.1980000000000004,2.18,2.216,3.048,2.888,3.208,3.048,2.888,3.208,3.1109999999999998,2.94,3.282,3.1109999999999998,2.94,3.282
2023-06-18T17:40:00Z,311634,405,17536,19,19,,89,89,,863.448,863.448,,,,,0.01,2.3,2.2,2.3,8.5,8.5,8.5,7,7,7,192.8,192.7,192.9,568.097,568.588,567.606,160.03199999999998,162.38,157.684,18.628999999999998,17.194,20.064,0.938,0.656,1.22,0.115,0.092,0.138,0.089,0.092,0.086,2.43,2.442,2.418,2.43,2.442,2.418,3.205,3.122,3.288,3.205,3.122,3.288,3.3040000000000003,3.188,3.42,3.3040000000000003,3.188,3.42
2023-06-18T17:50:00Z,312234,355,17856,19,19,,89,89,,863.51,863.51,,,,,0.01,2.3,2.1,2.4,8,8.1,8,6.8,6.8,6.7,198.5,197.8,199.2,535.876,539.718,532.034,152.047,154.184,149.91,20.109,17.496,22.722,0.79,0.836,0.744,0.11299999999999999,0.142,0.084,0.068,0.094,0.042,2.104,2.082,2.126,2.104,2.082,2.126,2.889,2.772,3.006,2.889,2.772,3.006,2.967,2.858,3.076,2.967,2.858,3.076
2023-06-18T18:00:00Z,312834,357,17856,19,19,,89,89,,863.506,863.506,,,,,0.01,2.2,2.1,2.3,7.9,7.7,8,6.6,6.5,6.8,200.7,203,198.5,523.934,511.998,535.87,146.71800000000002,145.144,148.292,18.828000000000003,16.742,20.914,0.5900000000000001,0.534,0.646,0.04,0,0.08,0,0,0,2.041,1.896,2.186,2.041,1.896,2.186,2.836,2.63,3.042,2.836,2.63,3.042,2.893,2.662,3.124,2.893,2.662,3.124
2023-06-18T18:10:00Z,313434,420,17856,19,19,,89,89,,863.542,863.542,,,,,0.01,2.1,1.9,2.3,7.7,7.9,7.6,6.6,6.6,6.5,202.4,200.8,204,515.074,523.664,506.484,144.088,147.446,140.73,17.689,14.274,21.104,0.711,0.588,0.834,0.083,0,0.166,0.045,0,0.09,1.873,1.884,1.862,1.873,1.884,1.862,2.5700000000000003,2.43,2.71,2.5700000000000003,2.43,2.71,2.637,2.43,2.844,2.637,2.43,2.844
2023-06-18T18:20:00Z,314034,390,17856,19,19,,89,89,,863.542,863.542,,,,,0.01,2.1,2,2.3,7.8,7.9,7.8,6.6,6.7,6.6,201.2,200.4,202.1,521.2429999999999,525.802,516.684,145.789,149.624,141.954,17.917,14.884,20.95,0.806,0.83,0.782,0.027,0.054,0,0,0,0,2.0069999999999997,2.054,1.96,2.0069999999999997,2.054,1.96,2.8520000000000003,2.732,2.972,2.8520000000000003,2.732,2.972,2.857,2.742,2.972,2.857,2.742,2.972
2023-06-18T18:30:00Z,314634,367,17856,19,19,,89,89,,863.544,863.544,,,,,0.01,2.1,2,2.3,7.5,7.5,7.4,6.4,6.4,6.4,205.6,204.8,206.4,498.404,502.612,494.196,142.355,142.134,142.576,18.598,15.906,21.29,0.76,0.684,0.836,0.114,0.096,0.132,0.07300000000000001,0.096,0.05,2.053,2.038,2.068,2.049,2.038,2.06,2.7880000000000003,2.674,2.902,2.7880000000000003,2.674,2.902,2.899,2.822,2.976,2.899,2.822,2.976
2023-06-18T18:40:00Z,315234,357,18176,19,19,,89,89,,863.566,863.566,,,,,0.01,2,1.9,2.1,7.5,7.5,7.4,6.4,6.4,6.4,205.8,205.4,206.2,497.142,499.188,495.096,138.55,140.476,136.624,16.783,14.26,19.306,0.79,0.638,0.942,0.191,0.192,0.19,0.089,0.094,0.084,1.897,1.854,1.94,1.897,1.854,1.94,2.598,2.412,2.784,2.598,2.412,2.784,2.718,2.53,2.906,2.718,2.53,2.906
2023-06-18T18:50:00Z,315834,359,17856,19,19,,89,89,,863.546,863.546,,,,,0.01,1.9,1.9,2,7.2,7.5,7,6.2,6.4,6.1,208.9,205.4,212.5,481.663,499.258,464.068,134.3,140.14,128.46,15.777,13.814,17.74,0.5660000000000001,0.52,0.612,0.033,0,0.066,0,0,0,1.699,1.776,1.622,1.699,1.776,1.622,2.336,2.392,2.28,2.336,2.392,2.28,2.348,2.392,2.304,2.348,2.392,2.304
2023-06-18T19:00:00Z,316434,355,17536,19,19,,89,89,,863.544,863.544,,,,,0.01,2,2,1.9,7.4,7.7,7,6.3,6.6,6.1,206.8,202.1,211.8,492.067,516.558,467.576,137.204,146.732,127.676,16.212,15.704,16.72,0.7749999999999999,0.846,0.704,0.064,0.088,0.04,0.064,0.088,0.04,1.673,1.702,1.644,1.673,1.702,1.644,2.441,2.394,2.488,2.441,2.394,2.488,2.502,2.476,2.528,2.502,2.476,2.528
2023-06-18T19:10:00Z,317034,354,17856,19,19,,89,89,,863.586,863.586,,,,,0.01,2.1,1.9,2.4,7.4,7.5,7.4,6.4,6.4,6.4,205.9,205.6,206.2,496.661,498.038,495.284,140.93900000000002,141.33,140.548,18.311,13.998,22.624,0.46,0.464,0.456,0,0,0,0,0,0,1.768,1.74,1.796,1.768,1.74,1.796,2.563,2.39,2.736,2.563,2.39,2.736,2.5700000000000003,2.39,2.75,2.5700000000000003,2.39,2.75
2023-06-18T19:20:00Z,317634,410,17216,19,19,,89,89,,863.662,863.662,,,,,0.01,2,1.8,2.2,7.3,7.3,7.3,6.3,6.3,6.3,207.5,207.7,207.3,488.78,487.78,489.78,137.642,139.544,135.74,17.246,13.068,21.424,0.6950000000000001,0.546,0.844,0.11099999999999999,0.05,0.172,0.047,0.05,0.044,1.7269999999999999,1.64,1.814,1.7269999999999999,1.64,1.814,2.38,2.168,2.592,2.38,2.168,2.592,2.427,2.202,2.652,2.427,2.202,2.652
2023-06-18T19:30:00Z,318234,356,18176,19,19,,89,89,,863.674,863.674,,,,,0.01,2.1,1.9,2.2,7.5,7.6,7.5,6.4,6.5,6.4,204.9,204.5,205.3,501.97400000000005,504.098,499.85,138.653,139.718,137.588,17.753999999999998,15.462,20.046,0.872,0.91,0.834,0.092,0.088,0.096,0.047,0.044,0.05,1.795,1.728,1.862,1.795,1.728,1.862,2.634,2.53,2.738,2.634,2.53,2.738,2.6950000000000003,2.592,2.798,2.6950000000000003,2.592,2.798
2023-06-18T19:40:00Z,318834,355,17856,19,19,,89,89,,863.76,863.76,,,,,0.01,1.9,1.8,2.1,7.2,7.2,7.2,6.2,6.3,6.2,208.8,208.6,209,482.10400000000004,482.942,481.266,134.465,133.286,135.644,16.795,14.07,19.52,1.06,1.05,1.07,0.174,0.25,0.098,0.073,0.146,0,1.737,1.654,1.82,1.737,1.654,1.82,2.412,2.156,2.668,2.412,2.156,2.668,2.561,2.386,2.736,2.561,2.386,2.736
2023-06-18T19:50:00Z,319434,361,18176,19,19,,89,89,,863.792,863.792,,,,,0.01,2,1.9,2.1,7.3,7.4,7.3,6.3,6.3,6.3,207.7,207,208.5,487.41700000000003,491.106,483.728,136.01,137.036,134.984,17.167,14.58,19.754,0.6779999999999999,0.698,0.658,0.097,0.068,0.126,0.053000000000000005,0.068,0.038,1.701,1.556,1.846,1.701,1.556,1.846,2.386,2.158,2.614,2.386,2.158,2.614,2.456,2.202,2.71,2.456,2.202,2.71
2023-06-18T20:00:00Z,320034,358,17856,18.8,18.8,,89,89,,863.862,863.862,,,,,0.01,1.9,1.8,1.9,7,7,6.9,6.1,6.1,6,212.3,211.7,213,464.81399999999996,467.842,461.786,130.47,133.112,127.828,15.096,13.886,16.306,0.41500000000000004,0.56,0.27,0.035,0.07,0,0.035,0.07,0,1.577,1.622,1.532,1.577,1.622,1.532,2.24,2.224,2.256,2.24,2.224,2.256,2.276,2.296,2.256,2.276,2.296,2.256
2023-06-18T20:10:00Z,320634,358,17856,18.2,18.2,,89,89,,863.882,863.882,,,,,0.01,2.1,2,2.1,7.3,7.5,7.2,6.3,6.4,6.2,207.7,205.8,209.6,487.752,497.272,478.232,137.301,140.938,133.664,18.208,16.806,19.61,0.891,0.544,1.238,0.097,0.092,0.102,0.051000000000000004,0.05,0.052,1.8050000000000002,1.75,1.86,1.8050000000000002,1.75,1.86,2.591,2.394,2.788,2.591,2.394,2.788,2.6559999999999997,2.468,2.844,2.6559999999999997,2.468,2.844
2023-06-18T20:20:00Z,321234,371,17856,18,18,,89,89,,863.938,863.938,,,,,0.01,2,2,2,7.1,7.4,6.9,6.2,6.3,6,210.1,206.7,213.5,475.9,492.572,459.228,133.546,139.366,127.726,17.686,16.998,18.374,0.788,0.704,0.872,0.124,0.198,0.05,0.099,0.198,0,1.724,1.716,1.732,1.724,1.716,1.732,2.505,2.482,2.528,2.505,2.482,2.528,2.6180000000000003,2.66,2.576,2.6180000000000003,2.66,2.576
2023-06-18T20:30:00Z,321834,357,18176,18,18,,89,89,,864.042,864.042,,,,,0.01,1.9,1.8,2.1,7.1,7.2,7,6.2,6.2,6.1,210.7,209.4,211.9,472.848,478.98,466.716,131.728,133.684,129.772,16.195999999999998,13.57,18.822,0.48,0.352,0.608,0.024,0.048,0,0,0,0,1.65,1.63,1.67,1.65,1.63,1.67,2.266,2.168,2.364,2.266,2.168,2.364,2.298,2.232,2.364,2.298,2.232,2.364
2023-06-18T20:40:00Z,322434,358,17856,18,18,,89,89,,864.106,864.106,,,,,0.01,2,1.9,2.2,7.5,7.7,7.4,6.4,6.5,6.3,205,203,207.1,501.106,511.79,490.422,140.28300000000002,143.098,137.468,16.953,14.13,19.776,0.766,0.918,0.614,0.024,0.048,0,0.024,0.048,0,1.934,1.92,1.948,1.934,1.92,1.948,2.608,2.544,2.672,2.608,2.544,2.672,2.63,2.588,2.672,2.63,2.588,2.672
2023-06-18T20:50:00Z,323034,389,18176,18,18,,89,89,,864.094,864.094,,,,,0.01,2,1.9,2.1,7.6,7.5,7.6,6.5,6.4,6.5,204.5,205,203.9,504.119,501.176,507.062,140.382,139.504,141.26,16.381,14.216,18.546,0.6719999999999999,0.626,0.718,0.10700000000000001,0.078,0.136,0.022,0,0.044,1.891,1.846,1.936,1.891,1.846,1.936,2.6180000000000003,2.47,2.766,2.6180000000000003,2.47,2.766,2.674,2.52,2.828,2.674,2.52,2.828
2023-06-18T21:00:00Z,323634,357,17536,18,18,,89,89,,864.174,864.174,,,,,0.01,2,2,2.1,7.4,7.6,7.3,6.4,6.5,6.3,206,204.1,207.9,496.264,505.906,486.622,140.377,145.312,135.442,16.767,15.474,18.06,0.569,0.768,0.37,0.067,0.084,0.05,0.018,0.036,0,1.932,1.918,1.946,1.932,1.918,1.946,2.561,2.616,2.506,2.561,2.616,2.506,2.6189999999999998,2.678,2.56,2.6189999999999998,2.678,2.56
2023-06-18T21:10:00Z,324234,359,18176,18,18,,89,89,,864.206,864.206,,,,,0.01,2,2,2.1,7.5,7.7,7.3,6.4,6.5,6.3,205.5,203.3,207.7,499.019,510.328,487.71,139.482,143.124,135.84,17.191,15.906,18.476,0.708,0.838,0.578,0.08,0.038,0.122,0.04,0.038,0.042,1.842,1.778,1.906,1.842,1.778,1.906,2.63,2.504,2.756,2.63,2.504,2.756,2.697,2.58,2.814,2.697,2.58,2.814
2023-06-18T21:20:00Z,324834,361,18176,18,18,,89,89,,864.28,864.28,,,,,0.01,1.9,1.9,2,7.5,7.5,7.6,6.4,6.4,6.5,205.1,205.6,204.5,501.053,498.204,503.902,140.228,141.37,139.086,15.675999999999998,14.644,16.708,0.8779999999999999,1.138,0.618,0.069,0.046,0.092,0.048,0.046,0.05,1.783,1.734,1.832,1.783,1.734,1.832,2.502,2.488,2.516,2.502,2.488,2.516,2.5549999999999997,2.52,2.59,2.5549999999999997,2.52,2.59
2023-06-18T21:30:00Z,325434,353,17856,18,18,,89,89,,864.252,864.252,,,,,0.01,2,2,2.1,7.6,7.8,7.4,6.5,6.6,6.4,204,201.7,206.4,506.461,518.624,494.298,140.363,145.49,135.236,17.109,15.656,18.562,0.885,0.706,1.064,0.132,0,0.264,0.044,0,0.088,1.8119999999999998,1.73,1.894,1.8119999999999998,1.73,1.894,2.65,2.464,2.836,2.65,2.464,2.836,2.742,2.464,3.02,2.742,2.464,3.02
2023-06-18T21:40:00Z,326034,356,18176,18,18,,89,89,,864.302,864.302,,,,,0.01,2.1,1.9,2.2,7.6,7.9,7.2,6.5,6.7,6.2,204.5,200.2,209,504.04999999999995,526.824,481.276,141.136,147.628,134.644,17.856,14.226,21.486,0.9970000000000001,1.07,0.924,0.109,0.052,0.166,0.021,0,0.042,1.877,1.936,1.818,1.877,1.936,1.818,2.6470000000000002,2.63,2.664,2.6470000000000002,2.63,2.664,2.7329999999999997,2.682,2.784,2.7329999999999997,2.682,2.784
2023-06-18T21:50:00Z,326634,362,17856,18,18,,89,89,,864.386,864.386,,,,,0.01,2.1,2,2.2,7.8,7.8,7.7,6.6,6.6,6.6,202,201.7,202.4,516.98,518.83,515.13,142.168,144.368,139.968,18.127000000000002,16.106,20.148,0.6619999999999999,0.714,0.61,0.064,0.046,0.082,0,0,0,1.878,1.726,2.03,1.878,1.726,2.03,2.658,2.464,2.852,2.658,2.464,2.852,2.7039999999999997,2.506,2.902,2.7039999999999997,2.506,2.902
2023-06-18T22:00:00Z,327234,364,17856,18,18,,89,89,,864.416,864.416,,,,,0.01,2.2,2,2.4,7.7,7.5,7.9,6.5,6.4,6.7,202.7,205.1,200.4,513.4449999999999,501.072,525.818,142.512,138.69,146.334,20.126,17.178,23.074,0.6930000000000001,0.656,0.73,0.14300000000000002,0.132,0.154,0.088,0.132,0.044,1.768,1.562,1.974,1.768,1.562,1.974,2.581,2.268,2.894,2.581,2.268,2.894,2.7039999999999997,2.38,3.028,2.7039999999999997,2.38,3.028
2023-06-18T22:10:00Z,327834,360,18176,18,18,,89,89,,864.552,864.552,,,,,0.01,2.1,2,2.1,7.6,7.7,7.5,6.5,6.6,6.4,203.9,202.5,205.4,507.01199999999994,514.612,499.412,141.74,146.17,137.31,17.387999999999998,15.854,18.922,0.861,0.74,0.982,0.094,0,0.188,0.018,0,0.036,1.862,1.738,1.986,1.862,1.738,1.986,2.526,2.382,2.67,2.526,2.382,2.67,2.592,2.394,2.79,2.592,2.394,2.79
2023-06-18T22:20:00Z,328434,360,17856,18,18,,89,89,,864.58,864.58,,,,,0.01,2.4,2.3,2.5,8.4,8.7,8,7,7.2,6.8,194.4,190.4,198.4,559.204,582.168,536.24,156.90800000000002,164.24,149.576,21.194000000000003,18.576,23.812,1.005,0.94,1.07,0.126,0,0.252,0.039,0,0.078,2.2640000000000002,2.444,2.084,2.2640000000000002,2.444,2.084,3.1390000000000002,3.218,3.06,3.1390000000000002,3.218,3.06,3.183,3.218,3.148,3.183,3.218,3.148
2023-06-18T22:30:00Z,329034,363,18176,18,18,,89,89,,864.618,864.618,,,,,0.01,2.2,2.1,2.4,8.3,8.3,8.2,6.9,6.9,6.9,195.6,195.1,196.1,552.216,555.092,549.34,154.12099999999998,153.946,154.296,19.124,16.7,21.548,0.835,0.814,0.856,0.136,0.046,0.226,0.063,0.046,0.08,2.1959999999999997,2.218,2.174,2.1959999999999997,2.218,2.174,2.995,2.928,3.062,2.995,2.928,3.062,3.1109999999999998,2.97,3.252,3.1109999999999998,2.97,3.252
2023-06-18T22:40:00Z,329634,379,18176,18,18,,89,89,,864.656,864.656,,,,,0.01,2.3,2.3,2.4,8,8.1,7.9,6.7,6.8,6.7,198.8,197.3,200.3,534.4860000000001,542.83,526.142,151.433,154.202,148.664,21.057000000000002,19.712,22.402,0.966,0.718,1.214,0.046,0.092,0,0,0,0,1.926,1.834,2.018,1.926,1.834,2.018,2.879,2.742,3.016,2.879,2.742,3.016,2.9459999999999997,2.85,3.042,2.9459999999999997,2.85,3.042
2023-06-18T22:50:00Z,330234,360,17856,18,18,,89,89,,864.676,864.676,,,,,0.01,2.2,2.2,2.3,8.1,8.3,7.9,6.8,6.9,6.7,197.3,194.9,199.8,542.457,555.984,528.93,150.653,155.646,145.66,19.219,18.24,20.198,0.708,0.708,0.708,0.07200000000000001,0.096,0.048,0.048,0.096,0,2.0700000000000003,2.156,1.984,2.0700000000000003,2.156,1.984,2.8890000000000002,2.89,2.888,2.8890000000000002,2.89,2.888,2.95,2.966,2.934,2.95,2.966,2.934
2023-06-18T23:00:00Z,330834,379,18176,18,18,,89,89,,864.616,864.616,,,,,0.01,2.3,2.1,2.6,8.1,8.3,8,6.8,6.9,6.7,197.4,195.5,199.2,542.251,552.582,531.92,152.24099999999999,154.57,149.912,21.009,16.174,25.844,0.772,0.616,0.928,0.065,0.084,0.046,0.02,0.04,0,2.0540000000000003,2.132,1.976,2.0540000000000003,2.132,1.976,2.997,2.92,3.074,2.997,2.92,3.074,3.074,3.034,3.114,3.074,3.034,3.114
2023-06-18T23:10:00Z,331434,359,17856,18,18,,89,89,,864.56,864.56,,,,,0.01,2.3,2.2,2.4,8.1,8.2,8,6.8,6.9,6.7,197.6,196.5,198.6,541.201,546.954,535.448,152.299,154.586,150.012,19.724,17.526,21.922,0.8009999999999999,0.742,0.86,0.16599999999999998,0.148,0.184,0.051,0.102,0,2.167,2.15,2.184,2.167,2.15,2.184,2.9379999999999997,2.884,2.992,2.9379999999999997,2.884,2.992,3.085,3.034,3.136,3.085,3.034,3.136
2023-06-18T23:20:00Z,332034,422,18176,18,18,,89,89,,864.646,864.646,,,,,0.01,2.4,2.2,2.5,8.3,8.6,8,6.9,7.1,6.7,195.3,192,198.7,553.998,573.19,534.806,156.22500000000002,161.156,151.294,21.149,17.976,24.322,0.852,0.968,0.736,0.11599999999999999,0.148,0.084,0.11599999999999999,0.148,0.084,2.322,2.356,2.288,2.322,2.356,2.288,3.215,3.148,3.282,3.215,3.148,3.282,3.311,3.27,3.352,3.311,3.27,3.352
2023-06-18T23:30:00Z,332634,360,17856,18,18,,89,89,,864.688,864.688,,,,,0.01,2.5,2.5,2.5,8.6,8.9,8.4,7.1,7.3,7,191.4,188.6,194.3,576.476,593.398,559.554,161.89100000000002,167.62,156.162,22.085,21.692,22.478,0.8939999999999999,0.972,0.816,0.12,0.196,0.044,0.076,0.152,0,2.284,2.39,2.178,2.284,2.39,2.178,3.2279999999999998,3.342,3.114,3.2279999999999998,3.342,3.114,3.3070000000000004,3.474,3.14,3.3070000000000004,3.474,3.14
2023-06-18T23:40:00Z,333234,355,17536,18,18,,89,89,,864.68,864.68,,,,,0.01,2.5,2.4,2.6,8.9,9.1,8.8,7.3,7.4,7.2,188.1,186.5,189.6,596.517,605.962,587.072,167.473,171.114,163.832,21.981,19.368,24.594,0.866,0.766,0.966,0.14500000000000002,0.154,0.136,0.08,0.106,0.054,2.615,2.604,2.626,2.615,2.604,2.626,3.473,3.39,3.556,3.473,3.39,3.556,3.561,3.486,3.636,3.561,3.486,3.636
2023-06-18T23:50:00Z,333834,378,17856,18,18,,89,89,,864.686,864.686,,,,,0.01,2.6,2.4,2.7,9.7,9.6,9.7,7.7,7.7,7.7,180.6,181.4,179.8,644.146,638.916,649.376,181.213,179.268,183.158,21.352,18.478,24.226,1.032,1.044,1.02,0.076,0.086,0.066,0.056999999999999995,0.086,0.028,2.758,2.67,2.846,2.758,2.67,2.846,3.694,3.448,3.94,3.694,3.448,3.94,3.7569999999999997,3.51,4.004,3.7569999999999997,3.51,4.004
2023-06-19T00:00:00Z,334434,404,17536,18,18,,89,89,,864.696,864.696,,,,,0.01,3,2.7,3.3,10.6,10.6,10.6,8.2,8.2,8.2,171.7,172.1,171.2,706.692,703.676,709.708,197.997,197.142,198.852,27.587,21.856,33.318,1.308,0.908,1.708,0.23,0.13,0.33,0.087,0.13,0.044,3.114,3.028,3.2,3.114,3.028,3.2,4.335,4.01,4.66,4.335,4.01,4.66,4.496,4.116,4.876,4.496,4.116,4.876
2023-06-19T00:10:00Z,335034,419,17856,18,18,,89,89,,864.642,864.642,,,,,0.01,3.4,3.2,3.6,11.7,11.9,11.5,8.8,8.9,8.7,162.3,160.8,163.8,779.7,792.212,767.188,218.519,223.64,213.398,30.752000000000002,26.462,35.042,1.477,1.368,1.586,0.186,0.246,0.126,0.10500000000000001,0.196,0.014,3.637,3.608,3.666,3.637,3.608,3.666,4.933,4.758,5.108,4.933,4.758,5.108,5.103,4.978,5.228,5.103,4.978,5.228
2023-06-19T00:20:00Z,335634,995,16896,17.4,17.4,,89,89,,864.562,864.562,,,,,0.01,3.8,3.5,4.2,12.7,12.4,13.1,9.3,9.1,9.4,154.4,156.9,151.9,848.156,825.316,870.996,237.85000000000002,231.584,244.116,37.448,31.314,43.582,2.404,2.158,2.65,0.351,0.298,0.404,0.185,0.254,0.116,3.976,3.674,4.278,3.976,3.674,4.278,5.645,5.102,6.188,5.645,5.102,6.188,5.925000000000001,5.384,6.466,5.925000000000001,5.384,6.466
2023-06-19T00:30:00Z,336234,458,17856,17,17,,89,89,,864.504,864.504,,,,,0.01,3.8,3.6,4,12.7,12.7,12.6,9.2,9.3,9.2,154.8,154.6,155.1,844.047,846.284,841.81,238.125,241.222,235.028,37.311,33.706,40.916,2.585,2.53,2.64,0.264,0.228,0.3,0.10700000000000001,0.136,0.078,3.9379999999999997,3.832,4.044,3.9379999999999997,3.832,4.044,5.703,5.442,5.964,5.703,5.442,5.964,5.927,5.654,6.2,5.927,5.654,6.2
2023-06-19T00:40:00Z,336834,493,17856,17,17,,89.8,89.8,,864.504,864.504,,,,,0.01,4.1,3.8,4.3,13.4,13.6,13.2,9.6,9.7,9.5,149.5,148.1,150.9,893.841,907.696,879.986,251.526,255.778,247.274,39.507999999999996,34.92,44.096,2.626,2.594,2.658,0.518,0.59,0.446,0.252,0.454,0.05,4.209,4.184,4.234,4.209,4.184,4.234,6.075,5.862,6.288,6.075,5.862,6.288,6.465,6.398,6.532,6.465,6.398,6.532
2023-06-19T00:50:00Z,337434,484,17536,17,17,,90,90,,864.454,864.454,,,,,0.01,4.2,3.9,4.4,13.5,13.4,13.6,9.6,9.6,9.7,149.1,149.8,148.3,897.769,890.342,905.196,253.69,253.446,253.934,41.162,36.102,46.222,2.545,2.056,3.034,0.32899999999999996,0.18,0.478,0.09,0.18,0,4.346,4.278,4.414,4.346,4.278,4.414,6.266,5.942,6.59,6.266,5.942,6.59,6.465,6.07,6.86,6.465,6.07,6.86
2023-06-19T01:00:00Z,338034,368,17856,17,17,,90,90,,864.426,864.426,,,,,0.01,4.3,4.1,4.4,13.9,13.9,14,9.8,9.8,9.8,146.1,146.5,145.8,927.024,923.614,930.434,262.59400000000005,262.696,262.492,41.545,38.154,44.936,2.5789999999999997,2.544,2.614,0.29500000000000004,0.314,0.276,0.131,0.216,0.046,4.389,4.056,4.722,4.389,4.056,4.722,6.343,5.94,6.746,6.343,5.94,6.746,6.558,6.186,6.93,6.558,6.186,6.93
2023-06-19T01:10:00Z,338634,453,17536,17,17,,90,90,,864.456,864.456,,,,,0.01,4.2,4,4.4,14,14.2,13.7,9.8,10,9.7,145.8,144.2,147.5,930.069,947.168,912.97,261.794,265.542,258.046,41.141,37.174,45.108,2.4450000000000003,2.692,2.198,0.499,0.584,0.414,0.28400000000000003,0.436,0.132,4.509,4.406,4.612,4.509,4.406,4.612,6.336,6.162,6.51,6.336,6.162,6.51,6.7379999999999995,6.696,6.78,6.7379999999999995,6.696,6.78
2023-06-19T01:20:00Z,339234,447,17536,17,17,,90,90,,864.448,864.448,,,,,0.01,4.5,4.2,4.8,14.5,14,15,10.1,9.9,10.3,142.3,145.5,139.3,966.989,933.996,999.982,272.044,264.244,279.844,45.634,41.816,49.452,3.388,3.352,3.424,0.543,0.436,0.65,0.204,0.288,0.12,4.709,4.414,5.004,4.709,4.414,5.004,6.866,6.434,7.298,6.866,6.434,7.298,7.2829999999999995,6.914,7.652,7.2829999999999995,6.914,7.652
2023-06-19T01:30:00Z,339834,687,17536,16.8,16.8,,90,90,,864.486,864.486,,,,,0.01,4.6,4.2,5,14.8,14.3,15.3,10.2,10,10.4,140.5,143.5,137.7,986.392,954.452,1018.332,278.477,269.128,287.826,45.906,40.274,51.538,2.732,2.648,2.816,0.548,0.47,0.626,0.234,0.268,0.2,5.004,4.69,5.318,5.004,4.69,5.318,6.981,6.536,7.426,6.981,6.536,7.426,7.395,6.912,7.878,7.395,6.912,7.878
2023-06-19T01:40:00Z,340404,524,17776,16.25,16.25,,90,90,,864.467,864.467,,,,,0.01,4.7,4.4,5,15.3,15.3,15.3,10.4,10.4,10.4,137.5,137.3,137.7,1020.0440000000001,1022.143,1017.945,288.5685,288.857,288.28,45.1935,39.54,50.847,2.3375,2.125,2.55,0.3015,0.22,0.383,0.2215,0.22,0.223,5.1925,5.14,5.245,5.1925,5.14,5.245,7.2225,6.94,7.505,7.2225,6.94,7.505,7.465,7.105,7.825,7.465,7.105,7.825
2023-06-19T01:50:00Z,341035,367,17250,16,16,,90,90,,864.356,864.356,,,,,0.01,4.8,4.2,5.3,15.1,14.7,15.5,10.3,10.2,10.5,138.8,141.2,136.4,1005.8130000000001,979.282,1032.344,282.99800000000005,276.492,289.504,47.689,38.866,56.512,2.6870000000000003,2.428,2.946,0.643,0.444,0.842,0.269,0.282,0.256,4.997999999999999,4.914,5.082,4.997999999999999,4.914,5.082,7.209,6.73,7.688,7.209,6.73,7.688,7.685,7.112,8.258,7.685,7.112,8.258
2023-06-19T02:00:00Z,341634,1885,17536,16,16,,90.6,90.6,,864.384,864.384,,,,,0.01,4.8,4.5,5.2,15.5,15.6,15.3,10.5,10.6,10.4,136.6,135.6,137.7,1030.0059999999999,1041.906,1018.106,290.786,292.766,288.806,48.07299999999999,40.8,55.346,2.698,1.868,3.528,0.30200000000000005,0.048,0.556,0.101,0.048,0.154,5.109999999999999,5.268,4.952,5.109999999999999,5.268,4.952,7.376,7.086,7.666,7.376,7.086,7.666,7.631,7.218,8.044,7.631,7.218,8.044
2023-06-19T02:10:00Z,342235,805,17570,15.6,15.6,,90.6,90.6,,864.464,864.464,,,,,0.01,7.1,6.3,7.9,20.3,19.7,20.9,12.3,12.1,12.5,113.5,115.8,111.2,1354.1309999999999,1315.242,1393.02,386.671,374.452,398.89,84.71799999999999,70.922,98.514,11.268,9.776,12.76,2.2199999999999998,2.34,2.1,1.4020000000000001,1.996,0.808,6.742,6.396,7.088,6.742,6.396,7.088,11.951,10.694,13.208,11.951,10.694,13.208,13.738,12.772,14.704,13.738,12.772,14.704
2023-06-19T02:20:00Z,342834,385,17536,14,14,,89.6,89.6,,864.426,864.426,,,,,0.01,7.4,6.7,8.2,21.6,21.2,22,12.8,12.7,12.9,108.7,110,107.3,1438.385,1413.37,1463.4,409.183,404.538,413.828,84.22399999999999,70.324,98.124,8.546,6.776,10.316,1.321,1.174,1.468,0.71,1.012,0.408,7.452,7.274,7.63,7.452,7.274,7.63,12.067,10.932,13.202,12.067,10.932,13.202,13.219999999999999,12.068,14.372,13.219999999999999,12.068,14.372
2023-06-19T02:30:00Z,343434,441,17536,14,14,,89,89,,864.406,864.406,,,,,0.01,6.7,6.3,7.1,20.1,20.3,19.9,12.3,12.3,12.2,114.2,113.5,114.9,1341.129,1352.6,1329.658,380.294,381.788,378.8,71.109,63.412,78.806,4.607,4.65,4.564,0.43699999999999994,0.298,0.576,0.206,0.282,0.13,7.0600000000000005,7.126,6.994,7.0600000000000005,7.126,6.994,10.446,10.138,10.754,10.446,10.138,10.754,10.815999999999999,10.462,11.17,10.815999999999999,10.462,11.17
2023-06-19T02:40:00Z,344034,428,17216,14,14,,88.8,88.8,,864.38,864.38,,,,,0.01,6.4,5.9,6.9,19.9,20,19.8,12.2,12.2,12.2,115.2,114.9,115.6,1324.5149999999999,1330.924,1318.106,374.534,378.416,370.652,66.36,56.134,76.586,4.139,3.14,5.138,0.271,0.146,0.396,0.09,0.092,0.088,6.833,6.87,6.796,6.833,6.87,6.796,10.207,9.71,10.704,10.207,9.71,10.704,10.433,9.89,10.976,10.433,9.89,10.976
2023-06-19T02:50:00Z,344634,616,17536,14,14,,88,88,,864.374,864.374,,,,,0.01,6.4,6.1,6.6,19.5,19.8,19.1,12,12.2,11.9,116.9,115.5,118.4,1297.784,1320.92,1274.648,368.097,374.828,361.366,65.719,59.666,71.772,4.01,3.714,4.306,0.604,0.474,0.734,0.28600000000000003,0.386,0.186,6.793,6.888,6.698,6.793,6.888,6.698,9.782,9.598,9.966,9.782,9.598,9.966,10.31,9.986,10.634,10.31,9.986,10.634
2023-06-19T03:00:00Z,345234,445,18176,13.2,13.2,,87.8,87.8,,864.332,864.332,,,,,0.01,5.9,5.5,6.3,17.9,17.4,18.4,11.5,11.3,11.6,124,126.4,121.8,1191.209,1158.836,1223.582,339.621,333.358,345.884,59.650000000000006,53.216,66.084,2.714,2.338,3.09,0.28200000000000003,0.286,0.278,0.10400000000000001,0.158,0.05,6.162,6.024,6.3,6.162,6.024,6.3,8.91,8.428,9.392,8.91,8.428,9.392,9.07,8.58,9.56,9.07,8.58,9.56
2023-06-19T03:10:00Z,345834,1027,17570,12.2,12.2,,87,87,,864.316,864.316,,,,,0.01,5.4,5.2,5.5,16.5,16.8,16.2,10.9,11,10.8,130.8,129.3,132.3,1101.375,1120.26,1082.49,309.53499999999997,316.558,302.512,54.245,49.992,58.498,2.336,1.914,2.758,0.20800000000000002,0.226,0.19,0.063,0.084,0.042,5.609,5.688,5.53,5.609,5.688,5.53,8.059000000000001,7.77,8.348,8.059000000000001,7.77,8.348,8.227,7.968,8.486,8.227,7.968,8.486
2023-06-19T03:20:00Z,346434,901,18210,12,12,,87,87,,864.314,864.314,,,,,0.01,5.2,4.8,5.6,16.2,16.2,16.2,10.8,10.8,10.8,132.6,132.7,132.6,1078.289,1077.738,1078.84,304.775,306.614,302.936,52.47,44.968,59.972,2.7889999999999997,2.622,2.956,0.22,0.192,0.248,0.10999999999999999,0.144,0.076,5.4510000000000005,5.464,5.438,5.4510000000000005,5.464,5.438,7.964,7.658,8.27,7.964,7.658,8.27,8.107,7.808,8.406,8.107,7.808,8.406
2023-06-19T03:30:00Z,347035,1542,17182,12.4,12.4,,87,87,,864.272,864.272,,,,,0.01,5.4,5.2,5.7,16.8,16.9,16.7,11,11.1,11,129.3,128.6,130,1120.502,1129.366,1111.638,317.358,320.826,313.89,54.926,50.824,59.028,2.585,2.686,2.484,0.358,0.352,0.364,0.22599999999999998,0.3,0.152,5.87,5.848,5.892,5.87,5.848,5.892,8.293,8.206,8.38,8.293,8.206,8.38,8.572,8.51,8.634,8.572,8.51,8.634
2023-06-19T03:40:00Z,347635,1886,16907,13,13,,87,87,,864.224,864.224,,,,,0.01,5.5,5.1,5.8,16.9,17.1,16.7,11.1,11.2,11,128.8,127.9,129.8,1126.148,1138.782,1113.514,317.548,321.776,313.32,55.458,49.262,61.654,2.8120000000000003,2.732,2.892,0.221,0.202,0.24,0.101,0.158,0.044,5.8420000000000005,5.894,5.79,5.8420000000000005,5.894,5.79,8.352,8.186,8.518,8.352,8.186,8.518,8.600999999999999,8.488,8.714,8.600999999999999,8.488,8.714
2023-06-19T03:50:00Z,348234,467,17216,13,13,,86.8,86.8,,864.168,864.168,,,,,0.01,5.7,5.5,6,17.6,17.9,17.4,11.4,11.4,11.3,125.1,124.1,126.1,1176.5529999999999,1190.244,1162.862,334.703,339.598,329.808,58.153999999999996,53.31,62.998,2.81,2.744,2.876,0.308,0.256,0.36,0.198,0.204,0.192,6.047000000000001,6.048,6.046,6.047000000000001,6.048,6.046,8.68,8.624,8.736,8.68,8.624,8.736,8.972999999999999,8.906,9.04,8.972999999999999,8.906,9.04
2023-06-19T04:00:00Z,348834,420,18176,12.8,12.8,,86,86,,864.05,864.05,,,,,0.01,6,5.6,6.5,19.1,19,19.1,11.9,11.9,11.9,118.6,118.9,118.3,1270.9850000000001,1266.41,1275.56,360.839,362.79,358.888,60.064,51.744,68.384,3.24,2.732,3.748,0.218,0.072,0.364,0.136,0.072,0.2,6.73,6.694,6.766,6.73,6.694,6.766,9.559,9.28,9.838,9.559,9.28,9.838,9.768,9.396,10.14,9.768,9.396,10.14
2023-06-19T04:10:00Z,349434,420,17856,13.2,13.2,,86,86,,864.024,864.024,,,,,0.01,5.8,5.4,6.2,17.1,17.3,17,11.2,11.2,11.1,127.6,126.9,128.3,1142.613,1152.4,1132.826,325.64300000000003,327.276,324.01,60.83,53.612,68.048,3.261,2.984,3.538,0.377,0.178,0.576,0.133,0.178,0.088,6.083,6.094,6.072,6.083,6.094,6.072,8.850999999999999,8.592,9.11,8.850999999999999,8.592,9.11,9.16,8.816,9.504,9.16,8.816,9.504
2023-06-19T04:20:00Z,350034,400,17536,12.2,12.2,,86,86,,864.044,864.044,,,,,0.01,5.4,5.2,5.7,16.8,16.9,16.7,11.1,11.1,11,129.2,128.6,129.7,1122.067,1129.696,1114.438,317.765,320.354,315.176,55.192,49.608,60.776,2.9539999999999997,2.432,3.476,0.278,0.216,0.34,0.101,0.164,0.038,5.82,5.878,5.762,5.82,5.878,5.762,8.364,8.14,8.588,8.364,8.14,8.588,8.568999999999999,8.35,8.788,8.568999999999999,8.35,8.788
2023-06-19T04:30:00Z,350634,492,16896,11.2,11.2,,86,86,,863.994,863.994,,,,,0.01,5.6,5.5,5.7,17.6,18.2,16.9,11.3,11.6,11.1,125.4,122.4,128.7,1171.9279999999999,1215.272,1128.584,329.269,343.482,315.056,55.887,52.746,59.028,2.871,3.178,2.564,0.29000000000000004,0.302,0.278,0.159,0.224,0.094,6.0120000000000005,6.344,5.68,6.0120000000000005,6.344,5.68,8.568,8.782,8.354,8.568,8.782,8.354,8.838000000000001,9.122,8.554,8.838000000000001,9.122,8.554
2023-06-19T04:40:00Z,351236,2803,17570,11,11,,86,86,,863.896,863.896,,,,,0.01,5.9,5.9,5.9,17.9,18.3,17.5,11.5,11.6,11.3,123.8,122,125.6,1195.15,1220.852,1169.448,342.029,349.78,334.278,60.677,59.198,62.156,3.197,3.048,3.346,0.395,0.448,0.342,0.16499999999999998,0.204,0.126,6.247,6.382,6.112,6.247,6.382,6.112,9.133,9.226,9.04,9.133,9.226,9.04,9.399000000000001,9.506,9.292,9.399000000000001,9.506,9.292
2023-06-19T04:50:00Z,351834,585,17216,11.2,11.2,,86,86,,863.86,863.86,,,,,0.01,6.3,6.1,6.6,19,18.9,19.1,11.9,11.9,11.9,118.8,119.1,118.5,1267.913,1263.138,1272.688,360.89,363.108,358.672,65.862,61.092,70.632,3.52,3.594,3.446,0.363,0.388,0.338,0.255,0.34,0.17,6.726,6.744,6.708,6.726,6.744,6.708,9.777000000000001,9.532,10.022,9.777000000000001,9.532,10.022,10.134,9.952,10.316,10.134,9.952,10.316
2023-06-19T05:00:00Z,352435,1177,17890,11,11,,86,86,,863.88,863.88,,,,,0.01,6.1,5.7,6.5,18.6,18.4,18.8,11.7,11.7,11.8,120.7,121.5,119.9,1240.167,1228.26,1252.074,349.426,349.08,349.772,62.838,56.538,69.138,3.247,3.232,3.262,0.506,0.608,0.404,0.302,0.472,0.132,6.531,6.512,6.55,6.531,6.512,6.55,9.215,8.94,9.49,9.215,8.94,9.49,9.625,9.406,9.844,9.625,9.406,9.844
2023-06-19T05:10:00Z,353034,448,16896,10.2,10.2,,86,86,,863.86,863.86,,,,,0.01,5.6,5.4,5.9,17.2,17.3,17,11.2,11.2,11.1,127.5,126.9,128,1144.393,1152.142,1136.644,324.05899999999997,327.234,320.884,57.096000000000004,52.604,61.588,2.424,2.738,2.11,0.253,0.278,0.228,0.139,0.14,0.138,5.949,5.998,5.9,5.949,5.998,5.9,8.559999999999999,8.37,8.75,8.559999999999999,8.37,8.75,8.751,8.536,8.966,8.751,8.536,8.966
2023-06-19T05:20:00Z,353634,642,17856,10.6,10.6,,86,86,,863.806,863.806,,,,,0.01,5.5,5.4,5.6,16.7,16.7,16.8,11,11,11,129.6,129.9,129.4,1115.68,1111.948,1119.412,316.411,319.676,313.146,57.952,54.73,61.174,3.5549999999999997,2.408,4.702,0.34,0.404,0.276,0.251,0.404,0.098,5.630000000000001,5.642,5.618,5.630000000000001,5.642,5.618,8.478,8.17,8.786,8.478,8.17,8.786,8.765,8.522,9.008,8.765,8.522,9.008
2023-06-19T05:30:00Z,354234,539,17856,11.4,11.4,,86,86,,863.88,863.88,,,,,0.01,5.3,5.1,5.5,16.3,16.4,16.3,10.9,10.9,10.8,131.7,131.3,132.1,1089.606,1094.994,1084.218,309.54200000000003,314.69,304.394,54.673,50.166,59.18,3.314,3.09,3.538,0.33799999999999997,0.38,0.296,0.151,0.264,0.038,5.536,5.764,5.308,5.536,5.764,5.308,8.195,8.05,8.34,8.195,8.05,8.34,8.492,8.472,8.512,8.492,8.472,8.512
2023-06-19T05:40:00Z,354835,1078,17250,12,12,,86,86,,863.808,863.808,,,,,0.01,5.6,5.3,5.9,17.1,17.1,17.2,11.2,11.1,11.2,127.7,128,127.4,1141.681,1137.61,1145.752,324.49800000000005,324.824,324.172,57.465,52.26,62.67,3.052,2.908,3.196,0.387,0.3,0.474,0.069,0.088,0.05,5.837999999999999,5.802,5.874,5.837999999999999,5.802,5.874,8.629,8.43,8.828,8.629,8.43,8.828,8.893,8.686,9.1,8.893,8.686,9.1
2023-06-19T05:50:00Z,355434,418,17856,12.2,12.2,,86,86,,863.692,863.692,,,,,0.01,5.6,5.3,5.9,16.9,16.7,17.2,11.1,11,11.2,128.5,129.6,127.5,1129.951,1116.414,1143.488,321.398,316.642,326.154,57.144,53.114,61.174,2.399,2.51,2.288,0.28500000000000003,0.18,0.39,0.15,0.128,0.172,5.897,5.812,5.982,5.897,5.812,5.982,8.373999999999999,8.11,8.638,8.373999999999999,8.11,8.638,8.574,8.258,8.89,8.574,8.258,8.89
2023-06-19T06:00:00Z,356034,428,17536,13.2,13.2,,86,86,,863.64,863.64,,,,,0.01,5.9,5.4,6.3,17.8,17.6,18.1,11.4,11.4,11.5,124.2,125.2,123.1,1189.5900000000001,1175.044,1204.136,338.624,337.668,339.58,59.756,51.356,68.156,2.856,2.258,3.454,0.256,0.19,0.322,0.021,0.042,0,6.21,6.272,6.148,6.21,6.272,6.148,9.003,8.604,9.402,9.003,8.604,9.402,9.215,8.794,9.636,9.215,8.794,9.636
2023-06-19T06:10:00Z,356635,1030,17890,14.4,14.4,,86,86,,863.616,863.616,,,,,0.01,5.9,5.7,6.1,18,18.1,17.9,11.5,11.6,11.5,123.2,122.8,123.7,1202.54,1209.226,1195.854,342.02200000000005,345.802,338.242,60.836,56.386,65.286,3.1399999999999997,2.722,3.558,0.324,0.256,0.392,0.124,0.214,0.034,6.401,6.444,6.358,6.401,6.444,6.358,9.157,9.012,9.302,9.157,9.012,9.302,9.457,9.264,9.65,9.457,9.264,9.65
2023-06-19T06:20:00Z,357235,977,17890,14.8,14.8,,86,86,,863.51,863.51,,,,,0.01,5.9,5.5,6.2,18.2,17.8,18.6,11.6,11.4,11.7,122.4,124.1,120.6,1215.286,1189.656,1240.916,345.358,339.736,350.98,58.877,52.47,65.284,2.56,1.798,3.322,0.203,0.232,0.174,0.09799999999999999,0.178,0.018,6.336,6.2,6.472,6.336,6.2,6.472,8.982,8.352,9.612,8.982,8.352,9.612,9.156,8.586,9.726,9.156,8.586,9.726
2023-06-19T06:30:00Z,357834,507,17536,15,15,,86,86,,863.442,863.442,,,,,0.01,6,5.6,6.4,18.7,18.8,18.6,11.8,11.8,11.7,120.3,119.9,120.7,1245.159,1251.186,1239.132,352.336,355.714,348.958,60.782,53.088,68.476,3.124,2.774,3.474,0.22399999999999998,0.356,0.092,0.179,0.272,0.086,6.5600000000000005,6.774,6.346,6.5600000000000005,6.774,6.346,9.280999999999999,9.026,9.536,9.280999999999999,9.026,9.536,9.51,9.328,9.692,9.51,9.328,9.692
2023-06-19T06:40:00Z,358435,1498,17250,15,15,,86,86,,863.43,863.43,,,,,0.01,6.1,5.7,6.4,18.7,18.8,18.7,11.8,11.8,11.8,120.1,120,120.2,1248.9180000000001,1250.442,1247.394,353.55899999999997,357.808,349.31,61.947,55.28,68.614,3.152,3.002,3.302,0.262,0.344,0.18,0.151,0.302,0,6.518,6.536,6.5,6.518,6.536,6.5,9.298,9.05,9.546,9.298,9.05,9.546,9.579,9.394,9.764,9.579,9.394,9.764
2023-06-19T06:50:00Z,359034,449,17536,14.2,14.2,,86,86,,863.446,863.446,,,,,0.01,6.1,5.8,6.5,18.4,18.3,18.5,11.7,11.6,11.7,121.5,122.1,120.9,1227.2559999999999,1218.652,1235.86,346.428,343.762,349.094,64.212,57.258,71.166,3.7159999999999997,2.904,4.528,0.40700000000000003,0.452,0.362,0.217,0.306,0.128,6.347,6.23,6.464,6.347,6.23,6.464,9.406,8.948,9.864,9.406,8.948,9.864,9.707,9.304,10.11,9.707,9.304,10.11
2023-06-19T07:00:00Z,359634,431,17856,14,14,,86,86,,863.416,863.416,,,,,0.01,6.2,5.8,6.5,18.6,18.8,18.5,11.7,11.8,11.7,120.5,120,121,1242.9450000000002,1250.438,1235.452,349.99,353.906,346.074,64.48,57.53,71.43,3.7079999999999997,3.348,4.068,0.261,0.142,0.38,0.09,0.09,0.09,6.397,6.566,6.228,6.397,6.566,6.228,9.52,9.364,9.676,9.52,9.364,9.676,9.759,9.544,9.974,9.759,9.544,9.974
2023-06-19T07:10:00Z,360234,457,17216,14,14,,86,86,,863.402,863.402,,,,,0.01,6,5.6,6.4,18.6,18.4,18.7,11.7,11.7,11.8,120.7,121.4,120.1,1238.809,1229.696,1247.922,350.01800000000003,351.114,348.922,60.574,53.438,67.71,2.6799999999999997,2.258,3.102,0.21300000000000002,0.224,0.202,0.133,0.19,0.076,6.389,6.256,6.522,6.389,6.256,6.522,9.254,8.684,9.824,9.254,8.684,9.824,9.437000000000001,8.922,9.952,9.437000000000001,8.922,9.952
2023-06-19T07:20:00Z,360835,441,16930,14,14,,86,86,,863.276,863.276,,,,,0.01,5.8,5.6,6,18.2,18.5,17.9,11.6,11.7,11.5,122.4,121.2,123.7,1213.9850000000001,1232.132,1195.838,343.53700000000003,351.3,335.774,57.730999999999995,53.782,61.68,2.76,2.768,2.752,0.266,0.122,0.41,0.116,0.07,0.162,6.394,6.49,6.298,6.394,6.49,6.298,9.003,9.018,8.988,9.003,9.018,8.988,9.242,9.154,9.33,9.242,9.154,9.33
2023-06-19T07:30:00Z,361435,2344,17856,14,14,,86.2,86.2,,863.21,863.21,,,,,0.01,6.1,5.9,6.4,18.6,18.4,18.8,11.7,11.6,11.8,120.8,121.8,119.9,1237.596,1223.668,1251.524,350.549,351.692,349.406,63.119,58.654,67.584,3.113,2.958,3.268,0.302,0.304,0.3,0.098,0.124,0.072,6.317,6.354,6.28,6.317,6.354,6.28,9.362,9.192,9.532,9.362,9.192,9.532,9.582,9.422,9.742,9.582,9.422,9.742
2023-06-19T07:40:00Z,362034,438,17536,14,14,,87,87,,863.216,863.216,,,,,0.01,6.4,6,6.7,18.9,18.8,19,11.8,11.8,11.9,119.4,119.9,118.9,1258.77,1251.352,1266.188,356.889,354.758,359.02,66.209,59.678,72.74,3.177,3.108,3.246,0.313,0.182,0.444,0.078,0.074,0.082,6.468999999999999,6.356,6.582,6.468999999999999,6.356,6.582,9.597,9.238,9.956,9.597,9.238,9.956,9.839,9.38,10.298,9.839,9.38,10.298
2023-06-19T07:50:00Z,362634,453,16896,14,14,,87,87,,863.148,863.148,,,,,0.01,6.4,6,6.7,19.2,19.5,18.9,11.9,12.1,11.8,118.1,116.9,119.4,1278.865,1298.55,1259.18,362.797,370.186,355.408,65.438,58.122,72.754,2.891,2.684,3.098,0.352,0.372,0.332,0.144,0.178,0.11,6.601,6.694,6.508,6.601,6.694,6.508,9.523,9.348,9.698,9.523,9.348,9.698,9.764,9.622,9.906,9.764,9.622,9.906
2023-06-19T08:00:00Z,363234,478,17216,14.4,14.4,,87,87,,863.086,863.086,,,,,0.01,5.9,5.8,6.1,18.4,18.8,18,11.7,11.8,11.5,121.6,119.7,123.6,1225.94,1253.79,1198.09,350.228,362.528,337.928,59.95,55.21,64.69,3.081,2.27,3.892,0.357,0.318,0.396,0.13,0.194,0.066,6.468999999999999,6.702,6.236,6.468999999999999,6.702,6.236,9.286999999999999,9.284,9.29,9.286999999999999,9.284,9.29,9.512,9.482,9.542,9.512,9.482,9.542
2023-06-19T08:10:00Z,363834,374,18176,14.4,14.4,,87.4,87.4,,862.99,862.99,,,,,0.01,6.2,6,6.3,18.8,19.1,18.5,11.8,11.9,11.7,119.8,118.5,121.2,1252.516,1272.566,1232.466,354.39,364.62,344.16,63.447,60.476,66.418,3.15,3.758,2.542,0.264,0.316,0.212,0.133,0.266,0,6.5649999999999995,6.768,6.362,6.5649999999999995,6.768,6.362,9.498999999999999,9.67,9.328,9.498999999999999,9.67,9.328,9.765,10.042,9.488,9.765,10.042,9.488
2023-06-19T08:20:00Z,364434,379,17536,14,14,,88,88,,862.986,862.986,,,,,0.01,6,5.7,6.4,18.6,18.5,18.8,11.7,11.7,11.8,120.5,121.2,119.9,1241.8609999999999,1232.108,1251.614,351.853,350.596,353.11,61.126999999999995,55.516,66.738,3.357,3.542,3.172,0.323,0.322,0.324,0.199,0.272,0.126,6.514,6.49,6.538,6.514,6.49,6.538,9.369,9.192,9.546,9.369,9.192,9.546,9.637,9.47,9.804,9.637,9.47,9.804
2023-06-19T08:30:00Z,365034,358,17536,14,14,,88,88,,862.914,862.914,,,,,0.01,5.9,5.6,6.1,18.1,18.3,17.9,11.5,11.6,11.4,123,122,124.1,1205.5639999999999,1221.096,1190.032,344.073,350.768,337.378,59.025,53.018,65.032,2.6500000000000004,2.172,3.128,0.225,0.184,0.266,0.136,0.136,0.136,6.307,6.31,6.304,6.307,6.31,6.304,8.949000000000002,8.736,9.162,8.949000000000002,8.736,9.162,9.181000000000001,8.904,9.458,9.181000000000001,8.904,9.458
2023-06-19T08:40:00Z,365634,907,18176,14,14,,88,88,,862.888,862.888,,,,,0.01,6,5.5,6.4,18.4,18.1,18.6,11.6,11.5,11.7,121.8,123.1,120.5,1223.666,1205.212,1242.12,344.172,339.816,348.528,59.986000000000004,52.888,67.084,2.3970000000000002,2.016,2.778,0.231,0,0.462,0.062,0,0.124,6.3919999999999995,6.248,6.536,6.3919999999999995,6.248,6.536,8.958,8.468,9.448,8.958,8.468,9.448,9.158999999999999,8.508,9.81,9.158999999999999,8.508,9.81
2023-06-19T08:50:00Z,366234,483,18176,14,14,,88,88,,862.884,862.884,,,,,0.01,6,5.9,6.1,18.1,18.6,17.7,11.6,11.7,11.4,122.8,120.7,124.9,1209.031,1238.862,1179.2,347.524,358.828,336.22,61.099000000000004,58.406,63.792,2.645,2.896,2.394,0.317,0.342,0.292,0.145,0.25,0.04,6.369,6.524,6.214,6.369,6.524,6.214,9.119,9.178,9.06,9.119,9.178,9.06,9.36,9.466,9.254,9.36,9.466,9.254
2023-06-19T09:00:00Z,366834,624,17856,14,14,,88.8,88.8,,862.808,862.808,,,,,0.01,5.7,5.3,6.1,17.8,17.8,17.7,11.4,11.4,11.4,124.6,124.3,124.8,1183.636,1187.214,1180.058,338.85900000000004,340.974,336.744,56.763999999999996,49.538,63.99,2.678,2.382,2.974,0.276,0.172,0.38,0.131,0.172,0.09,6.082,6.076,6.088,6.082,6.076,6.088,8.639,8.32,8.958,8.639,8.32,8.958,8.883,8.522,9.244,8.883,8.522,9.244
2023-06-19T09:10:00Z,367434,377,17856,14,14,,89,89,,862.842,862.842,,,,,0.01,5.9,5.6,6.2,18.2,18.1,18.4,11.6,11.5,11.7,122.3,123,121.6,1216.136,1206.376,1225.896,345.219,343.224,347.214,59.357,53.994,64.72,3.127,2.928,3.326,0.308,0.282,0.334,0.178,0.282,0.074,6.2509999999999994,6.26,6.242,6.2509999999999994,6.26,6.242,9.079,8.828,9.33,9.079,8.828,9.33,9.3,9.072,9.528,9.3,9.072,9.528
2023-06-19T09:20:00Z,368034,695,17856,13.2,13.2,,89,89,,862.856,862.856,,,,,0.01,5.9,5.5,6.3,18.2,18.3,18.2,11.6,11.6,11.6,122.3,122.1,122.6,1215.393,1219.336,1211.45,343.931,345.828,342.034,60.655,52.194,69.116,3.124,1.928,4.32,0.21000000000000002,0.2,0.22,0.081,0.162,0,6.249,6.196,6.302,6.249,6.196,6.302,8.989999999999998,8.338,9.642,8.989999999999998,8.338,9.642,9.161999999999999,8.532,9.792,9.161999999999999,8.532,9.792
2023-06-19T09:30:00Z,368635,1052,17216,13,13,,89,89,,862.846,862.846,,,,,0.01,6.2,6.2,6.2,18.6,19,18.2,11.7,11.9,11.6,120.8,119.1,122.6,1238.276,1264.21,1212.342,350.352,361.212,339.492,64.338,62.782,65.894,3.253,3.066,3.44,0.258,0.3,0.216,0.14400000000000002,0.19,0.098,6.322,6.514,6.13,6.322,6.514,6.13,9.325,9.432,9.218,9.325,9.432,9.218,9.523,9.658,9.388,9.523,9.658,9.388
2023-06-19T09:40:00Z,369234,965,17856,13,13,,89,89,,862.884,862.884,,,,,0.01,5.9,5.4,6.5,18.5,18.2,18.7,11.7,11.6,11.8,121.2,122.5,120.1,1231.472,1213.702,1249.242,349.48699999999997,346.252,352.722,60.303,51.77,68.836,3.383,3.636,3.13,0.21500000000000002,0.23,0.2,0.115,0.23,0,6.286,6.178,6.394,6.286,6.178,6.394,9.24,8.76,9.72,9.24,8.76,9.72,9.429,8.922,9.936,9.429,8.922,9.936
2023-06-19T09:50:00Z,369834,662,18176,13,13,,89,89,,862.99,862.99,,,,,0.01,6,5.5,6.4,17.8,17.5,18.1,11.4,11.3,11.6,124.2,125.6,122.9,1188.598,1169.208,1207.988,338.813,334.156,343.47,61.666000000000004,53.28,70.052,3.077,2.206,3.948,0.28700000000000003,0.266,0.308,0.11599999999999999,0.184,0.048,6.244,6.108,6.38,6.244,6.108,6.38,8.99,8.35,9.63,8.99,8.35,9.63,9.21,8.608,9.812,9.21,8.608,9.812
2023-06-19T10:00:00Z,370434,462,18176,13,13,,89,89,,863.046,863.046,,,,,0.01,5.8,5.4,6.1,17.4,17.3,17.6,11.3,11.2,11.3,126.2,126.9,125.4,1161.894,1151.902,1171.886,331.042,330.542,331.542,58.792,51.982,65.602,2.733,2.556,2.91,0.22499999999999998,0.142,0.308,0.07200000000000001,0.1,0.044,5.991,6.01,5.972,5.991,6.01,5.972,8.623000000000001,8.318,8.928,8.623000000000001,8.318,8.928,8.785,8.458,9.112,8.785,8.458,9.112
2023-06-19T10:10:00Z,371034,532,17856,13,13,,89,89,,863.062,863.062,,,,,0.01,5.6,5.2,5.9,17,17,16.9,11.1,11.1,11.1,128.5,128.3,128.7,1131.1309999999999,1133.844,1128.418,321.23699999999997,325.69,316.784,56.33,50.016,62.644,2.201,2.104,2.298,0.119,0.044,0.194,0.022,0.044,0,5.803,5.88,5.726,5.803,5.88,5.726,8.218,8.016,8.42,8.218,8.016,8.42,8.373000000000001,8.128,8.618,8.373000000000001,8.128,8.618
2023-06-19T10:20:00Z,371634,467,17856,13,13,,89,89,,863.044,863.044,,,,,0.01,5.6,5.4,5.9,17.1,17,17.2,11.2,11.1,11.2,127.6,128.1,127.2,1142.058,1135.942,1148.174,322.85,322.526,323.174,56.911,52.122,61.7,1.9849999999999999,1.542,2.428,0.157,0.15,0.164,0.049,0.098,0,5.837,5.746,5.928,5.837,5.746,5.928,8.33,7.984,8.676,8.33,7.984,8.676,8.449,8.078,8.82,8.449,8.078,8.82
2023-06-19T10:30:00Z,372234,893,17536,13,13,,89,89,,863.064,863.064,,,,,0.01,5.6,5.4,5.9,17.4,17.3,17.4,11.3,11.3,11.3,126.5,126.6,126.4,1157.548,1156.138,1158.958,330.418,329.818,331.018,56.439,51.358,61.52,2.248,1.988,2.508,0.11499999999999999,0.104,0.126,0.097,0.104,0.09,6.155,6.064,6.246,6.155,6.064,6.246,8.593,8.284,8.902,8.593,8.284,8.902,8.732,8.462,9.002,8.732,8.462,9.002
2023-06-19T10:40:00Z,372834,664,17536,13,13,,89,89,,863.164,863.164,,,,,0.01,5.4,5,5.7,16.5,16.7,16.3,10.9,11,10.8,131,129.9,132.1,1098.68,1112.18,1085.18,311.48900000000003,317.812,305.166,54.378,47.134,61.622,2.339,1.974,2.704,0.092,0.092,0.092,0.07100000000000001,0.092,0.05,5.63,5.724,5.536,5.63,5.724,5.536,7.981,7.68,8.282,7.981,7.68,8.282,8.142,7.862,8.422,8.142,7.862,8.422
2023-06-19T10:50:00Z,373435,895,17570,13,13,,89,89,,863.21,863.21,,,,,0.01,5.4,5.1,5.7,16.9,16.8,16.9,11.1,11.1,11.1,128.9,129.2,128.7,1124.856,1122.024,1127.688,319.189,318.946,319.432,54.002,49.35,58.654,2.5,2.398,2.602,0.178,0.144,0.212,0.077,0.102,0.052,5.7620000000000005,5.57,5.954,5.7620000000000005,5.57,5.954,8.184000000000001,7.744,8.624,8.184000000000001,7.744,8.624,8.344,7.928,8.76,8.344,7.928,8.76
2023-06-19T11:00:00Z,374034,1128,17536,13,13,,90,90,,863.402,863.402,,,,,0.01,5.3,4.8,5.7,16,16,16.1,10.7,10.7,10.8,133.4,133.8,133.1,1068.167,1063.63,1072.704,302.31100000000004,303.622,301,54.138999999999996,45.08,63.198,2.661,2.068,3.254,0.294,0.156,0.432,0.118,0.08,0.156,5.275,5.236,5.314,5.275,5.236,5.314,7.755000000000001,7.344,8.166,7.755000000000001,7.344,8.166,7.987,7.502,8.472,7.987,7.502,8.472
2023-06-19T11:10:00Z,374634,367,18176,13,13,,89.833,89.833,,863.357,863.357,,,,,0.01,5.1,5,5.2,15.8,15.6,15.9,10.6,10.6,10.7,134.8,135.5,134.2,1051.3429999999998,1043.148,1059.538,297.812,295.982,299.642,51.306,49.227,53.385,2.314,2.345,2.283,0.18,0.158,0.202,0.09,0.08,0.1,5.2485,5.06,5.437,5.2485,5.06,5.437,7.6025,7.345,7.86,7.6025,7.345,7.86,7.794499999999999,7.572,8.017,7.794499999999999,7.572,8.017
2023-06-19T11:20:00Z,375234,394,17856,13,13,,90,90,,863.488,863.488,,,,,0.01,5.1,5,5.1,15.9,16,15.8,10.7,10.7,10.7,134,133.5,134.4,1061.857,1067.41,1056.304,297.86199999999997,301.378,294.346,50.164,49.006,51.322,2.108,2.136,2.08,0.16099999999999998,0.086,0.236,0.08,0.042,0.118,5.337,5.226,5.448,5.337,5.226,5.448,7.492,7.33,7.654,7.492,7.33,7.654,7.638999999999999,7.414,7.864,7.638999999999999,7.414,7.864
2023-06-19T11:30:00Z,375834,360,17536,13,13,,90,90,,863.554,863.554,,,,,0.01,5.1,4.8,5.3,15.5,15.7,15.4,10.5,10.6,10.4,136.1,135.1,137.2,1035.912,1047.978,1023.846,296.351,304.364,288.338,50.93,45.632,56.228,2.21,2.056,2.364,0.155,0.172,0.138,0.042,0.084,0,5.209,5.202,5.216,5.209,5.202,5.216,7.484999999999999,7.278,7.692,7.484999999999999,7.278,7.692,7.593999999999999,7.406,7.782,7.593999999999999,7.406,7.782
2023-06-19T11:40:00Z,376434,358,17856,13,13,,90,90,,863.63,863.63,,,,,0.01,4.9,4.7,5.1,15.3,15.6,15,10.4,10.6,10.3,137.6,135.8,139.5,1018.9739999999999,1040.28,997.668,289.031,294.776,283.286,49.157,44.484,53.83,1.9889999999999999,2.054,1.924,0.061,0.044,0.078,0.022,0.044,0,5.234,5.334,5.134,5.234,5.334,5.134,7.252000000000001,7.208,7.296,7.252000000000001,7.208,7.296,7.305,7.252,7.358,7.305,7.252,7.358
2023-06-19T11:50:00Z,377034,352,18176,13,13,,90,90,,863.79,863.79,,,,,0.01,5.1,4.9,5.3,15.7,15.9,15.5,10.6,10.7,10.5,135.4,134.3,136.5,1044.9360000000001,1058.21,1031.662,297.381,304.154,290.608,50.757999999999996,47.15,54.366,1.7189999999999999,1.684,1.754,0.211,0.14,0.282,0.068,0.09,0.046,5.379,5.524,5.234,5.379,5.524,5.234,7.535,7.506,7.564,7.535,7.506,7.564,7.675,7.632,7.718,7.675,7.632,7.718
2023-06-19T12:00:00Z,377634,354,17856,13,13,,90,90,,863.868,863.868,,,,,0.01,5.1,4.8,5.3,15.3,15.3,15.2,10.4,10.4,10.4,137.7,137.3,138.1,1018.047,1023.042,1013.052,289.33799999999997,290.616,288.06,51.489000000000004,47.002,55.976,2.035,2.056,2.014,0.22899999999999998,0.242,0.216,0.121,0.242,0,5.2,5.19,5.21,5.2,5.19,5.21,7.42,7.242,7.598,7.42,7.242,7.598,7.618,7.468,7.768,7.618,7.468,7.768
2023-06-19T12:10:00Z,378234,352,18176,13,13,,90,90,,863.858,863.858,,,,,0.01,4.8,4.5,5,14.9,14.9,15,10.3,10.3,10.3,139.6,139.9,139.4,996.046,992.94,999.152,285.322,287.87,282.774,46.668,41.796,51.54,1.944,2.124,1.764,0.179,0.238,0.12,0.11,0.184,0.036,5.054,5.02,5.088,5.054,5.02,5.088,7.186,6.94,7.432,7.186,6.94,7.432,7.324999999999999,7.114,7.536,7.324999999999999,7.114,7.536
2023-06-19T12:20:00Z,378834,361,18176,13.4,13.4,,89.6,89.6,,863.842,863.842,,,,,0.01,5,4.7,5.2,15.4,15.5,15.2,10.5,10.5,10.4,137.1,136.3,137.9,1024.775,1034.21,1015.34,290.319,294.692,285.946,49.288,45.8,52.776,1.897,2.504,1.29,0.223,0.222,0.224,0.08800000000000001,0.14,0.036,5.351,5.362,5.34,5.351,5.362,5.34,7.404999999999999,7.398,7.412,7.404999999999999,7.398,7.412,7.6129999999999995,7.656,7.57,7.6129999999999995,7.656,7.57
2023-06-19T12:30:00Z,379434,645,17856,14,14,,89,89,,863.934,863.934,,,,,0.01,5,5,4.9,15.6,16,15.2,10.5,10.7,10.4,135.9,133.6,138.2,1039.188,1066.65,1011.726,294.214,305.364,283.064,49.257,48.8,49.714,2.143,1.884,2.402,0.29400000000000004,0.186,0.402,0.092,0.14,0.044,5.378,5.57,5.186,5.378,5.57,5.186,7.510999999999999,7.592,7.43,7.510999999999999,7.592,7.43,7.741,7.798,7.684,7.741,7.798,7.684
2023-06-19T12:40:00Z,380034,362,18176,14,14,,89.6,89.6,,863.94,863.94,,,,,0.01,4.8,4.7,4.8,15,15.4,14.6,10.3,10.5,10.1,139.2,137.1,141.4,1000.875,1025.32,976.43,285.31399999999996,293.792,276.836,47.111999999999995,45.366,48.858,2.3049999999999997,2.074,2.536,0.28800000000000003,0.27,0.306,0.11,0.182,0.038,5.23,5.286,5.174,5.23,5.286,5.174,7.3100000000000005,7.256,7.364,7.3100000000000005,7.256,7.364,7.539,7.486,7.592,7.539,7.486,7.592
2023-06-19T12:50:00Z,380634,356,18176,14,14,,90,90,,863.954,863.954,,,,,0.01,4.9,4.7,5.2,15.3,15.2,15.4,10.4,10.4,10.5,137.6,138.1,137,1019.5609999999999,1013.352,1025.77,289.06,289.35,288.77,49.979,46.08,53.878,2.465,2.352,2.578,0.33799999999999997,0.246,0.43,0.102,0.204,0,5.291,5.274,5.308,5.291,5.274,5.308,7.441,7.334,7.548,7.441,7.334,7.548,7.687,7.538,7.836,7.687,7.538,7.836
2023-06-19T13:00:00Z,381234,394,18176,14,14,,90,90,,864.01,864.01,,,,,0.01,5,4.5,5.6,15.4,15.4,15.4,10.5,10.5,10.5,136.7,136.7,136.8,1028.9569999999999,1029.704,1028.21,290.027,289.5,290.554,51.072,41.436,60.708,2.206,2.202,2.21,0.196,0.126,0.266,0.044,0.036,0.052,5.247,5.112,5.382,5.247,5.112,5.382,7.547000000000001,7.216,7.878,7.547000000000001,7.216,7.878,7.711,7.306,8.116,7.711,7.306,8.116
2023-06-19T13:10:00Z,381834,365,17856,14,14,,90,90,,864.118,864.118,,,,,0.01,4.9,4.4,5.3,15.3,15,15.7,10.4,10.3,10.6,137.3,139.3,135.3,1022.5640000000001,999.562,1045.566,290.46299999999997,287.352,293.574,47.80200000000001,39.956,55.648,1.859,1.284,2.434,0.179,0.138,0.22,0.069,0.138,0,5.348,5.316,5.38,5.348,5.316,5.38,7.4670000000000005,7.072,7.862,7.4670000000000005,7.072,7.862,7.586,7.166,8.006,7.586,7.166,8.006
2023-06-19T13:20:00Z,382434,368,18176,14,14,,90,90,,864.228,864.228,,,,,0.01,5,4.6,5.4,15.5,15.5,15.5,10.5,10.5,10.5,136.2,136.4,136.1,1034.808,1033.086,1036.53,293.709,293.92,293.498,50.439,43.576,57.302,2.1189999999999998,1.95,2.288,0.152,0.126,0.178,0.06,0.086,0.034,5.291,5.222,5.36,5.291,5.222,5.36,7.42,7.08,7.76,7.42,7.08,7.76,7.542,7.216,7.868,7.542,7.216,7.868
2023-06-19T13:30:00Z,383034,360,17856,14,14,,90,90,,864.312,864.312,,,,,0.01,4.7,4.5,5,15.1,15.3,14.9,10.3,10.4,10.3,138.7,137.6,139.7,1006.975,1018.678,995.272,285.72900000000004,289.062,282.396,46.093,41.63,50.556,1.682,1.682,1.682,0.22699999999999998,0.164,0.29,0.126,0.164,0.088,5.2059999999999995,5.336,5.076,5.2059999999999995,5.336,5.076,7.104,7.086,7.122,7.104,7.086,7.122,7.281,7.27,7.292,7.281,7.27,7.292
2023-06-19T13:40:00Z,383634,357,18176,14,14,,90,90,,864.42,864.42,,,,,0.01,4.6,4.4,4.8,15.2,15.4,15.1,10.4,10.5,10.3,137.9,137.2,138.7,1015.5609999999999,1024.194,1006.928,284.84799999999996,287.914,281.782,44.616,40.488,48.744,2.7,2.688,2.712,0.5429999999999999,0.382,0.704,0.243,0.302,0.184,5.072,5.13,5.014,5.072,5.13,5.014,7.051,7.034,7.068,7.051,7.034,7.068,7.52,7.408,7.632,7.52,7.408,7.632
2023-06-19T13:50:00Z,384234,359,18176,14,14,,89.8,89.8,,864.538,864.538,,,,,0.01,4.9,4.6,5.2,15.5,15.3,15.7,10.5,10.4,10.6,136.5,137.7,135.4,1031.679,1018.204,1045.154,288.697,286.856,290.538,48.239999999999995,43.532,52.948,1.8639999999999999,1.812,1.916,0.242,0.252,0.232,0.10800000000000001,0.202,0.014,5.212999999999999,5.294,5.132,5.212999999999999,5.294,5.132,7.274,7.056,7.492,7.274,7.056,7.492,7.487,7.274,7.7,7.487,7.274,7.7
2023-06-19T14:00:00Z,384834,359,17536,14,14,,90,90,,864.648,864.648,,,,,0.01,5.3,5,5.6,16.7,16.8,16.5,11,11.1,10.9,129.9,129.2,130.6,1112.491,1121.884,1103.098,312.971,315.424,310.518,52.245,46.544,57.946,2.145,2.048,2.242,0.135,0.1,0.17,0.05,0.1,0,5.823,5.766,5.88,5.823,5.766,5.88,8.068,7.826,8.31,8.068,7.826,8.31,8.161,7.896,8.426,8.161,7.896,8.426
2023-06-19T14:10:00Z,385434,409,17856,14,14,,90,90,,864.694,864.694,,,,,0.01,5.4,5.2,5.6,16.9,16.9,16.8,11.1,11.1,11,128.9,128.6,129.2,1125.237,1128.898,1121.576,318.903,321.186,316.62,54.297,49.836,58.758,2.606,1.948,3.264,0.229,0.126,0.332,0.14500000000000002,0.092,0.198,5.67,5.8,5.54,5.67,5.8,5.54,8.047,7.72,8.374,8.047,7.72,8.374,8.267,7.864,8.67,8.267,7.864,8.67
2023-06-19T14:20:00Z,386034,358,17856,14,14,,89,89,,864.78,864.78,,,,,0.01,5.9,5.5,6.4,17.9,17.5,18.4,11.5,11.3,11.6,123.8,126,121.7,1194.688,1164.068,1225.308,340.983,333.156,348.81,60.81699999999999,52.87,68.764,2.873,2.154,3.592,0.548,0.402,0.694,0.218,0.236,0.2,6.376,6.158,6.594,6.376,6.158,6.594,8.887,8.25,9.524,8.887,8.25,9.524,9.312999999999999,8.584,10.042,9.312999999999999,8.584,10.042
2023-06-19T14:30:00Z,386634,376,17856,14,14,,89,89,,864.83,864.83,,,,,0.01,5.8,5.6,6,18.1,18.1,18.2,11.5,11.5,11.6,122.9,123.1,122.7,1207.61,1204.62,1210.6,340.261,340.862,339.66,58.571,54.554,62.588,3.3120000000000003,3.326,3.298,0.239,0.16,0.318,0.07,0.084,0.056,6.361000000000001,6.336,6.386,6.361000000000001,6.336,6.386,9.041,8.814,9.268,9.041,8.814,9.268,9.291,9.102,9.48,9.291,9.102,9.48
2023-06-19T14:40:00Z,387234,733,17856,14,14,,89.8,89.8,,864.986,864.986,,,,,0.01,6,5.5,6.4,18.4,18.3,18.4,11.6,11.6,11.7,121.8,122,121.5,1223.676,1220.032,1227.32,347.30100000000004,347.24,347.362,60.751,52.628,68.874,2.79,2.546,3.034,0.28,0.316,0.244,0.111,0.184,0.038,6.276,6.226,6.326,6.276,6.226,6.326,9.026,8.604,9.448,9.026,8.604,9.448,9.29,8.956,9.624,9.29,8.956,9.624
2023-06-19T14:50:00Z,387834,394,18176,14,14,,90,90,,865.006,865.006,,,,,0.01,6,5.8,6.3,18.9,19.2,18.6,11.9,12,11.7,119.2,117.9,120.6,1261.665,1281.808,1241.522,356.55,365.442,347.658,61.118,55.824,66.412,3.489,3.526,3.452,0.417,0.424,0.41,0.138,0.188,0.088,6.619999999999999,6.778,6.462,6.619999999999999,6.778,6.462,9.472999999999999,9.54,9.406,9.472999999999999,9.54,9.406,9.773,9.826,9.72,9.773,9.826,9.72
2023-06-19T15:00:00Z,388434,357,18176,14,14,,90,90,,865.034,865.034,,,,,0.01,6.4,6,6.8,19.6,19.5,19.8,12.1,12,12.2,116.2,116.9,115.5,1309.194,1298.148,1320.24,374.313,373.416,375.21,64.819,58.39,71.248,3.205,3.214,3.196,0.297,0.236,0.358,0.166,0.202,0.13,7.038,6.994,7.082,7.038,6.994,7.082,9.865,9.584,10.146,9.865,9.584,10.146,10.139,9.85,10.428,10.139,9.85,10.428
2023-06-19T15:10:00Z,389034,357,17856,14,14,,90,90,,865.032,865.032,,,,,0.01,6.6,6.4,6.9,20.1,19.9,20.2,12.3,12.2,12.3,114.5,115.1,113.9,1336.717,1326.47,1346.964,379.295,378.11,380.48,68.926,63.924,73.928,3.848,3.446,4.25,0.20500000000000002,0.132,0.278,0.066,0.132,0,6.982,6.836,7.128,6.982,6.836,7.128,10.265,9.976,10.554,10.265,9.976,10.554,10.381,10.076,10.686,10.381,10.076,10.686
2023-06-19T15:20:00Z,389634,357,17856,14,14,,90,90,,865.096,865.096,,,,,0.01,6.6,6.1,7.2,20.2,19.9,20.6,12.3,12.2,12.4,113.8,115.2,112.5,1347.67,1325.114,1370.226,383.76,376.964,390.556,67.77199999999999,59.554,75.99,3.332,3.45,3.214,0.42100000000000004,0.396,0.446,0.241,0.344,0.138,7.1259999999999994,6.93,7.322,7.1259999999999994,6.93,7.322,10.208,9.74,10.676,10.208,9.74,10.676,10.572,10.142,11.002,10.572,10.142,11.002
2023-06-19T15:30:00Z,390234,404,18176,14.6,14.6,,89.2,89.2,,865.192,865.192,,,,,0.01,6.8,6.3,7.3,20.4,20.4,20.4,12.4,12.4,12.4,113.2,113.2,113.1,1359.304,1358.746,1359.862,387.41,387.22,387.6,70.576,61.948,79.204,3.83,3.646,4.014,0.601,0.672,0.53,0.248,0.406,0.09,7.218,7.13,7.306,7.218,7.13,7.306,10.383,9.99,10.776,10.383,9.99,10.776,10.864,10.516,11.212,10.864,10.516,11.212
2023-06-19T15:40:00Z,390834,357,18176,15,15,,89,89,,865.232,865.232,,,,,0.01,6.9,6.4,7.4,20.9,20.8,21,12.6,12.5,12.6,111.2,111.6,110.7,1393.5259999999998,1386.154,1400.898,394.704,395.302,394.106,71.615,61.626,81.604,3.6060000000000003,2.748,4.464,0.40800000000000003,0.364,0.452,0.17700000000000002,0.274,0.08,7.439,7.346,7.532,7.439,7.346,7.532,10.627,10.114,11.14,10.627,10.114,11.14,10.960999999999999,10.392,11.53,10.960999999999999,10.392,11.53
2023-06-19T15:50:00Z,391434,358,18176,15,15,,89,89,,865.258,865.258,,,,,0.01,7.2,6.9,7.4,21.6,21.7,21.4,12.8,12.8,12.7,108.7,108.1,109.3,1437.533,1448.552,1426.514,407.44399999999996,414.214,400.674,73.5,67.194,79.806,3.324,3.002,3.646,0.391,0.346,0.436,0.23099999999999998,0.31,0.152,7.552,7.6,7.504,7.552,7.6,7.504,10.809000000000001,10.558,11.06,10.809000000000001,10.558,11.06,11.172,10.944,11.4,11.172,10.944,11.4
2023-06-19T16:00:00Z,392034,354,17856,15,15,,89,89,,865.218,865.218,,,,,0.01,7.4,6.9,7.9,21.7,21.5,21.9,12.8,12.7,12.9,108.3,109.1,107.5,1444.926,1430.402,1459.45,411.206,410.126,412.286,78.515,70.482,86.548,4.641,5.396,3.886,0.348,0.272,0.424,0.093,0.09,0.096,7.696,7.638,7.754,7.696,7.638,7.754,11.412,11.162,11.662,11.412,11.162,11.662,11.668,11.384,11.952,11.668,11.384,11.952
2023-06-19T16:10:00Z,392634,358,17536,15,15,,89,89,,865.186,865.186,,,,,0.01,7,6.6,7.4,21.2,21.2,21.3,12.7,12.6,12.7,110,110.2,109.9,1413.966,1411.216,1416.716,398.677,400.214,397.14,73.239,66.862,79.616,4.672000000000001,5.258,4.086,0.62,0.486,0.754,0.21200000000000002,0.254,0.17,7.247999999999999,7.148,7.348,7.247999999999999,7.148,7.348,10.870000000000001,10.69,11.05,10.870000000000001,10.69,11.05,11.341999999999999,11.136,11.548,11.341999999999999,11.136,11.548
2023-06-19T16:20:00Z,393234,413,18176,15,15,,89,89,,865.206,865.206,,,,,0.01,7.3,7,7.6,21.6,21.4,21.7,12.8,12.7,12.8,108.6,109.2,108.1,1439.2530000000002,1429.144,1449.362,406.827,405.534,408.12,76.73,71.272,82.188,3.319,2.85,3.788,0.28700000000000003,0.178,0.396,0.133,0.092,0.174,7.561,7.396,7.726,7.561,7.396,7.726,11.014,10.554,11.474,11.014,10.554,11.474,11.306000000000001,10.76,11.852,11.306000000000001,10.76,11.852
2023-06-19T16:30:00Z,393834,356,17856,15,15,,89,89,,865.272,865.272,,,,,0.01,6.7,6.5,7,21.2,21.3,21,12.6,12.7,12.6,110.1,109.6,110.6,1412.146,1421.384,1402.908,400.371,402.906,397.836,67.021,61.84,72.202,3.114,2.872,3.356,0.326,0.272,0.38,0.16,0.21,0.11,7.574,7.684,7.464,7.574,7.684,7.464,10.677,10.538,10.816,10.677,10.538,10.816,10.942,10.772,11.112,10.942,10.772,11.112
2023-06-19T16:40:00Z,394434,392,18176,15,15,,89,89,,865.378,865.378,,,,,0.01,7.3,6.8,7.7,21.7,21.6,21.7,12.8,12.8,12.8,108.4,108.6,108.2,1443.411,1439.026,1447.796,410.318,411.612,409.024,75.658,66.804,84.512,4.002,3.214,4.79,0.397,0.304,0.49,0.194,0.138,0.25,7.709,7.576,7.842,7.709,7.576,7.842,11.149000000000001,10.606,11.692,11.149000000000001,10.606,11.692,11.522,10.906,12.138,11.522,10.906,12.138
2023-06-19T16:50:00Z,395034,356,17856,15,15,,89,89,,865.42,865.42,,,,,0.01,6.9,6.9,7,21.2,21.4,20.9,12.6,12.7,12.6,110.1,109.1,111.1,1412.559,1429.732,1395.386,398.913,405.654,392.172,70.384,67.87,72.898,2.7359999999999998,2.58,2.892,0.348,0.252,0.444,0.185,0.252,0.118,7.476,7.63,7.322,7.476,7.63,7.322,10.674,10.662,10.686,10.674,10.662,10.686,10.943,10.888,10.998,10.943,10.888,10.998
2023-06-19T17:00:00Z,395634,355,17856,15,15,,89,89,,865.494,865.494,,,,,0.01,7,6.6,7.4,21.1,21.3,20.9,12.6,12.7,12.5,110.4,109.7,111.2,1406.149,1419.99,1392.308,399.675,405.966,393.384,71.256,63.304,79.208,2.661,2.936,2.386,0.315,0.328,0.302,0.16,0.186,0.134,7.373,7.456,7.29,7.373,7.456,7.29,10.411999999999999,10.186,10.638,10.411999999999999,10.186,10.638,10.710999999999999,10.568,10.854,10.710999999999999,10.568,10.854
2023-06-19T17:10:00Z,396234,363,17536,15,15,,89,89,,865.486,865.486,,,,,0.01,7,6.5,7.4,21.4,21.3,21.4,12.7,12.7,12.7,109.3,109.5,109.1,1425.886,1422.258,1429.514,405.131,404.034,406.228,70.8,63.25,78.35,3.544,3.298,3.79,0.272,0.26,0.284,0.13,0.21,0.05,7.677,7.56,7.794,7.677,7.56,7.794,10.815000000000001,10.348,11.282,10.815000000000001,10.348,11.282,11.107,10.718,11.496,11.107,10.718,11.496
2023-06-19T17:20:00Z,396834,370,17856,15,15,,89,89,,865.524,865.524,,,,,0.01,7,6.7,7.4,21.6,21.5,21.7,12.8,12.7,12.8,108.7,109.1,108.3,1437.522,1430.384,1444.66,407.666,410.84,404.492,72.471,65.096,79.846,4.089,3.39,4.788,0.393,0.356,0.43,0.194,0.228,0.16,7.4990000000000006,7.384,7.614,7.4990000000000006,7.384,7.614,10.958,10.388,11.528,10.958,10.388,11.528,11.276,10.686,11.866,11.276,10.686,11.866
2023-06-19T17:30:00Z,397434,362,17856,15,15,,89,89,,865.558,865.558,,,,,0.01,7.2,6.8,7.7,21.7,21.6,21.8,12.8,12.8,12.9,108.2,108.6,107.9,1446.4789999999998,1440.1,1452.858,410.83500000000004,408.992,412.678,74.761,65.55,83.972,3.346,2.342,4.35,0.349,0.362,0.336,0.203,0.324,0.082,7.525,7.49,7.56,7.525,7.49,7.56,10.918,10.216,11.62,10.918,10.216,11.62,11.192,10.52,11.864,11.192,10.52,11.864
2023-06-19T17:40:00Z,398034,353,17536,15,15,,89,89,,865.594,865.594,,,,,0.01,7.2,7,7.4,21.9,22.1,21.6,12.9,12.9,12.8,107.7,106.9,108.4,1456.685,1470.798,1442.572,415.161,423.42,406.902,73.925,69.1,78.75,3.755,3.818,3.692,0.247,0.148,0.346,0.126,0.148,0.104,7.8,7.954,7.646,7.8,7.954,7.646,11.156,11.146,11.166,11.156,11.146,11.166,11.39,11.388,11.392,11.39,11.388,11.392
2023-06-19T17:50:00Z,398634,357,17856,15.4,15.4,,89,89,,865.676,865.676,,,,,0.01,7.1,6.5,7.7,21.7,21.3,22,12.8,12.7,12.9,108.4,109.8,107,1443.348,1418.11,1468.586,409.858,406.038,413.678,72.36,61.608,83.112,4.096,3.336,4.856,0.34500000000000003,0.222,0.468,0.116,0.098,0.134,7.633,7.416,7.85,7.633,7.416,7.85,11.058,10.416,11.7,11.058,10.416,11.7,11.328,10.62,12.036,11.328,10.62,12.036
2023-06-19T18:00:00Z,399234,352,18176,16,16,,89,89,,865.696,865.696,,,,,0.01,7.3,6.9,7.7,21.6,21.6,21.6,12.8,12.8,12.8,108.5,108.6,108.4,1440.953,1439.558,1442.348,409.068,410.248,407.888,77.71799999999999,70.52,84.916,4.3629999999999995,4.28,4.446,0.42100000000000004,0.406,0.436,0.198,0.274,0.122,7.641,7.476,7.806,7.641,7.476,7.806,11.332,10.944,11.72,11.332,10.944,11.72,11.664000000000001,11.278,12.05,11.664000000000001,11.278,12.05
2023-06-19T18:10:00Z,399834,353,18176,16,16,,89,89,,865.766,865.766,,,,,0.01,7,6.6,7.3,21.5,21.3,21.8,12.8,12.7,12.8,108.9,109.7,108,1434.669,1418.948,1450.39,405.9,404.882,406.918,69.991,63.294,76.688,3.219,2.67,3.768,0.276,0.25,0.302,0.15200000000000002,0.17,0.134,7.605,7.486,7.724,7.605,7.486,7.724,10.683,10.202,11.164,10.683,10.202,11.164,10.943999999999999,10.442,11.446,10.943999999999999,10.442,11.446
2023-06-19T18:20:00Z,400434,359,17856,16,16,,89,89,,865.706,865.706,,,,,0.01,7.1,6.9,7.3,21.6,22,21.2,12.8,12.9,12.7,108.5,107,110,1441.495,1468.608,1414.382,408.344,418.606,398.082,72.94800000000001,68.54,77.356,3.286,3.712,2.86,0.345,0.294,0.396,0.16099999999999998,0.148,0.174,7.53,7.604,7.456,7.53,7.604,7.456,10.838000000000001,10.674,11.002,10.838000000000001,10.674,11.002,11.171,11.032,11.31,11.171,11.032,11.31
2023-06-19T18:30:00Z,401034,441,17856,16,16,,89,89,,865.674,865.674,,,,,0.01,7.3,7.1,7.4,21.5,21.7,21.3,12.8,12.8,12.7,108.9,108.1,109.7,1434.107,1448.532,1419.682,407.238,413.54,400.936,76.911,73.698,80.124,4.718999999999999,5.026,4.412,0.208,0.212,0.204,0.106,0.212,0,7.62,7.54,7.7,7.62,7.54,7.7,11.297,11.292,11.302,11.297,11.292,11.302,11.51,11.52,11.5,11.51,11.52,11.5
2023-06-19T18:40:00Z,401634,355,18176,16,16,,89,89,,865.678,865.678,,,,,0.01,7.1,6.6,7.6,21.3,20.8,21.8,12.7,12.5,12.9,109.7,111.7,107.8,1419.443,1384.666,1454.22,402.81600000000003,393.96,411.672,72.765,65.084,80.446,3.3,3.528,3.072,0.269,0.28,0.258,0.12,0.194,0.046,7.495,7.306,7.684,7.495,7.306,7.684,10.832999999999998,10.338,11.328,10.832999999999998,10.338,11.328,11.035,10.522,11.548,11.035,10.522,11.548
2023-06-19T18:50:00Z,402234,354,18176,16,16,,89,89,,865.686,865.686,,,,,0.01,7.4,6.8,7.9,22,21.8,22.2,12.9,12.9,13,107.1,107.7,106.4,1468.0059999999999,1455.604,1480.408,417.91499999999996,416.404,419.426,76.55600000000001,68.412,84.7,3.6079999999999997,4.67,2.546,0.323,0.4,0.246,0.187,0.296,0.078,7.81,7.81,7.81,7.81,7.81,7.81,11.401,11.226,11.576,11.401,11.226,11.576,11.66,11.54,11.78,11.66,11.54,11.78
2023-06-19T19:00:00Z,402834,359,17856,16,16,,89,89,,865.624,865.624,,,,,0.01,7.1,6.6,7.6,21.6,21.3,21.9,12.8,12.7,12.9,108.7,109.8,107.6,1437.282,1417.022,1457.542,406.591,402.244,410.938,73.49600000000001,64.992,82,3.8579999999999997,4.012,3.704,0.40700000000000003,0.174,0.64,0.242,0.138,0.346,7.574,7.35,7.798,7.574,7.35,7.798,11.019,10.536,11.502,11.019,10.536,11.502,11.391,10.71,12.072,11.391,10.71,12.072
2023-06-19T19:10:00Z,403434,364,18176,16,16,,89,89,,865.674,865.674,,,,,0.01,7,6.8,7.2,21.2,21.4,21,12.7,12.7,12.6,110,109.1,110.8,1414.867,1429.752,1399.982,399.38800000000003,408.282,390.494,71.42500000000001,66.65,76.2,3.62,3.324,3.916,0.481,0.506,0.456,0.237,0.362,0.112,7.499,7.656,7.342,7.499,7.656,7.342,10.839,10.614,11.064,10.839,10.614,11.064,11.204,11.01,11.398,11.204,11.01,11.398
2023-06-19T19:20:00Z,404034,356,18176,16,16,,89,89,,865.62,865.62,,,,,0.01,7,6.7,7.3,21.2,21.4,21.1,12.7,12.7,12.6,109.9,109.2,110.5,1416.222,1427.93,1404.514,403.46500000000003,409.93,397,71.432,65.512,77.352,3.0620000000000003,3.08,3.044,0.354,0.234,0.474,0.179,0.194,0.164,7.542999999999999,7.8,7.286,7.542999999999999,7.8,7.286,10.888,10.782,10.994,10.888,10.782,10.994,11.161999999999999,10.986,11.338,11.161999999999999,10.986,11.338
2023-06-19T19:30:00Z,404634,358,18176,16,16,,89,89,,865.618,865.618,,,,,0.01,6.7,6.1,7.3,20.7,20.4,21,12.5,12.4,12.6,111.9,113.2,110.7,1380.493,1358.598,1402.388,391.053,386.472,395.634,67.498,57.142,77.854,3.2,2.742,3.658,0.255,0.294,0.216,0.11499999999999999,0.176,0.054,7.213,6.956,7.47,7.213,6.956,7.47,10.469000000000001,9.752,11.186,10.469000000000001,9.752,11.186,10.648,9.952,11.344,10.648,9.952,11.344
2023-06-19T19:40:00Z,405234,357,17856,16,16,,89,89,,865.628,865.628,,,,,0.01,6.6,6.3,6.9,20.4,20.1,20.7,12.4,12.3,12.5,113.1,114.3,112,1359.633,1340.528,1378.738,386.20500000000004,382.836,389.574,66.182,60.642,71.722,3.0620000000000003,2.738,3.386,0.208,0.044,0.372,0.067,0.044,0.09,7.014,6.87,7.158,7.014,6.87,7.158,10.091999999999999,9.606,10.578,10.091999999999999,9.606,10.578,10.248000000000001,9.676,10.82,10.248000000000001,9.676,10.82
2023-06-19T19:50:00Z,405834,362,18176,16,16,,89,89,,865.754,865.754,,,,,0.01,6.8,6.4,7.1,20.7,20.7,20.6,12.5,12.5,12.5,112,111.8,112.1,1379.672,1382.886,1376.458,388.822,390.076,387.568,68.312,61.146,75.478,2.726,2.614,2.838,0.316,0.276,0.356,0.16699999999999998,0.188,0.146,7.225,6.996,7.454,7.225,6.996,7.454,10.185,9.804,10.566,10.185,9.804,10.566,10.46,10.034,10.886,10.46,10.034,10.886
2023-06-19T20:00:00Z,406434,358,18176,16,16,,89,89,,865.854,865.854,,,,,0.01,6.7,6.3,7.2,20.6,20.7,20.4,12.4,12.5,12.4,112.4,111.8,112.9,1372.812,1382.888,1362.736,388.679,393.54,383.818,68.512,59.984,77.04,3.1310000000000002,2.644,3.618,0.283,0.074,0.492,0.111,0.034,0.188,7.218,7.266,7.17,7.218,7.266,7.17,10.366,10.012,10.72,10.366,10.012,10.72,10.587,10.08,11.094,10.587,10.08,11.094
2023-06-19T20:10:00Z,407034,359,18176,16,16,,89,89,,865.876,865.876,,,,,0.01,6.6,6.2,7,19.9,19.7,20,12.2,12.1,12.3,115.2,115.8,114.5,1325.694,1315.272,1336.116,378.102,375.566,380.638,66.978,59.88,74.076,2.823,2.71,2.936,0.276,0.238,0.314,0.116,0.098,0.134,7,6.906,7.094,7,6.906,7.094,9.964,9.56,10.368,9.964,9.56,10.368,10.173,9.792,10.554,10.173,9.792,10.554
2023-06-19T20:20:00Z,407634,358,17536,16,16,,89,89,,865.948,865.948,,,,,0.01,6.7,6.1,7.2,20.2,19.9,20.6,12.3,12.2,12.5,113.7,115.3,112.3,1349.533,1324.408,1374.658,384.028,380.64,387.416,68.23599999999999,59.16,77.312,3.4850000000000003,3.188,3.782,0.39,0.526,0.254,0.226,0.386,0.066,7.0440000000000005,6.866,7.222,7.0440000000000005,6.866,7.222,10.265,9.556,10.974,10.265,9.556,10.974,10.589,10.038,11.14,10.589,10.038,11.14
2023-06-19T20:30:00Z,408234,356,17856,16,16,,89,89,,866.064,866.064,,,,,0.01,6.8,6.5,7.1,20.6,20.6,20.7,12.5,12.4,12.5,112.2,112.4,112.1,1374.708,1372.742,1376.674,388.642,388.074,389.21,69.844,64.2,75.488,3.364,3.618,3.11,0.35,0.268,0.432,0.11299999999999999,0.18,0.046,7.205,6.974,7.436,7.205,6.974,7.436,10.29,9.934,10.646,10.29,9.934,10.646,10.581,10.19,10.972,10.581,10.19,10.972
2023-06-19T20:40:00Z,408834,361,17856,16,16,,89,89,,866.102,866.102,,,,,0.01,6.5,6.1,6.9,20.1,20,20.1,12.3,12.2,12.3,114.4,114.6,114.2,1338.116,1334.56,1341.672,380.06,381.176,378.944,66.759,60.34,73.178,3.71,4.25,3.17,0.261,0.086,0.436,0.151,0.086,0.216,7.071,6.93,7.212,7.071,6.93,7.212,10.224,10.022,10.426,10.224,10.022,10.426,10.463999999999999,10.18,10.748,10.463999999999999,10.18,10.748
2023-06-19T20:50:00Z,409434,364,17856,16,16,,89,89,,866.16,866.16,,,,,0.01,6.3,6,6.7,19.8,20,19.6,12.2,12.2,12.1,115.4,114.7,116.2,1321.4940000000001,1333.382,1309.606,375.807,383.264,368.35,62.752,55.372,70.132,2.709,2.39,3.028,0.367,0.152,0.582,0.08,0.11,0.05,7.024,7.104,6.944,7.024,7.104,6.944,9.846,9.682,10.01,9.846,9.682,10.01,10.111,9.848,10.374,10.111,9.848,10.374
2023-06-19T21:00:00Z,410034,360,17536,16,16,,89,89,,866.236,866.236,,,,,0.01,6.1,5.8,6.4,19,19,18.9,11.9,11.9,11.8,119.1,118.8,119.4,1263.4250000000002,1268.142,1258.708,357.294,358.558,356.03,60.995000000000005,55.388,66.602,2.86,3.19,2.53,0.28700000000000003,0.232,0.342,0.092,0.094,0.09,6.57,6.438,6.702,6.57,6.438,6.702,9.373999999999999,9.158,9.59,9.373999999999999,9.158,9.59,9.562999999999999,9.298,9.828,9.562999999999999,9.298,9.828
2023-06-19T21:10:00Z,410634,357,18176,16,16,,89,89,,866.31,866.31,,,,,0.01,6.1,5.7,6.5,19,18.9,19.2,11.9,11.8,11.9,118.8,119.4,118.2,1268.228,1258.842,1277.614,360.202,360.012,360.392,61.646,54.936,68.356,2.81,2.892,2.728,0.247,0.29,0.204,0.11599999999999999,0.188,0.044,6.607,6.48,6.734,6.607,6.48,6.734,9.363,9.052,9.674,9.363,9.052,9.674,9.559000000000001,9.282,9.836,9.559000000000001,9.282,9.836
2023-06-19T21:20:00Z,411234,355,18176,16,16,,89,89,,866.35,866.35,,,,,0.01,6.1,5.8,6.4,18.8,19,18.6,11.8,11.9,11.7,119.8,118.7,120.9,1252.967,1269.044,1236.89,357.346,362.96,351.732,61.973,56.25,67.696,3.281,3.342,3.22,0.15999999999999998,0.178,0.142,0.062,0.068,0.056,6.599,6.702,6.496,6.599,6.702,6.496,9.401,9.292,9.51,9.401,9.292,9.51,9.553999999999998,9.504,9.604,9.553999999999998,9.504,9.604
2023-06-19T21:30:00Z,411834,359,18176,16,16,,89,89,,866.36,866.36,,,,,0.01,5.8,5.4,6.2,18.6,18.4,18.9,11.7,11.6,11.8,120.6,121.7,119.5,1241.016,1225.07,1256.962,351.375,350.146,352.604,58.054,51.122,64.986,3.7720000000000002,4.114,3.43,0.249,0.212,0.286,0.11299999999999999,0.146,0.08,6.437,6.442,6.432,6.437,6.442,6.432,9.243,8.992,9.494,9.243,8.992,9.494,9.442,9.202,9.682,9.442,9.202,9.682
2023-06-19T21:40:00Z,412434,356,18176,16,16,,89,89,,866.436,866.436,,,,,0.01,5.7,5.5,6,17.9,17.8,18,11.5,11.4,11.5,124,124.5,123.5,1191.924,1184.828,1199.02,337.26800000000003,336.37,338.166,58.578,53.672,63.484,3.463,2.936,3.99,0.26,0.186,0.334,0.11599999999999999,0.186,0.046,6.01,6.012,6.008,6.01,6.012,6.008,8.89,8.498,9.282,8.89,8.498,9.282,9.104,8.69,9.518,9.104,8.69,9.518
2023-06-19T21:50:00Z,413034,361,17856,16,16,,89,89,,866.422,866.422,,,,,0.01,5.9,5.4,6.3,18.2,17.9,18.5,11.6,11.5,11.7,122.5,124.1,120.9,1213.353,1190.536,1236.17,343.119,337.228,349.01,59.475,52.152,66.798,2.9539999999999997,2.6,3.308,0.196,0.234,0.158,0.136,0.19,0.082,6.225,6.05,6.4,6.225,6.05,6.4,8.908999999999999,8.262,9.556,8.908999999999999,8.262,9.556,9.141,8.566,9.716,9.141,8.566,9.716
2023-06-19T22:00:00Z,413634,358,17216,16,16,,89,89,,866.404,866.404,,,,,0.01,6.1,5.9,6.4,18.7,18.7,18.6,11.8,11.8,11.7,120.4,120.2,120.6,1243.941,1246.998,1240.884,352.01800000000003,358.804,345.232,62.601,57.036,68.166,2.928,2.798,3.058,0.27,0.186,0.354,0.118,0.088,0.148,6.362,6.386,6.338,6.362,6.386,6.338,9.279,9.088,9.47,9.279,9.088,9.47,9.550999999999998,9.322,9.78,9.550999999999998,9.322,9.78
2023-06-19T22:10:00Z,414234,431,18176,16,16,,89,89,,866.542,866.542,,,,,0.01,5.8,5.7,5.8,18.1,18.6,17.6,11.5,11.7,11.3,122.9,120.5,125.5,1207.216,1242.952,1171.48,342.452,353.032,331.872,57.8,55.606,59.994,3.0140000000000002,2.748,3.28,0.33999999999999997,0.258,0.422,0.14800000000000002,0.138,0.158,6.193,6.31,6.076,6.193,6.31,6.076,8.789000000000001,8.71,8.868,8.789000000000001,8.71,8.868,9.115,8.992,9.238,9.115,8.992,9.238
2023-06-19T22:20:00Z,414834,385,17856,16,16,,89,89,,866.488,866.488,,,,,0.01,6,5.6,6.4,18.2,18,18.3,11.6,11.5,11.6,122.7,123.4,121.9,1210.9650000000001,1200.106,1221.824,344.01,345.328,342.692,61.567,54.7,68.434,3.009,2.848,3.17,0.47600000000000003,0.392,0.56,0.191,0.248,0.134,6.18,6.098,6.262,6.18,6.098,6.262,8.942,8.748,9.136,8.942,8.748,9.136,9.302,9.01,9.594,9.302,9.01,9.594
2023-06-19T22:30:00Z,415434,355,17536,16,16,,89,89,,866.452,866.452,,,,,0.01,5.6,5.4,5.8,17.7,18,17.4,11.4,11.5,11.3,124.8,123.4,126.3,1180.617,1200.696,1160.538,333.803,341.468,326.138,56.32,51.6,61.04,2.978,2.498,3.458,0.24,0.192,0.288,0.179,0.116,0.242,6.162000000000001,6.238,6.086,6.162000000000001,6.238,6.086,8.725999999999999,8.418,9.034,8.725999999999999,8.418,9.034,8.984,8.642,9.326,8.984,8.642,9.326
2023-06-19T22:40:00Z,416034,358,18176,16,16,,89,89,,866.59,866.59,,,,,0.01,5.7,5.2,6.1,17.9,18.1,17.6,11.5,11.5,11.4,124,122.9,125.2,1191.535,1207.382,1175.688,336.645,342.426,330.864,57.06400000000001,48.96,65.168,3.451,4.08,2.822,0.383,0.596,0.17,0.206,0.36,0.052,6.116,6.174,6.058,6.116,6.174,6.058,8.878,8.636,9.12,8.878,8.636,9.12,9.153,9.076,9.23,9.153,9.076,9.23
2023-06-19T22:50:00Z,416634,364,17536,16,16,,89,89,,866.656,866.656,,,,,0.01,5.8,5.8,5.8,17.7,17.9,17.5,11.4,11.5,11.3,124.7,123.9,125.6,1181.422,1193.694,1169.15,335.818,341.588,330.048,58.248,56.98,59.516,2.45,2.174,2.726,0.28800000000000003,0.266,0.31,0.17300000000000001,0.266,0.08,6.07,6.15,5.99,6.07,6.15,5.99,8.698,8.65,8.746,8.698,8.65,8.746,8.947,8.886,9.008,8.947,8.886,9.008
2023-06-19T23:00:00Z,417234,355,17856,15.2,15.2,,89,89,,866.596,866.596,,,,,0.01,5.6,5.5,5.6,17.6,18.1,17.1,11.4,11.6,11.2,125.2,122.8,127.8,1174.593,1209.248,1139.938,333.839,346.858,320.82,54.805,51.28,58.33,2.701,2.39,3.012,0.223,0.184,0.262,0.074,0.088,0.06,6.027,6.194,5.86,6.027,6.194,5.86,8.587,8.62,8.554,8.587,8.62,8.554,8.765,8.758,8.772,8.765,8.758,8.772
2023-06-19T23:10:00Z,417834,353,18176,15,15,,89,89,,866.662,866.662,,,,,0.01,5.6,5.2,6,17.7,17.8,17.6,11.4,11.4,11.4,124.9,124.5,125.3,1179.501,1184.886,1174.116,333.796,336.228,331.364,55.64,48.358,62.922,2.5629999999999997,2.52,2.606,0.28400000000000003,0.258,0.31,0.15,0.176,0.124,6.0649999999999995,5.978,6.152,6.0649999999999995,5.978,6.152,8.568999999999999,8.152,8.986,8.568999999999999,8.152,8.986,8.813,8.4,9.226,8.813,8.4,9.226
2023-06-19T23:20:00Z,418434,355,17856,15,15,,89,89,,866.664,866.664,,,,,0.01,5.6,5.2,5.9,17.4,17.4,17.4,11.3,11.3,11.3,126.4,126.4,126.3,1159.252,1158.132,1160.372,328.456,327.562,329.35,56.067,49.894,62.24,2.643,2.506,2.78,0.314,0.16,0.468,0.158,0.126,0.19,5.827,5.88,5.774,5.827,5.88,5.774,8.398,8.188,8.608,8.398,8.188,8.608,8.641,8.35,8.932,8.641,8.35,8.932
2023-06-19T23:30:00Z,419034,356,17856,15,15,,89,89,,866.606,866.606,,,,,0.01,5.8,5.5,6.1,17.7,17.5,17.9,11.4,11.3,11.5,124.6,125.6,123.7,1182.671,1169.682,1195.66,333.946,332.71,335.182,58.879000000000005,52.998,64.76,2.4859999999999998,1.992,2.98,0.505,0.33,0.68,0.20500000000000002,0.226,0.184,5.944000000000001,5.892,5.996,5.944000000000001,5.892,5.996,8.477,8.06,8.894,8.477,8.06,8.894,8.818000000000001,8.374,9.262,8.818000000000001,8.374,9.262
2023-06-19T23:40:00Z,419634,404,18176,15,15,,89,89,,866.73,866.73,,,,,0.01,5.7,5.3,6.1,17.5,17.5,17.4,11.3,11.3,11.3,125.8,125.6,126.1,1166.461,1169.618,1163.304,331.539,333.034,330.044,57.963,50.33,65.596,2.614,2.69,2.538,0.261,0.34,0.182,0.159,0.268,0.05,5.933999999999999,5.77,6.098,5.933999999999999,5.77,6.098,8.514,8,9.028,8.514,8,9.028,8.759,8.322,9.196,8.759,8.322,9.196
2023-06-19T23:50:00Z,420234,356,17856,15,15,,89,89,,866.712,866.712,,,,,0.01,5.6,5.4,5.9,17.5,17.8,17.3,11.3,11.4,11.2,125.6,124.3,126.9,1169.586,1187.012,1152.16,329.60900000000004,333.612,325.606,56.751000000000005,50.904,62.598,3.069,2.494,3.644,0.43,0.486,0.374,0.18000000000000002,0.28,0.08,5.834,5.858,5.81,5.834,5.858,5.81,8.497,8.09,8.904,8.497,8.09,8.904,8.777000000000001,8.422,9.132,8.777000000000001,8.422,9.132
2023-06-20T00:00:00Z,420834,363,17856,15,15,,89,89,,866.63,866.63,,,,,0.01,5.6,5.2,6.1,17.7,17.4,17.9,11.4,11.3,11.5,125.1,126.1,124,1176.871,1162.438,1191.304,331.206,327.89,334.522,56.772999999999996,49.448,64.098,2.792,2.222,3.362,0.26,0.218,0.302,0.116,0.116,0.116,6.024,6.132,5.916,6.024,6.132,5.916,8.623,8.296,8.95,8.623,8.296,8.95,8.843,8.502,9.184,8.843,8.502,9.184
2023-06-20T00:10:00Z,421434,445,17536,15,15,,89,89,,866.638,866.638,,,,,0.01,5.8,5.3,6.4,17.8,17.3,18.3,11.4,11.2,11.6,124.4,126.9,122.1,1185.603,1152.374,1218.832,337.84900000000005,328.766,346.932,59.378,50.336,68.42,2.752,2.704,2.8,0.349,0.504,0.194,0.302,0.458,0.146,6.122999999999999,5.89,6.356,6.122999999999999,5.89,6.356,8.779,8.178,9.38,8.779,8.178,9.38,9.09,8.6,9.58,9.09,8.6,9.58
2023-06-20T00:20:00Z,422034,358,17856,15,15,,89,89,,866.538,866.538,,,,,0.01,5.6,5.2,6,17.4,17.1,17.8,11.3,11.1,11.4,126.2,128,124.6,1160.761,1137.52,1184.002,328.698,324.164,333.232,56.999,50.6,63.398,2.916,2.782,3.05,0.258,0.086,0.43,0.057999999999999996,0.086,0.03,5.909,5.614,6.204,5.909,5.614,6.204,8.421,7.896,8.946,8.421,7.896,8.946,8.664,8.078,9.25,8.664,8.078,9.25
2023-06-20T00:30:00Z,422634,431,18176,15,15,,89,89,,866.454,866.454,,,,,0.01,5.6,5.4,5.9,17.6,17.5,17.6,11.3,11.3,11.4,125.4,125.7,125.2,1171.654,1168.216,1175.092,334.75199999999995,335.736,333.768,57.493,52.832,62.154,3.6950000000000003,3.54,3.85,0.391,0.3,0.482,0.238,0.248,0.228,6.016,5.958,6.074,6.016,5.958,6.074,8.853000000000002,8.544,9.162,8.853000000000002,8.544,9.162,9.176,8.842,9.51,9.176,8.842,9.51
2023-06-20T00:40:00Z,423234,420,17856,15,15,,89.8,89.8,,866.406,866.406,,,,,0.01,5.6,5.2,5.9,17.5,17.9,17.1,11.3,11.5,11.1,126,124,128,1164.167,1191.514,1136.82,327.443,334.64,320.246,56.152,49.404,62.9,2.98,3.028,2.932,0.496,0.534,0.458,0.253,0.234,0.272,5.981,6.23,5.732,5.981,6.23,5.732,8.531,8.602,8.46,8.531,8.602,8.46,8.924,8.986,8.862,8.924,8.986,8.862
2023-06-20T00:50:00Z,423834,411,17216,15,15,,90,90,,866.344,866.344,,,,,0.01,5.5,5.2,5.8,17.2,17.3,17.1,11.2,11.2,11.2,127.2,126.6,127.7,1148.3829999999998,1155.598,1141.168,324.10699999999997,324.618,323.596,54.753,48.942,60.564,2.4939999999999998,2.174,2.814,0.22699999999999998,0.086,0.368,0.047,0.052,0.042,6.009,5.962,6.056,6.009,5.962,6.056,8.421,8.192,8.65,8.421,8.192,8.65,8.596,8.276,8.916,8.596,8.276,8.916
2023-06-20T01:00:00Z,424434,940,17570,15,15,,90,90,,866.326,866.326,,,,,0.01,5.8,5.7,5.9,18,18,17.9,11.5,11.5,11.5,123.6,123.6,123.7,1197.162,1197.93,1196.394,337.398,341.142,333.654,58.146,55.73,60.562,2.205,2.422,1.988,0.174,0.184,0.164,0.111,0.184,0.038,6.165,6.164,6.166,6.165,6.164,6.166,8.823,8.71,8.936,8.823,8.71,8.936,8.974,8.89,9.058,8.974,8.89,9.058
2023-06-20T01:10:00Z,425034,387,17536,14.8,14.8,,90,90,,866.332,866.332,,,,,0.01,5.6,5.2,6.1,17.7,17.5,17.9,11.4,11.3,11.5,125,125.9,124.1,1177.713,1164.74,1190.686,331.323,328.618,334.028,56.111999999999995,47.882,64.342,2.726,2.242,3.21,0.196,0.082,0.31,0.041,0.082,0,5.958,5.882,6.034,5.958,5.882,6.034,8.575,8.226,8.924,8.575,8.226,8.924,8.765,8.316,9.214,8.765,8.316,9.214
2023-06-20T01:20:00Z,425634,376,18176,14.8,14.8,,90,90,,866.302,866.302,,,,,0.01,5.6,5.4,5.8,17.4,17.6,17.3,11.3,11.3,11.2,126.3,125.5,127,1160.411,1170.29,1150.532,330.769,335.554,325.984,57.464,51.824,63.104,3.81,2.726,4.894,0.097,0.036,0.158,0.05,0.036,0.064,5.97,6.034,5.906,5.97,6.034,5.906,8.77,8.426,9.114,8.77,8.426,9.114,8.891,8.504,9.278,8.891,8.504,9.278
2023-06-20T01:30:00Z,426234,420,17536,14,14,,90,90,,866.244,866.244,,,,,0.01,5.6,5.3,5.9,17.6,17.6,17.6,11.3,11.3,11.3,125.5,125.5,125.5,1170.741,1170.816,1170.666,332.97,334.468,331.472,56.187,49.998,62.376,2.707,2.062,3.352,0.384,0.232,0.536,0.21000000000000002,0.152,0.268,6.156000000000001,6.088,6.224,6.156000000000001,6.088,6.224,8.633,8.352,8.914,8.633,8.352,8.914,8.954,8.558,9.35,8.954,8.558,9.35
2023-06-20T01:40:00Z,426834,367,17194,14,14,,90,90,,866.128,866.128,,,,,0.01,5.6,5.4,5.9,17.4,17.9,17,11.3,11.5,11.1,126.1,123.9,128.4,1162.136,1192.976,1131.296,326.249,338.132,314.366,57.534000000000006,51.654,63.414,3.143,2.956,3.33,0.362,0.316,0.408,0.172,0.174,0.17,6.02,6.236,5.804,6.02,6.236,5.804,8.684,8.7,8.668,8.684,8.7,8.668,8.991,8.956,9.026,8.991,8.956,9.026
2023-06-20T01:50:00Z,427434,379,16896,14,14,,90,90,,866.11,866.11,,,,,0.01,5.6,5.3,5.9,17.3,17.3,17.4,11.3,11.2,11.3,126.5,126.9,126.2,1156.569,1151.558,1161.58,327.983,326.022,329.944,56.147999999999996,50.012,62.284,2.971,2.274,3.668,0.27899999999999997,0.082,0.476,0.098,0.082,0.114,5.93,5.818,6.042,5.93,5.818,6.042,8.543,8.048,9.038,8.543,8.048,9.038,8.743,8.128,9.358,8.743,8.128,9.358
2023-06-20T02:00:00Z,428034,381,17856,14,14,,90,90,,866.06,866.06,,,,,0.01,5.5,5.3,5.7,16.9,17,16.8,11.1,11.1,11,128.7,128.1,129.4,1127.4989999999998,1136.456,1118.542,317.929,321.816,314.042,55.967,51.446,60.488,2.379,1.888,2.87,0.296,0.228,0.364,0.14200000000000002,0.132,0.152,5.631,5.692,5.57,5.631,5.692,5.57,8.144,7.924,8.364,8.144,7.924,8.364,8.355,8.104,8.606,8.355,8.104,8.606
2023-06-20T02:10:00Z,428634,397,18176,14,14,,90,90,,865.994,865.994,,,,,0.01,5.2,4.9,5.6,16.5,16.5,16.5,10.9,10.9,10.9,131,131,131.1,1097.868,1098.826,1096.91,308.628,311.126,306.13,52.316,44.932,59.7,2.4130000000000003,2.144,2.682,0.167,0.202,0.132,0.077,0.154,0,5.486000000000001,5.496,5.476,5.486000000000001,5.496,5.476,7.823,7.502,8.144,7.823,7.502,8.144,7.978,7.678,8.278,7.978,7.678,8.278
2023-06-20T02:20:00Z,429234,383,17856,14,14,,90.4,90.4,,865.878,865.878,,,,,0.01,5.3,5.2,5.4,16.7,16.5,16.9,11,10.9,11.1,129.7,130.7,128.7,1114.903,1102.124,1127.682,313.72,311.01,316.43,52.852000000000004,50.728,54.976,2.615,2.412,2.818,0.213,0.238,0.188,0.08199999999999999,0.148,0.016,5.623,5.548,5.698,5.623,5.548,5.698,7.928,7.724,8.132,7.928,7.724,8.132,8.085,7.914,8.256,8.085,7.914,8.256
2023-06-20T02:30:00Z,429834,366,17856,14,14,,90.6,90.6,,865.896,865.896,,,,,0.01,5.4,5.2,5.7,17.2,17.4,17,11.2,11.3,11.1,127.1,126.1,128.1,1149.5639999999999,1162.894,1136.234,322.255,324.354,320.156,53.944,48.93,58.958,2.351,2.224,2.478,0.191,0.304,0.078,0.105,0.21,0,5.756,5.584,5.928,5.756,5.584,5.928,8.126000000000001,7.702,8.55,8.126000000000001,7.702,8.55,8.285,7.948,8.622,8.285,7.948,8.622
2023-06-20T02:40:00Z,430434,367,17216,14,14,,90,90,,865.774,865.774,,,,,0.01,5.4,5.1,5.7,17.2,17.2,17.2,11.2,11.2,11.2,127.1,127.1,127.1,1149.3670000000002,1149.65,1149.084,323.54600000000005,323.696,323.396,52.275,47.412,57.138,2.027,2.246,1.808,0.152,0.172,0.132,0.062,0.124,0,5.8309999999999995,5.78,5.882,5.8309999999999995,5.78,5.882,8.144,7.844,8.444,8.144,7.844,8.444,8.303,8.052,8.554,8.303,8.052,8.554
2023-06-20T02:50:00Z,431034,354,17856,14,14,,90,90,,865.616,865.616,,,,,0.01,5.3,5.2,5.5,16.7,16.9,16.6,11,11.1,11,129.6,129,130.3,1115.922,1124.148,1107.696,315.051,318.596,311.506,52.554,49.628,55.48,2.152,2.312,1.992,0.261,0.266,0.256,0.14,0.232,0.048,5.433999999999999,5.478,5.39,5.433999999999999,5.478,5.39,7.833,7.72,7.946,7.833,7.72,7.946,8.037,7.944,8.13,8.037,7.944,8.13
2023-06-20T03:00:00Z,431634,478,17856,14.8,14.8,,90,90,,865.646,865.646,,,,,0.01,7.2,6.8,7.7,21.7,21.6,21.8,12.8,12.8,12.9,108.2,108.6,107.9,1446.195,1439.716,1452.674,411.606,407.84,415.372,74.963,66.728,83.198,4.181,3.48,4.882,0.402,0.312,0.492,0.187,0.214,0.16,7.684,7.5,7.868,7.684,7.5,7.868,11.163,10.408,11.918,11.163,10.408,11.918,11.559000000000001,10.834,12.284,11.559000000000001,10.834,12.284
2023-06-20T03:10:00Z,432234,383,17216,14.6,14.6,,90,90,,865.564,865.564,,,,,0.01,9.6,8.9,10.2,26.7,26.1,27.4,14.4,14.2,14.6,92.7,94.4,91,1782.8319999999999,1740.844,1824.82,507.47499999999997,495.626,519.324,108.726,98.214,119.238,9.152,8.008,10.296,1.31,1.074,1.546,0.671,0.794,0.548,9.492999999999999,9.258,9.728,9.492999999999999,9.258,9.728,15.462,14.524,16.4,15.462,14.524,16.4,16.372,15.362,17.382,16.372,15.362,17.382
2023-06-20T03:20:00Z,432834,382,17856,14.6,14.6,,90,90,,865.414,865.414,,,,,0.01,9.8,9.2,10.5,27.4,26.7,28,14.5,14.4,14.7,91,92.7,89.4,1824.2669999999998,1781.762,1866.772,520.097,506.112,534.082,112.635,103.766,121.504,10.061,10.924,9.198,1.189,1.2,1.178,0.6990000000000001,0.922,0.476,9.885,9.484,10.286,9.885,9.484,10.286,16.023,15.46,16.586,16.023,15.46,16.586,17.012,16.588,17.436,17.012,16.588,17.436
2023-06-20T03:30:00Z,433434,366,16896,14,14,,90,90,,865.316,865.316,,,,,0.01,10.2,9.3,11.1,27.9,26.7,29.1,14.7,14.3,15,89.7,92.9,86.8,1858.814,1776.9,1940.728,530.516,511.498,549.534,119.443,107.66,131.226,11.903,12.746,11.06,1.3479999999999999,1.44,1.256,0.763,1.11,0.416,9.84,9.308,10.372,9.84,9.308,10.372,16.587,15.672,17.502,16.587,15.672,17.502,17.828,17.162,18.494,17.828,17.162,18.494
2023-06-20T03:40:00Z,434034,365,17216,13.6,13.6,,89.8,89.8,,865.214,865.214,,,,,0.01,8.8,8.1,9.6,25.3,24.7,25.8,13.9,13.8,14.1,96.7,98.3,95.2,1684.539,1648.758,1720.32,481.124,473.648,488.6,98.43,86.618,110.242,8.012,7.978,8.046,1.255,1.318,1.192,0.7030000000000001,1.04,0.366,9.02,8.874,9.166,9.02,8.874,9.166,14.144,13.34,14.948,14.144,13.34,14.948,15.112,14.422,15.802,15.112,14.422,15.802
2023-06-20T03:50:00Z,434634,367,17536,13,13,,89,89,,865.116,865.116,,,,,0.01,7.8,7.3,8.2,22.7,22.5,23,13.2,13.1,13.3,104.6,105.6,103.6,1516.427,1497.148,1535.706,431,430.486,431.514,82.63,75.168,90.092,4.7829999999999995,4.824,4.742,0.645,0.578,0.712,0.378,0.53,0.226,8.169,8.026,8.312,8.169,8.026,8.312,12.115,11.742,12.488,12.115,11.742,12.488,12.655,12.29,13.02,12.655,12.29,13.02
2023-06-20T04:00:00Z,435234,422,17856,13,13,,89,89,,865.018,865.018,,,,,0.01,7.1,6.9,7.4,21.1,21.2,21,12.6,12.6,12.6,110.5,110.2,110.8,1405.873,1411.254,1400.492,401.16999999999996,404.806,397.534,75.78,70.766,80.794,5.058,5.048,5.068,0.647,0.662,0.632,0.326,0.558,0.094,7.445,7.46,7.43,7.445,7.46,7.43,11.213999999999999,10.978,11.45,11.213999999999999,10.978,11.45,11.741,11.562,11.92,11.741,11.562,11.92
2023-06-20T04:10:00Z,435834,483,17856,13,13,,89,89,,865.042,865.042,,,,,0.01,6.9,6.6,7.3,20.6,20.5,20.6,12.4,12.4,12.4,112.5,112.7,112.3,1370.301,1367.068,1373.534,390.52,392.942,388.098,73.31700000000001,66.666,79.968,4.293,3.966,4.62,0.671,0.562,0.78,0.26,0.306,0.214,7.218,7.14,7.296,7.218,7.14,7.296,10.728,10.318,11.138,10.728,10.318,11.138,11.25,10.838,11.662,11.25,10.838,11.662
2023-06-20T04:20:00Z,436434,359,18176,13,13,,89,89,,864.996,864.996,,,,,0.01,7.2,6.6,7.7,20.9,20.4,21.4,12.6,12.4,12.7,111.1,113,109.3,1394.693,1362.634,1426.752,400.066,393.256,406.876,76.098,66.826,85.37,4.5120000000000005,4.042,4.982,0.505,0.346,0.664,0.242,0.216,0.268,7.401,7.214,7.588,7.401,7.214,7.588,11.114999999999998,10.456,11.774,11.114999999999998,10.456,11.774,11.518,10.844,12.192,11.518,10.844,12.192
2023-06-20T04:30:00Z,437034,538,17856,13,13,,89,89,,864.976,864.976,,,,,0.01,7,6.8,7.3,20.2,20.5,19.9,12.3,12.4,12.2,113.8,112.6,115,1348.049,1368.27,1327.828,385.262,393.754,376.77,75.188,69.742,80.634,4.211,4.324,4.098,0.531,0.5,0.562,0.27,0.358,0.182,7.116,7.204,7.028,7.116,7.204,7.028,10.733,10.75,10.716,10.733,10.75,10.716,11.15,11.13,11.17,11.15,11.13,11.17
2023-06-20T04:40:00Z,437634,357,17216,13,13,,89,89,,864.952,864.952,,,,,0.01,6.7,6.3,7.1,20.2,20,20.4,12.3,12.2,12.4,114,114.8,113.2,1344.75,1331.68,1357.82,384.197,385.134,383.26,69.615,62.094,77.136,3.963,2.92,5.006,0.499,0.446,0.552,0.268,0.3,0.236,7.193,7.236,7.15,7.193,7.236,7.15,10.44,9.918,10.962,10.44,9.918,10.962,10.849,10.358,11.34,10.849,10.358,11.34
2023-06-20T04:50:00Z,438234,362,17216,12.4,12.4,,89.8,89.8,,864.896,864.896,,,,,0.01,6.7,6.2,7.1,19.9,19.6,20.2,12.2,12.1,12.3,115.2,116.3,114,1325.853,1306.888,1344.818,378.749,374.952,382.546,70.215,61.8,78.63,4.613,3.382,5.844,0.385,0.364,0.406,0.197,0.326,0.068,6.853,6.73,6.976,6.853,6.73,6.976,10.334,9.66,11.008,10.334,9.66,11.008,10.709,9.998,11.42,10.709,9.998,11.42
2023-06-20T05:00:00Z,438834,355,17536,12,12,,89.8,89.8,,864.744,864.744,,,,,0.01,6.7,6.4,7,20,19.6,20.4,12.2,12.1,12.4,114.7,116.4,113,1333.77,1305.812,1361.728,379.497,376.824,382.17,69.97200000000001,64.592,75.352,3.9730000000000003,3.748,4.198,0.397,0.39,0.404,0.171,0.342,0,7.074,6.938,7.21,7.074,6.938,7.21,10.314,9.918,10.71,10.314,9.918,10.71,10.644,10.368,10.92,10.644,10.368,10.92
2023-06-20T05:10:00Z,439434,423,17216,11.8,11.8,,90,90,,864.708,864.708,,,,,0.01,6.9,6.5,7.3,20.3,20.3,20.3,12.3,12.3,12.3,113.6,113.6,113.6,1352.157,1352.358,1351.956,385.46799999999996,389.626,381.31,72.60300000000001,64.786,80.42,3.95,3.862,4.038,0.567,0.346,0.788,0.222,0.306,0.138,7.211,7.22,7.202,7.211,7.22,7.202,10.591999999999999,10.306,10.878,10.591999999999999,10.306,10.878,11.008,10.618,11.398,11.008,10.618,11.398
2023-06-20T05:20:00Z,440035,361,17570,11.2,11.2,,90,90,,864.63,864.63,,,,,0.01,6.9,6.5,7.3,20.7,20.3,21,12.5,12.3,12.6,112.1,113.5,110.7,1378.003,1354.004,1402.002,390.404,385.552,395.256,71.592,64.246,78.938,3.434,3.006,3.862,0.563,0.632,0.494,0.31,0.452,0.168,7.292,7.094,7.49,7.292,7.094,7.49,10.513,9.906,11.12,10.513,9.906,11.12,10.962,10.416,11.508,10.962,10.416,11.508
2023-06-20T05:30:00Z,440634,942,17536,11.8,11.8,,90,90,,864.47,864.47,,,,,0.01,7,6.7,7.3,20.6,20.9,20.4,12.5,12.5,12.4,112.2,111.3,113.1,1375.062,1390.388,1359.736,394.18,400.63,387.73,73.62700000000001,66.946,80.308,3.7729999999999997,3.204,4.342,0.352,0.344,0.36,0.073,0.126,0.02,7.402,7.628,7.176,7.402,7.628,7.176,10.843,10.77,10.916,10.843,10.77,10.916,11.094999999999999,11.056,11.134,11.094999999999999,11.056,11.134
2023-06-20T05:40:00Z,441234,369,18176,12,12,,90,90,,864.374,864.374,,,,,0.01,6.9,6.5,7.4,20.7,20.5,20.9,12.5,12.4,12.6,111.9,112.7,111.1,1381.028,1367.374,1394.682,393.33,391.722,394.938,73.08099999999999,63.952,82.21,4.969,3.72,6.218,0.39,0.416,0.364,0.21899999999999997,0.288,0.15,7.13,7.042,7.218,7.13,7.042,7.218,10.818999999999999,10.102,11.536,10.818999999999999,10.102,11.536,11.162,10.46,11.864,11.162,10.46,11.864
2023-06-20T05:50:00Z,441834,364,17216,11.8,11.8,,90,90,,864.292,864.292,,,,,0.01,6.8,6.3,7.3,20.2,20,20.4,12.3,12.3,12.4,113.7,114.5,113,1349.579,1336.464,1362.694,382.48,379.776,385.184,70.727,62.798,78.656,3.194,3.432,2.956,0.424,0.352,0.496,0.236,0.352,0.12,6.981,6.962,7,6.981,6.962,7,10.203,9.86,10.546,10.203,9.86,10.546,10.536999999999999,10.228,10.846,10.536999999999999,10.228,10.846
2023-06-20T06:00:00Z,442434,375,17536,11,11,,90,90,,864.24,864.24,,,,,0.01,6.9,6.3,7.4,20.7,20.8,20.7,12.5,12.5,12.5,111.8,111.5,112.1,1382.872,1387.652,1378.092,393.01599999999996,393.808,392.224,72.11099999999999,64.106,80.116,4.787,5.96,3.614,0.51,0.62,0.4,0.249,0.376,0.122,7.218,7.232,7.204,7.218,7.232,7.204,10.859,10.736,10.982,10.859,10.736,10.982,11.295,11.294,11.296,11.295,11.294,11.296
2023-06-20T06:10:00Z,443034,358,17856,11,11,,90,90,,864.238,864.238,,,,,0.01,6.9,6.4,7.3,20.2,20.3,20.2,12.3,12.3,12.3,113.8,113.6,113.9,1349.076,1351.448,1346.704,382.355,383.576,381.134,71.667,64.222,79.112,3.3179999999999996,3.554,3.082,0.347,0.302,0.392,0.223,0.258,0.188,7.2379999999999995,7.33,7.146,7.2379999999999995,7.33,7.146,10.434000000000001,10.212,10.656,10.434000000000001,10.212,10.656,10.747,10.584,10.91,10.747,10.584,10.91
2023-06-20T06:20:00Z,443634,379,17536,11,11,,90,90,,864.144,864.144,,,,,0.01,6.7,6.4,7,20.2,20.4,20,12.3,12.4,12.2,113.9,113.1,114.7,1346.791,1360.136,1333.446,382.756,386.472,379.04,69.768,63.33,76.206,3.793,3.536,4.05,0.41900000000000004,0.304,0.534,0.18,0.206,0.154,7.102,7.166,7.038,7.102,7.166,7.038,10.379999999999999,10.184,10.576,10.379999999999999,10.184,10.576,10.71,10.422,10.998,10.71,10.422,10.998
2023-06-20T06:30:00Z,444234,394,17216,11,11,,90,90,,864.054,864.054,,,,,0.01,6.6,6.3,7,19.9,20,19.8,12.2,12.2,12.2,115.1,114.6,115.6,1326.5149999999999,1334.298,1318.732,376.44899999999996,379.83,373.068,69.133,61.65,76.616,3.878,3.132,4.624,0.29400000000000004,0.19,0.398,0.182,0.142,0.222,6.798,6.878,6.718,6.798,6.878,6.718,10.262,9.952,10.572,10.262,9.952,10.572,10.495000000000001,10.106,10.884,10.495000000000001,10.106,10.884
2023-06-20T06:40:00Z,444834,386,17536,11,11,,90,90,,864.032,864.032,,,,,0.01,6.4,6.1,6.7,19.4,19.5,19.2,12,12.1,11.9,117.4,116.7,118.1,1290.342,1301.372,1279.312,368.66499999999996,372.628,364.702,66.195,59.45,72.94,3.132,2.168,4.096,0.43099999999999994,0.282,0.58,0.17400000000000002,0.234,0.114,6.853,6.948,6.758,6.853,6.948,6.758,9.736,9.388,10.084,9.736,9.388,10.084,10.08,9.654,10.506,10.08,9.654,10.506
2023-06-20T06:50:00Z,445434,357,17536,11,11,,90,90,,864,864,,,,,0.01,6.5,6.5,6.6,19.7,20.4,19.1,12.1,12.4,11.9,115.8,113.2,118.6,1314.882,1358.492,1271.272,376.20399999999995,392.472,359.936,67.42,63.98,70.86,3.498,3.668,3.328,0.354,0.414,0.294,0.172,0.288,0.056,6.861,7.074,6.648,6.861,7.074,6.648,10.091999999999999,10.344,9.84,10.091999999999999,10.344,9.84,10.372,10.708,10.036,10.372,10.708,10.036
2023-06-20T07:00:00Z,446034,361,17856,11,11,,90,90,,863.836,863.836,,,,,0.01,6.3,6,6.7,19.4,19.7,19.2,12,12.1,12,117,116.1,117.9,1296.2959999999998,1310.002,1282.59,370.526,378.75,362.302,64.609,58.23,70.988,3.511,3.722,3.3,0.241,0.094,0.388,0.16,0.094,0.226,6.772,6.76,6.784,6.772,6.76,6.784,9.787,9.614,9.96,9.787,9.614,9.96,9.991,9.74,10.242,9.991,9.74,10.242
2023-06-20T07:10:00Z,446634,358,17216,12,12,,90,90,,863.768,863.768,,,,,0.01,6.4,5.9,6.9,19.4,19.3,19.6,12,12,12.1,117,117.6,116.4,1296.299,1286.202,1306.396,369.192,369.314,369.07,65.803,56.584,75.022,3.354,2.998,3.71,0.315,0.424,0.206,0.15,0.264,0.036,6.843,6.796,6.89,6.843,6.796,6.89,9.927,9.38,10.474,9.927,9.38,10.474,10.21,9.764,10.656,10.21,9.764,10.656
2023-06-20T07:20:00Z,447234,392,17856,11.6,11.6,,90,90,,863.52,863.52,,,,,0.01,6.6,6.2,6.9,19.9,20,19.8,12.2,12.2,12.2,115.1,114.8,115.3,1327.449,1331.63,1323.268,378.18899999999996,381.132,375.246,67.404,61.044,73.764,3.242,3.102,3.382,0.44000000000000006,0.54,0.34,0.24200000000000002,0.406,0.078,6.905,6.87,6.94,6.905,6.87,6.94,9.983,9.628,10.338,9.983,9.628,10.338,10.352,10.114,10.59,10.352,10.114,10.59
2023-06-20T07:30:00Z,447834,382,17216,11,11,,90,90,,863.446,863.446,,,,,0.01,6.6,6.3,7,19.9,19.8,20,12.2,12.2,12.2,115.2,115.6,114.9,1324.76,1319.086,1330.434,378.121,380.186,376.056,68.532,62.082,74.982,3.5220000000000002,3.156,3.888,0.32,0.318,0.322,0.146,0.178,0.114,6.965999999999999,6.962,6.97,6.965999999999999,6.962,6.97,10.142,9.688,10.596,10.142,9.688,10.596,10.446000000000002,10.018,10.874,10.446000000000002,10.018,10.874
2023-06-20T07:40:00Z,448434,374,18176,10.6,10.6,,90,90,,863.308,863.308,,,,,0.01,6.5,6.2,6.8,19.4,19.5,19.3,12,12,12,117.3,116.9,117.7,1291.47,1297.284,1285.656,365.01099999999997,368.358,361.664,67.97,62.028,73.912,3.301,2.838,3.764,0.405,0.33,0.48,0.14400000000000002,0.138,0.15,6.679,6.62,6.738,6.679,6.62,6.738,9.788,9.53,10.046,9.788,9.53,10.046,10.082,9.798,10.366,10.082,9.798,10.366
2023-06-20T07:50:00Z,449034,358,17536,11,11,,90,90,,863.266,863.266,,,,,0.01,6.7,6.3,7.2,20.5,20.2,20.9,12.4,12.3,12.6,112.5,114,111.1,1369.7359999999999,1345.498,1393.974,391.201,387.784,394.618,69.365,62.254,76.476,3.871,3.852,3.89,0.601,0.55,0.652,0.372,0.512,0.232,7.1419999999999995,6.998,7.286,7.1419999999999995,6.998,7.286,10.317,9.874,10.76,10.317,9.874,10.76,10.789,10.334,11.244,10.789,10.334,11.244
2023-06-20T08:00:00Z,449634,363,16576,11,11,,90,90,,863.15,863.15,,,,,0.01,6.1,5.8,6.3,18.6,19,18.3,11.7,11.9,11.6,120.5,119.1,121.9,1242.663,1263.704,1221.622,351.76,358.232,345.288,62.949,57.458,68.44,4.0009999999999994,4.14,3.862,0.46299999999999997,0.502,0.424,0.311,0.384,0.238,6.627,6.646,6.608,6.627,6.646,6.608,9.521,9.408,9.634,9.521,9.408,9.634,9.891,9.818,9.964,9.891,9.818,9.964
2023-06-20T08:10:00Z,450234,369,17216,11,11,,90,90,,863.114,863.114,,,,,0.01,6.1,6,6.3,18.9,19.4,18.4,11.8,12,11.7,119.3,117.1,121.6,1260.455,1294.118,1226.792,358.512,372.54,344.484,62.691,58.386,66.996,3.3979999999999997,3.218,3.578,0.33799999999999997,0.264,0.412,0.196,0.22,0.172,6.5649999999999995,6.83,6.3,6.5649999999999995,6.83,6.3,9.555,9.56,9.55,9.555,9.56,9.55,9.876000000000001,9.856,9.896,9.876000000000001,9.856,9.896
2023-06-20T08:20:00Z,450834,363,17856,11,11,,90,90,,863.124,863.124,,,,,0.01,6.2,5.7,6.7,19,18.7,19.3,11.9,11.8,12,118.9,120.3,117.5,1266.618,1245.124,1288.112,360.544,357.182,363.906,63.447,54.4,72.494,3.771,3.452,4.09,0.554,0.572,0.536,0.28600000000000003,0.388,0.184,6.62,6.534,6.706,6.62,6.534,6.706,9.612,9.132,10.092,9.612,9.132,10.092,10.033999999999999,9.606,10.462,10.033999999999999,9.606,10.462
2023-06-20T08:30:00Z,451434,377,17216,10.2,10.2,,90,90,,863.036,863.036,,,,,0.01,5.8,5.4,6.1,18.3,18.2,18.3,11.6,11.6,11.6,122.2,122.5,122,1216.903,1212.974,1220.832,347.043,346.378,347.708,57.56400000000001,50.636,64.492,3.192,2.262,4.122,0.478,0.466,0.49,0.236,0.42,0.052,6.393,6.39,6.396,6.393,6.39,6.396,9.088000000000001,8.628,9.548,9.088000000000001,8.628,9.548,9.42,9.052,9.788,9.42,9.052,9.788
2023-06-20T08:40:00Z,452034,357,17856,10,10,,90,90,,862.93,862.93,,,,,0.01,5.6,5.3,5.9,17.2,17,17.3,11.2,11.1,11.3,127.5,128.5,126.6,1143.699,1131.044,1156.354,323.365,321.406,325.324,57.419,51.502,63.336,2.956,2.584,3.328,0.376,0.25,0.502,0.227,0.202,0.252,5.856,5.58,6.132,5.856,5.58,6.132,8.588999999999999,8.12,9.058,8.588999999999999,8.12,9.058,8.884,8.34,9.428,8.884,8.34,9.428
2023-06-20T08:50:00Z,452634,368,16896,10,10,,90,90,,862.832,862.832,,,,,0.01,5.6,5.4,5.8,17.2,17.2,17.3,11.2,11.2,11.2,127.1,127.4,126.8,1148.7069999999999,1144.676,1152.738,323.36400000000003,325.27,321.458,58.185,55.396,60.974,3.53,4.018,3.042,0.495,0.436,0.554,0.279,0.388,0.17,5.6850000000000005,5.698,5.672,5.6850000000000005,5.698,5.672,8.425999999999998,8.386,8.466,8.425999999999998,8.386,8.466,8.85,8.854,8.846,8.85,8.854,8.846
2023-06-20T09:00:00Z,453234,359,16896,10,10,,90,90,,862.738,862.738,,,,,0.01,5.9,5.7,6.2,17.2,17.2,17.3,11.2,11.2,11.2,127.1,127.4,126.8,1149.086,1144.624,1153.548,326.807,325.844,327.77,63.884,59.366,68.402,3.6740000000000004,3.748,3.6,0.377,0.37,0.384,0.267,0.37,0.164,5.886,5.682,6.09,5.886,5.682,6.09,8.913,8.55,9.276,8.913,8.55,9.276,9.232,8.902,9.562,9.232,8.902,9.562
2023-06-20T09:10:00Z,453834,365,17216,10,10,,90,90,,862.664,862.664,,,,,0.01,5.8,5.5,6.1,17.7,17.7,17.6,11.4,11.4,11.4,125,124.6,125.3,1178.451,1182.964,1173.938,334.35299999999995,336.316,332.39,59.362,54.006,64.718,3.1109999999999998,2.758,3.464,0.456,0.37,0.542,0.216,0.242,0.19,6.061999999999999,6.056,6.068,6.061999999999999,6.056,6.068,8.695,8.46,8.93,8.695,8.46,8.93,9.04,8.782,9.298,9.04,8.782,9.298
2023-06-20T09:20:00Z,454434,410,17856,10,10,,90.6,90.6,,862.532,862.532,,,,,0.01,5.7,5.3,6,17.3,17.3,17.3,11.3,11.3,11.3,126.6,126.6,126.6,1156.002,1156.214,1155.79,327.493,328.408,326.578,57.742000000000004,51.386,64.098,2.795,2.492,3.098,0.268,0.282,0.254,0.179,0.282,0.076,5.898,5.86,5.936,5.898,5.86,5.936,8.494,8.104,8.884,8.494,8.104,8.884,8.767,8.436,9.098,8.767,8.436,9.098
2023-06-20T09:30:00Z,455034,443,17856,10,10,,91,91,,862.426,862.426,,,,,0.01,5.4,5,5.7,16.8,17,16.6,11,11.1,10.9,129.4,128.2,130.6,1119.142,1134.39,1103.894,315.384,320.98,309.788,53.632999999999996,46.67,60.596,2.644,2.464,2.824,0.23099999999999998,0.174,0.288,0.128,0.174,0.082,5.675000000000001,5.756,5.594,5.675000000000001,5.756,5.594,8.065,7.76,8.37,8.065,7.76,8.37,8.256,7.968,8.544,8.256,7.968,8.544
2023-06-20T09:40:00Z,455634,362,17250,10,10,,91,91,,862.284,862.284,,,,,0.01,5.7,5.3,6,17.6,17.7,17.5,11.3,11.4,11.3,125.4,125,125.9,1172.06,1178.262,1165.858,329.04600000000005,335.838,322.254,57.004999999999995,50.68,63.33,2.5540000000000003,2.948,2.16,0.20500000000000002,0.218,0.192,0.089,0.178,0,6.059,6.198,5.92,6.059,6.198,5.92,8.620000000000001,8.578,8.662,8.620000000000001,8.578,8.662,8.814,8.846,8.782,8.814,8.846,8.782
2023-06-20T09:50:00Z,456234,361,16896,10,10,,91,91,,862.154,862.154,,,,,0.01,5.6,5.2,5.9,17.2,17.3,17.1,11.2,11.2,11.2,127.3,127,127.5,1146.923,1150.698,1143.148,323.94399999999996,324.006,323.882,56.208,48.986,63.43,2.8259999999999996,2.634,3.018,0.198,0.212,0.184,0.076,0.116,0.036,5.96,5.928,5.992,5.96,5.928,5.992,8.565,8.258,8.872,8.565,8.258,8.872,8.744,8.472,9.016,8.744,8.472,9.016
2023-06-20T10:00:00Z,456834,360,18176,10.2,10.2,,91,91,,862.038,862.038,,,,,0.01,5.5,5.2,5.8,16.9,17,16.8,11.1,11.1,11,128.9,128.4,129.4,1125.3029999999999,1132.004,1118.602,323.88300000000004,328.012,319.754,56.464,50.502,62.426,3.142,2.932,3.352,0.33499999999999996,0.354,0.316,0.193,0.202,0.184,5.872,5.862,5.882,5.872,5.862,5.882,8.600000000000001,8.384,8.816,8.600000000000001,8.384,8.816,8.873,8.7,9.046,8.873,8.7,9.046
2023-06-20T10:10:00Z,457434,358,18176,10,10,,90.6,90.6,,861.916,861.916,,,,,0.01,5.9,5.6,6.3,17.7,17.5,17.9,11.4,11.3,11.5,124.7,125.6,123.8,1181.949,1169.702,1194.196,337.679,335.096,340.262,61.702,56.21,67.194,3.287,3.322,3.252,0.541,0.686,0.396,0.239,0.478,0,6.086,6.078,6.094,6.086,6.078,6.094,8.909,8.566,9.252,8.909,8.566,9.252,9.282,9.094,9.47,9.282,9.094,9.47
2023-06-20T10:20:00Z,458034,380,17536,10.4,10.4,,90,90,,861.914,861.914,,,,,0.01,6.2,5.7,6.7,18.4,18.3,18.4,11.6,11.6,11.7,121.7,122,121.4,1224.7150000000001,1220.152,1229.278,347.755,348.28,347.23,65.527,57.456,73.598,3.758,3.814,3.702,0.545,0.54,0.55,0.278,0.356,0.2,6.318,6.336,6.3,6.318,6.336,6.3,9.447,9.052,9.842,9.447,9.052,9.842,9.878,9.498,10.258,9.878,9.498,10.258
2023-06-20T10:30:00Z,458634,361,18176,11,11,,90,90,,861.866,861.866,,,,,0.01,6.4,5.9,6.9,18.7,18.2,19.2,11.8,11.6,11.9,120.2,122.3,118.1,1247.4360000000001,1216.374,1278.498,358.135,351.092,365.178,68.52,60.642,76.398,4.98,4.944,5.016,0.547,0.458,0.636,0.318,0.372,0.264,6.427,6.174,6.68,6.427,6.174,6.68,9.968,9.4,10.536,9.968,9.4,10.536,10.448,9.864,11.032,10.448,9.864,11.032
2023-06-20T10:40:00Z,459234,357,16896,11,11,,90,90,,861.878,861.878,,,,,0.01,6.2,5.8,6.5,18.3,18.4,18.1,11.6,11.7,11.6,122.2,121.6,122.7,1217.801,1225.958,1209.644,349.49,353.22,345.76,65.772,59.29,72.254,4.375,4.498,4.252,0.524,0.48,0.568,0.281,0.394,0.168,6.459,6.558,6.36,6.459,6.558,6.36,9.649999999999999,9.44,9.86,9.649999999999999,9.44,9.86,10.033999999999999,9.83,10.238,10.033999999999999,9.83,10.238
2023-06-20T10:50:00Z,459834,396,17856,11,11,,90,90,,861.852,861.852,,,,,0.01,5.9,5.6,6.2,17.7,17.7,17.8,11.4,11.4,11.4,124.6,124.7,124.6,1182.845,1182.112,1183.578,336.317,338.794,333.84,61.472,54.988,67.956,3.754,3.248,4.26,0.328,0.19,0.466,0.20400000000000001,0.19,0.218,6.121,6.12,6.122,6.121,6.12,6.122,9.065999999999999,8.772,9.36,9.065999999999999,8.772,9.36,9.331,8.964,9.698,9.331,8.964,9.698
2023-06-20T11:00:00Z,460434,355,17856,11,11,,90,90,,861.82,861.82,,,,,0.01,5.7,5.4,5.9,17.1,17.4,16.8,11.1,11.3,11,127.9,126.5,129.3,1138.437,1157.384,1119.49,324.48199999999997,329.382,319.582,58.68,53.68,63.68,2.755,2.91,2.6,0.243,0.178,0.308,0.107,0.086,0.128,5.909,6.036,5.782,5.909,6.036,5.782,8.649000000000001,8.652,8.646,8.649000000000001,8.652,8.646,8.85,8.812,8.888,8.85,8.812,8.888
2023-06-20T11:10:00Z,461034,358,17856,12,12,,90.4,90.4,,861.788,861.788,,,,,0.01,5.5,5.2,5.9,16.9,16.7,17.2,11.1,11,11.2,128.6,129.8,127.5,1129.305,1114.304,1144.306,321.922,320.154,323.69,56.519999999999996,51.26,61.78,3.0780000000000003,3.184,2.972,0.30600000000000005,0.338,0.274,0.162,0.226,0.098,5.667999999999999,5.6,5.736,5.667999999999999,5.6,5.736,8.379999999999999,8.094,8.666,8.379999999999999,8.094,8.666,8.612,8.342,8.882,8.612,8.342,8.882
2023-06-20T11:20:00Z,461634,356,17536,12,12,,91,91,,861.776,861.776,,,,,0.01,5.6,5.4,5.9,17.3,17.3,17.3,11.2,11.2,11.2,126.8,126.8,126.7,1153.659,1152.85,1154.468,326.248,331.656,320.84,57.334,52.076,62.592,2.901,2.918,2.884,0.358,0.382,0.334,0.202,0.338,0.066,5.889,5.924,5.854,5.889,5.924,5.854,8.407,8.196,8.618,8.407,8.196,8.618,8.742,8.578,8.906,8.742,8.578,8.906
2023-06-20T11:30:00Z,462234,356,18176,12,12,,91,91,,861.838,861.838,,,,,0.01,5.7,5.5,6,17.2,17.2,17.2,11.2,11.2,11.2,127.4,127.5,127.2,1145.647,1143.69,1147.604,324.303,324.234,324.372,59.68300000000001,54.624,64.742,3.4050000000000002,2.838,3.972,0.437,0.442,0.432,0.202,0.37,0.034,5.747999999999999,5.63,5.866,5.747999999999999,5.63,5.866,8.612,8.248,8.976,8.612,8.248,8.976,8.949,8.564,9.334,8.949,8.564,9.334
2023-06-20T11:40:00Z,462834,354,17536,12,12,,91,91,,861.872,861.872,,,,,0.01,5.5,5,5.9,16.7,16.7,16.7,11,11,11,129.8,130,129.6,1113.905,1111.454,1116.356,316.014,314.244,317.784,55.53,47.75,63.31,2.605,2.664,2.546,0.337,0.446,0.228,0.151,0.302,0,5.749,5.592,5.906,5.749,5.592,5.906,8.202,7.666,8.738,8.202,7.666,8.738,8.437000000000001,8.032,8.842,8.437000000000001,8.032,8.842
2023-06-20T11:50:00Z,463434,353,17856,11.6,11.6,,91,91,,861.914,861.914,,,,,0.01,5.2,4.8,5.7,16.2,16.2,16.2,10.8,10.8,10.8,132.6,132.5,132.7,1078.152,1079.49,1076.814,304.024,306.37,301.678,52.728,44.308,61.148,2.394,2.484,2.304,0.211,0.304,0.118,0.155,0.262,0.048,5.433,5.204,5.662,5.433,5.204,5.662,7.75,7.306,8.194,7.75,7.306,8.194,7.925,7.554,8.296,7.925,7.554,8.296
2023-06-20T12:00:00Z,464034,358,18176,11,11,,90.8,90.8,,861.934,861.934,,,,,0.01,5.2,4.8,5.6,16.2,16.2,16.2,10.8,10.8,10.8,132.5,132.5,132.5,1079.876,1079.58,1080.172,303.622,304.028,303.216,52.678,45.124,60.232,2.481,1.938,3.024,0.293,0.368,0.218,0.249,0.368,0.13,5.307,5.148,5.466,5.307,5.148,5.466,7.720000000000001,7.124,8.316,7.720000000000001,7.124,8.316,7.9559999999999995,7.414,8.498,7.9559999999999995,7.414,8.498
2023-06-20T12:10:00Z,464634,675,17856,11,11,,90,90,,861.962,861.962,,,,,0.01,5.4,5.1,5.7,16.5,16.3,16.7,10.9,10.8,11,130.8,132.1,129.6,1100.7649999999999,1085.216,1116.314,314.54600000000005,312.708,316.384,54.834,49.328,60.34,2.7439999999999998,2.434,3.054,0.322,0.302,0.342,0.164,0.234,0.094,5.541,5.414,5.668,5.541,5.414,5.668,7.984,7.658,8.31,7.984,7.658,8.31,8.246,7.918,8.574,8.246,7.918,8.574
2023-06-20T12:20:00Z,465234,417,18176,11,11,,90,90,,862.022,862.022,,,,,0.01,5.3,5.1,5.6,16.5,16.6,16.5,10.9,11,10.9,130.6,130.3,130.9,1103.096,1106.73,1099.462,314.464,318.71,310.218,53.635,48.422,58.848,2.7249999999999996,2.066,3.384,0.395,0.378,0.412,0.178,0.226,0.13,5.583,5.712,5.454,5.583,5.712,5.454,7.913,7.67,8.156,7.913,7.67,8.156,8.25,7.994,8.506,8.25,7.994,8.506
2023-06-20T12:30:00Z,465834,356,18176,11,11,,90.2,90.2,,862.34,862.34,,,,,0.01,5.7,5.3,6.1,17.7,17.7,17.7,11.4,11.4,11.4,124.8,124.9,124.8,1179.942,1179.416,1180.468,334.21000000000004,335.208,333.212,57.803,51.806,63.8,2.739,3.452,2.026,0.237,0.368,0.106,0.128,0.208,0.048,6,5.742,6.258,6,5.742,6.258,8.591999999999999,8.27,8.914,8.591999999999999,8.27,8.914,8.815999999999999,8.594,9.038,8.815999999999999,8.594,9.038
2023-06-20T12:40:00Z,466434,429,17856,11,11,,90.2,90.2,,862.388,862.388,,,,,0.01,5.9,5.5,6.3,18.2,18,18.3,11.6,11.5,11.6,122.6,123.3,121.9,1211.995,1202.13,1221.86,342.543,342.478,342.608,59.632000000000005,52.85,66.414,2.815,2.614,3.016,0.29200000000000004,0.138,0.446,0.069,0.138,0,6.17,6.024,6.316,6.17,6.024,6.316,8.951,8.544,9.358,8.951,8.544,9.358,9.18,8.684,9.676,9.18,8.684,9.676
2023-06-20T12:50:00Z,467034,486,17536,11,11,,90,90,,862.368,862.368,,,,,0.01,5.7,5.2,6.1,17.6,17.8,17.3,11.3,11.4,11.2,125.5,124.2,126.8,1171.555,1189.39,1153.72,332.988,336.766,329.21,58.253,49.522,66.984,4.011,3.358,4.664,0.42500000000000004,0.316,0.534,0.246,0.272,0.22,6.036,6.106,5.966,6.036,6.106,5.966,8.962,8.548,9.376,8.962,8.548,9.376,9.283000000000001,8.8,9.766,9.283000000000001,8.8,9.766
2023-06-20T13:00:00Z,467634,363,17856,11,11,,90,90,,862.444,862.444,,,,,0.01,5.9,5.4,6.3,17.7,17.4,18.1,11.4,11.3,11.5,124.7,126.4,123,1182.566,1159.232,1205.9,336.688,331.874,341.502,59.867000000000004,52.68,67.054,2.774,2.658,2.89,0.388,0.264,0.512,0.187,0.264,0.11,6.102,6.036,6.168,6.102,6.036,6.168,8.831,8.392,9.27,8.831,8.392,9.27,9.192,8.664,9.72,9.192,8.664,9.72
2023-06-20T13:10:00Z,468234,360,17856,11,11,,90,90,,862.528,862.528,,,,,0.01,5.5,5.3,5.8,17.2,17.2,17.1,11.2,11.2,11.2,127.4,127.2,127.6,1145.3739999999998,1148.426,1142.322,323.96000000000004,324.704,323.216,56.007999999999996,50.948,61.068,2.936,2.622,3.25,0.454,0.362,0.546,0.21799999999999997,0.288,0.148,5.731999999999999,5.754,5.71,5.731999999999999,5.754,5.71,8.317,8.092,8.542,8.317,8.092,8.542,8.662,8.46,8.864,8.662,8.46,8.864
2023-06-20T13:20:00Z,468834,358,17536,11,11,,90,90,,862.604,862.604,,,,,0.01,5.5,5.1,5.9,16.8,16.8,16.8,11,11,11.1,129.3,129.5,129.1,1120.255,1117.682,1122.828,315.731,319.768,311.694,55.785,48.572,62.998,2.738,2.658,2.818,0.34199999999999997,0.308,0.376,0.21200000000000002,0.226,0.198,5.73,5.736,5.724,5.73,5.736,5.724,8.24,7.942,8.538,8.24,7.942,8.538,8.52,8.234,8.806,8.52,8.234,8.806
2023-06-20T13:30:00Z,469434,356,17216,11,11,,90,90,,862.62,862.62,,,,,0.01,5.8,5.3,6.2,17.7,17.6,17.8,11.4,11.3,11.4,124.8,125.5,124.2,1179.949,1171.352,1188.546,333.576,331.448,335.704,59.673,50.95,68.396,3.806,2.694,4.918,0.368,0.32,0.416,0.166,0.23,0.102,6.0600000000000005,5.968,6.152,6.0600000000000005,5.968,6.152,9.017,8.372,9.662,9.017,8.372,9.662,9.267,8.638,9.896,9.267,8.638,9.896
2023-06-20T13:40:00Z,470034,354,17216,11,11,,90,90,,862.672,862.672,,,,,0.01,6.3,5.8,6.8,18.9,18.6,19.2,11.8,11.7,11.9,119.5,120.8,118.1,1257.9740000000002,1237.42,1278.528,358.563,353.246,363.88,66.264,58.704,73.824,4.396,4.604,4.188,0.815,0.658,0.972,0.46,0.558,0.362,6.556,6.344,6.768,6.556,6.344,6.768,9.762,9.314,10.21,9.762,9.314,10.21,10.357,9.858,10.856,10.357,9.858,10.856
2023-06-20T13:50:00Z,470634,357,17536,11.2,11.2,,90,90,,862.71,862.71,,,,,0.01,6.4,5.9,6.9,18.8,18.4,19.3,11.8,11.6,12,119.7,121.7,117.7,1254.73,1224.292,1285.168,356.226,346.86,365.592,69.417,61.568,77.266,4.756,4.748,4.764,0.771,0.52,1.022,0.314,0.372,0.256,6.455,6.182,6.728,6.455,6.182,6.728,9.934,9.434,10.434,9.934,9.434,10.434,10.533999999999999,9.918,11.15,10.533999999999999,9.918,11.15
2023-06-20T14:00:00Z,471234,354,17856,12,12,,90,90,,862.704,862.704,,,,,0.01,6.7,6.3,7,19.6,19.7,19.5,12.1,12.1,12.1,116.4,116,116.8,1305.884,1312.324,1299.444,371.512,373.786,369.238,72.253,64.188,80.318,5.295,4.048,6.542,0.85,0.702,0.998,0.478,0.566,0.39,6.6850000000000005,6.604,6.766,6.6850000000000005,6.604,6.766,10.362,9.8,10.924,10.362,9.8,10.924,10.937999999999999,10.304,11.572,10.937999999999999,10.304,11.572
2023-06-20T14:10:00Z,471834,360,17216,12,12,,90,90,,862.77,862.77,,,,,0.01,7.1,6.6,7.7,21,20.7,21.4,12.6,12.5,12.7,110.7,111.9,109.5,1402.3049999999998,1381.144,1423.466,397.853,393.178,402.528,77.80799999999999,66.7,88.916,6.116,4.8,7.432,0.813,0.586,1.04,0.483,0.464,0.502,7.308,7.194,7.422,7.308,7.194,7.422,11.463000000000001,10.674,12.252,11.463000000000001,10.674,12.252,12.104,11.236,12.972,12.104,11.236,12.972
2023-06-20T14:20:00Z,472434,359,17536,12,12,,90,90,,862.788,862.788,,,,,0.01,9.2,8.3,10.1,26.7,26.2,27.3,14.4,14.2,14.5,92.7,94.2,91.3,1780.65,1744.088,1817.212,508.085,501.308,514.862,101.547,84.876,118.218,8.798,7.314,10.282,1.01,0.84,1.18,0.5650000000000001,0.666,0.464,9.625,9.51,9.74,9.625,9.51,9.74,15.157,14.104,16.21,15.157,14.104,16.21,15.963000000000001,14.88,17.046,15.963000000000001,14.88,17.046
2023-06-20T14:30:00Z,473034,357,18176,12.6,12.6,,90,90,,862.87,862.87,,,,,0.01,10.3,9.8,10.8,30.6,30.4,30.8,15.4,15.4,15.5,83.4,83.8,83.1,2041.0810000000001,2029.302,2052.86,582.676,584.272,581.08,111.56700000000001,103.664,119.47,9.007,9.822,8.192,1.5190000000000001,1.422,1.616,0.6890000000000001,0.886,0.492,11.208,11.028,11.388,11.208,11.028,11.388,17.006999999999998,16.688,17.326,17.006999999999998,16.688,17.326,18.111,17.808,18.414,18.111,17.808,18.414
2023-06-20T14:40:00Z,473634,358,18176,13,13,,90,90,,862.916,862.916,,,,,0.01,11.2,10.6,11.8,32.6,32.3,32.8,15.9,15.8,16,79.5,80,79,2170.5879999999997,2153.308,2187.868,619.1610000000001,616.734,621.588,123.728,112.672,134.784,9.937000000000001,9.154,10.72,1.679,1.076,2.282,0.768,0.616,0.92,11.94,11.812,12.068,11.94,11.812,12.068,18.418,17.664,19.172,18.418,17.664,19.172,19.725,18.668,20.782,19.725,18.668,20.782
2023-06-20T14:50:00Z,474234,354,17856,13,13,,90,90,,862.962,862.962,,,,,0.01,11.5,10.5,12.4,33.6,33.4,33.8,16.2,16.1,16.2,77.5,78,77.1,2239.672,2223.632,2255.712,635.216,629.73,640.702,127.217,110.106,144.328,11.690000000000001,11.23,12.15,1.66,1.438,1.882,0.709,0.992,0.426,12.035,12.086,11.984,12.035,12.086,11.984,18.976,18.376,19.576,18.976,18.376,19.576,20.233,19.602,20.864,20.233,19.602,20.864
2023-06-20T15:00:00Z,474834,358,17856,13,13,,89.4,89.4,,863.068,863.068,,,,,0.01,12.2,11.3,13.1,35.5,35.5,35.5,16.6,16.6,16.6,74.2,74.2,74.2,2364.864,2365.198,2364.53,671.4390000000001,674.238,668.64,137.16,118.252,156.068,13.243,10.418,16.068,1.583,1.27,1.896,0.708,1.034,0.382,12.884,12.806,12.962,12.884,12.806,12.962,20.522,19.136,21.908,20.522,19.136,21.908,21.762999999999998,20.372,23.154,21.762999999999998,20.372,23.154
2023-06-20T15:10:00Z,475434,354,17216,13.2,13.2,,89,89,,863.25,863.25,,,,,0.01,12.6,12,13.2,36.7,36.9,36.6,16.9,16.9,16.9,72.1,71.9,72.3,2449.697,2457.7,2441.694,697.225,703.652,690.798,139.35399999999998,129.39,149.318,11.949,13.084,10.814,1.517,1.37,1.664,0.962,1.2,0.724,13.475999999999999,13.506,13.446,13.475999999999999,13.506,13.446,21.027,20.724,21.33,21.027,20.724,21.33,22.268,22.062,22.474,22.268,22.062,22.474
2023-06-20T15:20:00Z,476034,361,17856,14,14,,89,89,,863.318,863.318,,,,,0.01,12.6,11.8,13.4,35.7,35.5,35.8,16.6,16.6,16.7,73.8,74.1,73.6,2378.568,2367.4,2389.736,680.803,680.91,680.696,142.33100000000002,128.118,156.544,12.724,12.556,12.892,1.762,1.626,1.898,0.952,1.388,0.516,13.126000000000001,13.028,13.224,13.126000000000001,13.028,13.224,20.808,20.12,21.496,20.808,20.12,21.496,22.231,21.628,22.834,22.231,21.628,22.834
2023-06-20T15:30:00Z,476634,355,17856,14,14,,89,89,,863.346,863.346,,,,,0.01,11.7,11,12.5,34.2,33.9,34.5,16.3,16.2,16.4,76.4,76.9,75.9,2280.054,2262.742,2297.366,650.629,645.878,655.38,129.365,114.266,144.464,10.946000000000002,8.65,13.242,1.48,0.998,1.962,0.711,0.69,0.732,12.618,12.618,12.618,12.618,12.618,12.618,19.526,18.69,20.362,19.526,18.69,20.362,20.662,19.458,21.866,20.662,19.458,21.866
2023-06-20T15:40:00Z,477234,363,17536,14,14,,89,89,,863.47,863.47,,,,,0.01,11,10.2,11.9,32.5,31.9,33.1,15.9,15.8,16,79.6,80.7,78.5,2167.389,2129.728,2205.05,613.71,605.876,621.544,120.811,104.724,136.898,10.138,8.128,12.148,1.5779999999999998,1.14,2.016,0.738,0.998,0.478,11.748000000000001,11.55,11.946,11.748000000000001,11.55,11.946,18.08,16.846,19.314,18.08,16.846,19.314,19.291,17.866,20.716,19.291,17.866,20.716
2023-06-20T15:50:00Z,477834,355,18176,14,14,,89,89,,863.384,863.384,,,,,0.01,11,10.3,11.7,31.9,31.8,32,15.7,15.7,15.8,80.8,80.9,80.7,2127.0029999999997,2123.152,2130.854,603.463,605.71,601.216,120.114,108.318,131.91,8.923,9.232,8.614,1.053,1.064,1.042,0.5680000000000001,0.668,0.468,11.629,11.402,11.856,11.629,11.402,11.856,17.736,17.108,18.364,17.736,17.108,18.364,18.634,18.084,19.184,18.634,18.084,19.184
2023-06-20T16:00:00Z,478434,357,17856,14,14,,89,89,,863.564,863.564,,,,,0.01,11.1,10.8,11.5,32.4,32.6,32.3,15.9,15.9,15.8,79.8,79.4,80.1,2161.194,2172.38,2150.008,616.943,625.352,608.534,123.193,114.394,131.992,10.952,9.26,12.644,1.272,0.84,1.704,0.5469999999999999,0.722,0.372,11.806000000000001,12.126,11.486,11.806000000000001,12.126,11.486,18.403,17.966,18.84,18.403,17.966,18.84,19.308,18.74,19.876,19.308,18.74,19.876
2023-06-20T16:10:00Z,479034,356,18176,14,14,,89,89,,863.47,863.47,,,,,0.01,11,10.3,11.7,33.2,33,33.4,16.1,16,16.1,78.3,78.6,78,2211.799,2199.788,2223.81,630.894,628.554,633.234,116.49199999999999,104.878,128.106,9.079,9.348,8.81,1.1099999999999999,1.032,1.188,0.509,0.57,0.448,12.219,12.024,12.414,12.219,12.024,12.414,18.173000000000002,17.606,18.74,18.173000000000002,17.606,18.74,19.132,18.53,19.734,19.132,18.53,19.734
2023-06-20T16:20:00Z,479634,360,17536,14,14,,88.8,88.8,,863.4,863.4,,,,,0.01,11.4,10.9,11.9,33.8,33.8,33.8,16.2,16.2,16.2,77.2,77.2,77.2,2251.06,2250.246,2251.874,644.52,646.398,642.642,124.335,114.482,134.188,10.974,10.66,11.288,1.107,0.936,1.278,0.5549999999999999,0.7,0.41,12.309000000000001,12.272,12.346,12.309000000000001,12.272,12.346,19.130000000000003,18.574,19.686,19.130000000000003,18.574,19.686,20.039,19.498,20.58,20.039,19.498,20.58
2023-06-20T16:30:00Z,480234,354,18176,14.2,14.2,,88,88,,863.44,863.44,,,,,0.01,11.5,10.7,12.3,33.6,33.4,33.9,16.2,16.1,16.2,77.4,77.8,77,2242.651,2228.022,2257.28,639.72,639.07,640.37,125.656,110.264,141.048,9.832,9.06,10.604,1.397,1.686,1.108,0.792,1.216,0.368,12.426,12.358,12.494,12.426,12.358,12.494,18.838,17.904,19.772,18.838,17.904,19.772,19.917,19.21,20.624,19.917,19.21,20.624
2023-06-20T16:40:00Z,480834,356,17856,14.8,14.8,,88,88,,863.64,863.64,,,,,0.01,11,10.4,11.6,32.9,32.8,33,16,16,16,78.8,79,78.6,2193.447,2185.912,2200.982,625.1669999999999,625.082,625.252,119.053,107.69,130.416,10.166,9.458,10.874,1.547,1.686,1.408,0.752,1.07,0.434,12.008,12.14,11.876,12.008,12.14,11.876,18.310000000000002,17.764,18.856,18.310000000000002,17.764,18.856,19.404,19.042,19.766,19.404,19.042,19.766
2023-06-20T16:50:00Z,481434,378,17856,15,15,,88,88,,863.584,863.584,,,,,0.01,11,10.3,11.7,32.4,32.5,32.3,15.9,15.9,15.8,79.8,79.6,80.1,2158.371,2166.646,2150.096,614.595,618.786,610.404,120.72300000000001,103.074,138.372,10.41,6.804,14.016,1.3199999999999998,0.982,1.658,0.765,0.748,0.782,11.803,11.774,11.832,11.803,11.774,11.832,18.25,16.928,19.572,18.25,16.928,19.572,19.247,17.684,20.81,19.247,17.684,20.81
2023-06-20T17:00:00Z,482034,356,18176,15,15,,88,88,,863.668,863.668,,,,,0.01,10.2,9.5,10.9,30.5,30.6,30.4,15.4,15.4,15.4,83.6,83.4,83.8,2035.099,2041.204,2028.994,578.885,583.614,574.156,110.593,95.95,125.236,9.789,8.468,11.11,1.268,1.228,1.308,0.7390000000000001,0.916,0.562,11.18,11.178,11.182,11.18,11.178,11.182,16.955,16.128,17.782,16.955,16.128,17.782,18.014,17.256,18.772,18.014,17.256,18.772
2023-06-20T17:10:00Z,482634,359,18176,15,15,,88,88,,863.688,863.688,,,,,0.01,10.1,9.4,10.8,30.6,30.2,31.1,15.4,15.3,15.6,83.4,84.4,82.4,2043.2779999999998,2011.378,2075.178,582.308,577.198,587.418,107.878,95.772,119.984,8.561,7.766,9.356,1.2770000000000001,0.96,1.594,0.784,0.768,0.8,11.251999999999999,11.122,11.382,11.251999999999999,11.122,11.382,16.898,16.096,17.7,16.898,16.096,17.7,17.947,17.022,18.872,17.947,17.022,18.872
2023-06-20T17:20:00Z,483234,358,18176,14.6,14.6,,88,88,,863.7,863.7,,,,,0.01,9.8,9.1,10.4,29.9,30,29.7,15.2,15.3,15.2,85.1,84.7,85.5,1990.2489999999998,2001.542,1978.956,563.412,565.67,561.154,104.488,91.276,117.7,9.264,8.548,9.98,1.108,0.782,1.434,0.468,0.536,0.4,10.747,10.926,10.568,10.747,10.926,10.568,16.384999999999998,15.89,16.88,16.384999999999998,15.89,16.88,17.320999999999998,16.71,17.932,17.320999999999998,16.71,17.932
2023-06-20T17:30:00Z,483834,353,17856,14,14,,88,88,,863.78,863.78,,,,,0.01,9.4,9,9.9,27.7,27.8,27.5,14.6,14.7,14.6,90.3,89.8,90.8,1843.6979999999999,1856.614,1830.782,525.96,532.926,518.994,103.523,94.084,112.962,8.607,7.768,9.446,1.3359999999999999,1.424,1.248,0.569,0.774,0.364,9.979,10,9.958,9.979,10,9.958,15.428,14.948,15.908,15.428,14.948,15.908,16.358,15.962,16.754,16.358,15.962,16.754
2023-06-20T17:40:00Z,484434,356,17856,14.2,14.2,,88,88,,863.708,863.708,,,,,0.01,9.5,9,9.9,28.1,28.3,28,14.8,14.8,14.7,89.1,88.8,89.5,1875.446,1884.362,1866.53,532.8789999999999,533.43,532.328,100.918,93.19,108.646,7.079,7.012,7.146,0.994,1.106,0.882,0.643,0.924,0.362,10.195,10.036,10.354,10.195,10.036,10.354,15.3,14.866,15.734,15.3,14.866,15.734,16.072,15.778,16.366,16.072,15.778,16.366
2023-06-20T17:50:00Z,485034,372,17216,14,14,,88,88,,863.828,863.828,,,,,0.01,9,8.3,9.6,26.9,27.2,26.6,14.4,14.5,14.3,92.3,91.5,93.2,1791.0030000000002,1811.932,1770.074,510.764,515.25,506.278,95.28999999999999,82.138,108.442,6.872999999999999,5.472,8.274,0.9299999999999999,0.67,1.19,0.454,0.452,0.456,9.717,9.752,9.682,9.717,9.752,9.682,14.614999999999998,13.838,15.392,14.614999999999998,13.838,15.392,15.354,14.54,16.168,15.354,14.54,16.168
2023-06-20T18:00:00Z,485634,358,17856,14,14,,88,88,,863.844,863.844,,,,,0.01,9.3,8.5,10.1,27.4,27.6,27.2,14.6,14.6,14.5,90.9,90.4,91.3,1828.159,1839.904,1816.414,521.708,524.934,518.482,98.707,82.168,115.246,6.57,4.852,8.288,0.873,0.712,1.034,0.319,0.41,0.228,9.937000000000001,10.17,9.704,9.937000000000001,10.17,9.704,14.708,13.868,15.548,14.708,13.868,15.548,15.362,14.482,16.242,15.362,14.482,16.242
2023-06-20T18:10:00Z,486234,354,18176,14,14,,88,88,,863.726,863.726,,,,,0.01,8.6,7.9,9.3,26.1,25.9,26.3,14.2,14.1,14.2,94.4,95,93.9,1738.745,1724.622,1752.868,493.83299999999997,489.112,498.554,90.57300000000001,78.022,103.124,6.148,5.686,6.61,0.94,0.892,0.988,0.5900000000000001,0.796,0.384,9.381,9.294,9.468,9.381,9.294,9.468,13.803999999999998,13.142,14.466,13.803999999999998,13.142,14.466,14.604,13.98,15.228,14.604,13.98,15.228
2023-06-20T18:20:00Z,486834,360,18176,14,14,,88,88,,863.49,863.49,,,,,0.01,8.8,8.2,9.4,26.5,26.5,26.4,14.3,14.3,14.3,93.4,93.3,93.5,1765.096,1767.782,1762.41,498.979,498.678,499.28,92.654,81.66,103.648,6.398,5.844,6.952,0.974,0.936,1.012,0.45499999999999996,0.628,0.282,9.389,9.412,9.366,9.389,9.412,9.366,14.004000000000001,13.288,14.72,14.004000000000001,13.288,14.72,14.805,14.186,15.424,14.805,14.186,15.424
2023-06-20T18:30:00Z,487434,360,17856,14,14,,88,88,,863.402,863.402,,,,,0.01,9.5,8.8,10.2,27.9,27.6,28.2,14.7,14.6,14.8,89.6,90.3,88.9,1862.556,1842.834,1882.278,532.6800000000001,531.95,533.41,102.761,90.25,115.272,8.309,7.842,8.776,1.205,1.344,1.066,0.671,0.928,0.414,10.274999999999999,10.306,10.244,10.274999999999999,10.306,10.244,15.378,14.784,15.972,15.378,14.784,15.972,16.376,15.908,16.844,16.376,15.908,16.844
2023-06-20T18:40:00Z,488034,354,17856,14,14,,88,88,,863.432,863.432,,,,,0.01,9.2,8.5,9.9,27.8,28,27.6,14.7,14.7,14.6,90,89.5,90.5,1851.491,1865.454,1837.528,527.73,532.766,522.694,97.05000000000001,82.822,111.278,6.536,5.75,7.322,0.918,0.72,1.116,0.537,0.644,0.43,10.228,10.35,10.106,10.228,10.35,10.106,15.056000000000001,14.4,15.712,15.056000000000001,14.4,15.712,15.735000000000001,14.992,16.478,15.735000000000001,14.992,16.478
2023-06-20T18:50:00Z,488634,371,17856,14,14,,88,88,,863.398,863.398,,,,,0.01,8.7,8.2,9.3,26.9,27.1,26.7,14.4,14.5,14.4,92.2,91.6,92.7,1794.977,1809.38,1780.574,509.04499999999996,515.516,502.574,91.194,78.58,103.808,6.7059999999999995,5.34,8.072,1.02,0.61,1.43,0.483,0.46,0.506,9.739,9.814,9.664,9.739,9.814,9.664,14.25,13.7,14.8,14.25,13.7,14.8,15.071,14.336,15.806,15.071,14.336,15.806
2023-06-20T19:00:00Z,489234,355,17856,14,14,,88,88,,863.346,863.346,,,,,0.01,8.9,8.1,9.7,26.7,26.7,26.8,14.4,14.4,14.4,92.7,92.7,92.6,1782.9340000000002,1781.582,1784.286,508.091,508.488,507.694,93.94999999999999,80.05,107.85,6.414,6.264,6.564,0.722,0.916,0.528,0.46,0.66,0.26,9.583,9.574,9.592,9.583,9.574,9.592,14.221,13.652,14.79,14.221,13.652,14.79,14.808,14.438,15.178,14.808,14.438,15.178
2023-06-20T19:10:00Z,489834,360,18176,14,14,,88,88,,863.276,863.276,,,,,0.01,8.7,8.3,9.1,26.5,27.2,25.9,14.3,14.5,14.1,93.3,91.5,95.1,1767.708,1811.932,1723.484,502.852,518.304,487.4,90.565,80.682,100.448,5.42,4.73,6.11,0.723,0.45,0.996,0.22199999999999998,0.284,0.16,9.611,9.94,9.282,9.611,9.94,9.282,13.913,13.722,14.104,13.913,13.722,14.104,14.518,14.236,14.8,14.518,14.236,14.8
2023-06-20T19:20:00Z,490434,368,17856,14,14,,88,88,,863.22,863.22,,,,,0.01,8.5,8,8.9,26,26.3,25.7,14.2,14.2,14.1,94.7,94,95.4,1732.7930000000001,1750.344,1715.242,492.18,500.39,483.97,87.38499999999999,77.804,96.966,5.591,5.086,6.096,0.9490000000000001,1.03,0.868,0.589,0.82,0.358,9.472999999999999,9.642,9.304,9.472999999999999,9.642,9.304,13.57,13.19,13.95,13.57,13.19,13.95,14.297,14.078,14.516,14.297,14.078,14.516
2023-06-20T19:30:00Z,491034,375,18176,14,14,,88,88,,863.212,863.212,,,,,0.01,8.3,7.8,8.9,25.2,25.2,25.2,13.9,13.9,13.9,96.9,97,96.9,1679.503,1678.146,1680.86,477.993,479.108,476.878,87.656,76.004,99.308,5.86,4.618,7.102,0.755,0.772,0.738,0.412,0.604,0.22,9.043,9.122,8.964,9.043,9.122,8.964,13.391,12.804,13.978,13.391,12.804,13.978,13.991,13.486,14.496,13.991,13.486,14.496
2023-06-20T19:40:00Z,491634,361,18176,14,14,,88,88,,863.246,863.246,,,,,0.01,8.6,8.1,9.2,26.3,26.1,26.5,14.2,14.2,14.3,93.9,94.4,93.3,1752.604,1739.27,1765.938,496.553,496.068,497.038,90.88300000000001,81.5,100.266,6.712,6.914,6.51,1.198,1.436,0.96,0.757,1.24,0.274,9.534,9.406,9.662,9.534,9.406,9.662,13.983,13.586,14.38,13.983,13.586,14.38,14.931999999999999,14.78,15.084,14.931999999999999,14.78,15.084
2023-06-20T19:50:00Z,492234,360,17536,14,14,,88,88,,863.27,863.27,,,,,0.01,9.3,8.8,9.7,27.7,27.7,27.6,14.6,14.6,14.6,90.3,90.2,90.4,1844.5810000000001,1847.324,1841.838,525.3399999999999,530.04,520.64,99.132,90.84,107.424,7.07,7.288,6.852,0.817,0.948,0.686,0.463,0.65,0.276,10.136,10.118,10.154,10.136,10.118,10.154,15.136,14.732,15.54,15.136,14.732,15.54,15.872,15.612,16.132,15.872,15.612,16.132
2023-06-20T20:00:00Z,492834,358,17536,14.2,14.2,,87.8,87.8,,863.254,863.254,,,,,0.01,9,8.2,9.9,26.4,26.1,26.7,14.3,14.2,14.4,93.6,94.4,92.9,1758.728,1739.78,1777.676,499.37300000000005,495.956,502.79,98.30799999999999,84.054,112.562,7.299,7.238,7.36,0.621,0.63,0.612,0.41600000000000004,0.518,0.314,9.474,9.458,9.49,9.474,9.458,9.49,14.522,14.002,15.042,14.522,14.002,15.042,15.079,14.542,15.616,15.079,14.542,15.616
2023-06-20T20:10:00Z,493434,364,17856,15,15,,87,87,,863.182,863.182,,,,,0.01,8.6,8,9.3,25.8,25.4,26.3,14.1,14,14.2,95.1,96.4,93.9,1722.74,1692.83,1752.65,491.683,484.732,498.634,92.733,80.816,104.65,7.487,6.482,8.492,0.742,0.602,0.882,0.488,0.566,0.41,9.221,9.288,9.154,9.221,9.288,9.154,14.068,13.296,14.84,14.068,13.296,14.84,14.777000000000001,13.968,15.586,14.777000000000001,13.968,15.586
2023-06-20T20:20:00Z,494034,356,18176,15,15,,87,87,,863.21,863.21,,,,,0.01,7.6,7.2,8.1,22.9,22.7,23,13.2,13.2,13.3,104.1,104.6,103.6,1525.528,1515.732,1535.324,430.805,431.356,430.254,81.46799999999999,72.886,90.05,5.824,4.868,6.78,0.827,0.614,1.04,0.40800000000000003,0.432,0.384,8.136,8.058,8.214,8.136,8.058,8.214,12.094999999999999,11.568,12.622,12.094999999999999,11.568,12.622,12.815,12.19,13.44,12.815,12.19,13.44
2023-06-20T20:30:00Z,494634,354,18176,15,15,,87,87,,863.228,863.228,,,,,0.01,7.2,6.8,7.6,21,21.1,20.9,12.6,12.6,12.5,110.8,110.4,111.3,1399.629,1407.41,1391.848,398.178,401.114,395.242,78.048,69.968,86.128,6.058,5.504,6.612,0.956,0.888,1.024,0.408,0.604,0.212,7.339,7.318,7.36,7.339,7.318,7.36,11.299,10.85,11.748,11.299,10.85,11.748,12.02,11.59,12.45,12.02,11.59,12.45
2023-06-20T20:40:00Z,495234,356,17856,15,15,,87,87,,863.216,863.216,,,,,0.01,6.9,6.6,7.2,20.9,21,20.9,12.6,12.6,12.5,111,110.7,111.3,1396.18,1402.018,1390.342,393.01,396.77,389.25,72.495,65.07,79.92,4.764,3.744,5.784,0.54,0.378,0.702,0.331,0.256,0.406,7.138,7.306,6.97,7.138,7.306,6.97,10.795,10.462,11.128,10.795,10.462,11.128,11.242999999999999,10.774,11.712,11.242999999999999,10.774,11.712
2023-06-20T20:50:00Z,495834,359,18176,15,15,,87,87,,863.178,863.178,,,,,0.01,6.6,6.3,6.9,20.3,20.6,19.9,12.3,12.4,12.2,113.7,112.3,115.1,1350.493,1373.468,1327.518,386.457,394.726,378.188,68.169,62.024,74.314,4.522,4.122,4.922,0.7170000000000001,0.626,0.808,0.46099999999999997,0.498,0.424,7.196,7.366,7.026,7.196,7.366,7.026,10.594999999999999,10.472,10.718,10.594999999999999,10.472,10.718,11.114,10.986,11.242,11.114,10.986,11.242
2023-06-20T21:00:00Z,496434,364,18176,15.8,15.8,,87,87,,863.176,863.176,,,,,0.01,6.6,6.4,6.9,20,20.5,19.4,12.2,12.4,12,114.9,112.6,117.2,1330.9450000000002,1368.498,1293.392,378.132,389.938,366.326,70.756,64.842,76.67,5.175000000000001,4.804,5.546,1.013,1.086,0.94,0.56,0.776,0.344,7.085,7.332,6.838,7.085,7.332,6.838,10.407,10.424,10.39,10.407,10.424,10.39,11.247,11.328,11.166,11.247,11.328,11.166
2023-06-20T21:10:00Z,497034,363,18176,16,16,,87,87,,863.306,863.306,,,,,0.01,6.7,6.4,7.1,20.4,20.4,20.4,12.4,12.4,12.4,113.1,113.1,113.1,1360.248,1360.174,1360.322,387.41999999999996,390.834,384.006,71.707,65.168,78.246,5.795,5.568,6.022,0.738,0.868,0.608,0.388,0.558,0.218,7.144,7.23,7.058,7.144,7.23,7.058,10.886,10.63,11.142,10.886,10.63,11.142,11.551,11.436,11.666,11.551,11.436,11.666
2023-06-20T21:20:00Z,497634,399,17856,16,16,,87,87,,863.25,863.25,,,,,0.01,6.9,6.4,7.3,20.1,20.2,20,12.3,12.3,12.2,114.4,114,114.9,1337.935,1345.088,1330.782,381.875,386.224,377.526,75.86,67.262,84.458,6.839,6.154,7.524,1.032,1.004,1.06,0.632,0.914,0.35,7.0649999999999995,7.122,7.008,7.0649999999999995,7.122,7.008,11.041,10.65,11.432,11.041,10.65,11.432,11.879999999999999,11.48,12.28,11.879999999999999,11.48,12.28
2023-06-20T21:30:00Z,498234,364,17536,16,16,,87,87,,863.234,863.234,,,,,0.01,6.5,6.1,6.9,19.8,19.6,19.9,12.2,12.1,12.2,115.6,116.2,114.9,1319.1799999999998,1308.916,1329.444,372.882,371.85,373.914,68.011,61.67,74.352,4.945,5.108,4.782,0.828,0.946,0.71,0.488,0.574,0.402,6.754,6.726,6.782,6.754,6.726,6.782,10.11,9.852,10.368,10.11,9.852,10.368,10.803,10.674,10.932,10.803,10.674,10.932
2023-06-20T21:40:00Z,498834,354,18176,16,16,,86.8,86.8,,863.312,863.312,,,,,0.01,6.6,6.2,7,19.3,19.3,19.3,12,12,12,117.5,117.4,117.6,1288.194,1289.45,1286.938,365.759,366.09,365.428,73.321,64.016,82.626,6.726999999999999,5.148,8.306,0.8009999999999999,0.83,0.772,0.45999999999999996,0.62,0.3,6.583,6.652,6.514,6.583,6.652,6.514,10.498000000000001,9.862,11.134,10.498000000000001,9.862,11.134,11.169,10.608,11.73,11.169,10.608,11.73
2023-06-20T21:50:00Z,499434,352,17856,16,16,,86.2,86.2,,863.336,863.336,,,,,0.01,6.6,6.2,6.9,19.7,19.5,19.8,12.1,12,12.2,116.1,116.9,115.3,1310.588,1298.04,1323.136,374.188,371.238,377.138,70.06,62.994,77.126,5.336,4.59,6.082,0.883,0.864,0.902,0.481,0.674,0.288,6.92,6.886,6.954,6.92,6.886,6.954,10.466000000000001,9.942,10.99,10.466000000000001,9.942,10.99,11.221,10.762,11.68,11.221,10.762,11.68
2023-06-20T22:00:00Z,500034,356,17536,16,16,,86,86,,863.436,863.436,,,,,0.01,6.5,5.9,7,19.6,19.3,19.9,12.1,12,12.2,116.2,117.5,115,1308.405,1288.656,1328.154,372.241,365.704,378.778,69.148,58.896,79.4,5.789,4.834,6.744,1.206,1.074,1.338,0.702,0.888,0.516,6.822,6.666,6.978,6.822,6.666,6.978,10.261,9.578,10.944,10.261,9.578,10.944,11.225999999999999,10.592,11.86,11.225999999999999,10.592,11.86
2023-06-20T22:10:00Z,500634,358,17856,16,16,,86,86,,863.436,863.436,,,,,0.01,6.9,6.5,7.4,20.7,20.7,20.7,12.5,12.5,12.5,111.9,111.8,111.9,1381.284,1382.182,1380.386,392.073,392.572,391.574,74.947,65.792,84.102,6.477,5.326,7.628,1.0619999999999998,0.944,1.18,0.636,0.76,0.512,7.133,7.184,7.082,7.133,7.184,7.082,11.09,10.53,11.65,11.09,10.53,11.65,11.908999999999999,11.32,12.498,11.908999999999999,11.32,12.498
2023-06-20T22:20:00Z,501234,353,17856,16,16,,86,86,,863.566,863.566,,,,,0.01,7.2,6.8,7.6,21.5,21.4,21.6,12.8,12.7,12.8,108.9,109.3,108.4,1434.9389999999999,1427.31,1442.568,410.51599999999996,409.084,411.948,77.56700000000001,70.12,85.014,6.322,5.344,7.3,1.103,0.82,1.386,0.51,0.542,0.478,7.629,7.602,7.656,7.629,7.602,7.656,11.513000000000002,11.082,11.944,11.513000000000002,11.082,11.944,12.347,11.776,12.918,12.347,11.776,12.918
2023-06-20T22:30:00Z,501834,365,17856,16,16,,86,86,,863.656,863.656,,,,,0.01,6.9,6.5,7.2,21.3,21.1,21.5,12.7,12.6,12.8,109.6,110.3,108.9,1421.694,1408.97,1434.418,403.927,402.07,405.784,71.74,64.606,78.874,5.828,4.168,7.488,0.62,0.342,0.898,0.221,0.326,0.116,7.672000000000001,7.612,7.732,7.672000000000001,7.612,7.732,11.239,10.62,11.858,11.239,10.62,11.858,11.753,11.018,12.488,11.753,11.018,12.488
2023-06-20T22:40:00Z,502434,355,18176,16,16,,86,86,,863.638,863.638,,,,,0.01,7.3,6.9,7.6,22.3,22.4,22.3,13,13,13,106,105.8,106.2,1488.536,1492.55,1484.522,421.03499999999997,424.768,417.302,76.15,69.75,82.55,5.763999999999999,5.428,6.1,0.46299999999999997,0.476,0.45,0.25,0.302,0.198,7.911,7.916,7.906,7.911,7.916,7.906,11.681000000000001,11.296,12.066,11.681000000000001,11.296,12.066,12.108,11.832,12.384,12.108,11.832,12.384
2023-06-20T22:50:00Z,503034,365,17856,16,16,,86,86,,863.72,863.72,,,,,0.01,7.5,7,7.9,22.8,23,22.7,13.2,13.2,13.1,104.4,103.9,104.9,1520.4279999999999,1530.574,1510.282,430.937,435.78,426.094,78.999,70.268,87.73,5.818,5.728,5.908,1.08,1.198,0.962,0.635,0.984,0.286,8.111,8.102,8.12,8.111,8.102,8.12,11.899000000000001,11.494,12.304,11.899000000000001,11.494,12.304,12.757,12.49,13.024,12.757,12.49,13.024
2023-06-20T23:00:00Z,503634,359,17856,16,16,,86,86,,863.726,863.726,,,,,0.01,8,7.5,8.5,24.5,24.5,24.4,13.7,13.7,13.7,99.1,98.9,99.3,1631.686,1636.262,1627.11,461.307,465.3,457.314,86.041,77.98,94.102,7.627,8.61,6.644,1.08,0.944,1.216,0.546,0.668,0.424,8.568999999999999,8.7,8.438,8.568999999999999,8.7,8.438,13.201,13.256,13.146,13.201,13.256,13.146,14.064,14.054,14.074,14.064,14.054,14.074
2023-06-20T23:10:00Z,504234,355,17856,16.4,16.4,,86,86,,863.788,863.788,,,,,0.01,9.1,8.3,9.8,27.4,27.4,27.3,14.6,14.6,14.5,91,90.9,91.1,1825.6419999999998,1828.914,1822.37,517.3520000000001,519.868,514.836,95.964,81.276,110.652,6.97,6.406,7.534,1.6,1.386,1.814,0.8400000000000001,1.074,0.606,9.896,9.906,9.886,9.896,9.906,9.886,14.620000000000001,14.048,15.192,14.620000000000001,14.048,15.192,15.804,15.114,16.494,15.804,15.114,16.494
2023-06-20T23:20:00Z,504834,358,17856,16,16,,86,86,,863.756,863.756,,,,,0.01,9,8.3,9.7,28.2,28.1,28.3,14.8,14.8,14.8,88.9,89.1,88.7,1881.2640000000001,1876.334,1886.194,527.374,527.298,527.45,94.765,81.388,108.142,8.437000000000001,6.984,9.89,1.292,1.084,1.5,0.7130000000000001,0.902,0.524,9.994,9.88,10.108,9.994,9.88,10.108,15.036000000000001,14.068,16.004,15.036000000000001,14.068,16.004,16,14.996,17.004,16,14.996,17.004
2023-06-20T23:30:00Z,505434,357,17856,16.6,16.6,,86,86,,863.814,863.814,,,,,0.01,9.2,8.6,9.9,29,29.2,28.7,15,15.1,14.9,87.1,86.5,87.8,1930.912,1948.482,1913.342,547.621,555.414,539.828,98.818,83.738,113.898,10.599,8.084,13.114,1.7,1.43,1.97,1.034,1.152,0.916,10.486,10.694,10.278,10.486,10.694,10.278,15.874,15.018,16.73,15.874,15.018,16.73,17.303,16.39,18.216,17.303,16.39,18.216
2023-06-20T23:40:00Z,506034,356,18176,16,16,,86,86,,863.858,863.858,,,,,0.01,9.1,8.4,9.7,29.1,29.2,29.1,15,15,15,86.8,86.7,86.9,1941.033,1944.644,1937.422,545.815,550.368,541.262,93.333,79.6,107.066,8.368,7.118,9.618,0.985,1.016,0.954,0.623,0.77,0.476,10.332,10.41,10.254,10.332,10.41,10.254,15.356,14.74,15.972,15.356,14.74,15.972,16.167,15.608,16.726,16.167,15.608,16.726
2023-06-20T23:50:00Z,506634,476,17536,16,16,,86,86,,863.822,863.822,,,,,0.01,10.5,9.7,11.2,32,32,32,15.8,15.8,15.8,80.6,80.6,80.6,2133.34,2132.524,2134.156,600.999,602.598,599.4,111.93299999999999,98.858,125.008,9.485,9.426,9.544,1.4889999999999999,1.43,1.548,0.8260000000000001,1.044,0.608,11.626000000000001,11.416,11.836,11.626000000000001,11.416,11.836,17.395000000000003,16.78,18.01,17.395000000000003,16.78,18.01,18.576999999999998,17.956,19.198,18.576999999999998,17.956,19.198
2023-06-21T00:00:00Z,507234,356,18176,16.2,16.2,,86,86,,863.924,863.924,,,,,0.01,10.7,9.9,11.5,32.5,32.1,32.9,15.9,15.8,16,79.6,80.3,78.9,2166.232,2141.604,2190.86,611.495,605.66,617.33,116.205,101.912,130.498,10.344000000000001,9.316,11.372,1.73,1.566,1.894,1.1219999999999999,1.204,1.04,11.631,11.592,11.67,11.631,11.592,11.67,17.741,16.946,18.536,17.741,16.946,18.536,19.166,18.35,19.982,19.166,18.35,19.982
2023-06-21T00:10:00Z,507834,352,18176,17,17,,86,86,,863.868,863.868,,,,,0.01,11.2,10.3,12,34,34,34,16.3,16.3,16.2,76.8,76.7,76.8,2267.29,2269.636,2264.944,640.898,643.094,638.702,118.851,101.928,135.774,9.695,8.588,10.802,1.694,1.464,1.924,0.927,1.11,0.744,12.54,12.542,12.538,12.54,12.542,12.538,18.618000000000002,17.698,19.538,18.618000000000002,17.698,19.538,19.969,19.028,20.91,19.969,19.028,20.91
2023-06-21T00:20:00Z,508434,355,18176,16.4,16.4,,86,86,,863.924,863.924,,,,,0.01,11.1,10.6,11.6,33.8,33.8,33.9,16.2,16.2,16.2,77.1,77.2,76.9,2256.337,2251.344,2261.33,639.369,638.008,640.73,119.019,108.464,129.574,10.762,8.986,12.538,1.572,1.488,1.656,0.884,1.08,0.688,12.399999999999999,12.45,12.35,12.399999999999999,12.45,12.35,18.666,17.948,19.384,18.666,17.948,19.384,19.964,19.24,20.688,19.964,19.24,20.688
2023-06-21T00:30:00Z,509034,378,17536,16.6,16.6,,86,86,,863.946,863.946,,,,,0.01,11.2,10.4,12,34.1,34.1,34.1,16.3,16.3,16.3,76.5,76.5,76.6,2275.069,2275.476,2274.662,644.6320000000001,643.702,645.562,118.406,102.948,133.864,9.322,8.446,10.198,1.213,0.92,1.506,0.725,0.73,0.72,12.48,12.33,12.63,12.48,12.33,12.63,18.567999999999998,17.712,19.424,18.567999999999998,17.712,19.424,19.569000000000003,18.57,20.568,19.569000000000003,18.57,20.568
2023-06-21T00:40:00Z,509634,389,17856,16,16,,86,86,,863.968,863.968,,,,,0.01,10.4,9.5,11.3,31.8,31.9,31.6,15.7,15.7,15.7,81.1,80.8,81.3,2116.692,2124.712,2108.672,597.586,603.192,591.98,111.344,94.564,128.124,9.573,8.814,10.332,1.399,1.32,1.478,0.7290000000000001,0.932,0.526,11.620000000000001,11.708,11.532,11.620000000000001,11.708,11.532,17.374,16.508,18.24,17.374,16.508,18.24,18.418,17.628,19.208,18.418,17.628,19.208
2023-06-21T00:50:00Z,510234,355,17536,16,16,,87,87,,863.858,863.858,,,,,0.01,9.4,8.7,10.1,28.8,29,28.6,14.9,15,14.9,87.6,87.1,88.1,1918.371,1933.286,1903.456,541.239,549.224,533.254,100.143,84.516,115.77,8.42,6.65,10.19,1.135,1.15,1.12,0.708,0.942,0.474,10.253,10.468,10.038,10.253,10.468,10.038,15.392,14.53,16.254,15.392,14.53,16.254,16.328,15.654,17.002,16.328,15.654,17.002
2023-06-21T01:00:00Z,510834,355,18176,16,16,,87,87,,863.76,863.76,,,,,0.01,8.4,7.8,9,25.8,26,25.5,14.1,14.2,14,95.3,94.6,96,1718.152,1735.056,1701.248,486.964,492.724,481.204,87.83699999999999,76.454,99.22,6.699999999999999,6.388,7.012,1.087,1.206,0.968,0.544,0.894,0.194,9.297,9.37,9.224,9.297,9.37,9.224,13.692,13.196,14.188,13.692,13.196,14.188,14.561,14.22,14.902,14.561,14.22,14.902
2023-06-21T01:10:00Z,511434,428,17856,15.8,15.8,,87,87,,863.742,863.742,,,,,0.01,8,7.6,8.4,24.2,24.1,24.2,13.6,13.6,13.6,100,100.3,99.8,1610.886,1605.484,1616.288,457.109,459.412,454.806,84.61,77.384,91.836,6.384,6.226,6.542,1.054,1.218,0.89,0.508,0.874,0.142,8.651,8.686,8.616,8.651,8.686,8.616,12.844999999999999,12.6,13.09,12.844999999999999,12.6,13.09,13.666,13.622,13.71,13.666,13.622,13.71
2023-06-21T01:20:00Z,512034,379,17856,15,15,,87,87,,863.704,863.704,,,,,0.01,7.2,6.6,7.7,22.5,22.4,22.6,13.1,13.1,13.1,105.3,105.6,105,1501.649,1495.704,1507.594,425.023,420.464,429.582,75.435,64.904,85.966,6.627,5.43,7.824,0.992,0.722,1.262,0.45799999999999996,0.576,0.34,7.849,7.824,7.874,7.849,7.824,7.874,11.748000000000001,11.188,12.308,11.748000000000001,11.188,12.308,12.564,11.818,13.31,12.564,11.818,13.31
2023-06-21T01:30:00Z,512634,379,17856,15,15,,87.6,87.6,,863.772,863.772,,,,,0.01,6.9,6.5,7.3,21.4,21.3,21.4,12.7,12.7,12.7,109.4,109.6,109.3,1424.298,1421.642,1426.954,404.366,405.348,403.384,72.112,64.248,79.976,5.493,4.824,6.162,0.751,0.88,0.622,0.398,0.606,0.19,7.404,7.354,7.454,7.404,7.354,7.454,11.142,10.68,11.604,11.142,10.68,11.604,11.754000000000001,11.374,12.134,11.754000000000001,11.374,12.134
2023-06-21T01:40:00Z,513234,382,17536,15.8,15.8,,88,88,,863.758,863.758,,,,,0.01,6.9,6.4,7.3,20.7,20.6,20.8,12.5,12.4,12.5,112,112.5,111.6,1378.173,1370.186,1386.16,390.063,387.246,392.88,73.67099999999999,65.334,82.008,5.849,5.308,6.39,0.7989999999999999,0.778,0.82,0.469,0.616,0.322,7.085,6.88,7.29,7.085,6.88,7.29,10.799,10.154,11.444,10.799,10.154,11.444,11.484,10.918,12.05,11.484,10.918,12.05
2023-06-21T01:50:00Z,513835,948,17890,16,16,,88,88,,863.75,863.75,,,,,0.01,7.1,6.6,7.6,21.3,20.9,21.7,12.7,12.5,12.8,109.7,111.3,108.1,1419.694,1391.546,1447.842,403.90099999999995,398.222,409.58,75.899,67.726,84.072,6.105,5.556,6.654,0.873,0.994,0.752,0.546,0.868,0.224,7.369,7.17,7.568,7.369,7.17,7.568,11.271,10.726,11.816,11.271,10.726,11.816,12.032,11.574,12.49,12.032,11.574,12.49
2023-06-21T02:00:00Z,514434,364,17856,15.8,15.8,,88.4,88.4,,863.708,863.708,,,,,0.01,7,6.4,7.6,21.3,20.9,21.7,12.7,12.5,12.8,109.7,111.2,108.1,1420.049,1392.112,1447.986,402.68899999999996,394.808,410.57,74.274,62.458,86.09,5.789,4.016,7.562,0.762,0.444,1.08,0.28500000000000003,0.376,0.194,7.477,7.224,7.73,7.477,7.224,7.73,11.245999999999999,10.202,12.29,11.245999999999999,10.202,12.29,11.89,10.63,13.15,11.89,10.63,13.15
2023-06-21T02:10:00Z,515034,372,17536,14.4,14.4,,89,89,,863.668,863.668,,,,,0.01,5.9,5.3,6.4,18,18,18,11.5,11.5,11.5,123.3,123.3,123.4,1201.329,1202.108,1200.55,335.894,335.384,336.404,62.141999999999996,52.614,71.67,4.513,4.51,4.516,0.716,0.69,0.742,0.329,0.444,0.214,5.925,6.004,5.846,5.925,6.004,5.846,9.105,8.664,9.546,9.105,8.664,9.546,9.668,9.31,10.026,9.668,9.31,10.026
2023-06-21T02:20:00Z,515634,597,17856,14.2,14.2,,89,89,,863.66,863.66,,,,,0.01,5.5,5.1,5.9,17,16.9,17,11.1,11.1,11.1,128.5,128.6,128.3,1130.784,1128.898,1132.67,318.021,318.54,317.502,57.763000000000005,50.724,64.802,3.8449999999999998,4.04,3.65,0.65,0.978,0.322,0.441,0.758,0.124,5.763,5.702,5.824,5.763,5.702,5.824,8.504,8.148,8.86,8.504,8.148,8.86,9.007,8.902,9.112,9.007,8.902,9.112
2023-06-21T02:30:00Z,516234,369,17536,14,14,,89.6,89.6,,863.604,863.604,,,,,0.01,5.6,4.9,6.3,16.9,16.3,17.5,11.1,10.8,11.3,128.8,131.9,125.7,1127.133,1086.64,1167.626,319.538,307.264,331.812,59.40299999999999,47.608,71.198,4.407,3.364,5.45,0.8180000000000001,0.812,0.824,0.41800000000000004,0.562,0.274,5.747,5.436,6.058,5.747,5.436,6.058,8.600999999999999,7.794,9.408,8.600999999999999,7.794,9.408,9.187999999999999,8.36,10.016,9.187999999999999,8.36,10.016
2023-06-21T02:40:00Z,516834,372,18176,14.6,14.6,,90,90,,863.662,863.662,,,,,0.01,6.1,5.8,6.4,18.1,17.8,18.3,11.5,11.4,11.6,123.1,124.2,122.1,1203.916,1189.416,1218.416,340.64300000000003,338.046,343.24,66.83099999999999,62.312,71.35,5.378,5.296,5.46,1.041,1.214,0.868,0.482,0.822,0.142,6.184,5.966,6.402,6.184,5.966,6.402,9.496,9.118,9.874,9.496,9.118,9.874,10.322,10.07,10.574,10.322,10.07,10.574
2023-06-21T02:50:00Z,517434,356,18176,14.2,14.2,,90,90,,863.644,863.644,,,,,0.01,6.5,6,7.1,19.5,19.1,20,12.1,11.9,12.2,116.7,118.6,114.8,1301.349,1271.176,1331.522,365.83000000000004,359.658,372.002,70.565,61.232,79.898,5.824,5.164,6.484,1.0670000000000002,1.022,1.112,0.59,0.732,0.448,6.5009999999999994,6.228,6.774,6.5009999999999994,6.228,6.774,10.2,9.398,11.002,10.2,9.398,11.002,11.097000000000001,10.288,11.906,11.097000000000001,10.288,11.906
2023-06-21T03:00:00Z,518034,369,17856,14.4,14.4,,90,90,,863.556,863.556,,,,,0.01,6.6,6,7.2,19.7,18.9,20.5,12.1,11.8,12.4,116,119.4,112.8,1311.5990000000002,1258.526,1364.672,371.385,358.568,384.202,71.156,62.52,79.792,5.856,6.056,5.656,1.26,1.62,0.9,0.773,1.114,0.432,6.891,6.532,7.25,6.891,6.532,7.25,10.43,9.648,11.212,10.43,9.648,11.212,11.394,10.896,11.892,11.394,10.896,11.892
2023-06-21T03:10:00Z,518634,364,17856,14,14,,90,90,,863.572,863.572,,,,,0.01,6.6,5.9,7.2,19.8,19.5,20.2,12.2,12.1,12.3,115.3,116.7,114,1323.0659999999998,1301.676,1344.456,373.557,366.408,380.706,70.74000000000001,59.762,81.718,5.845000000000001,5.246,6.444,1.0130000000000001,0.926,1.1,0.47800000000000004,0.682,0.274,6.7940000000000005,6.462,7.126,6.7940000000000005,6.462,7.126,10.407,9.6,11.214,10.407,9.6,11.214,11.169,10.436,11.902,11.169,10.436,11.902
2023-06-21T03:20:00Z,519235,1280,17890,13.2,13.2,,90,90,,863.424,863.424,,,,,0.01,8.7,8,9.4,24.1,23.2,24.9,13.6,13.3,13.8,100.3,102.9,97.8,1604.933,1549.204,1660.662,458.469,445.984,470.954,100.88499999999999,90.872,110.898,9.213000000000001,9.548,8.878,1.1440000000000001,1.26,1.028,0.705,0.996,0.414,8.373999999999999,8.02,8.728,8.373999999999999,8.02,8.728,14.068999999999999,13.384,14.754,14.068999999999999,13.384,14.754,15.001000000000001,14.4,15.602,15.001000000000001,14.4,15.602
2023-06-21T03:30:00Z,519834,404,17536,13,13,,90.6,90.6,,863.36,863.36,,,,,0.01,10.3,9.5,11.1,27.8,26.2,29.3,14.7,14.2,15.1,90,94.1,86.3,1851.833,1747.742,1955.924,534.492,511.572,557.412,122.089,110.216,133.962,12.173,11.13,13.216,2.138,1.944,2.332,1.186,1.57,0.802,10.187,9.61,10.764,10.187,9.61,10.764,16.829,15.744,17.914,16.829,15.744,17.914,18.536,17.424,19.648,18.536,17.424,19.648
2023-06-21T03:40:00Z,520434,366,17536,12.4,12.4,,91,91,,863.354,863.354,,,,,0.01,8.9,8.2,9.6,24.4,23.5,25.3,13.7,13.4,13.9,99.3,102,96.8,1626.411,1569.056,1683.766,467.538,452.372,482.704,102.483,90.656,114.31,8.476,7.434,9.518,1.443,1.592,1.294,0.841,1.254,0.428,8.736,8.44,9.032,8.736,8.44,9.032,14.173,13.106,15.24,14.173,13.106,15.24,15.314,14.404,16.224,15.314,14.404,16.224
2023-06-21T03:50:00Z,521034,371,18176,12.2,12.2,,91,91,,863.242,863.242,,,,,0.01,6.9,6.3,7.5,19.5,18.9,20.2,12.1,11.8,12.3,116.6,119.5,113.8,1303.248,1258.246,1348.25,372.924,362.088,383.76,78.039,69.22,86.858,7.144,7.358,6.93,0.8780000000000001,1.086,0.67,0.471,0.694,0.248,6.678,6.542,6.814,6.678,6.542,6.814,10.940000000000001,10.41,11.47,10.940000000000001,10.41,11.47,11.675,11.322,12.028,11.675,11.322,12.028
2023-06-21T04:00:00Z,521634,403,17216,12,12,,91,91,,863.196,863.196,,,,,0.01,5.5,5.2,5.8,15.6,15.3,16,10.6,10.4,10.7,135.6,137.4,133.8,1042.684,1021.56,1063.808,298.63199999999995,295.472,301.792,60.009,54.32,65.698,4.259,3.48,5.038,0.663,0.654,0.672,0.33999999999999997,0.474,0.206,5.244999999999999,5.164,5.326,5.244999999999999,5.164,5.326,8.353,7.858,8.848,8.353,7.858,8.848,8.905999999999999,8.446,9.366,8.905999999999999,8.446,9.366
2023-06-21T04:10:00Z,522234,377,17856,12,12,,91,91,,863.186,863.186,,,,,0.01,6.1,5.6,6.5,17.3,16.8,17.8,11.2,11,11.4,127,129.5,124.6,1150.745,1117.954,1183.536,326.88300000000004,317.882,335.884,67.7,61.978,73.422,5.3629999999999995,5.65,5.076,0.929,1.082,0.776,0.611,0.872,0.35,5.827999999999999,5.624,6.032,5.827999999999999,5.624,6.032,9.314,8.786,9.842,9.314,8.786,9.842,10.065999999999999,9.754,10.378,10.065999999999999,9.754,10.378
2023-06-21T04:20:00Z,522834,364,17536,12,12,,91,91,,863.17,863.17,,,,,0.01,6.2,5.8,6.6,17,16.4,17.6,11.1,10.9,11.3,128.4,131.3,125.6,1132.0059999999999,1093.984,1170.028,323.914,315.834,331.994,71.244,65.046,77.442,5.362,5.276,5.448,0.919,1.042,0.796,0.477,0.644,0.31,5.714,5.378,6.05,5.714,5.378,6.05,9.335,8.71,9.96,9.335,8.71,9.96,10.073,9.61,10.536,10.073,9.61,10.536
2023-06-21T04:30:00Z,523434,361,17536,12,12,,91,91,,863.096,863.096,,,,,0.01,5.3,4.8,5.7,15.1,14.7,15.5,10.3,10.2,10.5,138.7,141.3,136.1,1007.009,977.914,1036.104,287.741,279.808,295.674,57.224000000000004,50.938,63.51,3.836,3.9,3.772,0.8560000000000001,0.93,0.782,0.544,0.686,0.402,5.1,4.858,5.342,5.1,4.858,5.342,7.896000000000001,7.38,8.412,7.896000000000001,7.38,8.412,8.612,8.238,8.986,8.612,8.238,8.986
2023-06-21T04:40:00Z,524034,435,17216,12,12,,91,91,,863.01,863.01,,,,,0.01,4.6,4.3,4.8,13.6,13.7,13.6,9.7,9.7,9.7,148.1,147.7,148.4,907.816,911.586,904.046,258.144,259.418,256.87,48.778999999999996,44.422,53.136,3.677,3.83,3.524,0.6739999999999999,0.648,0.7,0.396,0.474,0.318,4.246,4.352,4.14,4.246,4.352,4.14,6.715,6.662,6.768,6.715,6.662,6.768,7.259,7.22,7.298,7.259,7.22,7.298
2023-06-21T04:50:00Z,524634,363,17536,11.8,11.8,,91,91,,862.936,862.936,,,,,0.01,4.4,3.9,4.9,13.4,12.6,14.2,9.6,9.2,10,149.6,155.6,144.1,892.399,836.806,947.992,251.71099999999998,237.606,265.816,47.478,40.338,54.618,3.931,3.556,4.306,0.641,0.372,0.91,0.309,0.262,0.356,4.259,3.99,4.528,4.259,3.99,4.528,6.646,6.014,7.278,6.646,6.014,7.278,7.122,6.364,7.88,7.122,6.364,7.88
2023-06-21T05:00:00Z,525234,358,17216,12,12,,91,91,,862.876,862.876,,,,,0.01,4.5,4.2,4.7,13.2,12.8,13.7,9.5,9.3,9.7,150.6,153.5,147.8,883.012,855.61,910.414,249.72500000000002,244.954,254.496,48.556,44.62,52.492,4.086,4.072,4.1,0.621,0.896,0.346,0.42000000000000004,0.66,0.18,4.026,3.794,4.258,4.026,3.794,4.258,6.478,6.038,6.918,6.478,6.038,6.918,7.0760000000000005,6.828,7.324,7.0760000000000005,6.828,7.324
2023-06-21T05:10:00Z,525834,373,18176,11,11,,90.8,90.8,,862.544,862.544,,,,,0.01,4,3.7,4.4,12.8,12.4,13.1,9.3,9.1,9.4,154.1,156.6,151.7,850.0989999999999,827.822,872.376,241.114,235.988,246.24,41.125,34.904,47.346,3.141,2.63,3.652,0.535,0.404,0.666,0.255,0.268,0.242,3.926,3.686,4.166,3.926,3.686,4.166,5.948,5.382,6.514,5.948,5.382,6.514,6.366,5.732,7,6.366,5.732,7
2023-06-21T05:20:00Z,526434,370,17216,11.6,11.6,,91,91,,862.668,862.668,,,,,0.01,4.2,3.8,4.7,12.6,12.1,13.1,9.2,9,9.4,155.3,158.9,151.8,839.967,807.722,872.212,240.95,233.696,248.204,46.125,39.512,52.738,4.077,3.696,4.458,0.611,0.356,0.866,0.18,0.194,0.166,3.975,3.628,4.322,3.975,3.628,4.322,6.300000000000001,5.682,6.918,6.300000000000001,5.682,6.918,6.802,6.074,7.53,6.802,6.074,7.53
2023-06-21T05:30:00Z,527034,357,17216,11.2,11.2,,91,91,,862.548,862.548,,,,,0.01,4.3,4,4.6,12.9,12.8,13.1,9.4,9.3,9.4,153,154.1,152,860.19,850.128,870.252,243.76600000000002,241.292,246.24,46.713,41.432,51.994,3.9960000000000004,3.47,4.522,0.685,0.512,0.858,0.43100000000000005,0.46,0.402,4.01,3.94,4.08,4.01,3.94,4.08,6.4079999999999995,6.022,6.794,6.4079999999999995,6.022,6.794,6.9719999999999995,6.498,7.446,6.9719999999999995,6.498,7.446
2023-06-21T05:40:00Z,527634,363,18176,11.4,11.4,,91.6,91.6,,862.502,862.502,,,,,0.01,4.4,3.9,4.9,13.4,13,13.8,9.6,9.4,9.8,149.5,152.2,147,893.462,868.172,918.752,254.36,247.692,261.028,46.159,38.714,53.604,3.26,3.446,3.074,0.595,0.446,0.744,0.418,0.36,0.476,4.439,4.114,4.764,4.439,4.114,4.764,6.63,6.168,7.092,6.63,6.168,7.092,7.151,6.582,7.72,7.151,6.582,7.72
2023-06-21T05:50:00Z,528234,374,16896,12,12,,92,92,,862.354,862.354,,,,,0.01,4.1,3.8,4.5,12.8,12.3,13.3,9.3,9.1,9.5,154,157.7,150.4,851.6279999999999,818.376,884.88,241.777,235.608,247.946,42.617999999999995,36.672,48.564,2.638,2.206,3.07,0.28800000000000003,0.118,0.458,0.125,0.118,0.132,4.147,4.06,4.234,4.147,4.06,4.234,6.147,5.808,6.486,6.147,5.808,6.486,6.447,6.006,6.888,6.447,6.006,6.888
2023-06-21T06:00:00Z,528834,480,17536,11.4,11.4,,91.2,91.2,,862.228,862.228,,,,,0.01,4.3,4.1,4.6,13.2,12.9,13.4,9.5,9.3,9.6,151.2,153.2,149.2,877.794,859.072,896.516,247.296,245.598,248.994,46.161,42.534,49.788,3.4939999999999998,3.98,3.008,0.743,0.876,0.61,0.497,0.59,0.404,4.254,4.112,4.396,4.254,4.112,4.396,6.449999999999999,6.302,6.598,6.449999999999999,6.302,6.598,6.971,6.944,6.998,6.971,6.944,6.998
2023-06-21T06:10:00Z,529434,379,17536,11,11,,91,91,,862.104,862.104,,,,,0.01,5.2,4.6,5.8,14.7,14.1,15.2,10.2,9.9,10.4,141.1,144.6,137.9,979.486,943.012,1015.96,281.736,270.358,293.114,59.062999999999995,49.41,68.716,5.258,5.186,5.33,0.85,0.96,0.74,0.486,0.8,0.172,4.88,4.508,5.252,4.88,4.508,5.252,7.975,7.184,8.766,7.975,7.184,8.766,8.651,7.978,9.324,8.651,7.978,9.324
2023-06-21T06:20:00Z,530034,382,17856,11,11,,91.6,91.6,,862.112,862.112,,,,,0.01,4.8,4.3,5.4,14.1,13.4,14.7,9.9,9.6,10.2,145.1,149.5,140.9,937.545,893.256,981.834,265.155,253.046,277.264,53.459,45.914,61.004,4.427,5.034,3.82,1.0539999999999998,0.96,1.148,0.6719999999999999,0.818,0.526,4.504,4.252,4.756,4.504,4.252,4.756,7.098,6.616,7.58,7.098,6.616,7.58,7.925,7.484,8.366,7.925,7.484,8.366
2023-06-21T06:30:00Z,530634,381,17216,11.2,11.2,,92,92,,862.086,862.086,,,,,0.01,4,3.4,4.6,12,11.5,12.6,8.9,8.7,9.2,159.5,164.2,155,803.236,764.002,842.47,230.23000000000002,218.44,242.02,43.413,34.212,52.614,3.468,3.322,3.614,0.675,0.544,0.806,0.28800000000000003,0.452,0.124,3.837,3.636,4.038,3.837,3.636,4.038,5.952,5.37,6.534,5.952,5.37,6.534,6.524,5.968,7.08,6.524,5.968,7.08
2023-06-21T06:40:00Z,531234,366,17536,12,12,,92,92,,861.936,861.936,,,,,0.01,3.6,3.2,4,11.2,10.8,11.6,8.5,8.3,8.7,166.2,169.6,162.9,748.256,721.93,774.582,211.471,202.806,220.136,36.669,30.916,42.422,2.565,2.36,2.77,0.5980000000000001,0.548,0.648,0.317,0.412,0.222,3.463,3.334,3.592,3.463,3.334,3.592,5.104,4.686,5.522,5.104,4.686,5.522,5.57,5.21,5.93,5.57,5.21,5.93
2023-06-21T06:50:00Z,531834,357,17856,12,12,,92,92,,861.938,861.938,,,,,0.01,3.4,3.2,3.7,10.5,10.4,10.6,8.2,8.1,8.2,172.6,173.2,171.9,700.008,695.334,704.682,199.111,198.246,199.976,35.988,31.546,40.43,2.549,2.344,2.754,0.29100000000000004,0.332,0.25,0.213,0.296,0.13,3.189,3.216,3.162,3.189,3.216,3.162,5.029,4.692,5.366,5.029,4.692,5.366,5.323,5.094,5.552,5.323,5.094,5.552
2023-06-21T07:00:00Z,532434,559,17216,12,12,,92,92,,861.87,861.87,,,,,0.01,3.4,3.1,3.8,10.1,9.7,10.6,7.9,7.7,8.2,176.2,180.6,171.9,674.309,643.898,704.72,191.665,181.928,201.402,36.768,31.234,42.302,2.7279999999999998,2.004,3.452,0.364,0.378,0.35,0.173,0.2,0.146,2.822,2.494,3.15,2.822,2.494,3.15,4.751,4.086,5.416,4.751,4.086,5.416,4.997,4.316,5.678,4.997,4.316,5.678
2023-06-21T07:10:00Z,533034,648,17856,12,12,,92,92,,861.71,861.71,,,,,0.01,3.3,3.1,3.4,9.9,9.7,10.1,7.8,7.7,7.9,178.2,180,176.5,660.0540000000001,648.402,671.706,187.39999999999998,187.242,187.558,33.727000000000004,31.384,36.07,1.92,1.802,2.038,0.42300000000000004,0.316,0.53,0.23,0.272,0.188,2.898,2.958,2.838,2.898,2.958,2.838,4.416,4.392,4.44,4.416,4.392,4.44,4.715999999999999,4.624,4.808,4.715999999999999,4.624,4.808
2023-06-21T07:20:00Z,533634,366,17536,12,12,,92,92,,861.622,861.622,,,,,0.01,3.5,3,4,10.5,10.1,11,8.2,8,8.4,172.1,176,168.4,703.29,675.504,731.076,201.995,194.438,209.552,36.27,28.358,44.182,2.693,2.382,3.004,0.497,0.662,0.332,0.38,0.616,0.144,3.234,2.972,3.496,3.234,2.972,3.496,5.0329999999999995,4.342,5.724,5.0329999999999995,4.342,5.724,5.423,4.874,5.972,5.423,4.874,5.972
2023-06-21T07:30:00Z,534234,363,17216,11.6,11.6,,92,92,,861.528,861.528,,,,,0.01,3.6,3.4,3.7,11.2,11,11.3,8.5,8.4,8.6,166.8,168.3,165.3,743.3620000000001,731.538,755.186,209.308,205.848,212.768,36.206,34.028,38.384,2.178,2.174,2.182,0.40800000000000003,0.526,0.29,0.28500000000000003,0.526,0.044,3.278,3.21,3.346,3.278,3.21,3.346,4.958,4.72,5.196,4.958,4.72,5.196,5.309,5.186,5.432,5.309,5.186,5.432
2023-06-21T07:40:00Z,534834,361,17856,12,12,,92,92,,861.478,861.478,,,,,0.01,3.7,3.4,4,11.8,11.6,11.9,8.8,8.7,8.9,161.7,162.8,160.7,784.225,775.466,792.984,220.298,217.548,223.048,37.622,32.728,42.516,2.194,2.534,1.854,0.46099999999999997,0.604,0.318,0.278,0.438,0.118,3.498,3.514,3.482,3.498,3.514,3.482,5.34,5.146,5.534,5.34,5.146,5.534,5.686999999999999,5.62,5.754,5.686999999999999,5.62,5.754
2023-06-21T07:50:00Z,535434,361,17536,12,12,,91.6,91.6,,861.484,861.484,,,,,0.01,3.8,3.4,4.2,11.7,11.5,11.9,8.8,8.7,8.9,162.3,164.2,160.6,779.0129999999999,764.178,793.848,221.647,217.308,225.986,39.141,31.748,46.534,2.342,2,2.684,0.41300000000000003,0.34,0.486,0.194,0.262,0.126,3.568,3.394,3.742,3.568,3.394,3.742,5.3759999999999994,4.726,6.026,5.3759999999999994,4.726,6.026,5.672,5.02,6.324,5.672,5.02,6.324
2023-06-21T08:00:00Z,536034,391,17536,12,12,,91,91,,861.48,861.48,,,,,0.01,4,3.7,4.3,12.9,12.6,13.2,9.4,9.2,9.5,152.8,155,150.7,862.336,842.168,882.504,242.784,238.552,247.016,40.36,35.77,44.95,2.806,2.878,2.734,0.511,0.5,0.522,0.29300000000000004,0.45,0.136,4.148,4.028,4.268,4.148,4.028,4.268,5.95,5.596,6.304,5.95,5.596,6.304,6.3469999999999995,6.042,6.652,6.3469999999999995,6.042,6.652
2023-06-21T08:10:00Z,536634,357,17536,12,12,,91,91,,861.436,861.436,,,,,0.01,4.1,3.8,4.3,13,12.9,13.1,9.4,9.3,9.4,152.5,153.2,151.9,864.875,858.734,871.016,244.00599999999997,242.384,245.628,40.391000000000005,36.13,44.652,2.202,2.256,2.148,0.577,0.528,0.626,0.247,0.306,0.188,4.162000000000001,4.174,4.15,4.162000000000001,4.174,4.15,6.034,5.808,6.26,6.034,5.808,6.26,6.4350000000000005,6.196,6.674,6.4350000000000005,6.196,6.674
2023-06-21T08:20:00Z,537234,366,17856,11.8,11.8,,91,91,,861.464,861.464,,,,,0.01,3.7,3.3,4,11.7,11.3,12,8.8,8.6,8.9,162.5,165.6,159.6,777.626,753.002,802.25,220.56,214.066,227.054,37.534,32.004,43.064,2.665,2.426,2.904,0.346,0.368,0.324,0.21600000000000003,0.27,0.162,3.6799999999999997,3.502,3.858,3.6799999999999997,3.502,3.858,5.527,5.054,6,5.527,5.054,6,5.786,5.292,6.28,5.786,5.292,6.28
2023-06-21T08:30:00Z,537834,357,18176,12,12,,91,91,,861.474,861.474,,,,,0.01,3.5,3.2,3.8,11.2,10.8,11.6,8.5,8.3,8.7,166.4,170,162.9,746.49,718.582,774.398,212.361,205.67,219.052,35.33,30.15,40.51,2.7969999999999997,2.542,3.052,0.5469999999999999,0.494,0.6,0.266,0.396,0.136,3.365,3.246,3.484,3.365,3.246,3.484,5.088,4.642,5.534,5.088,4.642,5.534,5.539,5.078,6,5.539,5.078,6
2023-06-21T08:40:00Z,538434,359,17856,12,12,,91.4,91.4,,861.554,861.554,,,,,0.01,3.7,3.3,4.1,11.5,11.2,11.8,8.7,8.5,8.8,164,166.4,161.6,765.646,746.344,784.948,215.086,207.84,222.332,38.647,32.552,44.742,2.6189999999999998,2.436,2.802,0.21000000000000002,0.146,0.274,0.114,0.094,0.134,3.479,3.178,3.78,3.479,3.178,3.78,5.37,4.854,5.886,5.37,4.854,5.886,5.582,5.044,6.12,5.582,5.044,6.12
2023-06-21T08:50:00Z,539034,364,18176,12,12,,91,91,,861.624,861.624,,,,,0.01,3.8,3.4,4.2,11.8,11.5,12.1,8.8,8.7,9,161.3,163.8,158.8,787.7919999999999,766.93,808.654,222.868,219.184,226.552,39.442,33.18,45.704,2.545,2.392,2.698,0.301,0.224,0.378,0.196,0.224,0.168,3.582,3.47,3.694,3.582,3.47,3.694,5.4719999999999995,5.062,5.882,5.4719999999999995,5.062,5.882,5.7379999999999995,5.308,6.168,5.7379999999999995,5.308,6.168
2023-06-21T09:00:00Z,539634,365,17536,12.2,12.2,,91,91,,861.736,861.736,,,,,0.01,3.6,3.3,3.9,11.5,11.3,11.6,8.7,8.6,8.7,164,165.4,162.6,765.586,754.53,776.642,216.249,213.196,219.302,36.863,31.774,41.952,2.735,2.392,3.078,0.45799999999999996,0.418,0.498,0.236,0.37,0.102,3.447,3.376,3.518,3.447,3.376,3.518,5.253,4.874,5.632,5.253,4.874,5.632,5.612,5.26,5.964,5.612,5.26,5.964
2023-06-21T09:10:00Z,540234,369,18176,13,13,,91,91,,861.85,861.85,,,,,0.01,3.5,3.2,3.8,11.5,11.3,11.7,8.7,8.6,8.8,163.8,165.6,162,767.271,752.848,781.694,215.685,210.806,220.564,34.067,28.488,39.646,2.572,1.93,3.214,0.583,0.518,0.648,0.29000000000000004,0.388,0.192,3.4210000000000003,3.1,3.742,3.4210000000000003,3.1,3.742,5.047,4.518,5.576,5.047,4.518,5.576,5.4719999999999995,4.908,6.036,5.4719999999999995,4.908,6.036
2023-06-21T09:20:00Z,540834,363,17856,13,13,,91,91,,861.794,861.794,,,,,0.01,3.9,3.6,4.3,12.5,12.2,12.8,9.2,9,9.3,155.7,157.9,153.5,836.072,816.476,855.668,237.584,233.384,241.784,39.035,33.164,44.906,2.2329999999999997,2.448,2.018,0.309,0.324,0.294,0.135,0.15,0.12,3.8760000000000003,3.722,4.03,3.8760000000000003,3.722,4.03,5.712,5.294,6.13,5.712,5.294,6.13,5.973000000000001,5.594,6.352,5.973000000000001,5.594,6.352
2023-06-21T09:30:00Z,541434,364,17536,13,13,,91,91,,861.712,861.712,,,,,0.01,4,3.6,4.4,12.8,12.4,13.2,9.3,9.1,9.5,154,156.8,151.3,851.576,826.468,876.684,242.296,237.322,247.27,40.209,34.326,46.092,2.41,2.752,2.068,0.362,0.234,0.49,0.10300000000000001,0.084,0.122,4.045999999999999,3.774,4.318,4.045999999999999,3.774,4.318,6.038,5.634,6.442,6.038,5.634,6.442,6.279,5.806,6.752,6.279,5.806,6.752
2023-06-21T09:40:00Z,542034,358,17536,13.8,13.8,,91,91,,861.724,861.724,,,,,0.01,4.1,3.6,4.5,12.6,12.4,12.9,9.2,9.1,9.3,154.9,156.6,153.3,842.8979999999999,827.794,858.002,237.652,233.114,242.19,42.089,34.586,49.592,3.002,2.684,3.32,0.708,0.586,0.83,0.309,0.386,0.232,3.896,3.612,4.18,3.896,3.612,4.18,5.816,5.178,6.454,5.816,5.178,6.454,6.322,5.636,7.008,6.322,5.636,7.008
2023-06-21T09:50:00Z,542634,358,17536,14,14,,91,91,,861.656,861.656,,,,,0.01,4.1,3.7,4.4,12.6,12.2,12.9,9.2,9,9.4,155.6,158.3,153,836.8430000000001,812.744,860.942,236.209,230.85,241.568,42.203,35.976,48.43,3.089,2.422,3.756,0.521,0.394,0.648,0.42100000000000004,0.394,0.448,3.8689999999999998,3.594,4.144,3.8689999999999998,3.594,4.144,5.946,5.344,6.548,5.946,5.344,6.548,6.402,5.724,7.08,6.402,5.724,7.08
2023-06-21T10:00:00Z,543234,357,18176,13.4,13.4,,91,91,,861.674,861.674,,,,,0.01,3.9,3.6,4.1,12.4,12.2,12.7,9.1,9,9.2,156.7,158.7,154.8,827.079,810.08,844.078,233.57999999999998,229.982,237.178,39.038,34.972,43.104,3.034,3.464,2.604,0.453,0.442,0.464,0.256,0.264,0.248,3.94,3.742,4.138,3.94,3.742,4.138,5.813000000000001,5.492,6.134,5.813000000000001,5.492,6.134,6.16,5.858,6.462,6.16,5.858,6.462
2023-06-21T10:10:00Z,543834,356,17216,13,13,,91,91,,861.752,861.752,,,,,0.01,4,3.7,4.3,12.6,12.5,12.7,9.2,9.2,9.3,155.2,156,154.5,840.3040000000001,833.412,847.196,236.32100000000003,234.866,237.776,40.864999999999995,35.75,45.98,2.877,3.14,2.614,0.374,0.368,0.38,0.196,0.274,0.118,3.873,3.706,4.04,3.873,3.706,4.04,5.819,5.466,6.172,5.819,5.466,6.172,6.144,5.824,6.464,6.144,5.824,6.464
2023-06-21T10:20:00Z,544434,362,18176,13,13,,90.8,90.8,,861.548,861.548,,,,,0.01,3.8,3.5,4.2,12.4,11.7,13.1,9.1,8.8,9.4,156.8,162,151.9,826.4449999999999,782.112,870.778,232.72,223.406,242.034,38.355999999999995,32.964,43.748,2.557,2.298,2.816,0.387,0.278,0.496,0.304,0.222,0.386,3.702,3.382,4.022,3.702,3.382,4.022,5.5009999999999994,4.994,6.008,5.5009999999999994,4.994,6.008,5.8100000000000005,5.19,6.43,5.8100000000000005,5.19,6.43
2023-06-21T10:30:00Z,545034,370,17250,13,13,,91.4,91.4,,861.748,861.748,,,,,0.01,3.8,3.4,4.1,11.9,11.6,12.3,8.9,8.7,9,160.5,163.3,157.8,794.143,770.94,817.346,224.747,220.324,229.17,36.789,31.246,42.332,1.5539999999999998,1.476,1.632,0.261,0.128,0.394,0.063,0.088,0.038,3.745,3.464,4.026,3.745,3.464,4.026,5.2780000000000005,4.768,5.788,5.2780000000000005,4.768,5.788,5.4879999999999995,4.938,6.038,5.4879999999999995,4.938,6.038
2023-06-21T10:40:00Z,545634,354,17856,13,13,,92,92,,861.772,861.772,,,,,0.01,3.5,3.4,3.7,11.3,11.2,11.4,8.6,8.5,8.6,165.5,166.6,164.3,753.8679999999999,744.78,762.956,213.341,212.274,214.408,34.510999999999996,32.19,36.832,1.6669999999999998,1.44,1.894,0.352,0.306,0.398,0.199,0.254,0.144,3.316,3.108,3.524,3.316,3.108,3.524,4.771000000000001,4.44,5.102,4.771000000000001,4.44,5.102,5.074,4.71,5.438,5.074,4.71,5.438
2023-06-21T10:50:00Z,546234,378,17856,13,13,,92,92,,861.776,861.776,,,,,0.01,3.3,2.9,3.7,11,10.4,11.5,8.4,8.1,8.7,168.3,173.3,163.6,731.855,694.61,769.1,207.68200000000002,198.386,216.978,31.823,25.942,37.704,2.036,1.976,2.096,0.377,0.412,0.342,0.272,0.306,0.238,3.367,3.026,3.708,3.367,3.026,3.708,4.84,4.238,5.442,4.84,4.238,5.442,5.109,4.52,5.698,5.109,4.52,5.698
2023-06-21T11:00:00Z,546834,424,18176,13,13,,92,92,,861.824,861.824,,,,,0.01,3.3,3,3.5,10.8,10.9,10.8,8.3,8.4,8.3,169.4,169.2,169.7,723.242,725.27,721.214,203.929,206.632,201.226,31.087,26.616,35.558,1.827,1.58,2.074,0.139,0.154,0.124,0.139,0.154,0.124,3.216,3.126,3.306,3.216,3.126,3.306,4.6690000000000005,4.428,4.91,4.6690000000000005,4.428,4.91,4.824,4.588,5.06,4.824,4.588,5.06
2023-06-21T11:10:00Z,547434,357,17856,12.8,12.8,,92,92,,861.932,861.932,,,,,0.01,3.4,3.1,3.6,11,10.8,11.2,8.4,8.3,8.5,168.3,170.3,166.4,731.475,716.714,746.236,207.02100000000002,202.29,211.752,33.256,28.716,37.796,1.964,1.31,2.618,0.349,0.282,0.416,0.152,0.18,0.124,3.333,3.058,3.608,3.333,3.058,3.608,4.795999999999999,4.318,5.274,4.795999999999999,4.318,5.274,5.093,4.568,5.618,5.093,4.568,5.618
2023-06-21T11:20:00Z,548034,365,18176,12,12,,92,92,,861.958,861.958,,,,,0.01,3.3,3.1,3.5,10.8,10.8,10.8,8.3,8.3,8.3,169.7,169.7,169.7,721.267,721.002,721.532,203.301,201.552,205.05,32.055,29.574,34.536,1.6829999999999998,1.884,1.482,0.241,0.282,0.2,0.13999999999999999,0.206,0.074,3.1790000000000003,3.122,3.236,3.1790000000000003,3.122,3.236,4.569000000000001,4.4,4.738,4.569000000000001,4.4,4.738,4.755,4.662,4.848,4.755,4.662,4.848
2023-06-21T11:30:00Z,548634,356,17536,12,12,,92,92,,862.074,862.074,,,,,0.01,3.3,3,3.6,11,10.5,11.5,8.4,8.2,8.7,168.1,172.3,164.2,733.2470000000001,702.216,764.278,205.925,197.418,214.432,31.500999999999998,26.618,36.384,1.475,1.294,1.656,0.373,0.45,0.296,0.18,0.36,0,3.2590000000000003,2.93,3.588,3.2590000000000003,2.93,3.588,4.643000000000001,4.184,5.102,4.643000000000001,4.184,5.102,4.952,4.572,5.332,4.952,4.572,5.332
2023-06-21T11:40:00Z,549234,352,17856,13,13,,92,92,,862.14,862.14,,,,,0.01,3.2,2.9,3.4,10.5,10.4,10.5,8.1,8.1,8.2,172.9,173.4,172.4,697.27,693.692,700.848,197.077,199.126,195.028,29.885,24.67,35.1,1.396,1.41,1.382,0.07,0.09,0.05,0.045,0.09,0,3.184,3.148,3.22,3.184,3.148,3.22,4.561999999999999,4.388,4.736,4.561999999999999,4.388,4.736,4.628,4.452,4.804,4.628,4.452,4.804
2023-06-21T11:50:00Z,549834,357,17856,13,13,,92.6,92.6,,862.274,862.274,,,,,0.01,3.4,3,3.7,11,10.7,11.4,8.4,8.3,8.6,167.7,170.6,164.9,736.393,714.438,758.348,208.444,203.01,213.878,32.506,26.442,38.57,1.782,1.66,1.904,0.16099999999999998,0.034,0.288,0.04,0.034,0.046,3.276,3.028,3.524,3.276,3.028,3.524,4.787,4.278,5.296,4.787,4.278,5.296,4.9239999999999995,4.378,5.47,4.9239999999999995,4.378,5.47
2023-06-21T12:00:00Z,550434,375,17536,13,13,,92.8,92.8,,862.336,862.336,,,,,0.01,3.3,3.1,3.5,11,11,11.1,8.4,8.4,8.4,167.9,168.2,167.6,734.731,732.238,737.224,207.32799999999997,205.236,209.42,31.773,28.232,35.314,1.54,1.226,1.854,0.158,0.122,0.194,0.11699999999999999,0.084,0.15,3.237,3.028,3.446,3.237,3.028,3.446,4.596,4.248,4.944,4.596,4.248,4.944,4.744,4.384,5.104,4.744,4.384,5.104
2023-06-21T12:10:00Z,551034,355,18176,13,13,,92.6,92.6,,862.434,862.434,,,,,0.01,3.4,3.1,3.6,11.1,10.6,11.5,8.4,8.2,8.7,167.6,171.5,163.9,737.109,708.152,766.066,208.25900000000001,200.788,215.73,32.51,28.48,36.54,1.972,1.716,2.228,0.213,0.056,0.37,0.065,0.016,0.114,3.2640000000000002,2.974,3.554,3.2640000000000002,2.974,3.554,4.804,4.308,5.3,4.804,4.308,5.3,4.939,4.316,5.562,4.939,4.316,5.562
2023-06-21T12:20:00Z,551634,364,16896,13,13,,93,93,,862.484,862.484,,,,,0.01,3.4,3,3.7,10.8,10.4,11.2,8.3,8.1,8.5,169.6,173,166.2,722.146,696.566,747.726,202.084,193.912,210.256,33.216,27.666,38.766,1.624,1.574,1.674,0.199,0.148,0.25,0.05,0.018,0.082,3.309,2.904,3.714,3.309,2.904,3.714,4.667999999999999,4.116,5.22,4.667999999999999,4.116,5.22,4.8469999999999995,4.326,5.368,4.8469999999999995,4.326,5.368
2023-06-21T12:30:00Z,552234,359,18176,13,13,,92.8,92.8,,862.514,862.514,,,,,0.01,3.5,3.3,3.7,11.4,11.2,11.7,8.6,8.5,8.7,164.3,166.1,162.6,762.9490000000001,749.182,776.716,215.688,215.488,215.888,33.385000000000005,29.686,37.084,1.8,1.75,1.85,0.2,0.17,0.23,0.10500000000000001,0.17,0.04,3.504,3.484,3.524,3.504,3.484,3.524,5.035,4.952,5.118,5.035,4.952,5.118,5.218999999999999,5.108,5.33,5.218999999999999,5.108,5.33
2023-06-21T12:40:00Z,552834,357,18176,13,13,,93,93,,862.624,862.624,,,,,0.01,3.6,3.3,3.9,11.6,11.5,11.7,8.7,8.7,8.8,163,164.2,162,773.32,764.368,782.272,218.55599999999998,216.138,220.974,34.925,30.372,39.478,1.66,1.43,1.89,0.224,0.194,0.254,0.085,0.134,0.036,3.6189999999999998,3.48,3.758,3.6189999999999998,3.48,3.758,5.086,4.786,5.386,5.086,4.786,5.386,5.281000000000001,4.992,5.57,5.281000000000001,4.992,5.57
2023-06-21T12:50:00Z,553434,406,17536,13,13,,93,93,,862.714,862.714,,,,,0.01,3.7,3.3,4.1,12.2,12,12.4,9,8.9,9.1,158.3,159.8,156.7,813.553,800.388,826.718,227.11,224.636,229.584,35.400000000000006,28.728,42.072,1.821,1.958,1.684,0.38,0.358,0.402,0.18,0.132,0.228,3.778,3.68,3.876,3.778,3.68,3.876,5.248,4.948,5.548,5.248,4.948,5.548,5.568,5.244,5.892,5.568,5.244,5.892
2023-06-21T13:00:00Z,554034,363,17856,13,13,,92.8,92.8,,862.762,862.762,,,,,0.01,3.8,3.7,4,12.5,12.3,12.8,9.2,9,9.3,155.7,157.8,153.7,835.702,817.082,854.322,236.70499999999998,230.752,242.658,36.799,34.744,38.854,2.145,1.996,2.294,0.347,0.218,0.476,0.118,0.104,0.132,4.029,3.866,4.192,4.029,3.866,4.192,5.636,5.356,5.916,5.636,5.356,5.916,5.92,5.552,6.288,5.92,5.552,6.288
2023-06-21T13:10:00Z,554634,370,18176,13,13,,93,93,,862.832,862.832,,,,,0.01,3.9,3.6,4.2,12.3,12.1,12.5,9.1,9,9.2,157.3,158.7,155.9,822.207,809.864,834.55,233.26,231.232,235.288,37.847,33.24,42.454,1.83,2.024,1.636,0.29,0.296,0.284,0.121,0.188,0.054,3.9290000000000003,3.878,3.98,3.9290000000000003,3.878,3.98,5.638,5.374,5.902,5.638,5.374,5.902,5.884,5.632,6.136,5.884,5.632,6.136
2023-06-21T13:20:00Z,555234,358,17856,13.4,13.4,,93,93,,862.974,862.974,,,,,0.01,3.9,3.6,4.2,12.4,11.8,13.1,9.1,8.8,9.4,156.4,161.3,151.9,829.418,787.562,871.274,232.816,224.858,240.774,37.943,34.092,41.794,2.03,2.05,2.01,0.177,0.14,0.214,0.139,0.14,0.138,3.9530000000000003,3.672,4.234,3.9530000000000003,3.672,4.234,5.635999999999999,5.172,6.1,5.635999999999999,5.172,6.1,5.813000000000001,5.336,6.29,5.813000000000001,5.336,6.29
2023-06-21T13:30:00Z,555834,368,18176,13,13,,93,93,,863.176,863.176,,,,,0.01,4,3.5,4.5,13.3,12.8,13.8,9.5,9.3,9.8,150.2,154,146.5,887.3530000000001,851.61,923.096,248.995,238.112,259.878,38.873,30.746,47,2.298,1.952,2.644,0.36,0.258,0.462,0.178,0.258,0.098,4.339,4.116,4.562,4.339,4.116,4.562,6.1370000000000005,5.518,6.756,6.1370000000000005,5.518,6.756,6.454000000000001,5.854,7.054,6.454000000000001,5.854,7.054
2023-06-21T13:40:00Z,556434,405,18176,13,13,,93,93,,863.262,863.262,,,,,0.01,4.7,4.1,5.3,14.8,14.4,15.3,10.2,10,10.4,140.2,143,137.6,989.641,959.838,1019.444,280.731,271.514,289.948,47.166,38.746,55.586,2.615,2.864,2.366,0.38,0.338,0.422,0.241,0.338,0.144,4.920999999999999,4.58,5.262,4.920999999999999,4.58,5.262,7.0329999999999995,6.308,7.758,7.0329999999999995,6.308,7.758,7.3870000000000005,6.71,8.064,7.3870000000000005,6.71,8.064
2023-06-21T13:50:00Z,557034,357,17856,13,13,,93,93,,863.316,863.316,,,,,0.01,5,4.6,5.5,15.9,15.6,16.2,10.7,10.5,10.8,134.3,136,132.7,1057.443,1037.59,1077.296,299.999,294.818,305.18,50.988,43.616,58.36,3.2809999999999997,3.032,3.53,0.618,0.304,0.932,0.263,0.256,0.27,5.448,5.328,5.568,5.448,5.328,5.568,7.849,7.45,8.248,7.849,7.45,8.248,8.317,7.744,8.89,8.317,7.744,8.89
2023-06-21T14:00:00Z,557634,351,17536,13,13,,93,93,,863.348,863.348,,,,,0.01,5.4,4.8,6.1,17.2,16.8,17.5,11.2,11,11.3,127.5,129.4,125.6,1143.725,1118.284,1169.166,319.453,312.648,326.258,55.506,44.42,66.592,3.7279999999999998,3.18,4.276,0.652,0.542,0.762,0.33999999999999997,0.39,0.29,5.781000000000001,5.716,5.846,5.781000000000001,5.716,5.846,8.303,7.764,8.842,8.303,7.764,8.842,8.829,8.23,9.428,8.829,8.23,9.428
2023-06-21T14:10:00Z,558234,355,17856,13.6,13.6,,93,93,,863.372,863.372,,,,,0.01,5.9,5.3,6.6,18.4,17.6,19.1,11.6,11.4,11.9,121.7,125.1,118.5,1224.484,1175.814,1273.154,345.497,333.41,357.584,60.812999999999995,50.178,71.448,3.441,3.318,3.564,0.559,0.556,0.562,0.339,0.54,0.138,6.346,5.91,6.782,6.346,5.91,6.782,9.093,8.294,9.892,9.093,8.294,9.892,9.556000000000001,8.762,10.35,9.556000000000001,8.762,10.35
2023-06-21T14:20:00Z,558834,354,17856,14,14,,93,93,,863.502,863.502,,,,,0.01,6.1,5.7,6.5,19.2,18.8,19.6,12,11.8,12.1,118,119.6,116.4,1280.804,1256.042,1305.566,361.14,358.456,363.824,62.18599999999999,55.846,68.526,4.035,3.972,4.098,0.627,0.718,0.536,0.347,0.5,0.194,6.552,6.42,6.684,6.552,6.42,6.684,9.350999999999999,8.982,9.72,9.350999999999999,8.982,9.72,9.902999999999999,9.632,10.174,9.902999999999999,9.632,10.174
2023-06-21T14:30:00Z,559434,352,18176,14,14,,93,93,,863.564,863.564,,,,,0.01,6.2,5.6,6.8,19.6,19,20.3,12.1,11.9,12.3,116.2,118.9,113.7,1308.559,1266.762,1350.356,367.67600000000004,354.588,380.764,62.93,52.982,72.878,4.557,3.954,5.16,0.62,0.548,0.692,0.22299999999999998,0.356,0.09,6.554,6.03,7.078,6.554,6.03,7.078,9.704,8.78,10.628,9.704,8.78,10.628,10.181000000000001,9.268,11.094,10.181000000000001,9.268,11.094
2023-06-21T14:40:00Z,560034,355,17536,14,14,,93,93,,863.536,863.536,,,,,0.01,6.3,5.8,6.7,19.7,19.4,19.9,12.1,12,12.2,116,117.1,115,1311.596,1294.994,1328.198,369.76599999999996,366.844,372.688,63.34,55.168,71.512,3.819,3.33,4.308,0.7290000000000001,0.546,0.912,0.25,0.312,0.188,6.654,6.474,6.834,6.654,6.474,6.834,9.658999999999999,9.07,10.248,9.658999999999999,9.07,10.248,10.234,9.586,10.882,10.234,9.586,10.882
2023-06-21T14:50:00Z,560634,362,17856,14,14,,93,93,,863.648,863.648,,,,,0.01,6.6,6.1,7.1,20.6,20.2,20.9,12.4,12.3,12.5,112.5,113.7,111.3,1370.101,1349.53,1390.672,385.255,379.836,390.674,68.17699999999999,59.482,76.872,5.119999999999999,4.802,5.438,0.772,0.624,0.92,0.47,0.442,0.498,6.938,6.778,7.098,6.938,6.778,7.098,10.29,9.75,10.83,10.29,9.75,10.83,10.951,10.318,11.584,10.951,10.318,11.584
2023-06-21T15:00:00Z,561234,358,17856,14,14,,93,93,,863.672,863.672,,,,,0.01,7,6.6,7.4,21.7,21.3,22.1,12.8,12.7,13,108.1,109.6,106.7,1447.941,1421.508,1474.374,410.584,404.952,416.216,73.088,66.76,79.416,5.589,5.7,5.478,0.847,0.94,0.754,0.42900000000000005,0.656,0.202,7.545999999999999,7.3,7.792,7.545999999999999,7.3,7.792,11.254,10.716,11.792,11.254,10.716,11.792,11.897,11.486,12.308,11.897,11.486,12.308
2023-06-21T15:10:00Z,561834,353,18176,14,14,,92.6,92.6,,863.684,863.684,,,,,0.01,7.4,6.5,8.3,23,21.8,24.2,13.2,12.8,13.6,103.8,108,99.9,1531.114,1450.03,1612.198,431.14300000000003,410.48,451.806,75.568,61.852,89.284,4.511,3.9,5.122,0.863,0.84,0.886,0.42500000000000004,0.546,0.304,8.100999999999999,7.686,8.516,8.100999999999999,7.686,8.516,11.716000000000001,10.544,12.888,11.716000000000001,10.544,12.888,12.382000000000001,11.246,13.518,12.382000000000001,11.246,13.518
2023-06-21T15:20:00Z,562434,356,17536,14,14,,92,92,,863.746,863.746,,,,,0.01,7.4,6.8,8,22.9,22.3,23.4,13.2,13,13.4,104.2,106.3,102.3,1523.3470000000002,1483.458,1563.236,429.51599999999996,419.262,439.77,77.39699999999999,67.928,86.866,5.106,4.818,5.394,0.835,0.5,1.17,0.42300000000000004,0.394,0.452,8.011000000000001,7.658,8.364,8.011000000000001,7.658,8.364,11.733,11.012,12.454,11.733,11.012,12.454,12.378,11.508,13.248,12.378,11.508,13.248
2023-06-21T15:30:00Z,563034,395,17856,14,14,,92,92,,863.744,863.744,,,,,0.01,7.2,6.8,7.7,22.7,22.1,23.3,13.2,13,13.3,104.6,106.6,102.7,1515.1109999999999,1476.36,1553.862,425.39099999999996,417.116,433.666,74.53999999999999,67.012,82.068,5.521,5.074,5.968,0.916,0.926,0.906,0.502,0.61,0.394,7.965,7.688,8.242,7.965,7.688,8.242,11.747,11.004,12.49,11.747,11.004,12.49,12.489,11.774,13.204,12.489,11.774,13.204
2023-06-21T15:40:00Z,563634,352,17856,14,14,,92,92,,863.798,863.798,,,,,0.01,7.5,6.9,8.1,22.9,22.5,23.3,13.2,13.1,13.4,104,105.5,102.6,1526.888,1497.414,1556.362,431.216,425.224,437.208,78.719,67.96,89.478,5.244,3.844,6.644,0.48100000000000004,0.406,0.556,0.235,0.364,0.106,8.133000000000001,7.998,8.268,8.133000000000001,7.998,8.268,11.978000000000002,11.066,12.89,11.978000000000002,11.066,12.89,12.403,11.512,13.294,12.403,11.512,13.294
2023-06-21T15:50:00Z,564234,360,17856,14,14,,92,92,,863.888,863.888,,,,,0.01,7.4,6.6,8.2,22.7,22,23.4,13.2,12.9,13.4,104.6,107.1,102.3,1515.01,1467,1563.02,426.153,412.214,440.092,77.521,63.802,91.24,6.112,4.586,7.638,0.8340000000000001,0.606,1.062,0.451,0.522,0.38,7.986000000000001,7.642,8.33,7.986000000000001,7.642,8.33,11.911000000000001,10.816,13.006,11.911000000000001,10.816,13.006,12.616,11.386,13.846,12.616,11.386,13.846
2023-06-21T16:00:00Z,564834,356,17536,14,14,,92,92,,863.944,863.944,,,,,0.01,7.7,6.9,8.5,23.4,22.6,24.3,13.4,13.1,13.6,102.3,104.9,99.7,1563.2530000000002,1509.086,1617.42,442.998,425.912,460.084,81.697,68.668,94.726,6.271,5.104,7.438,0.6559999999999999,0.696,0.616,0.32999999999999996,0.578,0.082,8.26,7.866,8.654,8.26,7.866,8.654,12.375,11.184,13.566,12.375,11.184,13.566,13.036,11.934,14.138,13.036,11.934,14.138
2023-06-21T16:10:00Z,565434,352,17856,14,14,,92,92,,864.004,864.004,,,,,0.01,7.9,7.1,8.6,24.3,23.8,24.8,13.6,13.5,13.8,99.6,101.1,98.2,1619.163,1587.984,1650.342,458.105,453.178,463.032,82.118,69.084,95.152,6.2620000000000005,5.158,7.366,0.8049999999999999,0.604,1.006,0.399,0.516,0.282,8.678,8.546,8.81,8.678,8.546,8.81,12.665,11.938,13.392,12.665,11.938,13.392,13.357,12.502,14.212,13.357,12.502,14.212
2023-06-21T16:20:00Z,566034,354,17856,14.2,14.2,,92,92,,864.036,864.036,,,,,0.01,7.9,7.3,8.4,23.7,23.1,24.2,13.5,13.3,13.6,101.6,103.4,99.8,1577.315,1539.114,1615.516,447.22799999999995,438.34,456.116,83.202,74.198,92.206,5.781000000000001,5.716,5.846,0.802,0.846,0.758,0.474,0.624,0.324,8.458,8.15,8.766,8.458,8.15,8.766,12.463000000000001,11.716,13.21,12.463000000000001,11.716,13.21,13.085,12.394,13.776,13.085,12.394,13.776
2023-06-21T16:30:00Z,566634,356,17536,15,15,,92,92,,864.044,864.044,,,,,0.01,7.7,7,8.5,23.1,22.5,23.8,13.3,13.1,13.5,103.3,105.5,101.1,1542.591,1497.874,1587.308,436.158,420.82,451.496,81.60300000000001,71.632,91.574,5.036,5.844,4.228,0.704,0.782,0.626,0.44199999999999995,0.568,0.316,8.173,7.772,8.574,8.173,7.772,8.574,12.029,11.392,12.666,12.029,11.392,12.666,12.644,12.114,13.174,12.644,12.114,13.174
2023-06-21T16:40:00Z,567234,350,17536,15,15,,92,92,,864.05,864.05,,,,,0.01,7.5,6.5,8.4,23,22,24,13.3,12.9,13.6,103.6,107,100.5,1534.897,1468.976,1600.818,435.321,416.16,454.482,78.26400000000001,62.956,93.572,6.053,4.816,7.29,0.6859999999999999,0.488,0.884,0.307,0.412,0.202,8.073,7.582,8.564,8.073,7.582,8.564,11.974,10.64,13.308,11.974,10.64,13.308,12.574,11.214,13.934,12.574,11.214,13.934
2023-06-21T16:50:00Z,567834,352,17856,15,15,,92,92,,864.094,864.094,,,,,0.01,7,6.5,7.6,22,21.8,22.3,12.9,12.8,13,107.1,108,106.2,1467.833,1450.234,1485.432,417.003,413.614,420.392,72.953,62.86,83.046,5.77,5.188,6.352,0.9610000000000001,0.662,1.26,0.465,0.394,0.536,7.784000000000001,7.62,7.948,7.784000000000001,7.62,7.948,11.35,10.626,12.074,11.35,10.626,12.074,12.158000000000001,11.304,13.012,12.158000000000001,11.304,13.012
2023-06-21T17:00:00Z,568434,353,17856,15,15,,92,92,,864.094,864.094,,,,,0.01,7.1,6.3,7.9,22.1,21.4,22.9,13,12.7,13.2,106.6,109.4,104,1476.6129999999998,1425.36,1527.866,418.236,404.528,431.944,72.374,59.296,85.452,4.551,3.416,5.686,0.625,0.448,0.802,0.236,0.368,0.104,7.848000000000001,7.408,8.288,7.848000000000001,7.408,8.288,11.246,10.114,12.378,11.246,10.114,12.378,11.805,10.61,13,11.805,10.61,13
2023-06-21T17:10:00Z,569034,356,16896,15,15,,92,92,,864.112,864.112,,,,,0.01,7.1,6.5,7.6,21.8,21.1,22.4,12.8,12.6,13.1,108,110.5,105.6,1450.904,1405.494,1496.314,411.175,402.658,419.692,73.359,65.094,81.624,5.263999999999999,4.744,5.784,0.674,0.888,0.46,0.448,0.686,0.21,7.589,7.484,7.694,7.589,7.484,7.694,11.108,10.408,11.808,11.108,10.408,11.808,11.684000000000001,11.176,12.192,11.684000000000001,11.176,12.192
2023-06-21T17:20:00Z,569634,354,17856,15,15,,92,92,,864.178,864.178,,,,,0.01,6.9,6.2,7.6,21.4,20.9,21.9,12.7,12.5,12.9,109.3,111.2,107.4,1426.683,1392.468,1460.898,403.69899999999996,396.054,411.344,70.3,58.36,82.24,4.072,3.868,4.276,0.5760000000000001,0.518,0.634,0.33999999999999997,0.366,0.314,7.5600000000000005,7.372,7.748,7.5600000000000005,7.372,7.748,10.83,10.154,11.506,10.83,10.154,11.506,11.303,10.602,12.004,11.303,10.602,12.004
2023-06-21T17:30:00Z,570234,355,17856,15,15,,92,92,,864.172,864.172,,,,,0.01,7,6.5,7.6,21.5,21,21.9,12.7,12.6,12.9,109,110.6,107.5,1431.686,1402.686,1460.686,405.241,400.474,410.008,72.92999999999999,63.412,82.448,4.198,3.074,5.322,0.663,0.564,0.762,0.308,0.38,0.236,7.678,7.554,7.802,7.678,7.554,7.802,11.02,10.376,11.664,11.02,10.376,11.664,11.583,10.9,12.266,11.583,10.9,12.266
2023-06-21T17:40:00Z,570834,355,17856,15,15,,91.6,91.6,,864.2,864.2,,,,,0.01,6.8,6.3,7.2,20.9,20.4,21.3,12.5,12.4,12.7,111.3,113,109.7,1391.09,1362.446,1419.734,393.23900000000003,388.318,398.16,70.36,63.078,77.642,4.695,4.556,4.834,0.7869999999999999,0.702,0.872,0.605,0.636,0.574,7.324,7.076,7.572,7.324,7.076,7.572,10.67,10.232,11.108,10.67,10.232,11.108,11.312,10.828,11.796,11.312,10.828,11.796
2023-06-21T17:50:00Z,571434,356,17856,15,15,,91,91,,864.248,864.248,,,,,0.01,6.8,6.2,7.3,20.5,20,21,12.4,12.3,12.6,112.7,114.6,110.9,1367.155,1335.7,1398.61,387.179,380.75,393.608,71.074,62.268,79.88,4.998,4.506,5.49,0.587,0.446,0.728,0.289,0.354,0.224,7.08,6.882,7.278,7.08,6.882,7.278,10.581,9.958,11.204,10.581,9.958,11.204,11.058,10.368,11.748,11.058,10.368,11.748
2023-06-21T18:00:00Z,572034,354,18176,15,15,,91,91,,864.244,864.244,,,,,0.01,6.9,6.5,7.4,20.7,20.4,21.1,12.5,12.4,12.6,111.8,113.1,110.6,1382.5079999999998,1360.676,1404.34,392.507,388.04,396.974,73.20599999999999,64.85,81.562,4.729,4.056,5.402,0.8049999999999999,0.748,0.862,0.507,0.748,0.266,7.204,7.034,7.374,7.204,7.034,7.374,10.58,9.986,11.174,10.58,9.986,11.174,11.242,10.702,11.782,11.242,10.702,11.782
2023-06-21T18:10:00Z,572634,366,17856,15,15,,91,91,,864.208,864.208,,,,,0.01,6.4,5.8,7.1,19.8,18.9,20.6,12.2,11.9,12.5,115.5,119.2,112.1,1319.6280000000002,1262.78,1376.476,372.9,359.618,386.182,66.264,56.142,76.386,3.844,3.066,4.622,0.355,0.252,0.458,0.178,0.252,0.104,6.984,6.634,7.334,6.984,6.634,7.334,10.051,9.208,10.894,10.051,9.208,10.894,10.343,9.504,11.182,10.343,9.504,11.182
2023-06-21T18:20:00Z,573234,355,17536,15,15,,91,91,,864.298,864.298,,,,,0.01,6.9,6.3,7.5,20.8,20.1,21.5,12.5,12.3,12.7,111.7,114.3,109.1,1384.915,1339.294,1430.536,395.644,383.824,407.464,72.56700000000001,63.598,81.536,4.62,4.468,4.772,0.45099999999999996,0.422,0.48,0.233,0.338,0.128,7.406000000000001,6.942,7.87,7.406000000000001,6.942,7.87,10.943000000000001,10.262,11.624,10.943000000000001,10.262,11.624,11.35,10.684,12.016,11.35,10.684,12.016
2023-06-21T18:30:00Z,573834,355,17856,15,15,,91,91,,864.25,864.25,,,,,0.01,6.8,6.1,7.4,20.5,20,21.1,12.4,12.2,12.6,112.5,114.8,110.4,1369.751,1331.962,1407.54,389.822,382.608,397.036,69.164,59.17,79.158,3.3890000000000002,3.044,3.734,0.5589999999999999,0.552,0.566,0.23500000000000001,0.28,0.19,7.058,6.834,7.282,7.058,6.834,7.282,10.267,9.648,10.886,10.267,9.648,10.886,10.695,10.092,11.298,10.695,10.092,11.298
2023-06-21T18:40:00Z,574434,359,17856,15,15,,91,91,,864.226,864.226,,,,,0.01,6.6,6,7.3,20.1,19.4,20.9,12.3,12,12.5,114.2,117.2,111.4,1341.307,1292.482,1390.132,379.352,368.782,389.922,69.137,58.36,79.914,3.974,3.756,4.192,0.383,0.472,0.294,0.254,0.418,0.09,7.068,6.762,7.374,7.068,6.762,7.374,10.237,9.41,11.064,10.237,9.41,11.064,10.527999999999999,9.748,11.308,10.527999999999999,9.748,11.308
2023-06-21T18:50:00Z,575034,360,17856,15,15,,91,91,,864.238,864.238,,,,,0.01,6.7,6,7.4,20.3,19.7,21,12.4,12.1,12.6,113.3,116,110.8,1356.533,1313.012,1400.054,385.091,374.008,396.174,70.175,58.72,81.63,4.791,3.5,6.082,0.484,0.312,0.656,0.255,0.164,0.346,7.073,6.91,7.236,7.073,6.91,7.236,10.526,9.69,11.362,10.526,9.69,11.362,10.923,9.994,11.852,10.923,9.994,11.852
2023-06-21T19:00:00Z,575634,356,17536,15,15,,91,91,,864.212,864.212,,,,,0.01,6.3,5.8,6.8,19.4,18.9,19.9,12,11.9,12.2,117.1,119.1,115.2,1294.5439999999999,1263.048,1326.04,364.659,357.8,371.518,64.78999999999999,56.59,72.99,3.751,3.04,4.462,0.34199999999999997,0.426,0.258,0.254,0.426,0.082,6.714,6.714,6.714,6.714,6.714,6.714,9.769,9.254,10.284,9.769,9.254,10.284,10.116,9.68,10.552,10.116,9.68,10.552
2023-06-21T19:10:00Z,576234,354,18176,15,15,,91,91,,864.152,864.152,,,,,0.01,6.3,5.9,6.6,19,18.4,19.7,11.9,11.7,12.1,118.7,121.6,116,1269.142,1226.606,1311.678,361.40999999999997,349.152,373.668,64.773,59.69,69.856,3.968,3.684,4.252,0.5720000000000001,0.614,0.53,0.268,0.47,0.066,6.7490000000000006,6.448,7.05,6.7490000000000006,6.448,7.05,9.760000000000002,9.268,10.252,9.760000000000002,9.268,10.252,10.219999999999999,9.814,10.626,10.219999999999999,9.814,10.626
2023-06-21T19:20:00Z,576834,362,17856,15,15,,91,91,,864.118,864.118,,,,,0.01,6,5.5,6.5,18.6,18.1,19.1,11.7,11.5,11.9,120.8,123,118.7,1237.973,1205.892,1270.054,344.63800000000003,338.516,350.76,61.248000000000005,53.148,69.348,3.31,3.318,3.302,0.268,0.28,0.256,0.16699999999999998,0.19,0.144,6.3469999999999995,6.298,6.396,6.3469999999999995,6.298,6.396,9.155000000000001,8.804,9.506,9.155000000000001,8.804,9.506,9.369,9.06,9.678,9.369,9.06,9.678
2023-06-21T19:30:00Z,577434,355,17856,15,15,,90.6,90.6,,864.166,864.166,,,,,0.01,5.8,5.5,6.2,18.3,17.9,18.7,11.6,11.4,11.8,122,124.1,120,1219.9699999999998,1190.166,1249.774,344.15700000000004,336.69,351.624,58.399,53.162,63.636,3.111,2.998,3.224,0.4,0.48,0.32,0.16699999999999998,0.288,0.046,6.382,6.238,6.526,6.382,6.238,6.526,9.047,8.624,9.47,9.047,8.624,9.47,9.357,9.016,9.698,9.357,9.016,9.698
2023-06-21T19:40:00Z,578034,366,17536,15,15,,89.8,89.8,,863.954,863.954,,,,,0.01,5.7,5.3,6,17.6,17.4,17.8,11.3,11.3,11.4,125.5,126.4,124.5,1171.533,1158.744,1184.322,329.094,328.426,329.762,58.232,51.61,64.854,3.1879999999999997,2.634,3.742,0.379,0.384,0.374,0.229,0.33,0.128,5.931,5.986,5.876,5.931,5.986,5.876,8.708,8.3,9.116,8.708,8.3,9.116,8.978,8.58,9.376,8.978,8.58,9.376
2023-06-21T19:50:00Z,578634,355,17856,15,15,,90,90,,864.176,864.176,,,,,0.01,5.7,5.2,6.1,17.5,17.1,17.9,11.3,11.2,11.5,125.7,127.9,123.7,1167.442,1138.828,1196.056,330.527,326.32,334.734,57.793,49.718,65.868,3.39,3.192,3.588,0.269,0.132,0.406,0.111,0.09,0.132,5.97,5.826,6.114,5.97,5.826,6.114,8.713000000000001,8.238,9.188,8.713000000000001,8.238,9.188,8.967,8.4,9.534,8.967,8.4,9.534
2023-06-21T20:00:00Z,579234,353,18176,15,15,,90,90,,864.116,864.116,,,,,0.01,6,5.3,6.7,18.1,17.6,18.7,11.5,11.3,11.8,122.9,125.5,120.4,1207.304,1170.664,1243.944,345.324,334.274,356.374,62.577,50.14,75.014,3.966,2.656,5.276,0.4,0.448,0.352,0.193,0.286,0.1,6.35,6.102,6.598,6.35,6.102,6.598,9.408,8.44,10.376,9.408,8.44,10.376,9.692,8.784,10.6,9.692,8.784,10.6
2023-06-21T20:10:00Z,579834,356,17856,15,15,,90,90,,864.15,864.15,,,,,0.01,6,5.4,6.5,18.4,17.8,18.9,11.6,11.4,11.8,121.7,124.2,119.3,1225.223,1189.362,1261.084,347.765,339.014,356.516,61.845,52.536,71.154,4.3870000000000005,4.21,4.564,0.33199999999999996,0.192,0.472,0.152,0.146,0.158,6.339,6.142,6.536,6.339,6.142,6.536,9.375,8.822,9.928,9.375,8.822,9.928,9.708,9.114,10.302,9.708,9.114,10.302
2023-06-21T20:20:00Z,580434,358,18176,15,15,,90,90,,864.146,864.146,,,,,0.01,6.1,5.4,6.8,18.9,18,19.7,11.8,11.5,12.1,119.5,123.3,116,1256.9180000000001,1200.988,1312.848,357.013,344.15,369.876,62.040000000000006,51.154,72.926,3.903,3.25,4.556,0.484,0.614,0.354,0.312,0.42,0.204,6.52,6.098,6.942,6.52,6.098,6.942,9.391,8.466,10.316,9.391,8.466,10.316,9.846,9.042,10.65,9.846,9.042,10.65
2023-06-21T20:30:00Z,581034,356,18176,15,15,,90,90,,864.136,864.136,,,,,0.01,6,5.6,6.4,17.9,17.7,18.1,11.5,11.4,11.5,123.9,124.9,123,1192.558,1179.56,1205.556,337.189,335.384,338.994,63.071,56.292,69.85,3.615,3.264,3.966,0.538,0.452,0.624,0.18,0.306,0.054,6.106999999999999,5.794,6.42,6.106999999999999,5.794,6.42,9.123000000000001,8.57,9.676,9.123000000000001,8.57,9.676,9.544,8.976,10.112,9.544,8.976,10.112
2023-06-21T20:40:00Z,581634,354,17856,15,15,,90,90,,864.158,864.158,,,,,0.01,5.8,5.5,6.2,17.6,17.2,18,11.4,11.2,11.5,125.2,127,123.5,1174.426,1149.836,1199.016,332.029,326.442,337.616,60.929,55.352,66.506,3.758,3.554,3.962,0.41600000000000004,0.32,0.512,0.203,0.268,0.138,6.022,5.786,6.258,6.022,5.786,6.258,8.916,8.484,9.348,8.916,8.484,9.348,9.286000000000001,8.772,9.8,9.286000000000001,8.772,9.8
2023-06-21T20:50:00Z,582234,352,17856,15,15,,90,90,,864.11,864.11,,,,,0.01,5.9,5.6,6.1,17.7,17.5,17.9,11.4,11.3,11.4,125,125.9,124.1,1177.8890000000001,1165.596,1190.182,336.209,334.984,337.434,61.397,56.334,66.46,3.5010000000000003,2.642,4.36,0.648,0.308,0.988,0.249,0.128,0.37,6.056,5.938,6.174,6.056,5.938,6.174,8.922,8.544,9.3,8.922,8.544,9.3,9.411000000000001,8.836,9.986,9.411000000000001,8.836,9.986
2023-06-21T21:00:00Z,582834,359,17856,15,15,,90,90,,864.078,864.078,,,,,0.01,5.8,5.4,6.2,17.5,17,18,11.3,11.1,11.5,125.7,128.1,123.4,1168.27,1136.258,1200.282,330.077,323.604,336.55,60.144999999999996,54.864,65.426,3.686,4.562,2.81,0.414,0.476,0.352,0.27,0.33,0.21,5.853999999999999,5.64,6.068,5.853999999999999,5.64,6.068,8.741,8.41,9.072,8.741,8.41,9.072,9.061,8.802,9.32,9.061,8.802,9.32
2023-06-21T21:10:00Z,583434,359,17856,15,15,,90,90,,864.062,864.062,,,,,0.01,5.6,5,6.2,17.2,16.8,17.7,11.2,11,11.4,127.1,129.3,125,1148.976,1120.164,1177.788,324.87199999999996,317.57,332.174,57.461,48.228,66.694,3.654,3.604,3.704,0.562,0.326,0.798,0.207,0.128,0.286,5.8759999999999994,5.646,6.106,5.8759999999999994,5.646,6.106,8.517,7.858,9.176,8.517,7.858,9.176,8.969000000000001,8.218,9.72,8.969000000000001,8.218,9.72
2023-06-21T21:20:00Z,584034,356,16896,15,15,,90,90,,864.03,864.03,,,,,0.01,5.5,4.8,6.1,16.7,15.9,17.5,11,10.7,11.3,129.7,134,125.7,1114.983,1061.3,1168.666,318.067,305.028,331.106,56.167,46.358,65.976,3.37,3.74,3,0.473,0.51,0.436,0.28700000000000003,0.378,0.196,5.785,5.39,6.18,5.785,5.39,6.18,8.387,7.66,9.114,8.387,7.66,9.114,8.771999999999998,8.126,9.418,8.771999999999998,8.126,9.418
2023-06-21T21:30:00Z,584634,359,18176,15,15,,90,90,,864.082,864.082,,,,,0.01,5.4,4.8,6.1,16.5,16,17,10.9,10.7,11.1,130.8,133.3,128.4,1100.709,1069.43,1131.988,310.813,304.89,316.736,57.607,48.114,67.1,4.338,4.77,3.906,0.512,0.486,0.538,0.383,0.442,0.324,5.696999999999999,5.6,5.794,5.696999999999999,5.6,5.794,8.417,8.004,8.83,8.417,8.004,8.83,8.911000000000001,8.502,9.32,8.911000000000001,8.502,9.32
2023-06-21T21:40:00Z,585234,352,18176,15,15,,90,90,,864.076,864.076,,,,,0.01,5.1,4.7,5.4,15.9,15.6,16.2,10.7,10.6,10.8,134.1,135.6,132.7,1059.712,1041.702,1077.722,297.90700000000004,298.052,297.762,51.934,46.242,57.626,3.339,3.876,2.802,0.397,0.446,0.348,0.244,0.4,0.088,5.359999999999999,5.326,5.394,5.359999999999999,5.326,5.394,7.919,7.696,8.142,7.919,7.696,8.142,8.272,8.164,8.38,8.272,8.164,8.38
2023-06-21T21:50:00Z,585834,353,17856,15,15,,90,90,,864.04,864.04,,,,,0.01,5.2,4.6,5.8,16.2,15.6,16.8,10.8,10.5,11.1,132.5,136,129.2,1079.883,1037.866,1121.9,305.36400000000003,292.084,318.644,53.96,44.996,62.924,4.094,4.298,3.89,0.537,0.546,0.528,0.273,0.356,0.19,5.521000000000001,5.206,5.836,5.521000000000001,5.206,5.836,8.131,7.472,8.79,8.131,7.472,8.79,8.537,7.876,9.198,8.537,7.876,9.198
2023-06-21T22:00:00Z,586434,355,17856,15,15,,90,90,,864.002,864.002,,,,,0.01,5.1,4.6,5.5,16.1,15.5,16.6,10.8,10.5,11,133.1,136.1,130.2,1072.364,1036.436,1108.292,303.778,294.714,312.842,50.649,43.722,57.576,2.972,2.76,3.184,0.496,0.488,0.504,0.24,0.294,0.186,5.448,5.2,5.696,5.448,5.2,5.696,7.874,7.324,8.424,7.874,7.324,8.424,8.219,7.69,8.748,8.219,7.69,8.748
2023-06-21T22:10:00Z,587034,362,17216,15,15,,89.8,89.8,,863.912,863.912,,,,,0.01,5.2,4.8,5.7,16.5,16.1,17,10.9,10.7,11.1,130.8,133.2,128.5,1100.961,1071.47,1130.452,312.226,308,316.452,54.001999999999995,46.72,61.284,4.449,3.856,5.042,0.513,0.468,0.558,0.186,0.27,0.102,5.438000000000001,5.256,5.62,5.438000000000001,5.256,5.62,8.231,7.668,8.794,8.231,7.668,8.794,8.65,8.096,9.204,8.65,8.096,9.204
2023-06-21T22:20:00Z,587634,383,18176,15,15,,89,89,,863.836,863.836,,,,,0.01,5.4,4.8,5.9,16.6,16.1,17.1,10.9,10.7,11.1,130.5,133.3,127.9,1104.3339999999998,1070.36,1138.308,312.767,304.578,320.956,55.013000000000005,46.572,63.454,3.251,3.066,3.436,0.303,0.196,0.41,0.121,0.196,0.046,5.664,5.522,5.806,5.664,5.522,5.806,8.228,7.682,8.774,8.228,7.682,8.774,8.461,7.908,9.014,8.461,7.908,9.014
2023-06-21T22:30:00Z,588234,356,17856,15,15,,89,89,,863.804,863.804,,,,,0.01,5.3,4.8,5.8,16.4,15.7,17.1,10.9,10.6,11.2,131.2,135,127.5,1096.496,1049.78,1143.212,307.70799999999997,297.562,317.854,54.662,46.684,62.64,3.636,3.454,3.818,0.47200000000000003,0.268,0.676,0.219,0.192,0.246,5.417,5.068,5.766,5.417,5.068,5.766,8.034,7.466,8.602,8.034,7.466,8.602,8.44,7.796,9.084,8.44,7.796,9.084
2023-06-21T22:40:00Z,588834,355,17856,15,15,,89,89,,863.76,863.76,,,,,0.01,5.4,5.1,5.8,16.8,16.5,17,11,10.9,11.1,129.6,130.9,128.3,1116.797,1099.788,1133.806,316.428,312.01,320.846,55.646,49.542,61.75,3.2119999999999997,2.778,3.646,0.767,0.648,0.886,0.516,0.648,0.384,5.5489999999999995,5.364,5.734,5.5489999999999995,5.364,5.734,8.113,7.59,8.636,8.113,7.59,8.636,8.719999999999999,8.206,9.234,8.719999999999999,8.206,9.234
2023-06-21T22:50:00Z,589434,357,17856,15,15,,89,89,,863.694,863.694,,,,,0.01,5.4,5.1,5.7,16.8,16.6,16.9,11,11,11.1,129.4,130.1,128.8,1118.2820000000002,1109.326,1127.238,313.887,310.802,316.972,55.426,50.46,60.392,3.755,4.02,3.49,0.519,0.464,0.574,0.40900000000000003,0.33,0.488,5.494999999999999,5.35,5.64,5.494999999999999,5.35,5.64,8.125,7.798,8.452,8.125,7.798,8.452,8.619,8.312,8.926,8.619,8.312,8.926
2023-06-21T23:00:00Z,590034,353,17536,15,15,,89,89,,863.646,863.646,,,,,0.01,5.1,4.5,5.6,15.8,14.9,16.6,10.6,10.3,11,134.9,139.8,130.3,1050.973,994.672,1107.274,294.03999999999996,281.346,306.734,53.188,45.066,61.31,4.077,3.418,4.736,0.525,0.384,0.666,0.185,0.25,0.12,5.1739999999999995,4.858,5.49,5.1739999999999995,4.858,5.49,7.683999999999999,6.918,8.45,7.683999999999999,6.918,8.45,8.158999999999999,7.336,8.982,8.158999999999999,7.336,8.982
2023-06-21T23:10:00Z,590634,352,17536,15,15,,89,89,,863.728,863.728,,,,,0.01,4.2,3.8,4.5,13,12.5,13.4,9.4,9.2,9.6,152.4,155.7,149.3,865.8140000000001,836.158,895.47,244.97000000000003,236.83,253.11,42.839,36.396,49.282,3.081,2.4,3.762,0.23399999999999999,0.114,0.354,0.1,0.114,0.086,4.156,3.868,4.444,4.156,3.868,4.444,6.25,5.582,6.918,6.25,5.582,6.918,6.459,5.736,7.182,6.459,5.736,7.182
2023-06-21T23:20:00Z,591234,442,17856,14.8,14.8,,90,90,,863.67,863.67,,,,,0.01,4,3.8,4.2,12.4,12.1,12.6,9.1,9,9.2,157,159,155.1,824.338,807.152,841.524,234.78,231.118,238.442,41.647999999999996,38.162,45.134,3.154,2.508,3.8,0.606,0.608,0.604,0.345,0.386,0.304,3.8949999999999996,3.682,4.108,3.8949999999999996,3.682,4.108,6.005,5.62,6.39,6.005,5.62,6.39,6.441,6.036,6.846,6.441,6.036,6.846
2023-06-21T23:30:00Z,591834,359,17856,14.2,14.2,,89.4,89.4,,863.646,863.646,,,,,0.01,3.8,3.4,4.2,12,11.6,12.4,8.9,8.7,9.1,159.7,162.9,156.5,801.568,774.204,828.932,227.576,221.024,234.128,38.074,31.316,44.832,2.3810000000000002,2.272,2.49,0.40700000000000003,0.52,0.294,0.221,0.328,0.114,3.716,3.438,3.994,3.716,3.438,3.994,5.547,5.09,6.004,5.547,5.09,6.004,5.864,5.492,6.236,5.864,5.492,6.236
2023-06-21T23:40:00Z,592434,354,18176,15,15,,89,89,,863.592,863.592,,,,,0.01,3.9,3.6,4.2,12,11.6,12.4,8.9,8.7,9.1,160,163,157.1,798.544,773.31,823.778,225.143,221.202,229.084,39.968999999999994,34.952,44.986,2.549,2.304,2.794,0.379,0.39,0.368,0.28,0.332,0.228,3.549,3.246,3.852,3.549,3.246,3.852,5.478,4.992,5.964,5.478,4.992,5.964,5.866,5.296,6.436,5.866,5.296,6.436
2023-06-21T23:50:00Z,593034,361,17856,14.2,14.2,,89.8,89.8,,863.556,863.556,,,,,0.01,3.7,3.3,4.1,11.7,11.4,12,8.8,8.6,8.9,162,164.5,159.6,781.637,761.616,801.658,221.41500000000002,216.464,226.366,37.638999999999996,31.292,43.986,2.694,2.72,2.668,0.388,0.298,0.478,0.255,0.298,0.212,3.528,3.302,3.754,3.528,3.302,3.754,5.381,4.96,5.802,5.381,4.96,5.802,5.673,5.218,6.128,5.673,5.218,6.128
2023-06-22T00:00:00Z,593634,364,17856,14,14,,90,90,,863.588,863.588,,,,,0.01,3.6,3.2,4.1,11,10.3,11.7,8.4,8.1,8.8,168.2,174.3,162.4,732.827,687.282,778.372,209.611,198.476,220.746,37.775,31.49,44.06,2.482,2.362,2.602,0.303,0.398,0.208,0.179,0.262,0.096,3.416,3.002,3.83,3.416,3.002,3.83,5.152,4.506,5.798,5.152,4.506,5.798,5.418,4.856,5.98,5.418,4.856,5.98
2023-06-22T00:10:00Z,594234,352,18176,14,14,,90,90,,863.55,863.55,,,,,0.01,3.5,3,4,11.1,10.4,11.9,8.5,8.1,8.9,166.8,173.3,160.8,743.276,694.56,791.992,210.08499999999998,196.236,223.934,36.267,29.48,43.054,3.2439999999999998,2.73,3.758,0.359,0.388,0.33,0.243,0.346,0.14,3.308,2.862,3.754,3.308,2.862,3.754,5.272,4.45,6.094,5.272,4.45,6.094,5.551,4.784,6.318,5.551,4.784,6.318
2023-06-22T00:20:00Z,594834,363,17536,14,14,,90,90,,863.574,863.574,,,,,0.01,3.5,3,3.9,10.8,10.4,11.2,8.3,8.1,8.5,170.1,173.7,166.7,718.317,692.092,744.542,205.349,197.426,213.272,35.489,28.876,42.102,2.489,2.166,2.812,0.40399999999999997,0.226,0.582,0.163,0.094,0.232,3.224,3.102,3.346,3.224,3.102,3.346,4.996,4.564,5.428,4.996,4.564,5.428,5.323,4.772,5.874,5.323,4.772,5.874
2023-06-22T00:30:00Z,595434,362,18176,14.8,14.8,,90,90,,863.546,863.546,,,,,0.01,3.6,3.4,3.7,11.2,11.2,11.3,8.5,8.5,8.6,166,166.5,165.5,749.803,745.722,753.884,212.312,212.172,212.452,36.994,34.5,39.488,3.379,3.48,3.278,0.452,0.242,0.662,0.232,0.14,0.324,3.5069999999999997,3.502,3.512,3.5069999999999997,3.502,3.512,5.436,5.324,5.548,5.436,5.324,5.548,5.808,5.606,6.01,5.808,5.606,6.01
2023-06-22T00:40:00Z,596034,368,17856,15,15,,89.8,89.8,,863.458,863.458,,,,,0.01,4.1,3.5,4.6,12.2,11.7,12.8,9,8.8,9.3,157.9,161.9,154.1,816.593,783.102,850.084,228.559,219.93,237.188,43.451,34.312,52.59,3.301,2.696,3.906,0.521,0.27,0.772,0.137,0.18,0.094,3.827,3.672,3.982,3.827,3.672,3.982,5.933,5.34,6.526,5.933,5.34,6.526,6.324,5.63,7.018,6.324,5.63,7.018
2023-06-22T00:50:00Z,596634,354,17856,15,15,,89,89,,863.344,863.344,,,,,0.01,4,3.7,4.4,12.2,12.1,12.4,9,8.9,9.1,158.3,159.4,157.1,813.5350000000001,803.724,823.346,233.49099999999999,232.214,234.768,43.553,37.176,49.93,4.140000000000001,3.332,4.948,0.554,0.52,0.588,0.203,0.312,0.094,3.848,3.788,3.908,3.848,3.788,3.908,6.152,5.634,6.67,6.152,5.634,6.67,6.575,6.054,7.096,6.575,6.054,7.096
2023-06-22T01:00:00Z,597234,358,17536,15,15,,89,89,,863.426,863.426,,,,,0.01,3.9,3.6,4.2,11.8,11.6,12.1,8.8,8.7,9,161.1,163.3,158.9,789.521,770.98,808.062,222.923,219.932,225.914,42.35,37.578,47.122,3.484,3.294,3.674,0.9259999999999999,0.698,1.154,0.48,0.602,0.358,3.513,3.398,3.628,3.513,3.398,3.628,5.606,5.304,5.908,5.606,5.304,5.908,6.297000000000001,5.948,6.646,6.297000000000001,5.948,6.646
2023-06-22T01:10:00Z,597834,416,18176,15,15,,89,89,,863.51,863.51,,,,,0.01,3.3,3.1,3.5,10.3,10.2,10.4,8.1,8,8.1,174.1,175.2,173.1,688.779,681.47,696.088,194.048,194.106,193.99,34.922,32.384,37.46,3.359,3.584,3.134,0.716,0.682,0.75,0.479,0.632,0.326,2.9699999999999998,2.82,3.12,2.9699999999999998,2.82,3.12,4.744,4.514,4.974,4.744,4.514,4.974,5.3,5.068,5.532,5.3,5.068,5.532
2023-06-22T01:20:00Z,598434,358,17536,15,15,,89,89,,863.448,863.448,,,,,0.01,3.3,3,3.7,10.4,10,10.7,8.1,7.9,8.3,173.7,177.1,170.4,691.796,667.632,715.96,195.87900000000002,189.372,202.386,35.97,30.478,41.462,3.6310000000000002,3.208,4.054,0.6759999999999999,0.704,0.648,0.365,0.57,0.16,3.0220000000000002,2.744,3.3,3.0220000000000002,2.744,3.3,4.844,4.32,5.368,4.844,4.32,5.368,5.396,4.922,5.87,5.396,4.922,5.87
2023-06-22T01:30:00Z,599034,392,16896,15,15,,88.8,88.8,,863.272,863.272,,,,,0.01,3.7,3.2,4.2,11,10.4,11.7,8.4,8.1,8.8,167.8,173.8,162.1,735.86,690.936,780.784,209.51600000000002,198.166,220.866,39.829,32.836,46.822,3.104,2.728,3.48,0.644,0.508,0.78,0.339,0.46,0.218,3.268,2.926,3.61,3.268,2.926,3.61,5.292,4.664,5.92,5.292,4.664,5.92,5.7829999999999995,5.106,6.46,5.7829999999999995,5.106,6.46
2023-06-22T01:40:00Z,599634,353,18176,15,15,,89,89,,863.328,863.328,,,,,0.01,3.6,3.2,4.1,11.1,10.7,11.5,8.4,8.2,8.7,167.5,171.2,164.1,737.671,710.318,765.024,209.702,201.938,217.466,38.996,31.752,46.24,3.399,3.23,3.568,0.8140000000000001,0.632,0.996,0.34199999999999997,0.33,0.354,3.295,3.166,3.424,3.295,3.166,3.424,5.167,4.636,5.698,5.167,4.636,5.698,5.816,5.21,6.422,5.816,5.21,6.422
2023-06-22T01:50:00Z,600234,356,17856,15,15,,89.6,89.6,,863.288,863.288,,,,,0.01,3.4,3.1,3.7,10.4,10,10.9,8.1,7.9,8.3,173.1,177,169.3,696.435,668.874,723.996,195.583,190.186,200.98,34.948,30.142,39.754,2.581,2.226,2.936,0.6499999999999999,0.612,0.688,0.42700000000000005,0.522,0.332,2.894,2.61,3.178,2.894,2.61,3.178,4.632,4.146,5.118,4.632,4.146,5.118,5.0920000000000005,4.602,5.582,5.0920000000000005,4.602,5.582
2023-06-22T02:00:00Z,600834,351,17856,15,15,,90,90,,863.166,863.166,,,,,0.01,3.3,3.1,3.5,10.7,10.5,10.8,8.2,8.2,8.3,171,172.1,169.9,711.327,703.168,719.486,200.987,197.274,204.7,33.141999999999996,28.82,37.464,2.857,2.15,3.564,0.504,0.384,0.624,0.317,0.384,0.25,3.0949999999999998,2.92,3.27,3.0949999999999998,2.92,3.27,4.822,4.412,5.232,4.822,4.412,5.232,5.223000000000001,4.796,5.65,5.223000000000001,4.796,5.65
2023-06-22T02:10:00Z,601434,357,17536,15,15,,90,90,,863.05,863.05,,,,,0.01,3.5,3.2,3.9,11.1,10.8,11.4,8.5,8.3,8.6,167,169.5,164.6,741.811,722.844,760.778,210.174,205.252,215.096,35.931,30.074,41.788,2.4130000000000003,2.174,2.652,0.516,0.586,0.446,0.304,0.4,0.208,3.2960000000000003,3.182,3.41,3.2960000000000003,3.182,3.41,5.0169999999999995,4.604,5.43,5.0169999999999995,4.604,5.43,5.416,5.076,5.756,5.416,5.076,5.756
2023-06-22T02:20:00Z,602034,356,17856,15,15,,90,90,,862.89,862.89,,,,,0.01,3.4,3.2,3.6,10.8,10.6,10.9,8.3,8.2,8.4,170.3,172,168.6,716.807,704.208,729.406,202.764,199.494,206.034,35.620999999999995,31.406,39.836,3.305,2.958,3.652,0.769,0.47,1.068,0.367,0.246,0.488,3.259,3.198,3.32,3.259,3.198,3.32,5.129,4.818,5.44,5.129,4.818,5.44,5.728,5.282,6.174,5.728,5.282,6.174
2023-06-22T02:30:00Z,602634,368,18176,15,15,,90,90,,862.76,862.76,,,,,0.01,3.7,3.3,4,10.9,10.5,11.3,8.4,8.2,8.6,168.7,172.2,165.4,728.789,702.832,754.746,206.16,198.54,213.78,40.149,35.222,45.076,3.601,3.722,3.48,0.636,0.488,0.784,0.368,0.436,0.3,3.24,2.956,3.524,3.24,2.956,3.524,5.298,4.866,5.73,5.298,4.866,5.73,5.808,5.348,6.268,5.808,5.348,6.268
2023-06-22T02:40:00Z,603234,356,17856,15.2,15.2,,90,90,,862.616,862.616,,,,,0.01,3.5,3.1,4,10.9,10.6,11.2,8.4,8.2,8.5,169.1,171.9,166.3,725.826,704.574,747.078,207.034,202.158,211.91,36.452,29.238,43.666,2.578,2.404,2.752,0.698,0.718,0.678,0.362,0.538,0.186,3.153,2.896,3.41,3.153,2.896,3.41,4.9190000000000005,4.312,5.526,4.9190000000000005,4.312,5.526,5.427,4.914,5.94,5.427,4.914,5.94
2023-06-22T02:50:00Z,603834,350,18176,15,15,,90,90,,862.6,862.6,,,,,0.01,3.5,3.2,3.7,10.7,10.5,10.8,8.2,8.2,8.3,171.2,172.3,170,710.3389999999999,701.772,718.906,202.738,202.898,202.578,37.528000000000006,33.258,41.798,3.7649999999999997,3.488,4.042,0.812,0.504,1.12,0.439,0.272,0.606,3.133,3.102,3.164,3.133,3.102,3.164,4.9670000000000005,4.776,5.158,4.9670000000000005,4.776,5.158,5.659000000000001,5.264,6.054,5.659000000000001,5.264,6.054
2023-06-22T03:00:00Z,604434,360,17536,15,15,,90,90,,862.596,862.596,,,,,0.01,3.4,3.1,3.7,10.5,10.2,10.8,8.1,8,8.3,172.8,175.8,170,697.989,676.862,719.116,198.397,193.25,203.544,35.981,31.626,40.336,3.2720000000000002,3.036,3.508,0.7070000000000001,0.614,0.8,0.36,0.498,0.222,2.916,2.738,3.094,2.916,2.738,3.094,4.804,4.396,5.212,4.804,4.396,5.212,5.359999999999999,4.946,5.774,5.359999999999999,4.946,5.774
2023-06-22T03:10:00Z,605034,362,18176,15,15,,90,90,,862.528,862.528,,,,,0.01,3.4,3,3.7,10.2,9.8,10.7,8,7.8,8.3,175.1,179.5,170.8,682.174,651.308,713.04,193.548,185.214,201.882,36.443,31.358,41.528,3.161,3,3.322,0.78,0.558,1.002,0.331,0.336,0.326,2.979,2.722,3.236,2.979,2.722,3.236,4.719,4.2,5.238,4.719,4.2,5.238,5.374,4.802,5.946,5.374,4.802,5.946
2023-06-22T03:20:00Z,605634,356,17856,15.2,15.2,,90,90,,862.47,862.47,,,,,0.01,3.4,3,3.8,10.5,10.1,10.8,8.1,7.9,8.3,172.8,176.2,169.5,698.423,674.374,722.472,198.723,193.422,204.024,35.928,29.558,42.298,3.099,2.774,3.424,0.61,0.472,0.748,0.386,0.472,0.3,3.152,3.106,3.198,3.152,3.106,3.198,5.038,4.65,5.426,5.038,4.65,5.426,5.5,5.04,5.96,5.5,5.04,5.96
2023-06-22T03:30:00Z,606234,353,18176,15,15,,90,90,,862.418,862.418,,,,,0.01,3.3,3.1,3.6,10.5,10.4,10.7,8.2,8.1,8.2,172.3,173.5,171.1,701.953,693.384,710.522,198.147,195.506,200.788,33.608000000000004,29.562,37.654,2.348,2.31,2.386,0.451,0.466,0.436,0.302,0.384,0.22,3.2510000000000003,3.096,3.406,3.2510000000000003,3.096,3.406,4.686,4.392,4.98,4.686,4.392,4.98,5.1419999999999995,4.864,5.42,5.1419999999999995,4.864,5.42
2023-06-22T03:40:00Z,606834,376,17856,15,15,,90,90,,862.352,862.352,,,,,0.01,3,2.8,3.2,9.5,9.4,9.6,7.6,7.6,7.6,182.4,183.3,181.6,632.037,626.558,637.516,179.236,177.166,181.306,31.738999999999997,27.98,35.498,2.6719999999999997,2.306,3.038,0.56,0.492,0.628,0.28500000000000003,0.38,0.19,2.761,2.676,2.846,2.761,2.676,2.846,4.334,4.056,4.612,4.334,4.056,4.612,4.779,4.444,5.114,4.779,4.444,5.114
2023-06-22T03:50:00Z,607434,354,17856,15,15,,90.2,90.2,,862.238,862.238,,,,,0.01,3,2.8,3.1,9.7,9.5,9.9,7.7,7.6,7.8,180.4,182.1,178.7,645.603,634.204,657.002,182.426,178.662,186.19,30.483,27.72,33.246,2.92,2.538,3.302,0.491,0.51,0.472,0.179,0.188,0.17,2.572,2.472,2.672,2.572,2.472,2.672,4.211,3.94,4.482,4.211,3.94,4.482,4.632,4.362,4.902,4.632,4.362,4.902
2023-06-22T04:00:00Z,608034,378,18176,15,15,,90.4,90.4,,862.112,862.112,,,,,0.01,3.2,2.9,3.5,10.2,10,10.4,8,7.9,8.1,175.7,177.4,173.9,677.895,665.496,690.294,193.284,191.608,194.96,33.794,28.774,38.814,2.9589999999999996,2.796,3.122,0.347,0.278,0.416,0.181,0.234,0.128,3.024,2.972,3.076,3.024,2.972,3.076,4.686,4.442,4.93,4.686,4.442,4.93,4.968,4.66,5.276,4.968,4.66,5.276
2023-06-22T04:10:00Z,608634,351,17216,15,15,,91,91,,862.022,862.022,,,,,0.01,3.3,2.9,3.7,10.2,9.8,10.6,8,7.7,8.2,175.4,179.7,171.4,679.494,650.268,708.72,193.91899999999998,185.784,202.054,35.196,28.704,41.688,3.028,2.444,3.612,0.625,0.548,0.702,0.369,0.458,0.28,2.968,2.62,3.316,2.968,2.62,3.316,4.721,4.108,5.334,4.721,4.108,5.334,5.194,4.56,5.828,5.194,4.56,5.828
2023-06-22T04:20:00Z,609234,381,17536,15,15,,91,91,,861.84,861.84,,,,,0.01,3.6,3.2,3.9,10.9,10.5,11.3,8.4,8.1,8.6,169.2,172.7,165.8,724.9570000000001,698.94,750.974,205.957,198.244,213.67,37.156,31.024,43.288,2.6879999999999997,2.166,3.21,0.521,0.378,0.664,0.225,0.328,0.122,3.245,2.972,3.518,3.245,2.972,3.518,5.134,4.604,5.664,5.134,4.604,5.664,5.55,4.968,6.132,5.55,4.968,6.132
2023-06-22T04:30:00Z,609835,1434,17162,15,15,,91,91,,861.778,861.778,,,,,0.01,3.4,3.2,3.7,10.6,10.3,10.8,8.2,8.1,8.3,171.8,174,169.6,705.925,689.874,721.976,202.447,199.102,205.792,35.679,31.826,39.532,2.803,2.934,2.672,0.6160000000000001,0.556,0.676,0.307,0.4,0.214,3.27,3.008,3.532,3.27,3.008,3.532,5.009,4.634,5.384,5.009,4.634,5.384,5.486,5.178,5.794,5.486,5.178,5.794
2023-06-22T04:40:00Z,610434,427,17536,15.2,15.2,,91,91,,861.6,861.6,,,,,0.01,3.4,3,3.9,10.5,10,11,8.2,7.9,8.4,172.6,177.5,168,699.8199999999999,665.236,734.404,200.45499999999998,190.226,210.684,36.764,30.77,42.758,3.2140000000000004,2.974,3.454,0.386,0.322,0.45,0.189,0.284,0.094,3.092,2.694,3.49,3.092,2.694,3.49,5.002,4.358,5.646,5.002,4.358,5.646,5.311,4.682,5.94,5.311,4.682,5.94
2023-06-22T04:50:00Z,611034,365,17856,15,15,,91.4,91.4,,861.554,861.554,,,,,0.01,3.4,3.2,3.7,10.9,10.9,10.9,8.3,8.3,8.4,169.3,169.4,169.2,724.528,723.734,725.322,205.786,207.346,204.226,35.427,30.79,40.064,2.8369999999999997,2.054,3.62,0.516,0.452,0.58,0.319,0.422,0.216,3.1660000000000004,3.088,3.244,3.1660000000000004,3.088,3.244,4.872999999999999,4.406,5.34,4.872999999999999,4.406,5.34,5.380000000000001,4.948,5.812,5.380000000000001,4.948,5.812
2023-06-22T05:00:00Z,611634,361,17856,14.6,14.6,,91.4,91.4,,861.476,861.476,,,,,0.01,3.5,3.1,3.8,10.9,10.5,11.2,8.4,8.2,8.5,169.2,172.4,166,725.2370000000001,700.942,749.532,205.711,201.43,209.992,36.065,30.31,41.82,2.854,2.542,3.166,0.42400000000000004,0.552,0.296,0.24200000000000002,0.406,0.078,3.3049999999999997,3.182,3.428,3.3049999999999997,3.182,3.428,5.047000000000001,4.562,5.532,5.047000000000001,4.562,5.532,5.399,5.054,5.744,5.399,5.054,5.744
2023-06-22T05:10:00Z,612234,365,17514,15,15,,91.6,91.6,,861.29,861.29,,,,,0.01,3.5,3.5,3.6,11.1,11,11.2,8.5,8.4,8.5,167,167.9,166.1,741.8710000000001,734.916,748.826,210.69299999999998,211.058,210.328,36.54900000000001,35.258,37.84,2.795,2.806,2.784,0.581,0.604,0.558,0.34199999999999997,0.428,0.256,3.318,3.246,3.39,3.318,3.246,3.39,5.077,5.014,5.14,5.077,5.014,5.14,5.521,5.462,5.58,5.521,5.462,5.58
2023-06-22T05:20:00Z,612834,386,16896,14.2,14.2,,92,92,,861.286,861.286,,,,,0.01,3.1,3,3.3,10,9.8,10.3,7.9,7.8,8,177.1,179.6,174.7,667.617,650.672,684.562,188.671,186.508,190.834,31.897,29.468,34.326,2.496,2.576,2.416,0.553,0.684,0.422,0.413,0.574,0.252,2.911,2.838,2.984,2.911,2.838,2.984,4.51,4.358,4.662,4.51,4.358,4.662,4.923,4.832,5.014,4.923,4.832,5.014
2023-06-22T05:30:00Z,613434,368,17856,14.8,14.8,,92,92,,861.278,861.278,,,,,0.01,3.5,3.1,3.9,10.7,10.2,11.2,8.2,8,8.5,171,175.5,166.7,711.642,679.014,744.27,202.45,194.842,210.058,37.085,29.834,44.336,3.053,2.374,3.732,0.513,0.392,0.634,0.32299999999999995,0.35,0.296,3.125,2.902,3.348,3.125,2.902,3.348,5.032,4.392,5.672,5.032,4.392,5.672,5.428000000000001,4.714,6.142,5.428000000000001,4.714,6.142
2023-06-22T05:40:00Z,614034,364,17856,15,15,,92,92,,861.26,861.26,,,,,0.01,4.1,3.8,4.4,12.1,11.8,12.4,9,8.8,9.1,158.8,161,156.6,808.98,789.97,827.99,227.728,223.148,232.308,43.387,38.32,48.454,3.177,2.77,3.584,0.6479999999999999,0.568,0.728,0.354,0.43,0.278,3.708,3.484,3.932,3.708,3.484,3.932,5.74,5.25,6.23,5.74,5.25,6.23,6.337,5.714,6.96,6.337,5.714,6.96
2023-06-22T05:50:00Z,614634,412,18176,15,15,,92,92,,861.206,861.206,,,,,0.01,4,3.6,4.3,12,11.6,12.4,8.9,8.7,9.1,160.1,163.3,157,797.923,771.092,824.754,226.426,220.21,232.642,41.308,35.324,47.292,2.637,1.862,3.412,0.36,0.304,0.416,0.144,0.172,0.116,3.646,3.418,3.874,3.646,3.418,3.874,5.691,5.1,6.282,5.691,5.1,6.282,5.9559999999999995,5.36,6.552,5.9559999999999995,5.36,6.552
2023-06-22T06:00:00Z,615234,361,17541,14.2,14.2,,92,92,,861.18,861.18,,,,,0.01,3.5,3.2,3.8,11,10.6,11.4,8.4,8.2,8.6,168,171.2,165,733.9549999999999,710,757.91,208.562,201.354,215.77,36.63,31.7,41.56,3.4000000000000004,3.334,3.466,0.719,0.738,0.7,0.287,0.356,0.218,3.306,3.246,3.366,3.306,3.246,3.366,5.169,4.826,5.512,5.169,4.826,5.512,5.720000000000001,5.506,5.934,5.720000000000001,5.506,5.934
2023-06-22T06:10:00Z,615834,492,17216,14,14,,92,92,,861.148,861.148,,,,,0.01,3.7,3.2,4.1,11,10.6,11.4,8.4,8.2,8.6,168.1,171.8,164.5,733.407,705.474,761.34,207.50900000000001,201.88,213.138,39.150000000000006,32.094,46.206,2.6470000000000002,2.352,2.942,0.605,0.528,0.682,0.287,0.352,0.222,3.271,2.954,3.588,3.271,2.954,3.588,5.056,4.444,5.668,5.056,4.444,5.668,5.536,4.898,6.174,5.536,4.898,6.174
2023-06-22T06:20:00Z,616434,370,17216,14,14,,92,92,,860.952,860.952,,,,,0.01,3.5,3.3,3.8,11,10.7,11.3,8.4,8.3,8.6,167.9,170.7,165.2,735.1030000000001,714.032,756.174,209.164,204.096,214.232,35.516,31.958,39.074,2.241,2.446,2.036,0.5740000000000001,0.49,0.658,0.266,0.396,0.136,3.271,2.978,3.564,3.271,2.978,3.564,4.931,4.628,5.234,4.931,4.628,5.234,5.375,5.032,5.718,5.375,5.032,5.718
2023-06-22T06:30:00Z,617034,616,17536,14,14,,92,92,,860.884,860.884,,,,,0.01,3.6,3.2,4.1,11.3,10.9,11.7,8.6,8.3,8.8,165.6,169.2,162.1,752.931,724.66,781.202,214.44600000000003,208.776,220.116,37.994,30.56,45.428,3.188,2.338,4.038,0.489,0.5,0.478,0.272,0.404,0.14,3.407,3.136,3.678,3.407,3.136,3.678,5.426,4.746,6.106,5.426,4.746,6.106,5.806,5.184,6.428,5.806,5.184,6.428
2023-06-22T06:40:00Z,617634,518,17536,13,13,,92,92,,860.738,860.738,,,,,0.01,3.2,2.9,3.5,10,9.7,10.3,7.9,7.7,8,177.7,180.6,174.9,663.662,643.846,683.478,188.412,184.144,192.68,33.259,28.452,38.066,2.34,2.448,2.232,0.307,0.438,0.176,0.214,0.346,0.082,2.666,2.59,2.742,2.666,2.59,2.742,4.265,3.988,4.542,4.265,3.988,4.542,4.5440000000000005,4.39,4.698,4.5440000000000005,4.39,4.698
2023-06-22T06:50:00Z,618234,803,17536,13,13,,92,92,,860.694,860.694,,,,,0.01,3.4,3,3.8,10.5,9.8,11.1,8.2,7.8,8.5,172.6,178.8,166.8,699.582,656.014,743.15,197.419,185.55,209.288,36.446,30.318,42.574,3.259,2.714,3.804,0.618,0.314,0.922,0.192,0.184,0.2,3.0380000000000003,2.766,3.31,3.0380000000000003,2.766,3.31,4.943,4.37,5.516,4.943,4.37,5.516,5.327,4.638,6.016,5.327,4.638,6.016
2023-06-22T07:00:00Z,618834,760,17856,13,13,,92,92,,860.454,860.454,,,,,0.01,3.4,3.2,3.6,10.4,10.2,10.6,8.1,8,8.2,173.4,175.1,171.7,694.0989999999999,681.802,706.396,195.996,194.008,197.984,35.657,33.072,38.242,2.5469999999999997,2.828,2.266,0.626,0.54,0.712,0.36,0.46,0.26,2.985,2.908,3.062,2.985,2.908,3.062,4.683,4.468,4.898,4.683,4.468,4.898,5.162000000000001,4.964,5.36,5.162000000000001,4.964,5.36
2023-06-22T07:10:00Z,619435,1227,17250,12.2,12.2,,92.6,92.6,,860.348,860.348,,,,,0.01,3.3,3.1,3.5,10,10,10.1,7.9,7.9,8,176.8,177.6,176.1,669.609,664.166,675.052,190.34699999999998,188.184,192.51,35.329,32.488,38.17,2.529,2.996,2.062,0.518,0.452,0.584,0.252,0.374,0.13,2.854,2.57,3.138,2.854,2.57,3.138,4.5440000000000005,4.276,4.812,4.5440000000000005,4.276,4.812,4.948,4.696,5.2,4.948,4.696,5.2
2023-06-22T07:20:00Z,620034,355,17856,12,12,,93,93,,860.218,860.218,,,,,0.01,3.5,3.1,3.9,10.6,10.2,11,8.2,8,8.4,171.3,175.1,167.7,709.058,681.764,736.352,200.97,196.06,205.88,37.581,31.134,44.028,3.651,3.156,4.146,0.7,0.794,0.606,0.41700000000000004,0.654,0.18,3.092,2.97,3.214,3.092,2.97,3.214,5.023,4.588,5.458,5.023,4.588,5.458,5.564,5.26,5.868,5.564,5.26,5.868
2023-06-22T07:30:00Z,620634,386,17856,12,12,,93,93,,860.098,860.098,,,,,0.01,3.4,3.2,3.6,10.5,10.5,10.6,8.2,8.1,8.2,172.2,172.9,171.5,702.855,697.728,707.982,199.81900000000002,198.302,201.336,36.643,33.156,40.13,3.668,3.31,4.026,0.6930000000000001,0.646,0.74,0.401,0.514,0.288,3.1109999999999998,3.036,3.186,3.1109999999999998,3.036,3.186,4.992,4.756,5.228,4.992,4.756,5.228,5.571,5.348,5.794,5.571,5.348,5.794
2023-06-22T07:40:00Z,621234,420,17536,12,12,,93,93,,859.812,859.812,,,,,0.01,3.6,3.3,3.9,10.5,10.3,10.6,8.1,8.1,8.2,172.9,174,171.7,697.919,689.528,706.31,198.815,197.864,199.766,39.494,33.966,45.022,3.262,2.37,4.154,0.44799999999999995,0.304,0.592,0.20800000000000002,0.184,0.232,3.113,3,3.226,3.113,3,3.226,5.102,4.576,5.628,5.102,4.576,5.628,5.5600000000000005,4.94,6.18,5.5600000000000005,4.94,6.18
2023-06-22T07:50:00Z,621834,374,17216,12,12,,93,93,,859.65,859.65,,,,,0.01,3.5,3.2,3.9,11,10.9,11.2,8.4,8.3,8.5,167.7,169.3,166.1,736.384,723.87,748.898,209.185,207.808,210.562,37.512,29.986,45.038,3.536,2.684,4.388,0.581,0.49,0.672,0.437,0.37,0.504,3.426,3.42,3.432,3.426,3.42,3.432,5.4079999999999995,4.968,5.848,5.4079999999999995,4.968,5.848,5.901,5.422,6.38,5.901,5.422,6.38
2023-06-22T08:00:00Z,622434,364,18176,12,12,,93,93,,859.484,859.484,,,,,0.01,3.4,3.1,3.8,10.4,10.2,10.7,8.1,8,8.3,173.1,175.5,170.7,696.193,679.008,713.378,197.875,193.87,201.88,37.074,31.78,42.368,3.316,3.586,3.046,0.7330000000000001,0.81,0.656,0.439,0.644,0.234,3.157,2.95,3.364,3.157,2.95,3.364,4.949,4.618,5.28,4.949,4.618,5.28,5.57,5.326,5.814,5.57,5.326,5.814
2023-06-22T08:10:00Z,623034,378,18176,12,12,,93,93,,859.222,859.222,,,,,0.01,3.5,3,3.9,10.4,9.9,11,8.1,7.8,8.4,173.3,178.5,168.4,694.973,658.528,731.418,199.74200000000002,188.494,210.99,37.45,31.062,43.838,3.3360000000000003,2.932,3.74,0.507,0.622,0.392,0.263,0.438,0.088,3.112,2.834,3.39,3.112,2.834,3.39,5.144,4.432,5.856,5.144,4.432,5.856,5.604,5.038,6.17,5.604,5.038,6.17
2023-06-22T08:20:00Z,623634,358,17536,12,12,,93,93,,859.058,859.058,,,,,0.01,3.5,3,4,10.7,10.1,11.3,8.2,7.9,8.6,171,176.4,165.8,711.806,672.602,751.01,201.829,193.472,210.186,37.414,30.582,44.246,3.3760000000000003,3.398,3.354,0.712,0.66,0.764,0.403,0.514,0.292,3.165,2.938,3.392,3.165,2.938,3.392,5.109999999999999,4.616,5.604,5.109999999999999,4.616,5.604,5.664,5.17,6.158,5.664,5.17,6.158
2023-06-22T08:30:00Z,624234,381,18176,12,12,,93,93,,858.964,858.964,,,,,0.01,3.9,3.5,4.3,11.8,11.3,12.2,8.8,8.6,9,161.8,165.7,158,783.956,752.168,815.744,223.752,215.122,232.382,41.568,35.916,47.22,3.142,3.27,3.014,0.6839999999999999,0.772,0.596,0.536,0.722,0.35,3.569,3.268,3.87,3.569,3.268,3.87,5.6370000000000005,5.186,6.088,5.6370000000000005,5.186,6.088,6.211,5.866,6.556,6.211,5.866,6.556
2023-06-22T08:40:00Z,624834,356,17856,12,12,,93,93,,858.828,858.828,,,,,0.01,3.9,3.3,4.4,12,11.4,12.7,8.9,8.6,9.2,159.7,165.1,154.7,800.918,756.96,844.876,225.96800000000002,213.66,238.276,40.745000000000005,32.502,48.988,3.6029999999999998,2.888,4.318,0.509,0.396,0.622,0.208,0.296,0.12,3.673,3.342,4.004,3.673,3.342,4.004,5.703,4.95,6.456,5.703,4.95,6.456,6.111000000000001,5.312,6.91,6.111000000000001,5.312,6.91
2023-06-22T08:50:00Z,625434,356,18176,12,12,,93,93,,858.838,858.838,,,,,0.01,4,3.6,4.5,12.5,12.1,13,9.2,8.9,9.4,155.8,159.4,152.3,835.304,803.944,866.664,238.07999999999998,230.09,246.07,42.411,34.94,49.882,3.853,3.08,4.626,0.798,0.538,1.058,0.33399999999999996,0.366,0.302,3.977,3.676,4.278,3.977,3.676,4.278,6.121,5.498,6.744,6.121,5.498,6.744,6.675,5.906,7.444,6.675,5.906,7.444
2023-06-22T09:00:00Z,626034,361,18176,12,12,,93,93,,858.812,858.812,,,,,0.01,4.1,3.8,4.4,12.5,12.2,12.8,9.2,9,9.3,155.8,158.1,153.5,835.2719999999999,814.754,855.79,236.85,232.016,241.684,44.466,39.29,49.642,4.1690000000000005,4.15,4.188,0.746,0.666,0.826,0.493,0.592,0.394,3.9010000000000002,3.74,4.062,3.9010000000000002,3.74,4.062,6.234999999999999,5.8,6.67,6.234999999999999,5.8,6.67,6.877000000000001,6.472,7.282,6.877000000000001,6.472,7.282
2023-06-22T09:10:00Z,626634,352,17856,12,12,,93,93,,858.842,858.842,,,,,0.01,4.1,3.9,4.4,12.2,11.9,12.6,9,8.9,9.2,157.9,160.3,155.6,816.428,796.116,836.74,230.31799999999998,226.076,234.56,44.847,40.798,48.896,3.298,2.748,3.848,0.621,0.454,0.788,0.368,0.406,0.33,3.811,3.672,3.95,3.811,3.672,3.95,5.931,5.444,6.418,5.931,5.444,6.418,6.428000000000001,5.892,6.964,6.428000000000001,5.892,6.964
2023-06-22T09:20:00Z,627234,394,17216,11.8,11.8,,93,93,,858.848,858.848,,,,,0.01,4.4,3.9,4.9,12.8,12.3,13.3,9.3,9,9.6,153.7,157.8,149.9,853.727,817.674,889.78,242.04399999999998,231.506,252.582,48.878,40.264,57.492,4.382,3.686,5.078,0.8600000000000001,0.804,0.916,0.455,0.66,0.25,3.952,3.73,4.174,3.952,3.73,4.174,6.569,5.772,7.366,6.569,5.772,7.366,7.229,6.502,7.956,7.229,6.502,7.956
2023-06-22T09:30:00Z,627834,358,18176,11.6,11.6,,93,93,,858.854,858.854,,,,,0.01,3.8,3.3,4.3,11.6,11,12.2,8.7,8.4,9,163.2,168.5,158.1,772.4079999999999,730.156,814.66,219.429,208.52,230.338,40.129,32.428,47.83,3.426,2.626,4.226,0.768,0.566,0.97,0.515,0.446,0.584,3.491,3.124,3.858,3.491,3.124,3.858,5.548,4.848,6.248,5.548,4.848,6.248,6.1240000000000006,5.296,6.952,6.1240000000000006,5.296,6.952
2023-06-22T09:40:00Z,628434,353,17536,11,11,,93,93,,858.76,858.76,,,,,0.01,3.6,3.3,3.9,11.1,11,11.2,8.5,8.4,8.5,167.4,168.4,166.5,738.665,731.29,746.04,210.774,210.792,210.756,38.644000000000005,33.978,43.31,3.434,3.73,3.138,0.69,0.738,0.642,0.381,0.534,0.228,3.341,3.346,3.336,3.341,3.346,3.336,5.345000000000001,5.136,5.554,5.345000000000001,5.136,5.554,5.86,5.73,5.99,5.86,5.73,5.99
2023-06-22T09:50:00Z,629034,353,17856,11.6,11.6,,93,93,,858.76,858.76,,,,,0.01,3.8,3.3,4.2,11.8,11.3,12.3,8.8,8.5,9.1,161.6,165.9,157.4,785.516,750.252,820.78,222.465,212.104,232.826,39.117999999999995,32.86,45.376,3.37,3.048,3.692,0.638,0.616,0.66,0.298,0.386,0.21,3.55,3.184,3.916,3.55,3.184,3.916,5.629,4.992,6.266,5.629,4.992,6.266,6.105,5.428,6.782,6.105,5.428,6.782
2023-06-22T10:00:00Z,629634,364,18176,11,11,,93,93,,858.924,858.924,,,,,0.01,3.9,3.3,4.5,11.5,11,11.9,8.7,8.4,8.9,164,167.8,160.3,765.9069999999999,735.598,796.216,219.264,211.348,227.18,41.866,31.37,52.362,3.349,2.314,4.384,0.6970000000000001,0.598,0.796,0.329,0.39,0.268,3.455,3.27,3.64,3.455,3.27,3.64,5.617,4.778,6.456,5.617,4.778,6.456,6.096,5.248,6.944,6.096,5.248,6.944
2023-06-22T10:10:00Z,630234,350,18176,11.6,11.6,,93,93,,860.056,860.056,,,,,0.01,3.6,3.3,4,11.5,10.8,12.2,8.7,8.3,9,163.7,169.8,158.1,767.754,720.572,814.936,216.442,205.222,227.662,38.701,31.874,45.528,3.9959999999999996,2.61,5.382,0.816,0.486,1.146,0.46799999999999997,0.358,0.578,3.415,3.178,3.652,3.415,3.178,3.652,5.462,4.66,6.264,5.462,4.66,6.264,6.067,5.112,7.022,6.067,5.112,7.022
2023-06-22T10:20:00Z,630834,391,17856,12,12,,93,93,,860.672,860.672,,,,,0.01,4.4,3.8,5.1,12.8,12.1,13.5,9.3,8.9,9.6,153.9,159.4,148.7,852.586,803.748,901.424,241.65699999999998,228.196,255.118,51.155,41.236,61.074,6.247999999999999,6.004,6.492,1.202,1.138,1.266,0.723,0.868,0.578,4.029,3.836,4.222,4.029,3.836,4.222,7.035,6.266,7.804,7.035,6.266,7.804,7.987,7.252,8.722,7.987,7.252,8.722
2023-06-22T10:30:00Z,631434,355,17536,12.4,12.4,,93,93,,861.236,861.236,,,,,0.01,4.9,4.1,5.7,13.7,12.8,14.7,9.7,9.3,10.2,147.3,154,141.1,915.75,851.23,980.27,260.20500000000004,242.416,277.994,58.533,46.02,71.046,7.225,5.92,8.53,1.522,1.262,1.782,0.7230000000000001,0.932,0.514,4.295999999999999,3.92,4.672,4.295999999999999,3.92,4.672,7.788,6.672,8.904,7.788,6.672,8.904,8.974,7.74,10.208,8.974,7.74,10.208
2023-06-22T10:40:00Z,632034,350,18176,13,13,,93,93,,861.43,861.43,,,,,0.01,4.8,3.8,5.8,13.5,12,14.9,9.6,8.9,10.2,149.2,159.6,140,897.108,802.294,991.922,253.28199999999998,225.316,281.248,58.649,43.09,74.208,7.7379999999999995,6.27,9.206,1.666,1.354,1.978,0.921,1.008,0.834,4.0600000000000005,3.47,4.65,4.0600000000000005,3.47,4.65,7.497,5.996,8.998,7.497,5.996,8.998,8.759,7.086,10.432,8.759,7.086,10.432
2023-06-22T10:50:00Z,632634,355,17856,13.6,13.6,,93,93,,861.372,861.372,,,,,0.01,5,4.1,5.9,13.7,12.6,14.8,9.7,9.2,10.2,147.5,155.5,140.3,913.6030000000001,838.092,989.114,261.525,238.994,284.056,61.242000000000004,46.448,76.036,8.656,6.636,10.676,1.6780000000000002,1.108,2.248,0.8140000000000001,1.006,0.622,4.24,3.974,4.506,4.24,3.974,4.506,7.885,6.71,9.06,7.885,6.71,9.06,9.262,7.714,10.81,9.262,7.714,10.81
2023-06-22T11:00:00Z,633234,355,17536,14,14,,93,93,,861.318,861.318,,,,,0.01,5.2,4.4,6,14,12.8,15.2,9.9,9.3,10.4,145.6,153.8,138.2,932.874,853.552,1012.196,268.497,246.636,290.358,65.87100000000001,52.968,78.774,10.479,8.632,12.326,2.242,2.242,2.242,1.307,1.744,0.87,4.285,3.68,4.89,4.285,3.68,4.89,8.521,6.946,10.096,8.521,6.946,10.096,10.217,8.752,11.682,10.217,8.752,11.682
2023-06-22T11:10:00Z,633834,357,17536,14.4,14.4,,93,93,,861.424,861.424,,,,,0.01,5,4.1,5.8,13.8,13,14.7,9.8,9.4,10.1,146.5,152.1,141.4,923.0319999999999,868.838,977.226,262.466,248.046,276.886,60.703,47.73,73.676,8.294,8.018,8.57,1.4769999999999999,1.554,1.4,0.75,0.938,0.562,4.322,3.986,4.658,4.322,3.986,4.658,7.994,6.978,9.01,7.994,6.978,9.01,9.149,8.258,10.04,9.149,8.258,10.04
2023-06-22T11:20:00Z,634434,389,18176,15,15,,93,93,,861.374,861.374,,,,,0.01,4.5,3.8,5.1,13,11.9,14.2,9.4,8.9,9.9,152.2,160.6,144.5,868.4079999999999,793.31,943.506,247.28300000000002,227.056,267.51,52.331,42.46,62.202,6.678,5.582,7.774,1.343,1.31,1.376,0.6459999999999999,0.944,0.348,4.064,3.616,4.512,4.064,3.616,4.512,7.162,6.042,8.282,7.162,6.042,8.282,8.116,7.058,9.174,8.116,7.058,9.174
2023-06-22T11:30:00Z,635034,354,18176,15,15,,93,93,,861.536,861.536,,,,,0.01,4.7,4,5.5,13.2,11.8,14.5,9.5,8.8,10.1,151.2,161.7,142,876.9680000000001,784.052,969.884,249.721,223.14,276.302,57.141999999999996,45.446,68.838,7.1209999999999996,5.558,8.684,1.883,1.72,2.046,1.04,1.304,0.776,4.038,3.44,4.636,4.038,3.44,4.636,7.461,6.128,8.794,7.461,6.128,8.794,8.804,7.414,10.194,8.804,7.414,10.194
2023-06-22T11:40:00Z,635634,429,18176,15.6,15.6,,93,93,,861.462,861.462,,,,,0.01,4.4,3.7,5.2,13,12.1,13.8,9.4,9,9.8,152.4,158.7,146.6,866.107,809.464,922.75,246.185,228.602,263.768,52.707,39.786,65.628,8.096,6.338,9.854,1.393,1.166,1.62,0.5740000000000001,0.756,0.392,3.849,3.488,4.21,3.849,3.488,4.21,7.159000000000001,5.944,8.374,7.159000000000001,5.944,8.374,8.317,7.046,9.588,8.317,7.046,9.588
2023-06-22T11:50:00Z,636234,348,17856,16,16,,93,93,,861.486,861.486,,,,,0.01,4.9,4.2,5.6,14.1,13.5,14.7,9.9,9.6,10.2,144.8,148.6,141.2,940.6700000000001,902.596,978.744,267.672,253.12,282.224,57.882000000000005,47.588,68.176,7.78,8.628,6.932,1.609,1.598,1.62,0.864,1.252,0.476,4.362,3.966,4.758,4.362,3.966,4.758,7.7330000000000005,6.96,8.506,7.7330000000000005,6.96,8.506,9.049,8.444,9.654,9.049,8.444,9.654
2023-06-22T12:00:00Z,636834,352,18176,16,16,,93,93,,861.53,861.53,,,,,0.01,5.2,4.4,5.9,14.9,13.9,15.8,10.2,9.8,10.6,140.1,146.3,134.5,990.623,925.542,1055.704,278.817,261.416,296.218,59.673,47.038,72.308,6.571000000000001,4.73,8.412,1.131,0.932,1.33,0.633,0.888,0.378,4.584,4.162,5.006,4.584,4.162,5.006,7.933999999999999,6.748,9.12,7.933999999999999,6.748,9.12,8.895,7.564,10.226,8.895,7.564,10.226
2023-06-22T12:10:00Z,637434,350,18176,15.6,15.6,,93,93,,861.56,861.56,,,,,0.01,4.8,4.2,5.5,14.5,13.8,15.2,10.1,9.8,10.4,142.2,146.7,137.9,968.124,921.096,1015.152,275.35699999999997,262.906,287.808,52.525999999999996,42.714,62.338,4.617,4.366,4.868,1.0979999999999999,1.21,0.986,0.692,0.982,0.402,4.744999999999999,4.374,5.116,4.744999999999999,4.374,5.116,7.422,6.532,8.312,7.422,6.532,8.312,8.318,7.592,9.044,8.318,7.592,9.044
2023-06-22T12:20:00Z,638034,409,18176,15,15,,93,93,,861.472,861.472,,,,,0.01,4.9,4.2,5.5,14.5,13.8,15.2,10.1,9.8,10.4,142.2,146.7,137.9,968.366,921.626,1015.106,271.61199999999997,256.24,286.984,53.511,42.7,64.322,5.101,3.756,6.446,0.9530000000000001,0.812,1.094,0.543,0.646,0.44,4.4399999999999995,3.828,5.052,4.4399999999999995,3.828,5.052,7.225,6.178,8.272,7.225,6.178,8.272,8.023,6.892,9.154,8.023,6.892,9.154
2023-06-22T12:30:00Z,638634,355,18176,15,15,,93,93,,861.366,861.366,,,,,0.01,4.5,4.1,4.9,14.1,13.7,14.5,9.9,9.7,10.1,144.8,147.4,142.2,941.192,913.964,968.42,266.843,259.408,274.278,47.873,42.388,53.358,5.114,5.316,4.912,1.107,1.264,0.95,0.624,0.868,0.38,4.508,4.208,4.808,4.508,4.208,4.808,7.1129999999999995,6.608,7.618,7.1129999999999995,6.608,7.618,7.969,7.628,8.31,7.969,7.628,8.31
2023-06-22T12:40:00Z,639234,672,17536,15,15,,93,93,,861.356,861.356,,,,,0.01,4.3,3.9,4.7,13.3,12.8,13.7,9.5,9.3,9.7,150.5,153.8,147.3,884.361,853.59,915.132,251.515,242.498,260.532,45.647999999999996,40.136,51.16,4.103,4.044,4.162,0.809,0.514,1.104,0.38,0.364,0.396,4.087,3.706,4.468,4.087,3.706,4.468,6.406000000000001,5.91,6.902,6.406000000000001,5.91,6.902,7.073,6.432,7.714,7.073,6.432,7.714
2023-06-22T12:50:00Z,639834,361,18176,15,15,,93,93,,861.302,861.302,,,,,0.01,3.9,3.6,4.2,12.5,12,13.1,9.2,8.9,9.4,155.9,160.1,151.9,834.0060000000001,797.49,870.522,234.736,225.912,243.56,39.897,35.282,44.512,3.319,3.34,3.298,0.801,0.548,1.054,0.447,0.45,0.444,3.7359999999999998,3.368,4.104,3.7359999999999998,3.368,4.104,5.727,5.238,6.216,5.727,5.238,6.216,6.345,5.688,7.002,6.345,5.688,7.002
2023-06-22T13:00:00Z,640434,350,17856,14.8,14.8,,93,93,,861.266,861.266,,,,,0.01,3.9,3.6,4.2,12.2,11.9,12.5,9,8.9,9.1,158.4,160.5,156.3,812.691,794.378,831.004,230.22699999999998,226.944,233.51,40.007,34.732,45.282,3.335,3.046,3.624,0.851,0.764,0.938,0.445,0.528,0.362,3.845,3.712,3.978,3.845,3.712,3.978,5.763,5.314,6.212,5.763,5.314,6.212,6.428,5.974,6.882,6.428,5.974,6.882
2023-06-22T13:10:00Z,641034,353,17856,15,15,,93,93,,861.368,861.368,,,,,0.01,3.7,3.4,4.1,11.9,11.7,12.2,8.9,8.8,9,160.3,162.4,158.2,796.3810000000001,778.902,813.86,224.927,220.814,229.04,37.723,32.368,43.078,2.89,2.858,2.922,0.757,0.872,0.642,0.46199999999999997,0.586,0.338,3.676,3.544,3.808,3.676,3.544,3.808,5.397,5.016,5.778,5.397,5.016,5.778,5.982,5.682,6.282,5.982,5.682,6.282
2023-06-22T13:20:00Z,641634,359,18176,15,15,,93,93,,861.63,861.63,,,,,0.01,3.2,2.9,3.5,10.8,10.6,11.1,8.3,8.2,8.5,169.6,172,167.2,722.1980000000001,704.2,740.196,201.394,197.632,205.156,32.191,27.888,36.494,3.306,3.5,3.112,0.637,0.698,0.576,0.29200000000000004,0.392,0.192,3.115,2.9,3.33,3.115,2.9,3.33,4.8100000000000005,4.472,5.148,4.8100000000000005,4.472,5.148,5.305,5.024,5.586,5.305,5.024,5.586
2023-06-22T13:30:00Z,642234,367,18176,15,15,,93,93,,861.776,861.776,,,,,0.01,3.3,3,3.5,10.8,10.6,11,8.3,8.2,8.4,169.7,171.5,167.8,721.431,707.47,735.392,205.925,202.412,209.438,32.228,28.052,36.404,2.8449999999999998,2.864,2.826,0.429,0.48,0.378,0.26,0.386,0.134,3.335,3.138,3.532,3.335,3.138,3.532,4.904999999999999,4.54,5.27,4.904999999999999,4.54,5.27,5.24,4.97,5.51,5.24,4.97,5.51
2023-06-22T13:40:00Z,642834,363,18176,15,15,,93,93,,861.938,861.938,,,,,0.01,3.5,3.1,3.9,11.3,10.7,11.9,8.6,8.3,8.9,165.6,170.9,160.7,752.428,712.298,792.558,213.527,204.706,222.348,35.574,29.958,41.19,2.958,3.126,2.79,0.511,0.546,0.476,0.28800000000000003,0.456,0.12,3.348,3.024,3.672,3.348,3.024,3.672,5.106999999999999,4.622,5.592,5.106999999999999,4.622,5.592,5.604,5.178,6.03,5.604,5.178,6.03
2023-06-22T13:50:00Z,643434,360,17856,15,15,,93,93,,862.024,862.024,,,,,0.01,3.7,3.4,4.1,12,11.6,12.4,8.9,8.7,9.1,160,163.1,157.1,798.259,772.836,823.682,224.11,216.536,231.684,37.932,32.49,43.374,2.776,2.782,2.77,0.438,0.652,0.224,0.299,0.598,0,3.548,3.188,3.908,3.548,3.188,3.908,5.4239999999999995,4.84,6.008,5.4239999999999995,4.84,6.008,5.7940000000000005,5.442,6.146,5.7940000000000005,5.442,6.146
2023-06-22T14:00:00Z,644034,351,17536,15,15,,93,93,,862.154,862.154,,,,,0.01,4.1,3.8,4.4,13.1,12.9,13.3,9.4,9.3,9.5,151.8,153.3,150.4,871.315,857.692,884.938,245.957,243.164,248.75,41.465,37.238,45.692,3.1799999999999997,3.558,2.802,0.49,0.586,0.394,0.236,0.386,0.086,4.023,3.754,4.292,4.023,3.754,4.292,6.095000000000001,5.738,6.452,6.095000000000001,5.738,6.452,6.542,6.332,6.752,6.542,6.332,6.752
2023-06-22T14:10:00Z,644634,354,17856,15,15,,93,93,,862.162,862.162,,,,,0.01,4.6,4.1,5.1,14.5,14,15,10.1,9.9,10.3,142.4,145.6,139.4,966.012,932.852,999.172,271.21500000000003,261.716,280.714,48.402,40.594,56.21,4.495,3.756,5.234,0.786,0.736,0.836,0.363,0.468,0.258,4.654,4.484,4.824,4.654,4.484,4.824,7.226,6.58,7.872,7.226,6.58,7.872,7.854,7.196,8.512,7.854,7.196,8.512
2023-06-22T14:20:00Z,645234,355,17536,15,15,,93,93,,862.158,862.158,,,,,0.01,5.1,4.5,5.7,16,15.5,16.4,10.7,10.5,10.9,133.8,136.2,131.4,1064.019,1035.142,1092.896,299.603,290.74,308.466,53.974000000000004,44.472,63.476,4.675,4.606,4.744,0.859,0.732,0.986,0.385,0.504,0.266,5.119999999999999,4.778,5.462,5.119999999999999,4.778,5.462,7.8870000000000005,7.214,8.56,7.8870000000000005,7.214,8.56,8.494,7.808,9.18,8.494,7.808,9.18
2023-06-22T14:30:00Z,645834,356,18176,15,15,,93,93,,862.242,862.242,,,,,0.01,6.6,6.2,7,19.9,19.5,20.2,12.2,12.1,12.3,115.3,116.7,113.9,1323.3980000000001,1300.428,1346.368,374.03999999999996,366.616,381.464,71.007,63.322,78.692,5.954,4.72,7.188,1.1989999999999998,1.132,1.266,0.542,0.742,0.342,6.937,6.836,7.038,6.937,6.836,7.038,10.365,9.624,11.106,10.365,9.624,11.106,11.256,10.576,11.936,11.256,10.576,11.936
2023-06-22T14:40:00Z,646434,361,17856,15,15,,93,93,,862.284,862.284,,,,,0.01,6.5,6,7.1,20.2,19.4,21,12.3,12,12.6,113.8,117.2,110.6,1348.503,1293.812,1403.194,378.91999999999996,366.46,391.38,69.41799999999999,61.236,77.6,6.183,5.964,6.402,0.9470000000000001,0.816,1.078,0.558,0.662,0.454,6.862,6.332,7.392,6.862,6.332,7.392,10.574000000000002,9.72,11.428,10.574000000000002,9.72,11.428,11.332999999999998,10.45,12.216,11.332999999999998,10.45,12.216
2023-06-22T14:50:00Z,647034,355,17536,15,15,,93,93,,862.026,862.026,,,,,0.01,5.9,5.3,6.5,17.8,17,18.6,11.4,11.1,11.7,124.4,128.2,120.7,1186.748,1134.202,1239.294,335.08799999999997,322.01,348.166,62.69,53.97,71.41,4.752000000000001,4.73,4.774,1.141,1.026,1.256,0.5820000000000001,0.778,0.386,5.984999999999999,5.66,6.31,5.984999999999999,5.66,6.31,9.054,8.364,9.744,9.054,8.364,9.744,9.91,9.242,10.578,9.91,9.242,10.578
2023-06-22T15:00:00Z,647634,353,17856,15,15,,93,93,,861.726,861.726,,,,,0.01,5.7,5.1,6.3,18.5,17.9,19.1,11.7,11.5,11.9,121.2,124.1,118.5,1231.601,1191.01,1272.192,344.673,336.73,352.616,57.887,47.572,68.202,5.199999999999999,4.396,6.004,0.9600000000000001,0.562,1.358,0.515,0.482,0.548,6.305999999999999,6.1,6.512,6.305999999999999,6.1,6.512,9.21,8.548,9.872,9.21,8.548,9.872,10.004,9.17,10.838,10.004,9.17,10.838
2023-06-22T15:10:00Z,648234,351,18176,15,15,,93,93,,861.292,861.292,,,,,0.01,6.1,5.5,6.7,19.3,18.8,19.9,12,11.8,12.2,117.5,119.8,115.3,1288.31,1252.944,1323.676,363.601,353.412,373.79,64.691,54.346,75.036,6.266,4.956,7.576,1.064,0.996,1.132,0.578,0.846,0.31,6.682,6.448,6.916,6.682,6.448,6.916,10.049,9.176,10.922,10.049,9.176,10.922,10.911999999999999,10.084,11.74,10.911999999999999,10.084,11.74
2023-06-22T15:20:00Z,648834,353,17536,15,15,,93,93,,861.108,861.108,,,,,0.01,6.2,5.6,6.8,19.7,19.3,20.1,12.1,12,12.3,116,117.8,114.2,1312.3890000000001,1283.752,1341.026,372.02099999999996,367.054,376.988,63.852000000000004,53.65,74.054,5.591,5.458,5.724,1.162,1.546,0.778,0.73,1.134,0.326,6.804,6.64,6.968,6.804,6.64,6.968,10,9.352,10.648,10,9.352,10.648,10.889,10.616,11.162,10.889,10.616,11.162
2023-06-22T15:30:00Z,649434,356,17856,15,15,,93,93,,861.14,861.14,,,,,0.01,6.6,5.9,7.4,21,20.2,21.8,12.6,12.3,12.9,110.6,113.8,107.7,1402.769,1349.004,1456.534,392.409,380.08,404.738,70.545,59.138,81.952,7.112,6.714,7.51,1.287,1.312,1.262,0.822,1.156,0.488,7.107,6.748,7.466,7.107,6.748,7.466,10.892,10.086,11.698,10.892,10.086,11.698,11.952,11.302,12.602,11.952,11.302,12.602
2023-06-22T15:40:00Z,650034,351,17856,15,15,,93,93,,861.046,861.046,,,,,0.01,6.3,5.8,6.8,19.9,19.7,20.1,12.2,12.1,12.3,115,115.7,114.3,1327.991,1316.588,1339.394,371.129,365.832,376.426,66.021,56.872,75.17,5.939,5.634,6.244,1.47,1.54,1.4,0.962,1.408,0.516,6.557,6.492,6.622,6.557,6.492,6.622,9.853,9.244,10.462,9.853,9.244,10.462,11.014,10.53,11.498,11.014,10.53,11.498
2023-06-22T15:50:00Z,650634,352,17856,15.2,15.2,,93,93,,860.974,860.974,,,,,0.01,6.3,5.7,6.9,19.8,19.6,20,12.2,12.1,12.3,115.4,116.2,114.5,1322.753,1309.572,1335.934,374.072,370.64,377.504,66.958,56.75,77.166,6.8309999999999995,6.368,7.294,1.04,1.468,0.612,0.744,1.242,0.246,6.75,6.508,6.992,6.75,6.508,6.992,10.34,9.552,11.128,10.34,9.552,11.128,11.197,10.82,11.574,11.197,10.82,11.574
2023-06-22T16:00:00Z,651234,357,18176,16,16,,93,93,,861.118,861.118,,,,,0.01,6,5.5,6.5,18.6,18.3,19,11.7,11.6,11.9,120.5,122.3,118.7,1243.1770000000001,1216.672,1269.682,350.68100000000004,342.088,359.274,63.339,54.85,71.828,5.9879999999999995,5.17,6.806,0.8009999999999999,0.652,0.95,0.294,0.498,0.09,6.241,5.928,6.554,6.241,5.928,6.554,9.578,8.804,10.352,9.578,8.804,10.352,10.209,9.382,11.036,10.209,9.382,11.036
2023-06-22T16:10:00Z,651834,358,17856,16,16,,93,93,,860.908,860.908,,,,,0.01,5.6,4.8,6.4,17.1,16.4,17.8,11.2,10.9,11.4,127.7,131.2,124.4,1140.971,1095.87,1186.072,319.30899999999997,305.322,333.296,61.344,48.182,74.506,5.996,4.868,7.124,1.225,1.1,1.35,0.597,0.744,0.45,5.551,5.222,5.88,5.551,5.222,5.88,8.774000000000001,7.682,9.866,8.774000000000001,7.682,9.866,9.719,8.658,10.78,9.719,8.658,10.78
2023-06-22T16:20:00Z,652434,351,17856,16,16,,93,93,,860.822,860.822,,,,,0.01,5.3,4.9,5.7,16.2,15.7,16.8,10.8,10.6,11,132.4,135.5,129.5,1080.587,1043.732,1117.442,303.35699999999997,295.4,311.314,57.572,50.17,64.974,5.218999999999999,3.718,6.72,1.028,0.926,1.13,0.536,0.634,0.438,5.2379999999999995,4.898,5.578,5.2379999999999995,4.898,5.578,8.182,7.422,8.942,8.182,7.422,8.942,8.945,8.126,9.764,8.945,8.126,9.764
2023-06-22T16:30:00Z,653034,354,18176,15,15,,93,93,,860.762,860.762,,,,,0.01,4.5,4,4.9,13.7,13.4,14,9.7,9.6,9.8,147.7,149.8,145.8,910.914,891.102,930.726,255.15999999999997,249.396,260.924,48.129,41.162,55.096,4.083,4.032,4.134,0.6839999999999999,0.486,0.882,0.304,0.352,0.256,4.372,4.266,4.478,4.372,4.266,4.478,6.744,6.362,7.126,6.744,6.362,7.126,7.287,6.834,7.74,7.287,6.834,7.74
2023-06-22T16:40:00Z,653634,356,17856,15,15,,93,93,,860.818,860.818,,,,,0.01,4,3.7,4.4,12.9,12.5,13.2,9.3,9.2,9.5,153.2,155.8,150.7,858.399,834.734,882.064,240.61,235.18,246.04,41.361000000000004,36.264,46.458,3.068,2.822,3.314,0.704,0.722,0.686,0.385,0.45,0.32,4.034,3.92,4.148,4.034,3.92,4.148,6.050000000000001,5.698,6.402,6.050000000000001,5.698,6.402,6.572,6.2,6.944,6.572,6.2,6.944
2023-06-22T16:50:00Z,654234,352,17536,15,15,,93,93,,860.202,860.202,,,,,0.01,4.1,3.7,4.5,12.9,12.4,13.4,9.4,9.1,9.6,152.9,156.5,149.4,861.7180000000001,828.788,894.648,243.618,235.238,251.998,43.153999999999996,36.89,49.418,4.186,3.706,4.666,0.9550000000000001,0.674,1.236,0.47000000000000003,0.542,0.398,4.094,3.844,4.344,4.094,3.844,4.344,6.303,5.784,6.822,6.303,5.784,6.822,7.09,6.404,7.776,7.09,6.404,7.776
2023-06-22T17:00:00Z,654834,353,18176,15,15,,93,93,,859.778,859.778,,,,,0.01,3.8,3.5,4.2,12.3,11.8,12.9,9.1,8.8,9.4,157.1,161.4,153.1,823.196,786.72,859.672,231.86,223.738,239.982,39.935,35.148,44.722,4.035,4.588,3.482,0.597,0.724,0.47,0.296,0.426,0.166,3.7270000000000003,3.468,3.986,3.7270000000000003,3.468,3.986,5.912,5.524,6.3,5.912,5.524,6.3,6.401,6.106,6.696,6.401,6.106,6.696
2023-06-22T17:10:00Z,655434,356,17856,15,15,,92.4,92.4,,859.69,859.69,,,,,0.01,3.7,3.4,4,11.8,11.2,12.3,8.8,8.5,9.1,161.7,166.6,157.2,783.983,745.312,822.654,220.075,211.246,228.904,37.692,33.736,41.648,3.13,2.788,3.472,0.42400000000000004,0.294,0.554,0.133,0.154,0.112,3.526,3.248,3.804,3.526,3.248,3.804,5.447,4.916,5.978,5.447,4.916,5.978,5.694,5.12,6.268,5.694,5.12,6.268
2023-06-22T17:20:00Z,656034,361,18176,15,15,,92,92,,859.91,859.91,,,,,0.01,3.3,3,3.6,10.6,10.3,11,8.2,8,8.4,171.3,174.7,168,709.378,684.94,733.816,197.788,191.484,204.092,33.51,29.072,37.948,2.81,2.67,2.95,0.484,0.43,0.538,0.252,0.39,0.114,3.053,2.774,3.332,3.053,2.774,3.332,4.752,4.31,5.194,4.752,4.31,5.194,5.131,4.71,5.552,5.131,4.71,5.552
2023-06-22T17:30:00Z,656634,473,18176,15,15,,92,92,,860.002,860.002,,,,,0.01,3.4,2.9,3.9,10.7,10.1,11.3,8.3,7.9,8.6,170.7,176.1,165.6,713.617,674.506,752.728,200.36700000000002,190.22,210.514,37.069,28.974,45.164,3.9080000000000004,3.188,4.628,0.6950000000000001,0.406,0.984,0.247,0.22,0.274,3.008,2.706,3.31,3.008,2.706,3.31,5.0489999999999995,4.35,5.748,5.0489999999999995,4.35,5.748,5.551,4.674,6.428,5.551,4.674,6.428
2023-06-22T17:40:00Z,657234,350,18176,15,15,,92,92,,860.08,860.08,,,,,0.01,3.4,2.9,3.9,10.8,10.4,11.3,8.3,8.1,8.6,169.6,173.8,165.6,722.034,691.002,753.066,203.994,198.102,209.886,35.844,27.614,44.074,3.537,3.058,4.016,0.702,0.528,0.876,0.363,0.372,0.354,3.199,2.968,3.43,3.199,2.968,3.43,5.009,4.388,5.63,5.009,4.388,5.63,5.61,4.972,6.248,5.61,4.972,6.248
2023-06-22T17:50:00Z,657834,356,18176,15,15,,92,92,,860.142,860.142,,,,,0.01,3.3,3,3.6,10.6,10.3,10.9,8.2,8.1,8.4,171.4,174.3,168.7,708.443,687.85,729.036,199.233,193.398,205.068,35.624,30.852,40.396,4.555999999999999,5.044,4.068,0.9470000000000001,0.974,0.92,0.542,0.632,0.452,2.952,2.656,3.248,2.952,2.656,3.248,5.049,4.714,5.384,5.049,4.714,5.384,5.82,5.53,6.11,5.82,5.53,6.11
2023-06-22T18:00:00Z,658434,354,18176,15,15,,92,92,,860.282,860.282,,,,,0.01,3.7,3.2,4.1,11.1,10.6,11.6,8.5,8.2,8.7,167.3,171.5,163.3,739.738,708.168,771.308,209.438,200.918,217.958,39.7,32.46,46.94,3.775,3.63,3.92,0.825,0.496,1.154,0.338,0.466,0.21,3.2439999999999998,2.986,3.502,3.2439999999999998,2.986,3.502,5.340999999999999,4.898,5.784,5.340999999999999,4.898,5.784,5.949,5.396,6.502,5.949,5.396,6.502
2023-06-22T18:10:00Z,659034,352,17856,15,15,,92,92,,860.492,860.492,,,,,0.01,3.8,3.3,4.2,11.7,10.9,12.4,8.8,8.4,9.1,162.4,168.6,156.6,778.861,729.562,828.16,218.727,204.954,232.5,41.839,34.994,48.684,5.244,4.326,6.162,0.904,0.874,0.934,0.46199999999999997,0.636,0.288,3.468,3.104,3.832,3.468,3.104,3.832,5.686,4.84,6.532,5.686,4.84,6.532,6.427,5.57,7.284,6.427,5.57,7.284
2023-06-22T18:20:00Z,659634,352,18176,15,15,,92,92,,860.7,860.7,,,,,0.01,4.1,3.6,4.5,12.4,12,12.9,9.1,8.9,9.3,156.7,160.2,153.3,827.378,796.916,857.84,233.005,227.568,238.442,45.181,37.396,52.966,5.391,4.208,6.574,1.072,0.834,1.31,0.492,0.65,0.334,3.584,3.286,3.882,3.584,3.286,3.882,6.043,5.338,6.748,6.043,5.338,6.748,6.948,6.128,7.768,6.948,6.128,7.768
2023-06-22T18:30:00Z,660234,351,18176,15,15,,92,92,,860.882,860.882,,,,,0.01,4,3.3,4.8,12.4,11.3,13.6,9.1,8.5,9.7,156.7,165.9,148.4,827.245,750.208,904.282,233.654,212.524,254.784,44.972,33.896,56.048,5.7620000000000005,4.862,6.662,1.18,0.98,1.38,0.731,0.728,0.734,3.726,3.194,4.258,3.726,3.194,4.258,6.343,5.246,7.44,6.343,5.246,7.44,7.257,6.066,8.448,7.257,6.066,8.448
2023-06-22T18:40:00Z,660834,359,17856,15,15,,92,92,,861.072,861.072,,,,,0.01,4.2,3.9,4.6,13.2,12.9,13.4,9.5,9.4,9.6,151.2,153,149.4,877.668,860.368,894.968,244.49,238.444,250.536,45.260999999999996,40.692,49.83,4.569,5.408,3.73,0.855,1.096,0.614,0.6980000000000001,1.096,0.3,3.998,3.818,4.178,3.998,3.818,4.178,6.535,6.216,6.854,6.535,6.216,6.854,7.302,7.316,7.288,7.302,7.316,7.288
2023-06-22T18:50:00Z,661434,348,18176,15,15,,92,92,,861.07,861.07,,,,,0.01,5,4.3,5.8,15.6,14.5,16.7,10.6,10.1,11,135.8,142.1,130,1040.056,968.772,1111.34,291.103,272.538,309.668,54.328,43.078,65.578,5.662000000000001,5.23,6.094,0.851,0.656,1.046,0.558,0.612,0.504,4.9559999999999995,4.518,5.394,4.9559999999999995,4.518,5.394,7.8500000000000005,6.948,8.752,7.8500000000000005,6.948,8.752,8.627,7.572,9.682,8.627,7.572,9.682
2023-06-22T19:00:00Z,662034,363,18176,15,15,,92,92,,861.146,861.146,,,,,0.01,5.9,5.1,6.8,18.7,17.7,19.6,11.8,11.4,12.1,120.4,124.7,116.4,1243.775,1181.542,1306.008,348.32,334.828,361.812,64.332,50.308,78.356,7.321,6.394,8.248,1.3090000000000002,1.298,1.32,0.726,1.028,0.424,6.101,5.85,6.352,6.101,5.85,6.352,9.690999999999999,8.602,10.78,9.690999999999999,8.602,10.78,10.780999999999999,9.774,11.788,10.780999999999999,9.774,11.788
2023-06-22T19:10:00Z,662634,354,17856,15,15,,92,92,,861.186,861.186,,,,,0.01,5.4,4.7,6.2,17.5,16.3,18.7,11.3,10.8,11.8,126,132.2,120.3,1164.266,1083.648,1244.884,325.549,303.912,347.186,57.773,47.238,68.308,6.3870000000000005,5.648,7.126,1.392,1.146,1.638,0.762,0.83,0.694,5.721,5.164,6.278,5.721,5.164,6.278,8.847999999999999,7.794,9.902,8.847999999999999,7.794,9.902,9.939,8.724,11.154,9.939,8.724,11.154
2023-06-22T19:20:00Z,663234,363,17536,15,15,,92,92,,861.098,861.098,,,,,0.01,5.6,4.8,6.3,17.4,16.7,18,11.3,11,11.5,126.4,129.7,123.3,1158.9279999999999,1115.598,1202.258,327.462,313.508,341.416,59.501999999999995,47.204,71.8,5.856999999999999,5.388,6.326,0.9869999999999999,0.84,1.134,0.402,0.504,0.3,5.771,5.58,5.962,5.771,5.58,5.962,8.86,8.048,9.672,8.86,8.048,9.672,9.596,8.72,10.472,9.596,8.72,10.472
2023-06-22T19:30:00Z,663834,353,17856,15,15,,92,92,,861.022,861.022,,,,,0.01,5.2,4.4,5.9,16.6,15.7,17.5,11,10.6,11.3,130.3,135.4,125.6,1106.819,1044.236,1169.402,309.267,293.674,324.86,54.011,41.718,66.304,5.317,4.588,6.046,0.98,0.936,1.024,0.5409999999999999,0.738,0.344,5.409000000000001,4.932,5.886,5.409000000000001,4.932,5.886,8.331,7.308,9.354,8.331,7.308,9.354,9.095,8.114,10.076,9.095,8.114,10.076
2023-06-22T19:40:00Z,664434,349,17536,15.2,15.2,,92,92,,860.968,860.968,,,,,0.01,4.6,4,5.2,15.1,14.4,15.7,10.3,10.1,10.6,138.8,142.7,135.2,1004.884,963.058,1046.71,279.407,267.924,290.89,47.275999999999996,37.402,57.15,4.479,3.192,5.766,0.825,0.608,1.042,0.361,0.464,0.258,4.784000000000001,4.432,5.136,4.784000000000001,4.432,5.136,7.315,6.506,8.124,7.315,6.506,8.124,7.914,7.002,8.826,7.914,7.002,8.826
2023-06-22T19:50:00Z,665034,370,17856,15,15,,92,92,,861.002,861.002,,,,,0.01,4.3,4,4.7,13.9,13.7,14.1,9.8,9.7,9.9,146.1,147.4,144.7,927.905,914.53,941.28,261.014,257.952,264.076,45.334,38.918,51.75,4.792,4.194,5.39,1.304,1.076,1.532,0.631,0.78,0.482,4.503,4.302,4.704,4.503,4.302,4.704,6.713,6.21,7.216,6.713,6.21,7.216,7.697,7.138,8.256,7.697,7.138,8.256
2023-06-22T20:00:00Z,665634,351,17216,15.2,15.2,,92,92,,861.166,861.166,,,,,0.01,4.1,3.6,4.7,13.5,13,14.1,9.6,9.4,9.9,148.7,152.3,145.2,901.778,866.802,936.754,250.339,241.096,259.582,42.437,33.574,51.3,3.907,3.886,3.928,0.733,1.002,0.464,0.501,0.768,0.234,4.116,3.838,4.394,4.116,3.838,4.394,6.2509999999999994,5.572,6.93,6.2509999999999994,5.572,6.93,6.8870000000000005,6.498,7.276,6.8870000000000005,6.498,7.276
2023-06-22T20:10:00Z,666234,358,18176,15.8,15.8,,91.6,91.6,,861.204,861.204,,,,,0.01,4.1,3.6,4.6,13.1,12.8,13.4,9.5,9.3,9.6,151.5,153.8,149.4,874.183,853.586,894.78,245.71800000000002,240.238,251.198,42.144,34.364,49.924,3.725,3.616,3.834,0.924,1.042,0.806,0.68,0.914,0.446,4.098,3.856,4.34,4.098,3.856,4.34,6.178,5.536,6.82,6.178,5.536,6.82,6.942,6.482,7.402,6.942,6.482,7.402
2023-06-22T20:20:00Z,666834,350,17856,16,16,,91.8,91.8,,861.338,861.338,,,,,0.01,4,3.5,4.5,12.8,12.2,13.5,9.3,9,9.6,153.6,158.5,148.9,855.2429999999999,811.398,899.088,239.92000000000002,229.04,250.8,41.612,34.718,48.506,3.88,3.684,4.076,0.7989999999999999,0.816,0.782,0.518,0.598,0.438,3.902,3.68,4.124,3.902,3.68,4.124,5.984,5.446,6.522,5.984,5.446,6.522,6.607,6.136,7.078,6.607,6.136,7.078
2023-06-22T20:30:00Z,667434,353,17856,16,16,,91.2,91.2,,861.328,861.328,,,,,0.01,4.1,3.8,4.4,13.2,12.9,13.4,9.5,9.4,9.6,151.1,152.8,149.3,878.817,862.07,895.564,246.22,241.542,250.898,42.260000000000005,38.578,45.942,3.872,4.12,3.624,0.827,0.932,0.722,0.40700000000000003,0.644,0.17,4.052,3.888,4.216,4.052,3.888,4.216,6.29,5.892,6.688,6.29,5.892,6.688,6.952999999999999,6.712,7.194,6.952999999999999,6.712,7.194
2023-06-22T20:40:00Z,668034,354,17216,16,16,,91,91,,861.372,861.372,,,,,0.01,4.4,3.9,5,14.5,13.9,15.1,10.1,9.8,10.3,142.3,145.9,139,966.6020000000001,929.446,1003.758,270.867,260.208,281.526,45.285,36.726,53.844,4.129,3.162,5.096,0.722,0.57,0.874,0.365,0.406,0.324,4.6129999999999995,4.374,4.852,4.6129999999999995,4.374,4.852,6.890000000000001,6.206,7.574,6.890000000000001,6.206,7.574,7.448,6.674,8.222,7.448,6.674,8.222
2023-06-22T20:50:00Z,668634,353,17856,16,16,,91,91,,861.482,861.482,,,,,0.01,4.7,4,5.3,15,14.2,15.8,10.3,9.9,10.6,139.3,144.2,134.7,1000.191,946.878,1053.504,279.19500000000005,264.92,293.47,47.221000000000004,38.128,56.314,3.667,3.808,3.526,0.937,1.094,0.78,0.423,0.708,0.138,4.778,4.294,5.262,4.778,4.294,5.262,7.06,6.278,7.842,7.06,6.278,7.842,7.779,7.162,8.396,7.779,7.162,8.396
2023-06-22T21:00:00Z,669294,460,18218,16,16,,91,91,,861.665,861.665,,,,,0.01,4.3,4,4.6,14.3,13.7,14.9,10,9.7,10.2,143.6,147.3,140.1,953.2675,915.44,991.095,265.62649999999996,253.13,278.123,43.613,39.498,47.728,3.9985,3.387,4.61,0.6125,0.515,0.71,0.3725,0.463,0.282,4.665,4.357,4.973,4.665,4.357,4.973,6.965,6.363,7.567,6.965,6.363,7.567,7.416,6.785,8.047,7.416,6.785,8.047
2023-06-22T21:10:00Z,669834,354,18176,16,16,,91,91,,861.72,861.72,,,,,0.01,4.1,3.8,4.5,13.4,13,13.7,9.6,9.4,9.7,149.7,152.1,147.4,891.7280000000001,868.852,914.604,250.337,244.812,255.862,41.55,36.242,46.858,3.318,3.138,3.498,0.618,0.506,0.73,0.31,0.45,0.17,4.089,3.958,4.22,4.089,3.958,4.22,6.258,5.914,6.602,6.258,5.914,6.602,6.7059999999999995,6.4,7.012,6.7059999999999995,6.4,7.012
2023-06-22T21:20:00Z,670434,356,18176,16,16,,91,91,,861.89,861.89,,,,,0.01,4.2,3.7,4.7,13.7,13.3,14,9.7,9.6,9.9,147.7,150,145.5,911.247,888.906,933.588,256.387,250.882,261.892,43.759,35.652,51.866,4.6259999999999994,4.124,5.128,0.7709999999999999,0.816,0.726,0.35800000000000004,0.55,0.166,4.379,4.166,4.592,4.379,4.166,4.592,6.688000000000001,6.15,7.226,6.688000000000001,6.15,7.226,7.282,6.8,7.764,7.282,6.8,7.764
2023-06-22T21:30:00Z,671034,361,17856,16,16,,91,91,,861.904,861.904,,,,,0.01,4.1,3.9,4.4,13.2,12.8,13.6,9.5,9.3,9.7,151.2,154,148.5,877.4010000000001,851.412,903.39,245.478,239.924,251.032,43.215,39.412,47.018,3.8150000000000004,3.676,3.954,0.762,0.66,0.864,0.45799999999999996,0.568,0.348,4.13,3.974,4.286,4.13,3.974,4.286,6.211,5.806,6.616,6.211,5.806,6.616,6.868,6.562,7.174,6.868,6.562,7.174
2023-06-22T21:40:00Z,671634,356,17856,16,16,,91,91,,861.904,861.904,,,,,0.01,4.4,3.9,4.8,13.8,13.4,14.2,9.8,9.6,10,146.6,149.3,143.9,922.811,895.714,949.908,259.635,253.96,265.31,44.885999999999996,38.542,51.23,3.6180000000000003,3.672,3.564,0.745,0.742,0.748,0.469,0.526,0.412,4.384,4.134,4.634,4.384,4.134,4.634,6.582,6.088,7.076,6.582,6.088,7.076,7.208,6.806,7.61,7.208,6.806,7.61
2023-06-22T21:50:00Z,672234,352,17856,16,16,,90.8,90.8,,861.83,861.83,,,,,0.01,4.6,4,5.2,14.7,13.8,15.6,10.2,9.8,10.5,141.1,146.5,136,980.4939999999999,923.254,1037.734,276.145,263.454,288.836,47.103,38.426,55.78,4.021,3.84,4.202,0.746,0.92,0.572,0.481,0.71,0.252,4.717,4.302,5.132,4.717,4.302,5.132,7.173,6.192,8.154,7.173,6.192,8.154,7.859,7.11,8.608,7.859,7.11,8.608
2023-06-22T22:00:00Z,672834,354,18176,16.4,16.4,,90.4,90.4,,861.814,861.814,,,,,0.01,4.6,4.1,5.1,15,14.6,15.3,10.3,10.1,10.4,139.5,141.6,137.4,997.74,974.46,1021.02,281.721,277.22,286.222,47.248,38.742,55.754,4.393000000000001,3.934,4.852,0.882,0.836,0.928,0.359,0.514,0.204,4.749,4.648,4.85,4.749,4.648,4.85,7.235,6.602,7.868,7.235,6.602,7.868,7.859,7.294,8.424,7.859,7.294,8.424
2023-06-22T22:10:00Z,673434,355,18176,17,17,,90,90,,861.84,861.84,,,,,0.01,4.9,4.4,5.4,15.7,15,16.3,10.6,10.3,10.8,135.5,139,132.1,1043.944,1003.152,1084.736,291.327,282.154,300.5,50.062,42.238,57.886,4.051,3.71,4.392,0.813,0.96,0.666,0.439,0.41,0.468,5.047000000000001,4.766,5.328,5.047000000000001,4.766,5.328,7.52,6.762,8.278,7.52,6.762,8.278,8.155000000000001,7.5,8.81,8.155000000000001,7.5,8.81
2023-06-22T22:20:00Z,674034,353,17536,16.8,16.8,,90,90,,861.986,861.986,,,,,0.01,4.7,4.3,5.2,15,14.4,15.6,10.3,10,10.6,139.2,142.8,135.7,1001.345,961.988,1040.702,281.812,271.03,292.594,49.149,42.94,55.358,4.413,4.522,4.304,0.893,0.828,0.958,0.443,0.626,0.26,4.9,4.518,5.282,4.9,4.518,5.282,7.407,6.924,7.89,7.407,6.924,7.89,8.157,7.662,8.652,8.157,7.662,8.652
2023-06-22T22:30:00Z,674634,366,17536,17,17,,90,90,,862.096,862.096,,,,,0.01,5.1,4.4,5.8,16.5,15.8,17.2,10.9,10.7,11.2,130.7,134.4,127.2,1101.943,1056.104,1147.782,308.827,295.684,321.97,53.95399999999999,43.308,64.6,5.678,5.756,5.6,1.1059999999999999,1.064,1.148,0.607,0.966,0.248,5.448,5.082,5.814,5.448,5.082,5.814,8.263,7.432,9.094,8.263,7.432,9.094,9.178,8.488,9.868,9.178,8.488,9.868
2023-06-22T22:40:00Z,675234,348,18176,17,17,,90,90,,862.12,862.12,,,,,0.01,5.6,5.1,6.2,18.2,18.2,18.2,11.6,11.6,11.6,122.4,122.3,122.5,1214.994,1216.32,1213.668,341.349,343.602,339.096,59.096000000000004,49.528,68.664,6.257,5.902,6.612,1.3639999999999999,1.324,1.404,0.687,0.93,0.444,6.148,6.054,6.242,6.148,6.054,6.242,9.294,8.824,9.764,9.294,8.824,9.764,10.299,9.842,10.756,10.299,9.842,10.756
2023-06-22T22:50:00Z,675834,355,17856,17,17,,90,90,,862.226,862.226,,,,,0.01,5.8,5.3,6.4,18,17.8,18.2,11.5,11.4,11.6,123.5,124.6,122.4,1199.096,1183.386,1214.806,336.075,333.474,338.676,61.516000000000005,51.502,71.53,5.005,4.526,5.484,1.13,1.028,1.232,0.52,0.66,0.38,5.994,5.746,6.242,5.994,5.746,6.242,9.04,8.444,9.636,9.04,8.444,9.636,9.843,9.218,10.468,9.843,9.218,10.468
2023-06-22T23:00:00Z,676434,353,17856,17,17,,90,90,,862.218,862.218,,,,,0.01,6.2,5.3,7,19.6,18.7,20.6,12.1,11.8,12.4,116.2,120.2,112.4,1309.306,1246.542,1372.07,369.414,351.366,387.462,64.66499999999999,52.196,77.134,6.451,6.02,6.882,1.032,1.114,0.95,0.647,0.802,0.492,6.6080000000000005,6.126,7.09,6.6080000000000005,6.126,7.09,10.115,8.974,11.256,10.115,8.974,11.256,10.968,9.91,12.026,10.968,9.91,12.026
2023-06-22T23:10:00Z,677034,353,18176,17,17,,90,90,,862.21,862.21,,,,,0.01,5.8,5,6.6,18.8,18.1,19.5,11.8,11.5,12.1,119.8,123.1,116.7,1252.826,1203.924,1301.728,350.32,335.866,364.774,58.93,46.664,71.196,4.365,4.394,4.336,0.967,0.986,0.948,0.483,0.702,0.264,6.204000000000001,5.746,6.662,6.204000000000001,5.746,6.662,9.117,8.284,9.95,9.117,8.284,9.95,9.838000000000001,9.07,10.606,9.838000000000001,9.07,10.606
2023-06-22T23:20:00Z,677634,350,18176,17,17,,90,90,,862.13,862.13,,,,,0.01,5.6,5,6.2,18.5,18,19.1,11.7,11.5,11.9,121,123.4,118.6,1235.497,1200.362,1270.632,345.565,335.87,355.26,56.644000000000005,46.614,66.674,4.981,4.09,5.872,1.1320000000000001,1.118,1.146,0.635,0.938,0.332,6.223,6.016,6.43,6.223,6.016,6.43,9.017,8.218,9.816,9.017,8.218,9.816,9.86,9.132,10.588,9.86,9.132,10.588
2023-06-22T23:30:00Z,678234,351,18176,17,17,,90,90,,862.012,862.012,,,,,0.01,5.3,5,5.6,17.5,17.4,17.7,11.3,11.3,11.4,125.8,126.5,125.1,1167.408,1157.8,1177.016,326.98400000000004,326.144,327.824,53.295,47.856,58.734,4.798,4.498,5.098,0.794,0.758,0.83,0.34299999999999997,0.564,0.122,5.8919999999999995,5.68,6.104,5.8919999999999995,5.68,6.104,8.649000000000001,8.108,9.19,8.649000000000001,8.108,9.19,12.815000000000001,8.786,16.844,9.215,8.786,9.644
2023-06-22T23:40:00Z,678834,350,18176,16.8,16.8,,90.4,90.4,,862.014,862.014,,,,,0.01,5.3,4.6,5.9,16.6,16,17.2,10.9,10.7,11.2,130.5,133.8,127.4,1104.314,1064.074,1144.554,312.674,301.492,323.856,53.791,43.81,63.772,3.908,3.252,4.564,0.798,0.52,1.076,0.231,0.324,0.138,5.529,5.274,5.784,5.529,5.274,5.784,8.082,7.442,8.722,8.082,7.442,8.722,8.619,7.864,9.374,8.619,7.864,9.374
2023-06-22T23:50:00Z,679434,358,17536,17,17,,91,91,,862.004,862.004,,,,,0.01,4.6,4.2,4.9,15.1,15.1,15.1,10.3,10.3,10.4,138.5,138.6,138.5,1008.279,1007.302,1009.256,283.596,282.684,284.508,46.80800000000001,40.026,53.59,4.688000000000001,4.2,5.176,0.9500000000000001,0.526,1.374,0.416,0.48,0.352,4.8629999999999995,4.716,5.01,4.8629999999999995,4.716,5.01,7.3,6.842,7.758,7.3,6.842,7.758,8.024000000000001,7.398,8.65,8.024000000000001,7.398,8.65
2023-06-23T00:00:00Z,680034,352,17856,16.8,16.8,,91,91,,861.87,861.87,,,,,0.01,4.9,4.4,5.5,15.8,15.2,16.5,10.6,10.4,10.9,134.5,138.3,130.8,1055.703,1010.738,1100.668,296.869,287.242,306.496,51.388999999999996,42.458,60.32,4.825,4.274,5.376,0.7130000000000001,0.79,0.636,0.461,0.68,0.242,5.034,4.79,5.278,5.034,4.79,5.278,7.7620000000000005,6.958,8.566,7.7620000000000005,6.958,8.566,8.318,7.624,9.012,8.318,7.624,9.012
2023-06-23T00:10:00Z,680634,358,17536,17,17,,91,91,,861.822,861.822,,,,,0.01,5.3,4.6,6.1,16.4,15.8,17,10.9,10.7,11.1,131.3,134.4,128.3,1094.473,1056.09,1132.856,307.477,295.228,319.726,56.186,44.628,67.744,4.656000000000001,4.722,4.59,0.9169999999999999,0.704,1.13,0.476,0.384,0.568,5.349,5.012,5.686,5.349,5.012,5.686,8.141,7.518,8.764,8.141,7.518,8.764,8.844000000000001,8.112,9.576,8.844000000000001,8.112,9.576
2023-06-23T00:20:00Z,681234,355,18176,16.2,16.2,,91,91,,861.786,861.786,,,,,0.01,5.8,5.2,6.3,18.3,17.7,18.9,11.6,11.4,11.8,122.1,125,119.4,1218.531,1178.37,1258.692,342.303,331.82,352.786,60.989,50.518,71.46,6.122,4.542,7.702,1.096,1.04,1.152,0.601,0.866,0.336,6.01,5.79,6.23,6.01,5.79,6.23,9.312,8.232,10.392,9.312,8.232,10.392,10.198,9.218,11.178,10.198,9.218,11.178
2023-06-23T00:30:00Z,681834,360,17856,16,16,,91,91,,861.758,861.758,,,,,0.01,6,5.5,6.5,18.3,18,18.6,11.6,11.5,11.7,122.1,123.6,120.7,1218.315,1197.552,1239.078,342.554,337.348,347.76,64.55499999999999,55.602,73.508,5.878,5.456,6.3,0.9219999999999999,1.004,0.84,0.648,0.912,0.384,6.145,5.9,6.39,6.145,5.9,6.39,9.440000000000001,8.686,10.194,9.440000000000001,8.686,10.194,10.251999999999999,9.67,10.834,10.251999999999999,9.67,10.834
2023-06-23T00:40:00Z,682434,355,17856,16,16,,91,91,,861.766,861.766,,,,,0.01,5.4,4.8,6,17.6,17.2,17.9,11.3,11.2,11.5,125.6,127.1,124.1,1170.0410000000002,1149.038,1191.044,329.01599999999996,323.292,334.74,55.352999999999994,45.344,65.362,5.5600000000000005,5.364,5.756,1.092,0.86,1.324,0.405,0.352,0.458,5.869,5.564,6.174,5.869,5.564,6.174,8.729,8.128,9.33,8.729,8.128,9.33,9.545,8.836,10.254,9.545,8.836,10.254
2023-06-23T00:50:00Z,683034,422,18176,16,16,,91,91,,861.772,861.772,,,,,0.01,5.4,4.8,6,17.3,16.7,17.9,11.2,11,11.5,126.8,129.7,124.1,1152.7930000000001,1115.32,1190.266,325.83000000000004,315.35,336.31,56.212,46.292,66.132,5.45,4.876,6.024,0.851,0.692,1.01,0.41,0.604,0.216,5.768,5.486,6.05,5.768,5.486,6.05,8.776,8.018,9.534,8.776,8.018,9.534,9.494,8.71,10.278,9.494,8.71,10.278
2023-06-23T01:00:00Z,683634,357,17856,16,16,,91.4,91.4,,861.664,861.664,,,,,0.01,5.2,4.9,5.5,16.5,16.3,16.7,10.9,10.9,11,130.8,131.8,129.8,1101.4,1088.944,1113.856,309.68399999999997,305.888,313.48,53.773,49.328,58.218,4.603,4.91,4.296,0.6970000000000001,0.63,0.764,0.381,0.472,0.29,5.504,5.254,5.754,5.504,5.254,5.754,8.16,7.81,8.51,8.16,7.81,8.51,8.716999999999999,8.37,9.064,8.716999999999999,8.37,9.064
2023-06-23T01:10:00Z,684234,360,17856,16,16,,92,92,,861.566,861.566,,,,,0.01,5.5,5.1,6,17.1,17,17.2,11.2,11.1,11.2,127.7,128.2,127.3,1140.669,1135.13,1146.208,320.943,320.368,321.518,58.555,49.914,67.196,4.803,4.266,5.34,0.929,0.894,0.964,0.508,0.702,0.314,5.779999999999999,5.582,5.978,5.779999999999999,5.582,5.978,8.689,8.162,9.216,8.689,8.162,9.216,9.415,8.952,9.878,9.415,8.952,9.878
2023-06-23T01:20:00Z,684834,361,17856,16.8,16.8,,92,92,,861.598,861.598,,,,,0.01,4.9,4.5,5.4,15.9,15.8,16,10.7,10.6,10.7,134.1,134.6,133.6,1060.476,1054.422,1066.53,297.906,296.838,298.974,50.738,43.364,58.112,4.35,4.522,4.178,0.752,0.748,0.756,0.475,0.646,0.304,5.204000000000001,5.182,5.226,5.204000000000001,5.182,5.226,7.76,7.452,8.068,7.76,7.452,8.068,8.41,8.158,8.662,8.41,8.158,8.662
2023-06-23T01:30:00Z,685434,362,17216,17,17,,92,92,,861.64,861.64,,,,,0.01,4.6,4.2,5.1,15.2,14.9,15.5,10.4,10.2,10.5,138,140,136.1,1013.927,991.924,1035.93,284.308,278.294,290.322,46.921,39.646,54.196,4.096,4.016,4.176,0.716,0.738,0.694,0.44599999999999995,0.594,0.298,4.949999999999999,4.72,5.18,4.949999999999999,4.72,5.18,7.306,6.722,7.89,7.306,6.722,7.89,7.856,7.396,8.316,7.856,7.396,8.316
2023-06-23T01:40:00Z,686034,561,16896,17,17,,92,92,,861.588,861.588,,,,,0.01,4.7,4.1,5.3,15,14.3,15.6,10.3,10,10.5,139.5,143.4,135.8,997.5889999999999,955.736,1039.442,277.058,267.792,286.324,48.355000000000004,38.618,58.092,4.072,3.212,4.932,0.653,0.336,0.97,0.37,0.24,0.5,4.645,4.344,4.946,4.645,4.344,4.946,7.099,6.396,7.802,7.099,6.396,7.802,7.6579999999999995,6.794,8.522,7.6579999999999995,6.794,8.522
2023-06-23T01:50:00Z,686634,380,17536,17,17,,92,92,,861.59,861.59,,,,,0.01,4.5,4.1,4.9,14.3,13.8,14.7,10,9.8,10.2,143.8,146.9,140.8,951.421,919.532,983.31,267.14700000000005,260.576,273.718,45.86,39.608,52.112,3.1470000000000002,2.968,3.326,0.479,0.514,0.444,0.25,0.318,0.182,4.677,4.432,4.922,4.677,4.432,4.922,6.834,6.27,7.398,6.834,6.27,7.398,7.275,6.746,7.804,7.275,6.746,7.804
2023-06-23T02:00:00Z,687234,359,16896,17,17,,92,92,,861.572,861.572,,,,,0.01,4.5,4.1,4.9,14.4,13.9,15,10,9.8,10.3,142.8,146.4,139.4,961.269,924.15,998.388,271.788,264.818,278.758,44.786,38.39,51.182,3.093,2.538,3.648,0.634,0.542,0.726,0.374,0.492,0.256,4.7509999999999994,4.55,4.952,4.7509999999999994,4.55,4.952,6.821,6.288,7.354,6.821,6.288,7.354,7.321999999999999,6.834,7.81,7.321999999999999,6.834,7.81
2023-06-23T02:10:00Z,687834,359,17856,17,17,,92.2,92.2,,861.522,861.522,,,,,0.01,4.2,4,4.5,13.8,13.7,13.9,9.8,9.7,9.8,146.9,147.5,146.4,919.117,913.738,924.496,259.23400000000004,258.772,259.696,42.202,37.876,46.528,3.283,3.472,3.094,0.524,0.594,0.454,0.302,0.504,0.1,4.34,4.192,4.488,4.34,4.192,4.488,6.42,6.056,6.784,6.42,6.056,6.784,6.853,6.616,7.09,6.853,6.616,7.09
2023-06-23T02:20:00Z,688435,355,17829,17,17,,93,93,,861.492,861.492,,,,,0.01,4.3,3.8,4.7,13.6,13.2,14.1,9.7,9.5,9.9,147.9,151.1,144.9,909.28,878.612,939.948,255.83599999999998,248.64,263.032,43.274,36.17,50.378,3.116,2.954,3.278,0.518,0.552,0.484,0.28600000000000003,0.332,0.24,4.352,4.084,4.62,4.352,4.084,4.62,6.398,5.88,6.916,6.398,5.88,6.916,6.840999999999999,6.324,7.358,6.840999999999999,6.324,7.358
2023-06-23T02:30:00Z,689034,1002,17536,16.2,16.2,,93,93,,861.49,861.49,,,,,0.01,4.1,3.6,4.5,13.4,13,13.9,9.6,9.4,9.8,149.3,152.4,146.3,895.725,865.772,925.678,252.35,243.882,260.818,41.199,34.572,47.826,3.7439999999999998,3.678,3.81,0.583,0.792,0.374,0.389,0.716,0.062,4.223000000000001,4.038,4.408,4.223000000000001,4.038,4.408,6.268,5.638,6.898,6.268,5.638,6.898,6.743,6.38,7.106,6.743,6.38,7.106
2023-06-23T02:40:00Z,689634,353,17856,16.6,16.6,,93,93,,861.468,861.468,,,,,0.01,3.8,3.6,4.1,12.7,12.8,12.7,9.3,9.3,9.2,154.4,154,154.7,847.965,851.234,844.696,238.087,239.57,236.604,37.541,32.982,42.1,2.644,2.522,2.766,0.384,0.428,0.34,0.215,0.298,0.132,4.02,3.886,4.154,4.02,3.886,4.154,5.7669999999999995,5.466,6.068,5.7669999999999995,5.466,6.068,6.106999999999999,5.89,6.324,6.106999999999999,5.89,6.324
2023-06-23T02:50:00Z,690234,360,18176,16,16,,93,93,,861.394,861.394,,,,,0.01,3.9,3.6,4.2,12.8,12.5,13.1,9.3,9.2,9.4,153.6,155.6,151.7,854.792,836.46,873.124,239.511,234.798,244.224,37.682,32.876,42.488,2.6109999999999998,2.426,2.796,0.65,0.768,0.532,0.359,0.586,0.132,3.792,3.494,4.09,3.792,3.494,4.09,5.651,5.182,6.12,5.651,5.182,6.12,6.117,5.728,6.506,6.117,5.728,6.506
2023-06-23T03:00:00Z,690834,359,17856,16,16,,93,93,,861.32,861.32,,,,,0.01,3.7,3.4,4,12.9,12.8,13.1,9.4,9.3,9.4,152.8,153.7,151.8,862.7750000000001,854.138,871.412,241.482,240.24,242.724,34.794,29.474,40.114,2.787,3.312,2.262,0.663,0.82,0.506,0.278,0.506,0.05,4.042,3.814,4.27,4.042,3.814,4.27,5.651,5.288,6.014,5.651,5.288,6.014,6.089,5.854,6.324,6.089,5.854,6.324
2023-06-23T03:10:00Z,691434,366,18176,16,16,,93,93,,861.266,861.266,,,,,0.01,4.2,3.8,4.7,13.8,13.4,14.1,9.8,9.6,9.9,147.1,149.2,145,917.4369999999999,896.502,938.372,255.909,249.524,262.294,43.751000000000005,35.082,52.42,4.149,3.334,4.964,0.878,0.868,0.888,0.41100000000000003,0.534,0.288,4.366,4.08,4.652,4.366,4.08,4.652,6.489,5.774,7.204,6.489,5.774,7.204,7.196,6.448,7.944,7.196,6.448,7.944
2023-06-23T03:20:00Z,692034,440,17856,16,16,,93,93,,861.236,861.236,,,,,0.01,4.3,4,4.6,14.2,14.1,14.3,10,9.9,10,144.1,144.6,143.6,948.3589999999999,943.29,953.428,265.46500000000003,263.798,267.132,43.451,38.878,48.024,4.35,4.38,4.32,0.702,0.73,0.674,0.471,0.632,0.31,4.497999999999999,4.242,4.754,4.497999999999999,4.242,4.754,6.853,6.58,7.126,6.853,6.58,7.126,7.4190000000000005,7.218,7.62,7.4190000000000005,7.218,7.62
2023-06-23T03:30:00Z,692634,357,17536,16,16,,93,93,,861.23,861.23,,,,,0.01,4.7,4.2,5.1,15,14.6,15.5,10.3,10.1,10.5,139.1,142,136.4,1001.739,970.022,1033.456,280.567,270.388,290.746,48.194,40.044,56.344,4.481999999999999,3.598,5.366,0.8240000000000001,0.568,1.08,0.311,0.344,0.278,4.878,4.584,5.172,4.878,4.584,5.172,7.3309999999999995,6.568,8.094,7.3309999999999995,6.568,8.094,8.008000000000001,7.11,8.906,8.008000000000001,7.11,8.906
2023-06-23T03:40:00Z,693234,362,17856,15.6,15.6,,93,93,,861.246,861.246,,,,,0.01,4.8,4.3,5.2,15.3,14.8,15.9,10.4,10.2,10.7,137.2,140.7,134,1023.133,984.58,1061.686,287.575,279.996,295.154,51.089,43.216,58.962,5.781000000000001,4.694,6.868,0.673,0.784,0.562,0.339,0.532,0.146,4.878,4.65,5.106,4.878,4.65,5.106,7.8149999999999995,7.044,8.586,7.8149999999999995,7.044,8.586,8.358,7.706,9.01,8.358,7.706,9.01
2023-06-23T03:50:00Z,693834,358,18176,16,16,,93,93,,861.204,861.204,,,,,0.01,4.9,4.4,5.4,15.5,15.4,15.7,10.5,10.5,10.6,136.2,137,135.5,1034.955,1026.366,1043.544,292.504,290.02,294.988,50.775999999999996,42.632,58.92,4.337,4.076,4.598,0.734,0.858,0.61,0.424,0.606,0.242,5.091,5.046,5.136,5.091,5.046,5.136,7.688000000000001,7.246,8.13,7.688000000000001,7.246,8.13,8.317,7.992,8.642,8.317,7.992,8.642
2023-06-23T04:00:00Z,694494,464,17018,16,16,,92.75,92.75,,860.845,860.845,,,,,0.01,4.9,4.2,5.7,15.9,14.8,16.9,10.7,10.2,11.1,134.3,140.3,128.7,1058.074,988.483,1127.665,294.855,277.39,312.32,50.073499999999996,39.487,60.66,3.73,3.325,4.135,0.8200000000000001,0.875,0.765,0.539,0.685,0.393,5.295,4.815,5.775,5.295,4.815,5.775,7.609999999999999,6.72,8.5,7.609999999999999,6.72,8.5,8.2365,7.343,9.13,8.2365,7.343,9.13
2023-06-23T04:10:00Z,695034,454,18176,16,16,,93,93,,861.024,861.024,,,,,0.01,4.9,4.2,5.5,15.6,15,16.2,10.6,10.3,10.8,135.8,139.4,132.4,1040.311,999.228,1081.394,289.892,279.786,299.998,49.06,39.038,59.082,3.4770000000000003,2.866,4.088,0.792,0.474,1.11,0.444,0.382,0.506,5.179,4.858,5.5,5.179,4.858,5.5,7.382,6.674,8.09,7.382,6.674,8.09,8.012,7.174,8.85,8.012,7.174,8.85
2023-06-23T04:20:00Z,695634,361,17536,16,16,,93.6,93.6,,861.048,861.048,,,,,0.01,5.3,4.8,5.8,17.4,16.9,17.9,11.3,11.1,11.5,126.2,128.8,123.8,1160.789,1126.806,1194.772,323.484,315.282,331.686,52.99,45.454,60.526,4.085,3.916,4.254,0.8420000000000001,0.676,1.008,0.403,0.332,0.474,5.811,5.564,6.058,5.811,5.564,6.058,8.294,7.804,8.784,8.294,7.804,8.784,8.913,8.324,9.502,8.913,8.324,9.502
2023-06-23T04:30:00Z,696234,355,17856,16,16,,94,94,,861.106,861.106,,,,,0.01,5.6,4.9,6.2,18.4,18,18.8,11.7,11.5,11.8,121.6,123.3,119.9,1226.805,1201.48,1252.13,340.709,332.64,348.778,55.274,44.53,66.018,3.864,3.602,4.126,0.839,0.924,0.754,0.45499999999999996,0.58,0.33,6.128,5.818,6.438,6.128,5.818,6.438,8.761,7.982,9.54,8.761,7.982,9.54,9.427,8.766,10.088,9.427,8.766,10.088
2023-06-23T04:40:00Z,696834,355,17536,16,16,,94,94,,861.106,861.106,,,,,0.01,5.6,5.1,6.2,18.6,18.2,19,11.7,11.6,11.9,120.5,122.3,118.8,1242.275,1216.18,1268.37,347.672,340.876,354.468,55.819,47.518,64.12,4.196,4.06,4.332,0.521,0.588,0.454,0.256,0.39,0.122,6.183,5.96,6.406,6.183,5.96,6.406,9.045,8.422,9.668,9.045,8.422,9.668,9.46,8.892,10.028,9.46,8.892,10.028
2023-06-23T04:50:00Z,697434,357,17856,16.2,16.2,,94,94,,861.15,861.15,,,,,0.01,5.4,5,5.8,18.3,18.1,18.6,11.6,11.5,11.7,121.9,123.1,120.7,1222.155,1204.634,1239.676,341.286,336.908,345.664,53.062,46.72,59.404,4.256,4.1,4.412,0.6519999999999999,0.696,0.608,0.297,0.436,0.158,6.257,6.09,6.424,6.257,6.09,6.424,8.814,8.362,9.266,8.814,8.362,9.266,9.323,8.962,9.684,9.323,8.962,9.684
2023-06-23T05:00:00Z,698034,393,17856,17,17,,93.4,93.4,,861.216,861.216,,,,,0.01,5.6,5.1,6.2,18.3,17.7,18.8,11.6,11.4,11.8,122.2,124.8,119.7,1217.566,1180.174,1254.958,340.48699999999997,330.984,349.99,55.864999999999995,47.118,64.612,3.254,2.83,3.678,0.6060000000000001,0.556,0.656,0.33699999999999997,0.476,0.198,6.17,5.85,6.49,6.17,5.85,6.49,8.713999999999999,8.04,9.388,8.713999999999999,8.04,9.388,9.164,8.524,9.804,9.164,8.524,9.804
2023-06-23T05:10:00Z,698634,358,18176,17,17,,93,93,,861.352,861.352,,,,,0.01,5.4,4.9,5.8,17.4,17.3,17.5,11.3,11.2,11.3,126.3,127,125.7,1159.5410000000002,1150.584,1168.498,324.134,325.732,322.536,53.741,45.706,61.776,3.5839999999999996,3.586,3.582,0.589,0.634,0.544,0.404,0.548,0.26,5.808,5.696,5.92,5.808,5.696,5.92,8.312000000000001,7.882,8.742,8.312000000000001,7.882,8.742,8.789,8.44,9.138,8.789,8.44,9.138
2023-06-23T05:20:00Z,699234,366,17216,17,17,,93,93,,861.304,861.304,,,,,0.01,5,4.6,5.3,16.5,16.6,16.5,10.9,11,10.9,130.7,130.3,131.1,1102.208,1107.4,1097.016,308.947,309.228,308.666,48.023,41.206,54.84,2.772,2.042,3.502,0.358,0.334,0.382,0.206,0.294,0.118,5.4510000000000005,5.29,5.612,5.4510000000000005,5.29,5.612,7.607,7.036,8.178,7.607,7.036,8.178,7.901,7.356,8.446,7.901,7.356,8.446
2023-06-23T05:30:00Z,699834,356,17856,17.4,17.4,,93,93,,861.378,861.378,,,,,0.01,4.9,4.4,5.4,15.9,15.5,16.3,10.7,10.5,10.8,134.1,136.1,132.1,1060.54,1036.058,1085.022,294.851,287.156,302.546,49.074,40.484,57.664,3.669,2.944,4.394,0.42700000000000005,0.172,0.682,0.163,0.136,0.19,5.077999999999999,4.794,5.362,5.077999999999999,4.794,5.362,7.599,6.932,8.266,7.599,6.932,8.266,7.937,7.132,8.742,7.937,7.132,8.742
2023-06-23T05:40:00Z,700434,379,17856,18,18,,93,93,,861.514,861.514,,,,,0.01,4.9,4.3,5.5,16,15.7,16.3,10.7,10.6,10.8,133.6,135.1,132.2,1065.709,1047.794,1083.624,296.30600000000004,290.86,301.752,48.775000000000006,38.896,58.654,3.099,2.624,3.574,0.592,0.608,0.576,0.372,0.518,0.226,5.216,4.924,5.508,5.216,4.924,5.508,7.441,6.676,8.206,7.441,6.676,8.206,7.879,7.122,8.636,7.879,7.122,8.636
2023-06-23T05:50:00Z,701034,355,17856,19.2,19.2,,93,93,,861.74,861.74,,,,,0.01,5,4.6,5.4,16.5,16.5,16.5,10.9,10.9,10.9,130.9,131,130.8,1099.181,1097.822,1100.54,308.59000000000003,307.374,309.806,49.712999999999994,41.596,57.83,4.092,3.568,4.616,0.768,0.678,0.858,0.383,0.412,0.354,5.481,5.328,5.634,5.481,5.328,5.634,7.930000000000001,7.432,8.428,7.930000000000001,7.432,8.428,8.488,7.93,9.046,8.488,7.93,9.046
2023-06-23T06:00:00Z,701634,367,17856,20.8,20.8,,93,93,,861.782,861.782,,,,,0.01,5.4,4.8,6,17.4,16.7,18,11.3,11,11.5,126.5,130,123.2,1157.086,1111.654,1202.518,324.71500000000003,312.576,336.854,54.552,45.322,63.782,3.7539999999999996,3.392,4.116,0.66,0.428,0.892,0.362,0.304,0.42,5.803,5.494,6.112,5.803,5.494,6.112,8.369,7.72,9.018,8.369,7.72,9.018,8.914,8.062,9.766,8.914,8.062,9.766
2023-06-23T06:10:00Z,702234,360,17536,21.6,21.6,,93,93,,861.914,861.914,,,,,0.01,5.4,4.9,5.8,17.1,16.8,17.4,11.2,11,11.3,127.7,129.3,126.1,1140.9099999999999,1119.7,1162.12,318.541,313.906,323.176,55.237,47.636,62.838,4.029,3.78,4.278,0.5840000000000001,0.64,0.528,0.324,0.436,0.212,5.5440000000000005,5.5,5.588,5.5440000000000005,5.5,5.588,8.233,7.684,8.782,8.233,7.684,8.782,8.762,8.236,9.288,8.762,8.236,9.288
2023-06-23T06:20:00Z,702834,368,17856,22.4,22.4,,93,93,,862.012,862.012,,,,,0.01,6,5.2,6.8,19.2,18.3,20.1,12,11.6,12.3,118,121.9,114.3,1280.906,1221.676,1340.136,357.93399999999997,342.98,372.888,60.925,48.544,73.306,3.739,3.416,4.062,0.519,0.574,0.464,0.357,0.538,0.176,6.476,6.084,6.868,6.476,6.084,6.868,9.254,8.402,10.106,9.254,8.402,10.106,9.747,8.976,10.518,9.747,8.976,10.518
2023-06-23T06:30:00Z,703434,380,18176,22,22,,93,93,,861.89,861.89,,,,,0.01,6.2,5.5,6.8,20.2,19.6,20.8,12.3,12.1,12.5,113.8,116.3,111.5,1347.9589999999998,1308.206,1387.712,375.307,364.442,386.172,60.709,50.632,70.786,3.9669999999999996,4.388,3.546,0.882,0.508,1.256,0.436,0.356,0.516,7.0969999999999995,6.744,7.45,7.0969999999999995,6.744,7.45,9.753,9.178,10.328,9.753,9.178,10.328,10.46,9.742,11.178,10.46,9.742,11.178
2023-06-23T06:40:00Z,704034,380,18176,22,22,,93,93,,861.384,861.384,,,,,0.01,6.2,5.6,6.8,20.3,19.9,20.7,12.3,12.2,12.5,113.7,115.3,112.1,1350.674,1323.656,1377.692,381.597,376.338,386.856,60.232,50.366,70.098,3.6689999999999996,3.118,4.22,0.429,0.44,0.418,0.273,0.402,0.144,7.1690000000000005,7.158,7.18,7.1690000000000005,7.158,7.18,9.892,9.398,10.386,9.892,9.398,10.386,10.296,9.932,10.66,10.296,9.932,10.66
2023-06-23T06:50:00Z,704634,366,17536,22,22,,93,93,,861.064,861.064,,,,,0.01,5.4,4.9,5.9,17.5,16.9,18.1,11.3,11.1,11.5,125.9,129,123,1164.725,1124.058,1205.392,329.558,323.276,335.84,52.897999999999996,45.106,60.69,2.8739999999999997,2.742,3.006,0.45299999999999996,0.574,0.332,0.322,0.482,0.162,6.029999999999999,5.728,6.332,6.029999999999999,5.728,6.332,8.434000000000001,7.804,9.064,8.434000000000001,7.804,9.064,8.854,8.32,9.388,8.854,8.32,9.388
2023-06-23T07:00:00Z,705234,364,17856,22.8,22.8,,93,93,,862.02,862.02,,,,,0.01,4.6,4.2,4.9,15.2,15.1,15.4,10.4,10.3,10.5,137.9,138.8,137,1015.4570000000001,1005.274,1025.64,283.483,280.336,286.63,43.876999999999995,37.96,49.794,2.34,2.19,2.49,0.272,0.292,0.252,0.176,0.292,0.06,4.974,4.78,5.168,4.974,4.78,5.168,6.855,6.468,7.242,6.855,6.468,7.242,7.112,6.764,7.46,7.112,6.764,7.46
2023-06-23T07:10:00Z,705834,367,17536,24.4,24.4,,93,93,,861.878,861.878,,,,,0.01,5.2,4.6,5.8,17.2,16.7,17.7,11.2,11,11.4,127.4,130,124.9,1145.527,1111.272,1179.782,320.745,310.378,331.112,50.559,41.636,59.482,2.761,2.816,2.706,0.41200000000000003,0.404,0.42,0.261,0.354,0.168,5.803,5.42,6.186,5.803,5.42,6.186,7.93,7.266,8.594,7.93,7.266,8.594,8.288,7.654,8.922,8.288,7.654,8.922
2023-06-23T07:20:00Z,706434,369,17856,24.4,24.4,,93,93,,862.216,862.216,,,,,0.01,4.9,4.4,5.4,16,15.7,16.3,10.7,10.6,10.9,133.4,135,131.8,1069.221,1049.822,1088.62,299.352,294.274,304.43,47.592,38.716,56.468,2.7119999999999997,2.404,3.02,0.267,0.33,0.204,0.184,0.248,0.12,5.202,4.952,5.452,5.202,4.952,5.452,7.411,6.754,8.068,7.411,6.754,8.068,7.6579999999999995,7.072,8.244,7.6579999999999995,7.072,8.244
2023-06-23T07:30:00Z,707034,362,17216,23.8,23.8,,93,93,,862.13,862.13,,,,,0.01,4.4,4.1,4.7,14.9,14.9,15,10.3,10.2,10.3,139.7,140.1,139.3,995.749,991.216,1000.282,276.621,276.136,277.106,41.278999999999996,35.826,46.732,2.306,2.214,2.398,0.29100000000000004,0.316,0.266,0.15000000000000002,0.268,0.032,4.834,4.598,5.07,4.834,4.598,5.07,6.657,6.256,7.058,6.657,6.256,7.058,6.9190000000000005,6.588,7.25,6.9190000000000005,6.588,7.25
2023-06-23T07:40:00Z,707634,359,17536,23,23,,93,93,,861.92,861.92,,,,,0.01,4,3.8,4.2,13.9,13.8,14,9.8,9.8,9.9,146.3,147.1,145.5,925.7280000000001,917.634,933.822,260.00199999999995,259.998,260.006,36.653999999999996,33.054,40.254,2.0180000000000002,2.232,1.804,0.292,0.16,0.424,0.14200000000000002,0.114,0.17,4.314,4.188,4.44,4.314,4.188,4.44,5.936,5.726,6.146,5.936,5.726,6.146,6.214,5.962,6.466,6.214,5.962,6.466
2023-06-23T07:50:00Z,708234,797,17856,23,23,,93,93,,861.576,861.576,,,,,0.01,3.8,3.5,4.1,13.6,13.5,13.7,9.7,9.6,9.7,148.2,148.9,147.4,906.8499999999999,899.804,913.896,253.909,254.186,253.632,33.85,28.264,39.436,1.6720000000000002,1.102,2.242,0.28200000000000003,0.188,0.376,0.173,0.188,0.158,4.375,4.24,4.51,4.375,4.24,4.51,5.836,5.464,6.208,5.836,5.464,6.208,6.057,5.612,6.502,6.057,5.612,6.502
2023-06-23T08:00:00Z,708834,353,17536,23,23,,93,93,,861.456,861.456,,,,,0.01,3.7,3.4,4,12.9,13.3,12.4,9.3,9.6,9.1,153.3,149.9,156.9,857.384,889.514,825.254,241.83499999999998,250.248,233.422,33.991,26.976,41.006,1.575,1.384,1.766,0.16,0.096,0.224,0.048,0.096,0,4.138999999999999,4.148,4.13,4.138999999999999,4.148,4.13,5.58,5.388,5.772,5.58,5.388,5.772,5.7010000000000005,5.498,5.904,5.7010000000000005,5.498,5.904
2023-06-23T08:10:00Z,709434,356,17856,23,23,,93,93,,861.288,861.288,,,,,0.01,3.4,3.1,3.6,11.4,11.4,11.5,8.6,8.6,8.7,164.3,164.6,164.1,762.7750000000001,760.778,764.772,213.385,213.794,212.976,30.965,26.716,35.214,1.363,0.89,1.836,0.191,0.174,0.208,0.086,0.088,0.084,3.438,3.422,3.454,3.438,3.422,3.454,4.7379999999999995,4.522,4.954,4.7379999999999995,4.522,4.954,4.88,4.676,5.084,4.88,4.676,5.084
2023-06-23T08:20:00Z,710034,357,18176,23,23,,93,93,,861.448,861.448,,,,,0.01,3.4,3.2,3.6,11.2,11.2,11.2,8.5,8.5,8.5,166,166,166.1,749.5899999999999,749.93,749.25,210.49,211.89,209.09,32.579,28.99,36.168,1.476,1.53,1.422,0.259,0.374,0.144,0.194,0.32,0.068,3.3970000000000002,3.38,3.414,3.3970000000000002,3.38,3.414,4.736,4.72,4.752,4.736,4.72,4.752,4.913,4.978,4.848,4.913,4.978,4.848
2023-06-23T08:30:00Z,710634,357,18176,23,23,,93,93,,861.624,861.624,,,,,0.01,3.2,3,3.3,11.2,11.3,11.1,8.5,8.6,8.5,166.3,165.6,166.9,747.636,752.754,742.518,207.365,209.332,205.398,28.433,26.178,30.688,1.584,1.75,1.418,0.249,0.402,0.096,0.182,0.364,0,3.33,3.304,3.356,3.33,3.304,3.356,4.532,4.404,4.66,4.532,4.404,4.66,4.761,4.79,4.732,4.761,4.79,4.732
2023-06-23T08:40:00Z,711234,351,17536,23,23,,93,93,,861.77,861.77,,,,,0.01,3.1,2.9,3.4,10.9,10.9,10.8,8.4,8.4,8.3,169.2,168.9,169.4,725.222,727.148,723.296,201.80700000000002,201.1,202.514,29.663,25.72,33.606,2.1959999999999997,2.218,2.174,0.345,0.288,0.402,0.21499999999999997,0.288,0.142,3.327,3.328,3.326,3.327,3.328,3.326,4.654,4.55,4.758,4.654,4.55,4.758,4.945,4.776,5.114,4.945,4.776,5.114
2023-06-23T08:50:00Z,711834,380,17856,23,23,,93,93,,861.788,861.788,,,,,0.01,3.2,2.9,3.4,10.7,10.7,10.7,8.3,8.3,8.3,170.7,170.6,170.9,713.494,714.826,712.162,201.584,202.042,201.126,30.073999999999998,25.528,34.62,1.6070000000000002,1.616,1.598,0.242,0.28,0.204,0.069,0.088,0.05,3.239,3.058,3.42,3.239,3.058,3.42,4.5489999999999995,4.286,4.812,4.5489999999999995,4.286,4.812,4.756,4.534,4.978,4.756,4.534,4.978
2023-06-23T09:00:00Z,712434,354,17856,23,23,,93,93,,861.862,861.862,,,,,0.01,3.2,2.8,3.7,11,10.8,11.3,8.4,8.3,8.6,168,170.3,165.7,734.4290000000001,717.07,751.788,205.708,202.59,208.826,30.429000000000002,23.642,37.216,1.778,1.906,1.65,0.312,0.336,0.288,0.23500000000000001,0.336,0.134,3.273,3.156,3.39,3.273,3.156,3.39,4.694,4.386,5.002,4.694,4.386,5.002,4.918,4.622,5.214,4.918,4.622,5.214
2023-06-23T09:10:00Z,713034,352,17856,23,23,,93,93,,861.98,861.98,,,,,0.01,3.4,3.2,3.6,11.5,11.4,11.6,8.7,8.6,8.7,164,165,162.9,765.931,757.25,774.612,215.499,214.078,216.92,32.816,28.58,37.052,2.31,1.992,2.628,0.394,0.448,0.34,0.29200000000000004,0.328,0.256,3.617,3.596,3.638,3.617,3.596,3.638,5.109,4.8,5.418,5.109,4.8,5.418,5.4,5.106,5.694,5.4,5.106,5.694
2023-06-23T09:20:00Z,713634,358,17216,23,23,,93,93,,861.994,861.994,,,,,0.01,3.8,3.4,4.1,12.7,12.5,12.8,9.2,9.2,9.3,154.8,155.9,153.8,843.677,834.268,853.086,235.538,233.986,237.09,35.717,29.148,42.286,1.682,1.33,2.034,0.13,0.02,0.24,0.074,0.02,0.128,3.971,3.886,4.056,3.971,3.886,4.056,5.538,5.138,5.938,5.538,5.138,5.938,5.644,5.196,6.092,5.644,5.196,6.092
2023-06-23T09:30:00Z,714234,381,17216,23,23,,93,93,,862.05,862.05,,,,,0.01,4,3.7,4.4,13.5,13.2,13.9,9.6,9.5,9.8,148.7,151,146.4,901.81,879.16,924.46,253.813,250.422,257.204,37.403000000000006,32.17,42.636,1.533,1.786,1.28,0.268,0.262,0.274,0.127,0.124,0.13,4.324,4.086,4.562,4.324,4.086,4.562,5.866,5.516,6.216,5.866,5.516,6.216,6.056,5.708,6.404,6.056,5.708,6.404
2023-06-23T09:40:00Z,714834,432,17536,23,23,,93,93,,862.092,862.092,,,,,0.01,4.9,4.7,5.1,15.5,15.3,15.6,10.5,10.4,10.6,136.6,137.6,135.6,1030.192,1018.678,1041.706,290.81,288.504,293.116,48.573,44.994,52.152,2.5629999999999997,2.546,2.58,0.31,0.392,0.228,0.221,0.392,0.05,5.103,4.886,5.32,5.103,4.886,5.32,7.217,6.818,7.616,7.217,6.818,7.616,7.52,7.216,7.824,7.52,7.216,7.824
2023-06-23T09:50:00Z,715434,376,17216,23,23,,93,93,,862.136,862.136,,,,,0.01,6,5.5,6.5,17.9,17.8,18,11.5,11.4,11.5,123.7,124.2,123.3,1195.4029999999998,1189.292,1201.514,340.456,340.81,340.102,61.504000000000005,52.284,70.724,2.521,2.024,3.018,0.39099999999999996,0.212,0.57,0.12,0.12,0.12,6.234,6.204,6.264,6.234,6.204,6.264,8.928,8.572,9.284,8.928,8.572,9.284,9.189,8.734,9.644,9.189,8.734,9.644
2023-06-23T10:00:00Z,716034,414,17536,23,23,,93,93,,862.07,862.07,,,,,0.01,7,6.5,7.5,21.3,21.3,21.3,12.7,12.7,12.7,109.7,109.7,109.6,1419.9389999999999,1418.742,1421.136,406.21799999999996,407.126,405.31,70.22200000000001,61.318,79.126,2.817,2.418,3.216,0.187,0.204,0.17,0.102,0.204,0,7.601,7.61,7.592,7.601,7.61,7.592,10.818999999999999,10.422,11.216,10.818999999999999,10.422,11.216,10.943999999999999,10.568,11.32,10.943999999999999,10.568,11.32
2023-06-23T10:10:00Z,716634,358,17856,23.2,23.2,,93,93,,862.042,862.042,,,,,0.01,8.1,7.7,8.5,24,23.6,24.4,13.6,13.4,13.7,100.4,101.6,99.2,1602.266,1576.428,1628.104,458.53,454.184,462.876,84.908,77.646,92.17,4.546,4.15,4.942,0.319,0.436,0.202,0.129,0.186,0.072,8.728,8.57,8.886,8.728,8.57,8.886,12.764,12.156,13.372,12.764,12.156,13.372,13.012,12.502,13.522,13.012,12.502,13.522
2023-06-23T10:20:00Z,717234,452,17216,24,24,,93,93,,861.904,861.904,,,,,0.01,9.1,8.7,9.5,26.9,26.6,27.1,14.4,14.3,14.5,92.3,92.9,91.6,1792.387,1775.668,1809.106,510.303,512.474,508.132,94.22900000000001,86.272,102.186,3.8609999999999998,3.496,4.226,0.43800000000000006,0.548,0.328,0.239,0.366,0.112,9.729,9.674,9.784,9.729,9.674,9.784,13.999,13.522,14.476,13.999,13.522,14.476,14.305,13.974,14.636,14.305,13.974,14.636
2023-06-23T10:30:00Z,717834,366,18176,24,24,,93,93,,861.85,861.85,,,,,0.01,9.7,9.4,10,28,28.1,27.9,14.7,14.8,14.7,89.4,89.2,89.6,1867.7669999999998,1873.12,1862.414,534.095,538.762,529.428,103.94999999999999,97.806,110.094,5.643000000000001,5.04,6.246,0.438,0.258,0.618,0.161,0.158,0.164,10.271,10.368,10.174,10.271,10.368,10.174,15.333,15.028,15.638,15.333,15.028,15.638,15.706,15.328,16.084,15.706,15.328,16.084
2023-06-23T10:40:00Z,718434,671,17856,24,24,,93,93,,861.852,861.852,,,,,0.01,10.2,9.4,11,29.7,28.9,30.4,15.2,15,15.4,85.5,87.2,83.9,1977.9070000000002,1928.526,2027.288,560.02,550.736,569.304,106.54499999999999,92.85,120.24,4.207,3.386,5.028,0.423,0.24,0.606,0.118,0.146,0.09,10.914,10.674,11.154,10.914,10.674,11.154,15.626999999999999,14.6,16.654,15.626999999999999,14.6,16.654,15.997,14.876,17.118,15.997,14.876,17.118
2023-06-23T10:50:00Z,719034,518,17856,24,24,,93,93,,861.886,861.886,,,,,0.01,10.7,9.9,11.5,31,30.1,31.8,15.5,15.3,15.7,82.7,84.6,80.9,2063.785,2006.19,2121.38,588.254,575.086,601.422,113.43199999999999,99.66,127.204,5.195,3.622,6.768,0.44,0.432,0.448,0.23099999999999998,0.294,0.168,11.329999999999998,11.274,11.386,11.329999999999998,11.274,11.386,16.636000000000003,15.582,17.69,16.636000000000003,15.582,17.69,16.974,15.98,17.968,16.974,15.98,17.968
2023-06-23T11:00:00Z,719634,358,18176,24,24,,93,93,,861.83,861.83,,,,,0.01,11.1,10.4,11.8,31.9,31.5,32.4,15.8,15.6,15.9,80.7,81.7,79.8,2129.063,2096.908,2161.218,607.732,604.36,611.104,118.038,106.136,129.94,5.069,4.358,5.78,0.361,0.336,0.386,0.161,0.246,0.076,11.915,11.912,11.918,11.915,11.912,11.918,17.364,16.76,17.968,17.364,16.76,17.968,17.685000000000002,17.07,18.3,17.685000000000002,17.07,18.3
2023-06-23T11:10:00Z,720235,356,17856,24,24,,93,93,,861.758,861.758,,,,,0.01,11.4,10.9,11.8,32.8,32.7,32.9,16,15.9,16,79,79.2,78.9,2186.5,2180.97,2192.03,625.095,624.924,625.266,120.51499999999999,111.842,129.188,5.672000000000001,4.96,6.384,0.488,0.622,0.354,0.247,0.476,0.018,12.190999999999999,12.154,12.228,12.190999999999999,12.154,12.228,17.993000000000002,17.436,18.55,17.993000000000002,17.436,18.55,18.345,17.896,18.794,18.345,17.896,18.794
2023-06-23T11:20:00Z,720834,438,17536,24,24,,93,93,,861.768,861.768,,,,,0.01,12,11.4,12.5,34.3,34.3,34.2,16.3,16.3,16.3,76.3,76.2,76.3,2285.272,2287.642,2282.902,653.716,660.07,647.362,129.76600000000002,119.97,139.562,7.518000000000001,8.06,6.976,0.44299999999999995,0.316,0.57,0.175,0.316,0.034,12.687999999999999,12.764,12.612,12.687999999999999,12.764,12.612,19.086,19.068,19.104,19.086,19.068,19.104,19.427999999999997,19.36,19.496,19.427999999999997,19.36,19.496
2023-06-23T11:30:00Z,721434,357,17216,24,24,,93,93,,861.926,861.926,,,,,0.01,12.2,11.1,13.3,35.5,34.3,36.7,16.6,16.3,16.9,74.2,76.2,72.2,2365.536,2287.462,2443.61,676.613,661.306,691.92,129.672,109.87,149.474,7.271,4.596,9.946,0.489,0.482,0.496,0.273,0.29,0.256,13.088000000000001,12.77,13.406,13.088000000000001,12.77,13.406,19.502000000000002,17.85,21.154,19.502000000000002,17.85,21.154,19.896,18.256,21.536,19.896,18.256,21.536
2023-06-23T11:40:00Z,722034,360,17856,24,24,,93,93,,862.04,862.04,,,,,0.01,12.6,11.8,13.4,35.9,35.1,36.8,16.7,16.5,16.9,73.5,74.9,72.1,2393.982,2336.816,2451.148,683.8520000000001,673.354,694.35,136.47,122.876,150.064,7.35,6.088,8.612,0.552,0.554,0.55,0.223,0.384,0.062,13.277,13.088,13.466,13.277,13.088,13.466,20.124000000000002,19.102,21.146,20.124000000000002,19.102,21.146,20.589,19.62,21.558,20.589,19.62,21.558
2023-06-23T11:50:00Z,722634,352,18176,24,24,,93,93,,862.02,862.02,,,,,0.01,12.5,11.8,13.3,36.1,35.6,36.7,16.7,16.6,16.9,73.1,74,72.2,2408.766,2371.396,2446.136,692.03,684.33,699.73,133.603,121.116,146.09,6.694,5.792,7.596,0.473,0.46,0.486,0.16599999999999998,0.19,0.142,13.467,13.256,13.678,13.467,13.256,13.678,20.082,19.22,20.944,20.082,19.22,20.944,20.415999999999997,19.528,21.304,20.415999999999997,19.528,21.304
2023-06-23T12:00:00Z,723234,356,18176,24,24,,92.6,92.6,,861.922,861.922,,,,,0.01,12.7,12.1,13.2,36.6,36.1,37.2,16.9,16.7,17,72.3,73.2,71.4,2442.424,2404.758,2480.09,698.915,694.99,702.84,134.896,124.164,145.628,7.085000000000001,5.892,8.278,0.345,0.182,0.508,0.125,0.134,0.116,13.850999999999999,13.708,13.994,13.850999999999999,13.708,13.994,20.403,19.576,21.23,20.403,19.576,21.23,20.688,19.81,21.566,20.688,19.81,21.566
2023-06-23T12:10:00Z,723834,364,18176,24,24,,92.2,92.2,,861.85,861.85,,,,,0.01,12.6,11.8,13.4,36.4,36.3,36.5,16.8,16.8,16.8,72.6,72.8,72.5,2426.8289999999997,2420.218,2433.44,695.3689999999999,698.598,692.14,133.086,119.578,146.594,6.084,6.216,5.952,0.603,0.744,0.462,0.383,0.658,0.108,13.613,13.604,13.622,13.613,13.604,13.622,20,19.276,20.724,20,19.276,20.724,20.464,19.858,21.07,20.464,19.858,21.07
2023-06-23T12:20:00Z,724434,357,17856,24,24,,92,92,,861.928,861.928,,,,,0.01,12.6,11.9,13.3,36.2,36.1,36.4,16.8,16.7,16.8,72.9,73.2,72.7,2415.527,2404.594,2426.46,691.845,694.158,689.532,135.448,121.896,149,7.300000000000001,6.248,8.352,0.6839999999999999,0.604,0.764,0.316,0.38,0.252,13.655999999999999,13.724,13.588,13.655999999999999,13.724,13.588,20.103,19.404,20.802,20.103,19.404,20.802,20.633,19.988,21.278,20.633,19.988,21.278
2023-06-23T12:30:00Z,725034,356,17856,24,24,,92.8,92.8,,862.004,862.004,,,,,0.01,12.5,11.7,13.3,36.3,35.7,37,16.8,16.6,16.9,72.7,73.9,71.6,2423.115,2376.95,2469.28,689.7819999999999,680.144,699.42,133.183,122.02,144.346,7.015,7.72,6.31,0.521,0.68,0.362,0.308,0.432,0.184,13.631,13.364,13.898,13.631,13.364,13.898,20.061,19.38,20.742,20.061,19.38,20.742,20.509999999999998,19.972,21.048,20.509999999999998,19.972,21.048
2023-06-23T12:40:00Z,725634,353,17536,24,24,,92.8,92.8,,862.116,862.116,,,,,0.01,12.7,12.1,13.3,36.6,35.8,37.3,16.8,16.7,17,72.4,73.6,71.2,2438.228,2386.934,2489.522,696.52,687.918,705.122,135.13299999999998,124.654,145.612,6.096,5.156,7.036,0.442,0.43,0.454,0.273,0.316,0.23,13.797,13.608,13.986,13.797,13.608,13.986,19.991999999999997,19.144,20.84,19.991999999999997,19.144,20.84,20.356,19.502,21.21,20.356,19.502,21.21
2023-06-23T12:50:00Z,726234,394,18176,24,24,,92.4,92.4,,862.044,862.044,,,,,0.01,13,12,13.9,37.6,36.9,38.3,17.1,16.9,17.2,70.8,71.9,69.7,2505.816,2458.03,2553.602,716.221,707.566,724.876,139.671,122.732,156.61,8.97,6.832,11.108,0.48,0.418,0.542,0.19299999999999998,0.282,0.104,14.169,14.224,14.114,14.169,14.224,14.114,21.285,20.124,22.446,21.285,20.124,22.446,21.689,20.512,22.866,21.689,20.512,22.866
2023-06-23T13:00:00Z,726834,353,18176,24,24,,92,92,,862.222,862.222,,,,,0.01,13.3,12.7,13.9,38.7,38.1,39.3,17.3,17.2,17.4,69.1,70,68.2,2578.951,2538.026,2619.876,733.241,730.294,736.188,141.481,130.948,152.014,6.9079999999999995,6.348,7.468,0.373,0.412,0.334,0.16799999999999998,0.294,0.042,14.443999999999999,14.318,14.57,14.443999999999999,14.318,14.57,21.258000000000003,20.602,21.914,21.258000000000003,20.602,21.914,21.622,21.062,22.182,21.622,21.062,22.182
2023-06-23T13:10:00Z,727434,355,17856,24,24,,92,92,,862.154,862.154,,,,,0.01,13,12.5,13.6,37.1,37.3,36.9,17,17,16.9,71.6,71.3,71.8,2472.185,2484.104,2460.266,704.261,713.478,695.044,141.199,128.754,153.644,7.527,5.754,9.3,0.666,0.54,0.792,0.405,0.478,0.332,13.775,14.122,13.428,13.775,14.122,13.428,20.587,19.976,21.198,20.587,19.976,21.198,21.128,20.524,21.732,21.128,20.524,21.732
2023-06-23T13:20:00Z,728034,422,17536,24,24,,92,92,,862.242,862.242,,,,,0.01,12.4,11.8,13,35.9,35.6,36.2,16.7,16.6,16.8,73.5,74,73,2392.281,2371.418,2413.144,685.6020000000001,684.124,687.08,132.42,120.96,143.88,6.8469999999999995,5.6,8.094,0.5609999999999999,0.542,0.58,0.247,0.32,0.174,13.466000000000001,13.442,13.49,13.466000000000001,13.442,13.49,19.753999999999998,19.012,20.496,19.753999999999998,19.012,20.496,20.238999999999997,19.56,20.918,20.238999999999997,19.56,20.918
2023-06-23T13:30:00Z,728634,354,17856,24,24,,92,92,,862.376,862.376,,,,,0.01,12.7,11.9,13.4,36.8,36.3,37.2,16.9,16.8,17,72.1,72.8,71.4,2450.184,2421.97,2478.398,701.566,697.874,705.258,135.093,123.396,146.79,7.159000000000001,7.836,6.482,0.582,0.738,0.426,0.29000000000000004,0.452,0.128,13.737,13.558,13.916,13.737,13.558,13.916,20.212,19.672,20.752,20.212,19.672,20.752,20.703,20.294,21.112,20.703,20.294,21.112
2023-06-23T13:40:00Z,729234,380,18176,24,24,,92,92,,862.38,862.38,,,,,0.01,13.3,12,14.6,38.1,37,39.3,17.2,16.9,17.4,69.9,71.7,68.3,2542.685,2467.314,2618.056,727.603,709.81,745.396,141.57,121.284,161.856,6.799,6.746,6.852,0.755,0.62,0.89,0.404,0.53,0.278,14.245,13.886,14.604,14.245,13.886,14.604,21.006,19.696,22.316,21.006,19.696,22.316,21.625999999999998,20.276,22.976,21.625999999999998,20.276,22.976
2023-06-23T13:50:00Z,729834,360,18176,24,24,,92,92,,862.292,862.292,,,,,0.01,13.1,12.4,13.8,37.5,37.1,37.8,17,17,17.1,71,71.5,70.4,2497.453,2474.426,2520.48,714.559,714.078,715.04,141.63400000000001,129.01,154.258,7.994,7.066,8.922,0.525,0.662,0.388,0.29000000000000004,0.452,0.128,14.117999999999999,14.142,14.094,14.117999999999999,14.142,14.094,21.061,20.312,21.81,21.061,20.312,21.81,21.503,20.848,22.158,21.503,20.848,22.158
2023-06-23T14:00:00Z,730434,358,17536,24.4,24.4,,92,92,,862.36,862.36,,,,,0.01,12.9,12.3,13.5,36.8,37,36.6,16.9,16.9,16.9,72,71.7,72.3,2455.121,2467.24,2443.002,700.961,710.946,690.976,139.324,125.82,152.828,7.816,6.308,9.324,0.577,0.528,0.626,0.235,0.322,0.148,13.654,13.906,13.402,13.654,13.906,13.402,20.555,19.918,21.192,20.555,19.918,21.192,21.001,20.338,21.664,21.001,20.338,21.664
2023-06-23T14:10:00Z,731034,366,17856,25,25,,92,92,,862.402,862.402,,,,,0.01,12.9,12.1,13.7,36.9,36.3,37.6,16.9,16.8,17.1,71.8,72.8,70.8,2462.054,2420.34,2503.768,710.319,704.416,716.222,139.66,126.382,152.938,8.631,8.852,8.41,0.647,0.576,0.718,0.311,0.528,0.094,14.139,13.902,14.376,14.139,13.902,14.376,20.956000000000003,20.306,21.606,20.956000000000003,20.306,21.606,21.485999999999997,20.862,22.11,21.485999999999997,20.862,22.11
2023-06-23T14:20:00Z,731634,359,17856,25,25,,92,92,,862.212,862.212,,,,,0.01,12.5,12.1,13,35.4,35.4,35.5,16.6,16.6,16.6,74.2,74.4,74.1,2363.2749999999996,2357.662,2368.888,677.1579999999999,678.112,676.204,137.76,130.046,145.474,8.844000000000001,8.928,8.76,0.613,0.502,0.724,0.278,0.42,0.136,13.210999999999999,13.136,13.286,13.210999999999999,13.136,13.286,20.228,19.926,20.53,20.228,19.926,20.53,20.744999999999997,20.424,21.066,20.744999999999997,20.424,21.066
2023-06-23T14:30:00Z,732234,355,17856,24,24,,92,92,,862.11,862.11,,,,,0.01,12,11.4,12.6,34.4,34.3,34.5,16.3,16.3,16.4,76.1,76.3,75.9,2292.324,2284.954,2299.694,654.518,658.464,650.572,130.1,119.384,140.816,7.79,7.288,8.292,0.709,0.828,0.59,0.412,0.576,0.248,12.774000000000001,13.016,12.532,12.774000000000001,13.016,12.532,19.302,18.832,19.772,19.302,18.832,19.772,19.862000000000002,19.464,20.26,19.862000000000002,19.464,20.26
2023-06-23T14:40:00Z,732834,376,18176,24,24,,92,92,,862.076,862.076,,,,,0.01,11.6,10.9,12.2,33.3,32.9,33.8,16.1,16,16.2,78,78.9,77.2,2221.73,2192.154,2251.306,633.62,627.866,639.374,124.35300000000001,113.48,135.226,7.018000000000001,6.612,7.424,0.473,0.478,0.468,0.233,0.33,0.136,12.328,12.332,12.324,12.328,12.332,12.324,18.419,17.802,19.036,18.419,17.802,19.036,18.837000000000003,18.26,19.414,18.837000000000003,18.26,19.414
2023-06-23T14:50:00Z,733434,353,18176,24,24,,92,92,,861.918,861.918,,,,,0.01,11.3,10.4,12.3,32.6,32,33.2,15.9,15.8,16.1,79.4,80.5,78.3,2174.585,2136.64,2212.53,620.321,615.604,625.038,122.255,107.556,136.954,7.026999999999999,7.55,6.504,0.597,0.572,0.622,0.34099999999999997,0.446,0.236,11.994,11.954,12.034,11.994,11.954,12.034,17.939,17.372,18.506,17.939,17.372,18.506,18.502000000000002,18.01,18.994,18.502000000000002,18.01,18.994
2023-06-23T15:00:00Z,734034,355,17856,24,24,,92,92,,861.908,861.908,,,,,0.01,10.9,10.3,11.6,31.6,31.2,32,15.7,15.6,15.8,81.3,82.2,80.5,2108.099,2079.656,2136.542,601.399,598.274,604.524,117.918,105.744,130.092,7.3549999999999995,5.914,8.796,0.497,0.628,0.366,0.317,0.398,0.236,11.563,11.592,11.534,11.563,11.592,11.534,17.649,16.882,18.416,17.649,16.882,18.416,18.054000000000002,17.356,18.752,18.054000000000002,17.356,18.752
2023-06-23T15:10:00Z,734634,355,17856,24,24,,92,92,,862.092,862.092,,,,,0.01,10.3,9.3,11.2,29.7,29.1,30.2,15.2,15,15.3,85.5,86.7,84.3,1978.268,1943.072,2013.464,564.347,558.234,570.46,110.61699999999999,94.002,127.232,6.263,5.362,7.164,0.522,0.45,0.594,0.318,0.358,0.278,10.858,10.696,11.02,10.858,10.696,11.02,16.237000000000002,15.304,17.17,16.237000000000002,15.304,17.17,16.631,15.656,17.606,16.631,15.656,17.606
2023-06-23T15:20:00Z,735234,358,18176,24,24,,92,92,,862.106,862.106,,,,,0.01,10.1,9.6,10.7,29.6,29.3,30,15.2,15.1,15.3,85.6,86.5,84.8,1974.585,1950.192,1998.978,563.4359999999999,561.13,565.742,107.205,97.618,116.792,5.659,5.278,6.04,0.40800000000000003,0.31,0.506,0.226,0.276,0.176,10.767,10.63,10.904,10.767,10.63,10.904,15.952,15.358,16.546,15.952,15.358,16.546,16.343,15.74,16.946,16.343,15.74,16.946
2023-06-23T15:30:00Z,735834,353,18176,24,24,,92,92,,862.066,862.066,,,,,0.01,10.2,9.6,10.7,29.5,29.1,30,15.1,15,15.3,85.8,86.9,84.7,1969.928,1938.38,2001.476,558.129,553.022,563.236,107.122,98.1,116.144,4.556,4.32,4.792,0.549,0.548,0.55,0.28700000000000003,0.446,0.128,10.780000000000001,10.672,10.888,10.780000000000001,10.672,10.888,15.747,15.164,16.33,15.747,15.164,16.33,16.204,15.668,16.74,16.204,15.668,16.74
2023-06-23T15:40:00Z,736434,356,17856,24,24,,92,92,,862.272,862.272,,,,,0.01,10.7,9.8,11.6,31.1,30.7,31.6,15.6,15.4,15.7,82.3,83.3,81.4,2075.626,2044.712,2106.54,589.402,579.236,599.568,113.581,98.226,128.936,5.861,5.026,6.696,0.41500000000000004,0.432,0.398,0.221,0.33,0.112,11.425,11.228,11.622,11.425,11.228,11.622,16.879,15.87,17.888,16.879,15.87,17.888,17.271,16.324,18.218,17.271,16.324,18.218
2023-06-23T15:50:00Z,737034,355,17856,24.2,24.2,,92,92,,862.376,862.376,,,,,0.01,11.6,10.7,12.5,33.6,32.8,34.4,16.2,16,16.4,77.5,79,76,2241.386,2187.824,2294.948,638.351,627.328,649.374,123.357,107.734,138.98,6.323,4.672,7.974,0.597,0.634,0.56,0.293,0.482,0.104,12.647,12.46,12.834,12.647,12.46,12.834,18.351,17.076,19.626,18.351,17.076,19.626,18.844,17.628,20.06,18.844,17.628,20.06
2023-06-23T16:00:00Z,737634,354,17856,25,25,,92,92,,862.42,862.42,,,,,0.01,12.7,11.7,13.8,36.7,35.6,37.8,16.9,16.6,17.1,72.2,74,70.5,2445.774,2373.97,2517.578,698.838,684.42,713.256,136.711,118.12,155.302,7.827999999999999,5.508,10.148,0.743,0.576,0.91,0.31799999999999995,0.292,0.344,13.73,13.47,13.99,13.73,13.47,13.99,20.4,18.858,21.942,20.4,18.858,21.942,20.999000000000002,19.37,22.628,20.999000000000002,19.37,22.628
2023-06-23T16:10:00Z,738234,354,18176,25,25,,92,92,,862.446,862.446,,,,,0.01,13.1,12,14.1,37.3,36.5,38.1,17,16.8,17.2,71.2,72.4,70,2487.18,2436.506,2537.854,707.426,692.964,721.888,144.361,124.78,163.942,10.703,8.326,13.08,0.926,0.51,1.342,0.272,0.212,0.332,13.556000000000001,13.352,13.76,13.556000000000001,13.352,13.76,21.264000000000003,19.882,22.646,21.264000000000003,19.882,22.646,21.905,20.278,23.532,21.905,20.278,23.532
2023-06-23T16:20:00Z,738834,354,17856,25,25,,92,92,,862.578,862.578,,,,,0.01,13,12.1,13.8,37.5,37.1,38,17.1,16.9,17.2,70.9,71.6,70.1,2502.0150000000003,2470.128,2533.902,712.921,707.666,718.176,140.431,124.158,156.704,9.277,7.348,11.206,0.7250000000000001,0.638,0.812,0.306,0.438,0.174,13.911999999999999,13.786,14.038,13.911999999999999,13.786,14.038,20.896,19.74,22.052,20.896,19.74,22.052,21.491999999999997,20.264,22.72,21.491999999999997,20.264,22.72
2023-06-23T16:30:00Z,739434,355,18176,25,25,,92,92,,862.652,862.652,,,,,0.01,13.1,12.2,14,37.7,36.8,38.7,17.1,16.9,17.3,70.6,72,69.2,2514.584,2451.948,2577.22,715.277,702.678,727.876,139.126,125.492,152.76,6.784,7.114,6.454,0.692,0.356,1.028,0.262,0.26,0.264,14.212,13.832,14.592,14.212,13.832,14.592,20.741,20.04,21.442,20.741,20.04,21.442,21.255,20.342,22.168,21.255,20.342,22.168
2023-06-23T16:40:00Z,740034,362,18176,25,25,,92,92,,862.67,862.67,,,,,0.01,13.6,12.4,14.8,38.6,37.6,39.6,17.3,17.1,17.5,69.2,70.7,67.8,2575.4579999999996,2508.586,2642.33,733.475,722.316,744.634,149.74200000000002,130.442,169.042,9.624,9.364,9.884,1.0590000000000002,1.082,1.036,0.517,0.772,0.262,14.329,14.158,14.5,14.329,14.158,14.5,21.914,20.734,23.094,21.914,20.734,23.094,22.762,21.724,23.8,22.762,21.724,23.8
2023-06-23T16:50:00Z,740634,383,17856,25,25,,92,92,,862.55,862.55,,,,,0.01,13.8,12.7,14.9,39.6,38.6,40.6,17.5,17.3,17.7,67.8,69.2,66.4,2640.508,2573.788,2707.228,755.149,739.582,770.716,151.90300000000002,133.906,169.9,10.751999999999999,9.948,11.556,0.704,0.578,0.83,0.342,0.462,0.222,14.658999999999999,14.448,14.87,14.658999999999999,14.448,14.87,22.789,21.57,24.008,22.789,21.57,24.008,23.332,22.032,24.632,23.332,22.032,24.632
2023-06-23T17:00:00Z,741234,352,17856,25,25,,92,92,,862.51,862.51,,,,,0.01,13.9,13,14.8,39.5,38.7,40.2,17.5,17.3,17.6,68,69.1,67,2631.034,2581.818,2680.25,753.9949999999999,742.454,765.536,152.209,138.17,166.248,9.24,9.234,9.246,0.71,0.856,0.564,0.413,0.72,0.106,14.764,14.446,15.082,14.764,14.446,15.082,22.537,21.412,23.662,22.537,21.412,23.662,23.163,22.174,24.152,23.163,22.174,24.152
2023-06-23T17:10:00Z,741834,356,17536,25,25,,92,92,,862.324,862.324,,,,,0.01,13.5,12.8,14.3,38.6,38.4,38.9,17.3,17.2,17.4,69.2,69.6,68.8,2575.706,2557.556,2593.856,733.6980000000001,732.796,734.6,148.257,135.472,161.042,9.618,9.576,9.66,0.57,0.572,0.568,0.247,0.328,0.166,14.423,14.226,14.62,14.423,14.226,14.62,21.98,21.344,22.616,21.98,21.344,22.616,22.529,21.884,23.174,22.529,21.884,23.174
2023-06-23T17:20:00Z,742434,359,18176,25,25,,91.8,91.8,,862.256,862.256,,,,,0.01,13.2,12.5,14,38,37.3,38.8,17.2,17,17.3,70.1,71.3,69,2535.351,2484.612,2586.09,719.094,711.928,726.26,143.375,131.734,155.016,8.293,8.296,8.29,0.543,0.66,0.426,0.324,0.502,0.146,14.216999999999999,13.908,14.526,14.216999999999999,13.908,14.526,21.36,20.546,22.174,21.36,20.546,22.174,21.788,21.094,22.482,21.788,21.094,22.482
2023-06-23T17:30:00Z,743034,356,18176,25,25,,91.4,91.4,,862.246,862.246,,,,,0.01,12.9,12.1,13.7,36.3,35.9,36.6,16.8,16.7,16.9,72.9,73.5,72.3,2416.824,2392.638,2441.01,690.7750000000001,687.234,694.316,140.731,125.968,155.494,7.668,6.224,9.112,0.79,0.514,1.066,0.28,0.276,0.284,13.475999999999999,13.384,13.568,13.475999999999999,13.384,13.568,20.339,19.364,21.314,20.339,19.364,21.314,20.973999999999997,19.836,22.112,20.973999999999997,19.836,22.112
2023-06-23T17:40:00Z,743634,359,17216,25,25,,91,91,,862.248,862.248,,,,,0.01,12.1,11.2,13.1,34.5,33.9,35.1,16.4,16.2,16.5,75.9,77,74.8,2299.39,2258.546,2340.234,655.812,651.668,659.956,132.879,117.564,148.194,8.235,8,8.47,0.436,0.612,0.26,0.23,0.388,0.072,12.756,12.76,12.752,12.756,12.76,12.752,19.451999999999998,18.798,20.106,19.451999999999998,18.798,20.106,19.860999999999997,19.316,20.406,19.860999999999997,19.316,20.406
2023-06-23T17:50:00Z,744234,353,18176,25.6,25.6,,91,91,,862.24,862.24,,,,,0.01,11.6,10.8,12.5,33.7,33.1,34.3,16.2,16,16.3,77.3,78.5,76.2,2246.658,2204.268,2289.048,639.731,632.382,647.08,124.26499999999999,108.854,139.676,6.431,5.618,7.244,0.348,0.306,0.39,0.125,0.202,0.048,12.333,12.314,12.352,12.333,12.314,12.352,18.4,17.358,19.442,18.4,17.358,19.442,18.673000000000002,17.622,19.724,18.673000000000002,17.622,19.724
2023-06-23T18:00:00Z,744834,355,18176,26,26,,91,91,,862.03,862.03,,,,,0.01,12.1,11.4,12.9,35,34.5,35.5,16.5,16.4,16.6,75.1,75.9,74.2,2331.1899999999996,2298.894,2363.486,663.8620000000001,665.618,662.106,129.333,114.918,143.748,6.281,5.068,7.494,0.403,0.386,0.42,0.227,0.264,0.19,12.992999999999999,12.914,13.072,12.992999999999999,12.914,13.072,19.248,18.388,20.108,19.248,18.388,20.108,19.572000000000003,18.698,20.446,19.572000000000003,18.698,20.446
2023-06-23T18:10:00Z,745434,350,17536,26,26,,91,91,,862.02,862.02,,,,,0.01,12.5,11.7,13.3,35.7,34.8,36.5,16.6,16.5,16.8,73.8,75.3,72.4,2379.784,2323.192,2436.376,678.721,670.518,686.924,135.02,121.174,148.866,7.303,6.758,7.848,0.622,0.498,0.746,0.33799999999999997,0.344,0.332,13.148,13.046,13.25,13.148,13.046,13.25,19.698,18.928,20.468,19.698,18.928,20.468,20.182000000000002,19.41,20.954,20.182000000000002,19.41,20.954
2023-06-23T18:20:00Z,746034,353,17856,26,26,,91,91,,861.996,861.996,,,,,0.01,12.4,11.8,13,35.9,35.7,36.1,16.7,16.7,16.7,73.4,73.8,73.1,2395.219,2381.646,2408.792,683.282,685.104,681.46,133.446,122.076,144.816,7.853999999999999,6.95,8.758,0.489,0.544,0.434,0.26,0.354,0.166,13.448,13.576,13.32,13.448,13.576,13.32,20.070999999999998,19.532,20.61,20.070999999999998,19.532,20.61,20.45,19.918,20.982,20.45,19.918,20.982
2023-06-23T18:30:00Z,746634,363,17856,26,26,,91,91,,861.878,861.878,,,,,0.01,12.6,12.2,13.1,36.1,36.1,36.2,16.7,16.7,16.8,73.1,73.2,72.9,2409.84,2403.72,2415.96,691.809,700.12,683.498,135.5,124.802,146.198,7.114,5.52,8.708,0.277,0.332,0.222,0.1,0.2,0,13.565,13.77,13.36,13.565,13.77,13.36,20.189,19.506,20.872,20.189,19.506,20.872,20.445999999999998,19.816,21.076,20.445999999999998,19.816,21.076
2023-06-23T18:40:00Z,747234,354,17856,26,26,,91,91,,861.9,861.9,,,,,0.01,11.9,11.3,12.5,34.6,34,35.1,16.4,16.3,16.5,75.8,76.7,74.8,2304.2110000000002,2268.802,2339.62,656.031,650.896,661.166,126.126,114.872,137.38,6.382,5.158,7.606,0.529,0.41,0.648,0.256,0.244,0.268,12.815,12.6,13.03,12.815,12.6,13.03,18.963,18.202,19.724,18.963,18.202,19.724,19.381999999999998,18.544,20.22,19.381999999999998,18.544,20.22
2023-06-23T18:50:00Z,747834,358,17856,26,26,,91,91,,862.152,862.152,,,,,0.01,11.8,11,12.6,34.2,33.4,35,16.3,16.1,16.5,76.4,77.9,75,2279.496,2224.314,2334.678,648.03,635.232,660.828,125.536,112.886,138.186,6.555,6.188,6.922,0.532,0.664,0.4,0.28800000000000003,0.56,0.016,12.689,12.51,12.868,12.689,12.51,12.868,18.703,17.794,19.612,18.703,17.794,19.612,19.16,18.392,19.928,19.16,18.392,19.928
2023-06-23T19:00:00Z,748434,370,18176,26,26,,91,91,,862.056,862.056,,,,,0.01,11.7,11.1,12.3,34.3,33.8,34.8,16.3,16.2,16.4,76.2,77.2,75.3,2286.3140000000003,2250.598,2322.03,651.505,647.458,655.552,122.72299999999998,112.698,132.748,5.726,5.122,6.33,0.585,0.512,0.658,0.342,0.464,0.22,12.802,12.556,13.048,12.802,12.556,13.048,18.589,17.906,19.272,18.589,17.906,19.272,19.043,18.35,19.736,19.043,18.35,19.736
2023-06-23T19:10:00Z,749034,379,18176,26,26,,91,91,,861.638,861.638,,,,,0.01,11.9,11.3,12.4,34.6,34.1,35,16.4,16.3,16.5,75.8,76.6,74.9,2304.249,2272.1,2336.398,658.712,656.964,660.46,124.65700000000001,115.324,133.99,5.3,4.778,5.822,0.51,0.534,0.486,0.29400000000000004,0.448,0.14,12.97,12.762,13.178,12.97,12.762,13.178,18.656,18.018,19.294,18.656,18.018,19.294,19.124000000000002,18.558,19.69,19.124000000000002,18.558,19.69
2023-06-23T19:20:00Z,749634,356,17856,26,26,,91,91,,861.6,861.6,,,,,0.01,11.8,11.4,12.2,34.2,34.2,34.2,16.3,16.3,16.3,76.5,76.4,76.5,2277.9219999999996,2278.74,2277.104,652.7080000000001,655.618,649.798,124.767,115.954,133.58,5.705,4.482,6.928,0.606,0.434,0.778,0.191,0.15,0.232,12.876000000000001,12.836,12.916,12.876000000000001,12.836,12.916,18.537,18.024,19.05,18.537,18.024,19.05,18.942,18.384,19.5,18.942,18.384,19.5
2023-06-23T19:30:00Z,750234,365,17536,26,26,,91,91,,861.738,861.738,,,,,0.01,12.1,11.6,12.7,35,35.1,35,16.5,16.5,16.5,74.9,74.9,75,2336.6490000000003,2338.094,2335.204,666.4780000000001,671.166,661.79,129.45600000000002,118.624,140.288,6.529,5.672,7.386,0.379,0.278,0.48,0.182,0.174,0.19,12.945,13.03,12.86,12.945,13.03,12.86,19.113999999999997,18.584,19.644,19.113999999999997,18.584,19.644,19.444,18.866,20.022,19.444,18.866,20.022
2023-06-23T19:40:00Z,750834,384,17536,26,26,,91,91,,861.748,861.748,,,,,0.01,12.4,11.6,13.3,36,35.6,36.5,16.7,16.6,16.8,73.3,74,72.5,2401.616,2371.284,2431.948,682.7180000000001,677.844,687.592,131.822,118.302,145.342,6.426,7.1,5.752,0.42400000000000004,0.386,0.462,0.306,0.354,0.258,13.43,13.326,13.534,13.43,13.326,13.534,19.764,19.266,20.262,19.764,19.266,20.262,20.107,19.61,20.604,20.107,19.61,20.604
2023-06-23T19:50:00Z,751434,363,17856,26,26,,91,91,,861.706,861.706,,,,,0.01,12.2,11.4,12.9,35.6,35.2,35.9,16.6,16.5,16.7,74.1,74.6,73.5,2370.277,2347.918,2392.636,675.058,673.828,676.288,127.685,114.264,141.106,5.85,5.452,6.248,0.43200000000000005,0.324,0.54,0.21,0.212,0.208,13.214,13.368,13.06,13.214,13.368,13.06,19.238,18.78,19.696,19.238,18.78,19.696,19.605,19.058,20.152,19.605,19.058,20.152
2023-06-23T20:00:00Z,752034,352,17536,26,26,,90.8,90.8,,861.624,861.624,,,,,0.01,12,11.2,12.7,34.6,34.4,34.8,16.4,16.4,16.4,75.7,76,75.4,2307.332,2295.156,2319.508,655.722,655.354,656.09,126.228,112.066,140.39,5.234,4.554,5.914,0.307,0.25,0.364,0.08399999999999999,0.076,0.092,12.763000000000002,12.678,12.848,12.763000000000002,12.678,12.848,18.601,17.89,19.312,18.601,17.89,19.312,18.823999999999998,18.07,19.578,18.823999999999998,18.07,19.578
2023-06-23T20:10:00Z,752634,356,17216,26,26,,91,91,,861.662,861.662,,,,,0.01,12,11.2,12.7,34.5,33.6,35.4,16.4,16.2,16.6,75.9,77.5,74.3,2300.348,2240.998,2359.698,660.328,647.356,673.3,127.04400000000001,116.128,137.96,6.381,6.632,6.13,0.526,0.624,0.428,0.278,0.422,0.134,13.033999999999999,12.644,13.424,13.033999999999999,12.644,13.424,18.947,18.052,19.842,18.947,18.052,19.842,19.34,18.572,20.108,19.34,18.572,20.108
2023-06-23T20:20:00Z,753234,355,18176,26,26,,90,90,,861.686,861.686,,,,,0.01,12.3,11.8,12.9,35.2,35.1,35.4,16.5,16.5,16.6,74.6,74.9,74.3,2349.795,2338.472,2361.118,675.797,682.12,669.474,133.659,122.216,145.102,8.305,7.166,9.444,0.386,0.416,0.356,0.193,0.206,0.18,13.143,13.392,12.894,13.143,13.392,12.894,19.962,19.528,20.396,19.962,19.528,20.396,20.347,19.868,20.826,20.347,19.868,20.826
2023-06-23T20:30:00Z,753834,352,17856,26,26,,90.2,90.2,,861.718,861.718,,,,,0.01,12.3,11.5,13.2,35.4,34.9,35.9,16.6,16.5,16.7,74.4,75.2,73.5,2358.449,2323.788,2393.11,673.55,669.97,677.13,132.186,116.948,147.424,6.521,5.338,7.704,0.246,0.192,0.3,0.096,0.192,0,13.126,13.18,13.072,13.126,13.18,13.072,19.581,18.79,20.372,19.581,18.79,20.372,19.843,19.066,20.62,19.843,19.066,20.62
2023-06-23T20:40:00Z,754434,352,17856,26,26,,90,90,,861.728,861.728,,,,,0.01,12.3,11.6,12.9,35.3,34.9,35.6,16.6,16.5,16.6,74.5,75.1,73.9,2351.837,2329.204,2374.47,670.922,672.326,669.518,132.01500000000001,120.272,143.758,7.198,6.774,7.622,0.46499999999999997,0.34,0.59,0.212,0.314,0.11,13.112,13.068,13.156,13.112,13.068,13.156,19.645,19.006,20.284,19.645,19.006,20.284,19.964,19.294,20.634,19.964,19.294,20.634
2023-06-23T20:50:00Z,755034,370,18176,26,26,,90,90,,861.73,861.73,,,,,0.01,12.7,11.7,13.7,36.4,35.9,36.9,16.8,16.7,16.9,72.6,73.4,71.8,2429.251,2395.552,2462.95,695.0899999999999,688.38,701.8,136.548,120.65,152.446,7.08,7.488,6.672,0.388,0.332,0.444,0.2,0.228,0.172,13.637,13.388,13.886,13.637,13.388,13.886,20.235,19.386,21.084,20.235,19.386,21.084,20.658,19.792,21.524,20.658,19.792,21.524
2023-06-23T21:00:00Z,755634,355,17856,26,26,,90,90,,861.778,861.778,,,,,0.01,12.4,11.8,12.9,35.4,34.8,36,16.6,16.4,16.7,74.3,75.4,73.3,2360.134,2319.328,2400.94,678.656,670.548,686.764,131.904,121.32,142.488,6.1419999999999995,4.478,7.806,0.34099999999999997,0.314,0.368,0.11399999999999999,0.18,0.048,13.370000000000001,13.276,13.464,13.370000000000001,13.276,13.464,19.599,18.606,20.592,19.599,18.606,20.592,19.905,18.974,20.836,19.905,18.974,20.836
2023-06-23T21:10:00Z,756234,351,17536,26,26,,90,90,,861.716,861.716,,,,,0.01,12.3,11.6,13,35.3,35.1,35.5,16.6,16.5,16.6,74.4,74.8,74.1,2355.3379999999997,2341.65,2369.026,675.213,674.354,676.072,130.80599999999998,118.476,143.136,6.1370000000000005,5.646,6.628,0.367,0.298,0.436,0.153,0.22,0.086,13.367,13.228,13.506,13.367,13.228,13.506,19.698999999999998,19.084,20.314,19.698999999999998,19.084,20.314,20.061999999999998,19.47,20.654,20.061999999999998,19.47,20.654
2023-06-23T21:20:00Z,756834,358,18176,26,26,,90,90,,861.702,861.702,,,,,0.01,12.5,11.9,13.1,35,34.8,35.1,16.5,16.4,16.5,75.1,75.3,74.8,2330.932,2321.924,2339.94,667.711,672.72,662.702,136.218,124.836,147.6,6.8580000000000005,6.54,7.176,0.208,0.242,0.174,0.055,0.11,0,13,13.08,12.92,13,13.08,12.92,19.747999999999998,19.276,20.22,19.747999999999998,19.276,20.22,19.953000000000003,19.6,20.306,19.953000000000003,19.6,20.306
2023-06-23T21:30:00Z,757434,361,17856,26,26,,90,90,,861.738,861.738,,,,,0.01,12.5,11.7,13.3,35,34.4,35.6,16.5,16.3,16.6,75.1,76.1,74.1,2330.2039999999997,2290.022,2370.386,669.962,664.074,675.85,135.875,122.35,149.4,6.991,6.966,7.016,0.44,0.382,0.498,0.266,0.344,0.188,13.036,13.064,13.008,13.036,13.064,13.008,19.681,19.004,20.358,19.681,19.004,20.358,20.067,19.41,20.724,20.067,19.41,20.724
2023-06-23T21:40:00Z,758034,354,18176,26,26,,90,90,,861.842,861.842,,,,,0.01,12.6,11.4,13.8,35.4,34.5,36.3,16.6,16.4,16.8,74.3,75.9,72.8,2360.651,2300.002,2421.3,677.5409999999999,664.726,690.356,135.93900000000002,116.006,155.872,6.5809999999999995,5.616,7.546,0.249,0.184,0.314,0.055,0.058,0.052,13.308,13.128,13.488,13.308,13.128,13.488,19.891,18.632,21.15,19.891,18.632,21.15,20.148,18.874,21.422,20.148,18.874,21.422
2023-06-23T21:50:00Z,758634,365,17856,26,26,,90,90,,861.808,861.808,,,,,0.01,12.8,12,13.5,36.1,35.4,36.8,16.7,16.6,16.9,73.2,74.4,72,2405.54,2357.106,2453.974,693.8720000000001,688.948,698.796,136.599,124.794,148.404,6.179,6.794,5.564,0.445,0.538,0.352,0.252,0.368,0.136,13.573,13.466,13.68,13.573,13.466,13.68,20.019,19.498,20.54,20.019,19.498,20.54,20.419,20.01,20.828,20.419,20.01,20.828
2023-06-23T22:00:00Z,759234,353,17536,26,26,,90,90,,861.816,861.816,,,,,0.01,13.3,12.6,14,36.6,36.2,36.9,16.8,16.8,16.9,72.4,73,71.8,2437.6549999999997,2413.148,2462.162,702.181,697.616,706.746,145.32600000000002,130.776,159.876,6.887,4.536,9.238,0.32,0.142,0.498,0.104,0.142,0.066,13.789,13.7,13.878,13.789,13.7,13.878,20.914,19.774,22.054,20.914,19.774,22.054,21.186,19.952,22.42,21.186,19.952,22.42
2023-06-23T22:10:00Z,759834,357,18176,26,26,,90,90,,861.806,861.806,,,,,0.01,13.2,12.3,14.1,36.8,35.8,37.9,16.9,16.7,17.1,71.9,73.6,70.3,2456.398,2386.554,2526.242,703.02,691.996,714.044,143.14600000000002,128.866,157.426,6.691,6.51,6.872,0.436,0.268,0.604,0.237,0.268,0.206,13.597,13.366,13.828,13.597,13.366,13.828,20.622,19.684,21.56,20.622,19.684,21.56,20.971,19.918,22.024,20.971,19.918,22.024
2023-06-23T22:20:00Z,760434,353,18176,26,26,,90,90,,861.772,861.772,,,,,0.01,13.6,12.7,14.6,37.9,36.9,39,17.1,16.9,17.4,70.2,71.8,68.7,2529.2,2461.11,2597.29,729.492,716.654,742.33,149.236,134.21,164.262,7.91,7.56,8.26,0.349,0.268,0.43,0.104,0.148,0.06,14.318000000000001,14.082,14.554,14.318000000000001,14.082,14.554,21.633000000000003,20.638,22.628,21.633000000000003,20.638,22.628,21.948,20.98,22.916,21.948,20.98,22.916
2023-06-23T22:30:00Z,761034,369,17536,26,26,,90,90,,861.836,861.836,,,,,0.01,13.7,12.8,14.7,38.3,37,39.7,17.2,16.9,17.5,69.6,71.7,67.7,2556.568,2466.988,2646.148,733.5360000000001,716.244,750.828,149.68200000000002,134.094,165.27,7.276,5.548,9.004,0.43700000000000006,0.468,0.406,0.22699999999999998,0.414,0.04,14.336,13.804,14.868,14.336,13.804,14.868,21.678,20.166,23.19,21.682000000000002,20.166,23.198,22.076,20.622,23.53,22.076,20.622,23.53
2023-06-23T22:40:00Z,761634,360,17856,26,26,,90,90,,861.956,861.956,,,,,0.01,13.6,12.8,14.4,37.7,37.4,37.9,17.1,17,17.1,70.7,71.1,70.2,2510.2709999999997,2490.982,2529.56,718.872,713.574,724.17,147.654,134.666,160.642,6.555,6.668,6.442,0.474,0.522,0.426,0.226,0.32,0.132,14.027000000000001,13.804,14.25,14.027000000000001,13.804,14.25,21.12,20.32,21.92,21.12,20.32,21.92,21.548000000000002,20.786,22.31,21.548000000000002,20.786,22.31
2023-06-23T22:50:00Z,762234,351,17856,26,26,,90,90,,862.006,862.006,,,,,0.01,13.8,13,14.6,38.1,37.5,38.7,17.2,17.1,17.3,69.9,70.9,69,2542.6090000000004,2502.3,2582.918,729.799,731.472,728.126,151.002,137.528,164.476,7.5489999999999995,7.872,7.226,0.459,0.38,0.538,0.243,0.282,0.204,14.182,14.194,14.17,14.182,14.194,14.17,21.489,21.038,21.94,21.489,21.038,21.94,21.896,21.424,22.368,21.896,21.424,22.368
2023-06-23T23:00:00Z,762834,358,18176,26,26,,90,90,,862.148,862.148,,,,,0.01,13.9,13.1,14.7,38.8,38.4,39.2,17.3,17.2,17.4,68.9,69.5,68.3,2587.245,2560.018,2614.472,744.962,742.448,747.476,152.797,139.674,165.92,8.494,8.79,8.198,0.492,0.52,0.464,0.26,0.362,0.158,14.715,14.76,14.67,14.715,14.76,14.67,22.319,21.906,22.732,22.319,21.906,22.732,22.726,22.338,23.114,22.726,22.338,23.114
2023-06-23T23:10:00Z,763434,350,18176,26,26,,90,90,,862.218,862.218,,,,,0.01,14.2,13.2,15.2,39.3,38.2,40.4,17.4,17.2,17.7,68.2,69.8,66.7,2619.6530000000002,2548.696,2690.61,751.777,736.768,766.786,156.70100000000002,139.632,173.77,8.565,6.296,10.834,0.325,0.338,0.312,0.099,0.198,0,14.713000000000001,14.518,14.908,14.713000000000001,14.518,14.908,22.523000000000003,21.074,23.972,22.523000000000003,21.074,23.972,22.762,21.332,24.192,22.762,21.332,24.192
2023-06-23T23:20:00Z,764034,363,18176,26,26,,90,90,,862.236,862.236,,,,,0.01,14.5,14.1,15,40.5,40.1,40.8,17.7,17.6,17.7,66.6,67.1,66.1,2698.129,2675.48,2720.778,770.251,771.426,769.076,158.75,150.11,167.39,7.9350000000000005,6.876,8.994,0.401,0.386,0.416,0.22399999999999998,0.238,0.21,15.24,15.192,15.288,15.24,15.192,15.288,22.958,22.364,23.552,22.97,22.364,23.576,23.351,22.794,23.908,23.351,22.794,23.908
2023-06-23T23:30:00Z,764634,357,18176,26,26,,90,90,,862.288,862.288,,,,,0.01,14.9,14.5,15.3,41.6,41.3,42,17.9,17.8,18,65,65.5,64.6,2776.549,2753.382,2799.716,793.2850000000001,795.488,791.082,165.536,159.088,171.984,10.107,10.544,9.67,0.527,0.61,0.444,0.33199999999999996,0.474,0.19,15.57,15.636,15.504,15.57,15.636,15.504,24.073,23.764,24.382,24.075,23.764,24.386,24.498,24.294,24.702,24.498,24.294,24.702
2023-06-23T23:40:00Z,765234,351,18176,26,26,,90,90,,862.33,862.33,,,,,0.01,15.7,14.8,16.6,42.3,41.9,42.7,18,18,18.1,64.1,64.7,63.6,2822.1189999999997,2794.698,2849.54,810.95,809.622,812.278,175.00400000000002,158.574,191.434,9.242,8.278,10.206,0.5469999999999999,0.384,0.71,0.22799999999999998,0.286,0.17,16.128999999999998,16.242,16.016,16.128999999999998,16.242,16.016,24.752000000000002,23.968,25.536,24.761,23.982,25.54,25.182000000000002,24.314,26.05,25.182000000000002,24.314,26.05
2023-06-23T23:50:00Z,765834,358,18176,26,26,,90,90,,862.48,862.48,,,,,0.01,14.9,14,15.8,40.7,40,41.4,17.7,17.6,17.9,66.3,67.3,65.3,2713.113,2666.028,2760.198,779.3779999999999,773.72,785.036,164.677,148.902,180.452,8.625,7.682,9.568,0.313,0.338,0.288,0.154,0.294,0.014,15.399000000000001,15.416,15.382,15.399000000000001,15.416,15.382,23.583,22.646,24.52,23.584,22.646,24.522,23.921,23.03,24.812,23.921,23.03,24.812
2023-06-24T00:00:00Z,766434,363,18176,26,26,,90,90,,862.578,862.578,,,,,0.01,14.3,13.7,14.9,39.2,38.5,39.9,17.4,17.3,17.6,68.4,69.4,67.4,2613.8140000000003,2568.04,2659.588,757.435,752.376,762.494,158.801,148.294,169.308,8.844000000000001,7.76,9.928,0.644,0.66,0.628,0.317,0.4,0.234,15.088000000000001,14.984,15.192,15.088000000000001,14.984,15.192,22.911,22.162,23.66,22.911,22.162,23.66,23.445999999999998,22.7,24.192,23.445999999999998,22.7,24.192
2023-06-24T00:10:00Z,767034,355,18176,26,26,,90,90,,862.592,862.592,,,,,0.01,14.6,14,15.2,39,38.2,39.9,17.4,17.2,17.5,68.6,69.9,67.4,2600.8320000000003,2544.552,2657.112,752.591,740.94,764.242,164.59699999999998,154.402,174.792,9.689,8.432,10.946,0.377,0.522,0.232,0.191,0.382,0,14.608,14.558,14.658,14.608,14.558,14.658,23.058999999999997,21.976,24.142,23.061,21.976,24.146,23.378999999999998,22.456,24.302,23.378999999999998,22.456,24.302
2023-06-24T00:20:00Z,767634,354,18176,26,26,,90,90,,862.478,862.478,,,,,0.01,15,14.2,15.9,40.5,39.9,41.1,17.7,17.6,17.8,66.6,67.4,65.7,2699.8779999999997,2658.06,2741.696,774.979,768.02,781.938,169.459,156.49,182.428,9.764,10.186,9.342,0.628,0.514,0.742,0.322,0.466,0.178,15.07,15.124,15.016,15.07,15.124,15.016,23.796999999999997,23.208,24.386,23.799,23.212,24.386,24.283,23.682,24.884,24.283,23.682,24.884
2023-06-24T00:30:00Z,768234,361,18176,26,26,,90,90,,862.552,862.552,,,,,0.01,14.2,13.5,14.9,38.8,38.2,39.4,17.3,17.2,17.5,69,69.9,68.1,2585.687,2543.458,2627.916,747.3309999999999,744.944,749.718,157.363,145.194,169.532,8.266,7.532,9,0.489,0.516,0.462,0.321,0.446,0.196,14.779,14.85,14.708,14.779,14.85,14.708,22.746,21.976,23.516,22.746,21.976,23.516,23.158,22.382,23.934,23.158,22.382,23.934
2023-06-24T00:40:00Z,768834,352,17856,26,26,,90,90,,862.582,862.582,,,,,0.01,14.1,13,15.2,38.7,37.5,39.9,17.3,17,17.6,69.1,70.9,67.4,2579.187,2500.48,2657.894,740.575,723.52,757.63,157.76999999999998,138.624,176.916,9.761,7.242,12.28,0.44199999999999995,0.408,0.476,0.202,0.228,0.176,14.465,14.186,14.744,14.465,14.186,14.744,22.625,20.906,24.344,22.625,20.906,24.344,23.024,21.284,24.764,23.024,21.284,24.764
2023-06-24T00:50:00Z,769434,365,17856,26,26,,90,90,,862.654,862.654,,,,,0.01,15.6,14.8,16.3,41.5,40.6,42.5,17.9,17.7,18.1,65.2,66.5,63.9,2768.3990000000003,2704.11,2832.688,801.133,790.324,811.942,177.125,162.004,192.246,11.269,8.254,14.284,0.48,0.366,0.594,0.241,0.32,0.162,15.719999999999999,15.57,15.87,15.719999999999999,15.57,15.87,25.166,23.872,26.46,25.18,23.878,26.482,25.555,24.232,26.878,25.555,24.232,26.878
2023-06-24T01:00:00Z,770034,350,17216,26,26,,90.2,90.2,,862.654,862.654,,,,,0.01,16.6,15.3,17.8,43.8,42.6,45.1,18.3,18.1,18.6,62.3,63.9,60.8,2921.19,2836.954,3005.426,840.952,821.254,860.65,189.606,170.27,208.942,11.764,11.89,11.638,0.685,0.68,0.69,0.37,0.526,0.214,16.514,16.052,16.976,16.514,16.052,16.976,26.372999999999998,25.124,27.622,26.437,25.14,27.734,27.054,25.862,28.246,27.054,25.862,28.246
2023-06-24T01:10:00Z,770634,401,17536,26,26,,90.8,90.8,,862.68,862.68,,,,,0.01,16.7,15.5,17.9,44.9,43.6,46.2,18.5,18.3,18.8,61,62.6,59.6,2993.473,2904.86,3082.086,860.592,842.334,878.85,189.53699999999998,170.916,208.158,12.45,12.414,12.486,0.5720000000000001,0.676,0.468,0.225,0.45,0,16.981,16.75,17.212,16.981,16.75,17.212,26.865000000000002,25.738,27.992,26.988,25.786,28.19,27.518,26.48,28.556,27.518,26.48,28.556
2023-06-24T01:20:00Z,771234,357,17216,25.8,25.8,,91,91,,862.636,862.636,,,,,0.01,16.7,15.6,17.8,43.8,42.4,45.1,18.3,18.1,18.6,62.4,64.1,60.8,2917.424,2826.346,3008.502,840.86,825.368,856.352,193.519,177.14,209.898,13.039,13.218,12.86,0.5589999999999999,0.478,0.64,0.373,0.39,0.356,16.363,16.036,16.69,16.361,16.036,16.686,26.85,25.942,27.758,26.962000000000003,26.004,27.92,27.473,26.472,28.474,27.473,26.472,28.474
2023-06-24T01:30:00Z,771834,358,18176,25.4,25.4,,91,91,,862.562,862.562,,,,,0.01,16.4,15.4,17.4,42.8,41.8,43.8,18.1,17.9,18.3,63.5,64.8,62.3,2854.42,2786.372,2922.468,827.9259999999999,817.444,838.408,188.333,172.006,204.66,11.363,10.6,12.126,0.522,0.3,0.744,0.178,0.2,0.156,16.183999999999997,16.064,16.304,16.183999999999997,16.064,16.304,26.099,24.986,27.212,26.154,24.986,27.322,26.567999999999998,25.322,27.814,26.567999999999998,25.322,27.814
2023-06-24T01:40:00Z,772434,363,17536,25,25,,91,91,,862.474,862.474,,,,,0.01,15.8,14.8,16.7,42.3,41.1,43.6,18.1,17.8,18.3,64.1,65.8,62.6,2822.583,2737,2908.166,815.356,802.072,828.64,178.195,165.39,191,10.812999999999999,11.796,9.83,0.52,0.502,0.538,0.258,0.452,0.064,15.953,15.588,16.318,15.953,15.588,16.318,25.384,24.768,26,25.426000000000002,24.796,26.056,25.862000000000002,25.26,26.464,25.862000000000002,25.26,26.464
2023-06-24T01:50:00Z,773034,357,17536,25,25,,91,91,,862.512,862.512,,,,,0.01,15.9,15.1,16.8,41.8,40.6,43.1,17.9,17.7,18.2,64.8,66.5,63.2,2787.639,2704.626,2870.652,802.8530000000001,788.142,817.564,182.80599999999998,169.918,195.694,10.809,10.168,11.45,0.6419999999999999,0.696,0.588,0.275,0.468,0.082,15.805,15.48,16.13,15.805,15.48,16.13,25.195,24.122,26.268,25.240000000000002,24.122,26.358,25.747999999999998,24.74,26.756,25.747999999999998,24.74,26.756
2023-06-24T02:00:00Z,773634,371,17216,25,25,,91,91,,862.512,862.512,,,,,0.01,16.2,15.1,17.3,43.1,41.5,44.7,18.2,17.9,18.5,63.2,65.2,61.3,2871.857,2765.654,2978.06,834.495,816.35,852.64,184.355,167.628,201.082,11.873000000000001,11.294,12.452,0.46499999999999997,0.482,0.448,0.141,0.246,0.036,16.314999999999998,16.102,16.528,16.314999999999998,16.102,16.528,26.25,25.092,27.408,26.38,25.116,27.644,26.807000000000002,25.61,28.004,26.807000000000002,25.61,28.004
2023-06-24T02:10:00Z,774234,364,17216,25,25,,91,91,,862.49,862.49,,,,,0.01,16.1,15.6,16.6,42.1,41.3,42.9,18,17.9,18.2,64.4,65.4,63.4,2807.9269999999997,2755.966,2859.888,813.4159999999999,805.67,821.162,184.95499999999998,175.082,194.828,11.146,9.128,13.164,0.45399999999999996,0.482,0.426,0.255,0.432,0.078,15.870000000000001,15.772,15.968,15.870000000000001,15.772,15.968,25.476999999999997,24.58,26.374,25.497999999999998,24.58,26.416,25.941,25.022,26.86,25.941,25.022,26.86
2023-06-24T02:20:00Z,774834,370,17856,25,25,,91,91,,862.472,862.472,,,,,0.01,16.6,15.8,17.4,43.9,42.8,45,18.4,18.1,18.6,62.2,63.5,60.9,2928.366,2855.066,3001.666,849.1110000000001,838.796,859.426,190.248,177.28,203.216,12.538,11.686,13.39,0.7070000000000001,0.486,0.928,0.251,0.376,0.126,16.695999999999998,16.594,16.798,16.695999999999998,16.594,16.798,26.667,25.878,27.456,26.791,25.946,27.636,27.351,26.396,28.306,27.351,26.396,28.306
2023-06-24T02:30:00Z,775434,355,17856,25,25,,91,91,,862.546,862.546,,,,,0.01,17,16.2,17.8,45.5,44.4,46.6,18.7,18.5,18.9,60.4,61.6,59.2,3034.0420000000004,2963.168,3104.916,877.97,868.632,887.308,194.668,180.184,209.152,13.234,10.84,15.628,0.796,0.796,0.796,0.305,0.49,0.12,17.427,17.3,17.554,17.427,17.3,17.554,27.564999999999998,26.532,28.598,27.759,26.536,28.982,28.384999999999998,27.226,29.544,28.384999999999998,27.226,29.544
2023-06-24T02:40:00Z,776034,352,17536,24.4,24.4,,91,91,,862.456,862.456,,,,,0.01,16.2,14.9,17.4,43.6,42.3,45,18.3,18,18.6,62.5,64.2,60.9,2908.479,2816.854,3000.104,836.138,816.748,855.528,183.86700000000002,164.794,202.94,12.298,11.884,12.712,0.765,0.732,0.798,0.324,0.532,0.116,16.569,16.278,16.86,16.569,16.278,16.86,26.137999999999998,24.946,27.33,26.195,24.964,27.426,26.826,25.642,28.01,26.826,25.642,28.01
2023-06-24T02:50:00Z,776634,355,17856,24,24,,91,91,,862.458,862.458,,,,,0.01,15.7,14.7,16.6,42.3,41,43.6,18,17.8,18.3,64.2,65.8,62.6,2819.715,2735.782,2903.648,813.4,795.054,831.746,176.577,160.514,192.64,10.75,9.382,12.118,0.671,0.604,0.738,0.359,0.478,0.24,16.004,15.522,16.486,16.004,15.522,16.486,25.285,23.95,26.62,25.296999999999997,23.95,26.644,25.845,24.472,27.218,25.845,24.472,27.218
2023-06-24T03:00:00Z,777234,355,17856,24,24,,91,91,,862.386,862.386,,,,,0.01,15.2,14.5,16,41.2,40.6,41.7,17.8,17.7,17.9,65.7,66.4,65,2744.319,2708.96,2779.678,792.155,792.996,791.314,172.288,160.468,184.108,11.183,11.854,10.512,0.54,0.558,0.522,0.237,0.37,0.104,15.529,15.458,15.6,15.529,15.458,15.6,24.609,24.146,25.072,24.612000000000002,24.146,25.078,25.067,24.6,25.534,25.067,24.6,25.534
2023-06-24T03:10:00Z,777834,357,17536,24,24,,91,91,,862.496,862.496,,,,,0.01,14.4,13.6,15.3,39.6,38.6,40.6,17.5,17.3,17.7,67.8,69.3,66.4,2638.9390000000003,2572.174,2705.704,760.3499999999999,751.592,769.108,160.53699999999998,145.378,175.696,9.295,8.058,10.532,0.486,0.492,0.48,0.299,0.492,0.106,14.928,14.664,15.192,14.928,14.664,15.192,22.967,21.83,24.104,22.967,21.83,24.104,23.47,22.434,24.506,23.47,22.434,24.506
2023-06-24T03:20:00Z,778434,375,17856,24,24,,91,91,,862.458,862.458,,,,,0.01,13.9,13.1,14.8,37.9,36.8,39.1,17.1,16.9,17.4,70.3,72.1,68.6,2527.23,2450.602,2603.858,730.203,712.554,747.852,153.79399999999998,139.238,168.35,7.3629999999999995,5.748,8.978,0.514,0.438,0.59,0.25,0.37,0.13,14.399000000000001,14.036,14.762,14.399000000000001,14.036,14.762,21.844,20.52,23.168,21.844,20.52,23.168,22.255,20.866,23.644,22.255,20.866,23.644
2023-06-24T03:30:00Z,779034,362,17856,24,24,,91,91,,862.37,862.37,,,,,0.01,13.3,12.4,14.1,36.3,35.7,36.8,16.8,16.6,16.9,72.9,73.8,71.9,2418.367,2380.138,2456.596,696.924,695.176,698.672,147.80599999999998,132.976,162.636,8.24,7.674,8.806,0.6819999999999999,0.692,0.672,0.278,0.466,0.09,13.744,13.608,13.88,13.744,13.608,13.88,20.939,20.116,21.762,20.939,20.116,21.762,21.555999999999997,20.738,22.374,21.555999999999997,20.738,22.374
2023-06-24T03:40:00Z,779634,354,17856,24,24,,91,91,,862.248,862.248,,,,,0.01,12.6,11.6,13.6,34.9,34,35.7,16.5,16.3,16.6,75.2,76.7,73.8,2324.2380000000003,2269.418,2379.058,670.4570000000001,660.916,679.998,139.942,123.154,156.73,8.545,7.874,9.216,0.515,0.526,0.504,0.311,0.456,0.166,13.030999999999999,12.972,13.09,13.030999999999999,12.972,13.09,20.13,19.008,21.252,20.13,19.008,21.252,20.515,19.464,21.566,20.515,19.464,21.566
2023-06-24T03:50:00Z,780234,350,18176,24,24,,91,91,,862.238,862.238,,,,,0.01,12.2,11.3,13.2,34.1,33.2,35,16.3,16.1,16.5,76.6,78.3,75,2271.337,2210.014,2332.66,652.706,639.534,665.878,135.008,119.754,150.262,8.47,8.092,8.848,0.5389999999999999,0.602,0.476,0.327,0.552,0.102,12.817,12.574,13.06,12.817,12.574,13.06,19.527,18.478,20.576,19.527,18.478,20.576,20.057000000000002,19.042,21.072,20.057000000000002,19.042,21.072
2023-06-24T04:00:00Z,780834,432,18176,24,24,,91,91,,862.266,862.266,,,,,0.01,12,11.1,12.8,33,32.3,33.8,16,15.8,16.2,78.5,80.1,77.1,2202.9930000000004,2150.242,2255.744,631.38,623.086,639.674,133.982,120.288,147.676,9.096,9.342,8.85,0.5760000000000001,0.548,0.604,0.36,0.378,0.342,12.335,12.206,12.464,12.335,12.206,12.464,19.183,18.348,20.018,19.183,18.348,20.018,19.761000000000003,18.952,20.57,19.761000000000003,18.952,20.57
2023-06-24T04:10:00Z,781434,354,17856,23.4,23.4,,91,91,,862.184,862.184,,,,,0.01,11,10.3,11.7,30.1,29.3,30.9,15.3,15.1,15.5,84.6,86.4,82.8,2006.033,1952.232,2059.834,578.734,569.556,587.912,124.001,112.482,135.52,8.236,7.014,9.458,0.704,0.558,0.85,0.239,0.348,0.13,11.136,10.948,11.324,11.136,10.948,11.324,17.469,16.584,18.354,17.469,16.584,18.354,18.072000000000003,17.12,19.024,18.072000000000003,17.12,19.024
2023-06-24T04:20:00Z,782034,359,17856,23,23,,91,91,,862.064,862.064,,,,,0.01,10.9,10.3,11.6,29.9,29.2,30.5,15.2,15,15.4,85.1,86.6,83.6,1990.629,1945.556,2035.702,570.419,565.548,575.29,123.34100000000001,114.04,132.642,7.938000000000001,8.226,7.65,0.654,0.65,0.658,0.277,0.366,0.188,10.791,10.68,10.902,10.791,10.68,10.902,17.094,16.512,17.676,17.094,16.512,17.676,17.726,17.248,18.204,17.726,17.248,18.204
2023-06-24T04:30:00Z,782634,359,17856,23,23,,91,91,,861.966,861.966,,,,,0.01,10.6,9.6,11.6,29.6,28.6,30.6,15.2,14.9,15.4,85.6,87.9,83.4,1975.483,1909.972,2040.994,564.9670000000001,549.806,580.128,119.73500000000001,103.158,136.312,9.193,7.89,10.496,0.9790000000000001,1.08,0.878,0.545,0.872,0.218,10.809999999999999,10.43,11.19,10.809999999999999,10.43,11.19,17.032,15.64,18.424,17.032,15.64,18.424,17.808,16.588,19.028,17.808,16.588,19.028
2023-06-24T04:40:00Z,783234,370,18176,23,23,,92,92,,861.844,861.844,,,,,0.01,10.6,10,11.3,29.3,28.2,30.4,15.1,14.8,15.4,86.3,88.9,83.9,1954.435,1880.912,2027.958,560.783,547.832,573.734,118.65299999999999,109.948,127.358,7.454,7.454,7.454,0.8240000000000001,0.862,0.786,0.52,0.756,0.284,10.68,10.236,11.124,10.68,10.236,11.124,16.63,15.924,17.336,16.63,15.924,17.336,17.352,16.7,18.004,17.352,16.7,18.004
2023-06-24T04:50:00Z,783834,379,17536,23,23,,91.8,91.8,,861.75,861.75,,,,,0.01,10.2,9.3,11,28.5,27.6,29.5,14.9,14.6,15.1,88.1,90.4,86,1902.7910000000002,1841.804,1963.778,543.1089999999999,531.574,554.644,113.191,98.048,128.334,7.933,6.204,9.662,0.837,0.82,0.854,0.47100000000000003,0.672,0.27,10.353,10.016,10.69,10.353,10.016,10.69,16.03,14.784,17.276,16.03,14.784,17.276,16.729,15.482,17.976,16.729,15.482,17.976
2023-06-24T05:00:00Z,784434,359,17856,23,23,,91.8,91.8,,861.664,861.664,,,,,0.01,10,9,11,27.6,26.4,28.7,14.6,14.3,14.9,90.5,93.6,87.7,1838.2820000000002,1760.362,1916.202,529.223,511.184,547.262,110.54400000000001,94.798,126.29,6.525,5.728,7.322,0.905,0.892,0.918,0.43,0.432,0.428,10.117,9.638,10.596,10.117,9.638,10.596,15.425999999999998,14.24,16.612,15.425999999999998,14.24,16.612,16.134,14.974,17.294,16.134,14.974,17.294
2023-06-24T05:10:00Z,785034,362,17856,23,23,,92,92,,861.858,861.858,,,,,0.01,9.4,8.9,9.9,26.5,26,27.1,14.3,14.1,14.5,93.2,94.8,91.8,1768.166,1731.118,1805.214,505.598,498.572,512.624,102.515,93.9,111.13,6.414,5.664,7.164,0.776,0.71,0.842,0.387,0.52,0.254,9.657,9.33,9.984,9.657,9.33,9.984,14.693999999999999,13.914,15.474,14.693999999999999,13.914,15.474,15.296,14.548,16.044,15.296,14.548,16.044
2023-06-24T05:20:00Z,785634,355,17856,23,23,,91.6,91.6,,862.228,862.228,,,,,0.01,8.3,7.9,8.7,24,24,24.1,13.6,13.5,13.6,100.5,100.6,100.3,1601.03,1598.11,1603.95,459.563,462.24,456.886,88.033,81.294,94.772,4.412,5.066,3.758,0.454,0.504,0.404,0.298,0.504,0.092,8.753,8.628,8.878,8.753,8.628,8.878,12.89,12.806,12.974,12.89,12.806,12.974,13.321,13.232,13.41,13.321,13.232,13.41
2023-06-24T05:30:00Z,786234,358,18176,23,23,,91,91,,862.492,862.492,,,,,0.01,7.8,7.3,8.2,21.8,21.4,22.1,12.8,12.7,13,108,109.4,106.7,1450.0320000000002,1425.22,1474.844,414.461,411.422,417.5,84.181,76.288,92.074,4.076,3.648,4.504,0.44599999999999995,0.304,0.588,0.272,0.25,0.294,7.6690000000000005,7.656,7.682,7.6690000000000005,7.656,7.682,11.532,11.078,11.986,11.532,11.078,11.986,11.893,11.354,12.432,11.893,11.354,12.432
2023-06-24T05:40:00Z,786834,375,18176,23.8,23.8,,91,91,,862.488,862.488,,,,,0.01,7,6.6,7.5,19.9,19.2,20.5,12.2,12,12.4,115.2,117.9,112.6,1325.7199999999998,1282.926,1368.514,380.37800000000004,374.254,386.502,75.92699999999999,68.366,83.488,3.652,3.066,4.238,0.28700000000000003,0.19,0.384,0.08299999999999999,0.094,0.072,7.093,6.96,7.226,7.093,6.96,7.226,10.543,9.924,11.162,10.543,9.924,11.162,10.754999999999999,10.092,11.418,10.754999999999999,10.092,11.418
2023-06-24T05:50:00Z,787434,353,17536,24,24,,91,91,,862.666,862.666,,,,,0.01,6.4,6,6.8,18.6,18.2,19,11.7,11.6,11.9,120.6,122.5,118.8,1240.6,1213.522,1267.678,354.342,349.272,359.412,68.298,61.82,74.776,3.6719999999999997,3.46,3.884,0.40700000000000003,0.456,0.358,0.158,0.264,0.052,6.385,6.18,6.59,6.385,6.18,6.59,9.716000000000001,9.154,10.278,9.716000000000001,9.154,10.278,10.021,9.528,10.514,10.021,9.528,10.514
2023-06-24T06:00:00Z,788034,349,18176,23.2,23.2,,91,91,,862.606,862.606,,,,,0.01,5.2,4.7,5.6,15.3,14.9,15.8,10.4,10.3,10.6,137.3,139.8,134.9,1022.1329999999999,994.002,1050.264,291.099,285.21,296.988,53.958,47.57,60.346,2.713,2.872,2.554,0.199,0.244,0.154,0.127,0.138,0.116,5.084,4.882,5.286,5.084,4.882,5.286,7.661,7.158,8.164,7.661,7.158,8.164,7.802,7.31,8.294,7.802,7.31,8.294
2023-06-24T06:10:00Z,788634,359,17856,23,23,,91,91,,862.52,862.52,,,,,0.01,4.7,4.4,5,13.7,13.5,13.8,9.7,9.6,9.8,147.8,149.1,146.5,910.654,898.006,923.302,259.93399999999997,257.348,262.52,49.464,43.862,55.066,2.353,1.752,2.954,0.201,0.13,0.272,0.039,0.078,0,4.509,4.374,4.644,4.509,4.374,4.644,6.6690000000000005,6.132,7.206,6.6690000000000005,6.132,7.206,6.846,6.284,7.408,6.846,6.284,7.408
2023-06-24T06:20:00Z,789234,357,18176,23,23,,91,91,,862.45,862.45,,,,,0.01,4.3,4.1,4.4,12.9,12.7,13.1,9.3,9.3,9.4,153.2,154.5,151.8,859.114,846.672,871.556,246.051,245.71,246.392,44.008,41.084,46.932,2.141,1.83,2.452,0.205,0.052,0.358,0.092,0.052,0.132,4.138,4.142,4.134,4.138,4.142,4.134,6.128,6.022,6.234,6.128,6.022,6.234,6.337,6.108,6.566,6.337,6.108,6.566
2023-06-24T06:30:00Z,789834,358,18176,23,23,,91,91,,862.28,862.28,,,,,0.01,4.3,4,4.6,13.1,13,13.2,9.5,9.4,9.5,151.5,152.2,150.9,874.488,868.362,880.614,250.403,250.826,249.98,44.024,38.466,49.582,1.9609999999999999,1.9,2.022,0.253,0.244,0.262,0.16899999999999998,0.244,0.094,4.244,4.4,4.088,4.244,4.4,4.088,6.193,6.142,6.244,6.193,6.142,6.244,6.402,6.388,6.416,6.402,6.388,6.416
2023-06-24T06:40:00Z,790434,348,18176,23,23,,91,91,,862.292,862.292,,,,,0.01,4.4,4,4.8,13.5,13.2,13.8,9.6,9.5,9.8,148.9,151.2,146.6,899.954,877.188,922.72,256.925,253.444,260.406,44.129000000000005,38.274,49.984,1.991,1.954,2.028,0.203,0.216,0.19,0.11499999999999999,0.084,0.146,4.452999999999999,4.502,4.404,4.452999999999999,4.502,4.404,6.448,6.154,6.742,6.448,6.154,6.742,6.587,6.296,6.878,6.587,6.296,6.878
2023-06-24T06:50:00Z,791034,352,17536,23,23,,91,91,,862.328,862.328,,,,,0.01,4.6,4.3,4.8,13.8,13.6,13.9,9.7,9.7,9.8,147.2,148,146.4,916.716,908.678,924.754,260.48199999999997,260.766,260.198,46.709,42.158,51.26,2.089,2.06,2.118,0.08,0.084,0.076,0.043,0.048,0.038,4.64,4.728,4.552,4.64,4.728,4.552,6.725,6.65,6.8,6.725,6.65,6.8,6.833,6.738,6.928,6.833,6.738,6.928
2023-06-24T07:00:00Z,791634,359,18176,23,23,,91,91,,862.366,862.366,,,,,0.01,4.4,4.1,4.7,13.4,13.2,13.6,9.6,9.5,9.7,149.4,151,147.9,894.765,879.778,909.752,254.61,253.042,256.178,44.397999999999996,38.42,50.376,1.8809999999999998,1.51,2.252,0.442,0.392,0.492,0.154,0.224,0.084,4.448,4.35,4.546,4.448,4.35,4.546,6.38,6.092,6.668,6.38,6.092,6.668,6.676,6.346,7.006,6.676,6.346,7.006
2023-06-24T07:10:00Z,792237,3158,18142,22.2,22.2,,91,91,,862.334,862.334,,,,,0.01,4.2,3.8,4.6,13,13,13.1,9.4,9.4,9.4,152.1,152.3,151.8,869.1179999999999,866.784,871.452,248.416,248.018,248.814,41.152,34.382,47.922,1.7429999999999999,1.78,1.706,0.21200000000000002,0.228,0.196,0.155,0.228,0.082,4.39,4.414,4.366,4.39,4.414,4.366,6.234,5.976,6.492,6.234,5.976,6.492,6.4719999999999995,6.22,6.724,6.4719999999999995,6.22,6.724
2023-06-24T07:20:00Z,792834,366,18176,23,23,,91,91,,862.366,862.366,,,,,0.01,4.7,4.2,5.2,13.8,13.2,14.3,9.8,9.5,10,147.1,150.8,143.6,917.463,881.688,953.238,263.427,254.862,271.992,49.783,41.414,58.152,2.455,1.82,3.09,0.283,0.354,0.212,0.158,0.264,0.052,4.603,4.494,4.712,4.603,4.494,4.712,6.871,6.228,7.514,6.871,6.228,7.514,7.151999999999999,6.6,7.704,7.151999999999999,6.6,7.704
2023-06-24T07:30:00Z,793434,356,17216,23.4,23.4,,91,91,,862.32,862.32,,,,,0.01,4.6,4.3,5,13.7,13.6,13.9,9.7,9.7,9.8,147.2,148.3,146.2,916.2239999999999,905.852,926.596,263.26300000000003,264.08,262.446,48.948,43.494,54.402,2.9349999999999996,2.868,3.002,0.505,0.466,0.544,0.275,0.33,0.22,4.433,4.626,4.24,4.433,4.626,4.24,6.734,6.652,6.816,6.734,6.652,6.816,7.162,7.114,7.21,7.162,7.114,7.21
2023-06-24T07:40:00Z,794034,360,17856,23,23,,91,91,,862.24,862.24,,,,,0.01,4.2,3.9,4.4,12.8,12.7,12.9,9.3,9.2,9.4,153.9,154.9,152.9,852.442,843.38,861.504,243.478,243.274,243.682,42.574,37.222,47.926,2.569,2.042,3.096,0.534,0.344,0.724,0.207,0.242,0.172,4.21,4.14,4.28,4.21,4.14,4.28,6.176,5.834,6.518,6.176,5.834,6.518,6.535,6.156,6.914,6.535,6.156,6.914
2023-06-24T07:50:00Z,794634,363,18176,22.4,22.4,,91,91,,862.2,862.2,,,,,0.01,4,3.9,4.2,12.4,12.5,12.2,9.1,9.2,9,157,156.2,157.9,824.185,831.808,816.562,234.518,237.642,231.394,40.885000000000005,37.52,44.25,2.198,2.048,2.348,0.259,0.316,0.202,0.103,0.172,0.034,3.915,3.98,3.85,3.915,3.98,3.85,5.735,5.65,5.82,5.735,5.65,5.82,5.9719999999999995,5.962,5.982,5.9719999999999995,5.962,5.982
2023-06-24T08:00:00Z,795234,370,18176,22,22,,91,91,,862.286,862.286,,,,,0.01,3.6,3.3,3.9,11.8,11.5,12.1,8.8,8.6,9,161.6,164.3,159.1,785.001,763.474,806.528,222.23399999999998,217.482,226.986,34.995000000000005,30.796,39.194,1.604,1.666,1.542,0.198,0.214,0.182,0.128,0.214,0.042,3.791,3.582,4,3.791,3.582,4,5.323,5.024,5.622,5.323,5.024,5.622,5.502000000000001,5.24,5.764,5.502000000000001,5.24,5.764
2023-06-24T08:10:00Z,795834,441,17216,22,22,,91,91,,862.324,862.324,,,,,0.01,3.8,3.5,4,11.6,11.3,12,8.7,8.6,8.9,162.9,165.7,160.2,774.5830000000001,752.134,797.032,220.441,217.686,223.196,37.480999999999995,33.602,41.36,1.555,1.45,1.66,0.128,0.048,0.208,0.048,0.048,0.048,3.715,3.572,3.858,3.715,3.572,3.858,5.373,5.15,5.596,5.373,5.15,5.596,5.478,5.224,5.732,5.478,5.224,5.732
2023-06-24T08:20:00Z,796434,361,18176,22,22,,91,91,,862.196,862.196,,,,,0.01,3.7,3.4,4,11.7,11.4,11.9,8.8,8.6,8.9,162.4,164.6,160.3,778.582,761.038,796.126,220.445,216.442,224.448,36.659,31.436,41.882,1.7269999999999999,1.552,1.902,0.176,0.148,0.204,0.07300000000000001,0.096,0.05,3.717,3.624,3.81,3.717,3.624,3.81,5.361000000000001,5.062,5.66,5.361000000000001,5.062,5.66,5.526,5.188,5.864,5.526,5.188,5.864
2023-06-24T08:30:00Z,797034,367,18176,22,22,,91,91,,862.142,862.142,,,,,0.01,3.4,3.1,3.7,11.3,11,11.5,8.5,8.4,8.7,165.9,168.1,163.7,750.693,733.442,767.944,213.18099999999998,208.828,217.534,33.071,28.19,37.952,1.979,1.72,2.238,0.269,0.078,0.46,0.16599999999999998,0.038,0.294,3.438,3.228,3.648,3.438,3.228,3.648,4.9830000000000005,4.658,5.308,4.9830000000000005,4.658,5.308,5.199,4.726,5.672,5.199,4.726,5.672
2023-06-24T08:40:00Z,797634,356,18176,22,22,,91,91,,862.256,862.256,,,,,0.01,3.3,3,3.5,10.7,10.7,10.8,8.3,8.2,8.3,170.3,171,169.7,716.422,711.86,720.984,204.90800000000002,205.694,204.122,30.69,26.372,35.008,1.262,1.15,1.374,0.154,0.042,0.266,0.10500000000000001,0.042,0.168,3.438,3.47,3.406,3.438,3.47,3.406,4.781000000000001,4.594,4.968,4.781000000000001,4.594,4.968,4.922000000000001,4.694,5.15,4.922000000000001,4.694,5.15
2023-06-24T08:50:00Z,798234,365,17536,22,22,,91,91,,862.276,862.276,,,,,0.01,3.5,3.3,3.7,11.2,11.2,11.1,8.5,8.5,8.5,166.8,166.6,167,743.6400000000001,745.152,742.128,211.358,211.612,211.104,34.316,30.698,37.934,1.9529999999999998,1.752,2.154,0.317,0.194,0.44,0.139,0.094,0.184,3.476,3.398,3.554,3.476,3.398,3.554,5.067,4.866,5.268,5.067,4.866,5.268,5.274,5.01,5.538,5.274,5.01,5.538
2023-06-24T09:00:00Z,798834,367,17536,22,22,,91,91,,862.336,862.336,,,,,0.01,3.7,3.5,3.9,11.5,11.4,11.5,8.6,8.6,8.7,164.2,164.6,163.8,763.848,760.854,766.842,217.244,218.714,215.774,37.524,32.944,42.104,2.037,1.818,2.256,0.16599999999999998,0.18,0.152,0.13,0.18,0.08,3.496,3.472,3.52,3.496,3.472,3.52,5.302,5.028,5.576,5.302,5.028,5.576,5.442,5.172,5.712,5.442,5.172,5.712
2023-06-24T09:10:00Z,799434,366,17536,22,22,,91.4,91.4,,862.546,862.546,,,,,0.01,3.8,3.6,3.9,11.8,11.8,11.7,8.8,8.8,8.8,161.8,161.5,162.1,783.8240000000001,786.28,781.368,222.863,223.288,222.438,37.768,35.282,40.254,1.694,1.678,1.71,0.193,0.178,0.208,0.066,0.09,0.042,3.713,3.664,3.762,3.713,3.664,3.762,5.38,5.232,5.528,5.38,5.232,5.528,5.553,5.414,5.692,5.553,5.414,5.692
2023-06-24T09:20:00Z,800034,366,17536,21.2,21.2,,91.2,91.2,,862.602,862.602,,,,,0.01,3.8,3.7,4,12.1,12,12.2,9,8.9,9,159.2,159.9,158.5,805.232,799.272,811.192,227.325,228.396,226.254,37.573,34.888,40.258,1.446,1.398,1.494,0.126,0.092,0.16,0.046,0.092,0,3.856,3.966,3.746,3.856,3.966,3.746,5.436999999999999,5.414,5.46,5.436999999999999,5.414,5.46,5.553,5.532,5.574,5.553,5.532,5.574
2023-06-24T09:30:00Z,800634,443,17536,21.8,21.8,,91,91,,862.584,862.584,,,,,0.01,4.5,4.3,4.6,13.3,13.2,13.4,9.5,9.5,9.6,150.3,151.2,149.4,886.097,877.054,895.14,253.225,254.158,252.292,46.582,43.784,49.38,2.2560000000000002,2.022,2.49,0.251,0.306,0.196,0.157,0.262,0.052,4.377,4.284,4.47,4.377,4.284,4.47,6.572,6.364,6.78,6.572,6.364,6.78,6.841,6.746,6.936,6.841,6.746,6.936
2023-06-24T09:40:00Z,801234,366,17536,22,22,,91,91,,862.682,862.682,,,,,0.01,4.6,4.4,4.7,13.9,14.1,13.7,9.8,9.9,9.7,146.2,145.1,147.3,926.906,938.02,915.792,264.43,270.74,258.12,46.337,43.006,49.668,1.9500000000000002,1.66,2.24,0.16,0.106,0.214,0.076,0.106,0.046,4.585,4.732,4.438,4.585,4.732,4.438,6.646,6.646,6.646,6.646,6.646,6.646,6.801,6.75,6.852,6.801,6.75,6.852
2023-06-24T09:50:00Z,801834,352,18176,22,22,,91,91,,862.74,862.74,,,,,0.01,4.8,4.6,5,14.4,14.4,14.4,10,10,10,143.2,143.1,143.2,957.733,958.2,957.266,272.082,273.856,270.308,48.995,45.51,52.48,2.191,2.076,2.306,0.272,0.182,0.362,0.09,0.132,0.048,4.9239999999999995,4.782,5.066,4.9239999999999995,4.782,5.066,7.024,6.782,7.266,7.024,6.782,7.266,7.218,6.918,7.518,7.218,6.918,7.518
2023-06-24T10:00:00Z,802434,363,17536,22,22,,91,91,,862.94,862.94,,,,,0.01,4.8,4.3,5.2,14.5,14,15,10.1,9.9,10.3,142.2,145.4,139.2,968.095,934.942,1001.248,274.986,270.212,279.76,47.854,41.008,54.7,1.695,1.614,1.776,0.128,0.082,0.174,0.067,0.046,0.088,5.061,4.91,5.212,5.061,4.91,5.212,6.979,6.54,7.418,6.979,6.54,7.418,7.11,6.634,7.586,7.11,6.634,7.586
2023-06-24T10:10:00Z,803034,355,17856,21,21,,91,91,,862.912,862.912,,,,,0.01,5,4.8,5.1,14.8,14.9,14.7,10.2,10.3,10.2,140.4,139.6,141.3,987.456,996.558,978.354,281.928,284.628,279.228,51.118,48.49,53.746,2.246,2.022,2.47,0.16599999999999998,0.09,0.242,0.081,0.05,0.112,4.9510000000000005,5.05,4.852,4.9510000000000005,5.05,4.852,7.254,7.266,7.242,7.254,7.266,7.242,7.399,7.35,7.448,7.399,7.35,7.448
2023-06-24T10:20:00Z,803634,361,17856,21,21,,91,91,,862.906,862.906,,,,,0.01,5,4.8,5.3,14.7,14.5,14.9,10.2,10.1,10.2,141.2,142.5,140,978.731,965.044,992.418,280.015,276.748,283.282,52.671,48.086,57.256,2.096,1.892,2.3,0.214,0.19,0.238,0.045,0.09,0,4.962,4.872,5.052,4.962,4.872,5.052,7.306,6.898,7.714,7.306,6.898,7.714,7.504,7.118,7.89,7.504,7.118,7.89
2023-06-24T10:30:00Z,804234,355,17216,21.4,21.4,,91,91,,863.072,863.072,,,,,0.01,5.3,5,5.6,15.9,15.6,16.1,10.7,10.6,10.7,134.4,135.5,133.2,1057.087,1043.084,1071.09,301.818,302.688,300.948,55.557,50,61.114,3.1959999999999997,2.802,3.59,0.222,0.136,0.308,0.11000000000000001,0.136,0.084,5.324,5.27,5.378,5.324,5.27,5.378,8.085,7.812,8.358,8.085,7.812,8.358,8.258,7.92,8.596,8.258,7.92,8.596
2023-06-24T10:40:00Z,804834,352,17216,21.8,21.8,,91,91,,863.284,863.284,,,,,0.01,5.5,5.1,6,16.2,16.1,16.4,10.8,10.8,10.9,132.3,133.1,131.4,1082.651,1072.508,1092.794,310.212,310.762,309.662,57.718,49.54,65.896,2.5599999999999996,2.046,3.074,0.18,0.14,0.22,0.131,0.14,0.122,5.593,5.652,5.534,5.593,5.652,5.534,8.263,7.922,8.604,8.263,7.922,8.604,8.425,8.03,8.82,8.425,8.03,8.82
2023-06-24T10:50:00Z,805434,775,18210,21,21,,91,91,,863.388,863.388,,,,,0.01,5.6,5.3,5.9,15.8,15.7,15.9,10.6,10.6,10.7,134.6,135.1,134.1,1054.0459999999998,1047.78,1060.312,303.095,304.842,301.348,59.665,54.116,65.214,2.8289999999999997,2.508,3.15,0.2,0.17,0.23,0.10500000000000001,0.17,0.04,5.433,5.46,5.406,5.433,5.46,5.406,8.229,7.794,8.664,8.229,7.794,8.664,8.366,7.946,8.786,8.366,7.946,8.786
2023-06-24T11:00:00Z,806034,356,17856,21,21,,91,91,,863.314,863.314,,,,,0.01,5.8,5.4,6.2,16.4,16.2,16.5,10.9,10.8,10.9,131.7,132.2,131.1,1090.001,1082.896,1097.106,310.627,311.084,310.17,62.694,55.692,69.696,2.778,2.31,3.246,0.22,0.226,0.214,0.079,0.158,0,5.539,5.542,5.536,5.539,5.542,5.536,8.418,8.066,8.77,8.418,8.066,8.77,8.594999999999999,8.274,8.916,8.594999999999999,8.274,8.916
2023-06-24T11:10:00Z,806636,1772,17923,22,22,,91,91,,863.474,863.474,,,,,0.01,5.8,5.5,6.1,17.2,17,17.5,11.2,11.1,11.3,127.1,128.2,126,1149.5839999999998,1135.004,1164.164,328.164,326.986,329.342,60.555,54.91,66.2,3.154,3.286,3.022,0.203,0.226,0.18,0.116,0.19,0.042,5.9510000000000005,5.82,6.082,5.9510000000000005,5.82,6.082,8.703,8.398,9.008,8.703,8.398,9.008,8.925,8.726,9.124,8.925,8.726,9.124
2023-06-24T11:20:00Z,807234,354,17856,22,22,,91,91,,863.39,863.39,,,,,0.01,6.2,5.9,6.6,17.7,17.5,18,11.4,11.3,11.5,124.6,125.7,123.5,1183.258,1168.308,1198.208,341.895,342.144,341.646,67.155,61.196,73.114,3.67,4.054,3.286,0.19,0.166,0.214,0.14400000000000002,0.166,0.122,6.306,6.204,6.408,6.306,6.204,6.408,9.465,9.25,9.68,9.465,9.25,9.68,9.639,9.448,9.83,9.639,9.448,9.83
2023-06-24T11:30:00Z,807834,360,17216,22,22,,91,91,,863.454,863.454,,,,,0.01,6.1,5.8,6.4,17.6,17.3,17.9,11.4,11.2,11.5,125.2,126.7,123.7,1174.844,1154.136,1195.552,335.799,333.998,337.6,63.904,58.53,69.278,2.091,2.132,2.05,0.13,0.14,0.12,0.042,0.084,0,6.197,6.062,6.332,6.197,6.062,6.332,8.892,8.594,9.19,8.892,8.594,9.19,9.013,8.748,9.278,9.013,8.748,9.278
2023-06-24T11:40:00Z,808434,361,18176,22,22,,91,91,,863.372,863.372,,,,,0.01,6.3,5.6,6.9,17.8,17.1,18.4,11.4,11.2,11.7,124.5,127.6,121.6,1184.438,1142.456,1226.42,340.321,331.402,349.24,66.503,56.226,76.78,2.535,2.092,2.978,0.21100000000000002,0.096,0.326,0.092,0.048,0.136,6.229,5.902,6.556,6.229,5.902,6.556,9.239,8.424,10.054,9.239,8.424,10.054,9.436,8.536,10.336,9.436,8.536,10.336
2023-06-24T11:50:00Z,809034,362,17856,21,21,,91,91,,863.378,863.378,,,,,0.01,6,5.5,6.4,17.4,16.8,17.9,11.3,11,11.5,126.5,129.2,124,1156.944,1121.458,1192.43,330.871,324.55,337.192,62.36,56.262,68.458,2.428,2.626,2.23,0.257,0.34,0.174,0.172,0.3,0.044,6.063000000000001,5.806,6.32,6.063000000000001,5.806,6.32,8.789000000000001,8.21,9.368,8.789000000000001,8.21,9.368,8.991,8.508,9.474,8.991,8.508,9.474
2023-06-24T12:00:00Z,809634,359,17856,21,21,,91,91,,863.472,863.472,,,,,0.01,5.9,5.7,6.1,16.9,16.8,16.9,11.1,11,11.1,129,129.3,128.8,1123.634,1120.172,1127.096,322.39300000000003,325.664,319.122,62.443,57.672,67.214,2.423,2.092,2.754,0.252,0.14,0.364,0.122,0.14,0.104,5.877000000000001,5.87,5.884,5.877000000000001,5.87,5.884,8.568999999999999,8.296,8.842,8.568999999999999,8.296,8.842,8.778,8.46,9.096,8.778,8.46,9.096
2023-06-24T12:10:00Z,810234,355,18176,21,21,,91,91,,863.49,863.49,,,,,0.01,5.7,5.2,6.2,16.7,16.3,17.1,11,10.8,11.2,129.8,132.1,127.7,1113.129,1084.65,1141.608,318.196,309.826,326.566,59.538000000000004,51.956,67.12,2.186,2.146,2.226,0.158,0.178,0.138,0.09100000000000001,0.14,0.042,5.689,5.486,5.892,5.689,5.486,5.892,8.286,7.72,8.852,8.286,7.72,8.852,8.418000000000001,7.876,8.96,8.418000000000001,7.876,8.96
2023-06-24T12:20:00Z,810834,360,17856,21,21,,91,91,,863.384,863.384,,,,,0.01,5.5,5.1,5.9,16.2,16.2,16.3,10.8,10.8,10.8,132.2,132.4,132.1,1082.871,1080.602,1085.14,309.877,308.992,310.762,57.134,50.214,64.054,2.322,1.914,2.73,0.307,0.152,0.462,0.112,0.1,0.124,5.534000000000001,5.426,5.642,5.534000000000001,5.426,5.642,7.943,7.606,8.28,7.943,7.606,8.28,8.171,7.726,8.616,8.171,7.726,8.616
2023-06-24T12:30:00Z,811434,404,18176,21,21,,91,91,,863.52,863.52,,,,,0.01,5.7,5.4,6.1,16.4,15.9,17,10.9,10.7,11.1,131.2,134.3,128.3,1095.5729999999999,1058.164,1132.982,312.70799999999997,305.71,319.706,60.614000000000004,55.594,65.634,2.5709999999999997,2.44,2.702,0.425,0.362,0.488,0.19,0.264,0.116,5.651999999999999,5.398,5.906,5.651999999999999,5.398,5.906,8.289,7.858,8.72,8.289,7.858,8.72,8.625,8.166,9.084,8.625,8.166,9.084
2023-06-24T12:40:00Z,812034,352,17856,21,21,,91,91,,863.614,863.614,,,,,0.01,5.8,5.2,6.4,16.3,16,16.6,10.8,10.7,11,132,133.7,130.4,1085.9319999999998,1065.34,1106.524,313.18899999999996,309.416,316.962,61.871,51.456,72.286,2.726,2.536,2.916,0.296,0.216,0.376,0.15000000000000002,0.132,0.168,5.776999999999999,5.68,5.874,5.776999999999999,5.68,5.874,8.435,7.87,9,8.435,7.87,9,8.709,8.136,9.282,8.709,8.136,9.282
2023-06-24T12:50:00Z,812634,356,17536,21,21,,90.2,90.2,,863.726,863.726,,,,,0.01,5.7,5.4,6,16.6,16.5,16.7,11,10.9,11,130.4,130.9,129.9,1106.4160000000002,1100.268,1112.564,316.54499999999996,318.034,315.056,59.109,54.268,63.95,1.926,1.794,2.058,0.187,0.25,0.124,0.095,0.19,0,5.881,5.808,5.954,5.881,5.808,5.954,8.283,8.058,8.508,8.283,8.058,8.508,8.487,8.36,8.614,8.487,8.36,8.614
2023-06-24T13:00:00Z,813234,354,17856,21,21,,90,90,,863.746,863.746,,,,,0.01,5.8,5.1,6.5,17.2,16.3,18,11.2,10.9,11.5,127.5,131.7,123.5,1144.2150000000001,1089.386,1199.044,328.785,317.398,340.172,61.001,49.994,72.008,3.077,2.554,3.6,0.193,0.268,0.118,0.106,0.148,0.064,6.016,5.842,6.19,6.016,5.842,6.19,8.886,8.12,9.652,8.886,8.12,9.652,9.085,8.384,9.786,9.085,8.384,9.786
2023-06-24T13:10:00Z,813834,357,17856,21,21,,90,90,,863.89,863.89,,,,,0.01,5.7,5.3,6.1,16.9,16.7,17.2,11.1,11,11.2,128.6,129.8,127.5,1128.671,1113.846,1143.496,323.08299999999997,319.148,327.018,59.255,51.598,66.912,3.201,2.176,4.226,0.2,0.096,0.304,0.14600000000000002,0.096,0.196,6.018,5.896,6.14,6.018,5.896,6.14,8.684000000000001,8.206,9.162,8.684000000000001,8.206,9.162,8.876000000000001,8.352,9.4,8.876000000000001,8.352,9.4
2023-06-24T13:20:00Z,814434,355,17856,21,21,,90,90,,863.962,863.962,,,,,0.01,5.6,5,6.1,16.3,15.6,16.9,10.8,10.5,11.1,132.2,135.9,128.6,1083.643,1038.68,1128.606,310.69,301.746,319.634,58.376000000000005,50.496,66.256,2.793,2.77,2.816,0.38,0.456,0.304,0.23099999999999998,0.32,0.142,5.720000000000001,5.354,6.086,5.720000000000001,5.354,6.086,8.221,7.512,8.93,8.221,7.512,8.93,8.573,7.944,9.202,8.573,7.944,9.202
2023-06-24T13:30:00Z,815034,361,18176,21,21,,90,90,,863.986,863.986,,,,,0.01,5.5,5.1,5.8,16.4,16.2,16.6,10.9,10.8,11,131.3,132.4,130.2,1094.253,1080.444,1108.062,309.475,309.816,309.134,56.182,50.676,61.688,2.484,2.726,2.242,0.217,0.184,0.25,0.135,0.184,0.086,5.575,5.42,5.73,5.575,5.42,5.73,8.124,7.774,8.474,8.124,7.774,8.474,8.298,7.992,8.604,8.298,7.992,8.604
2023-06-24T13:40:00Z,815634,357,17536,21,21,,90,90,,864.026,864.026,,,,,0.01,5.9,5.5,6.2,17.1,16.6,17.5,11.1,11,11.3,128,130.2,125.8,1137.511,1108.314,1166.708,325.168,320.436,329.9,61.94500000000001,56.496,67.394,2.958,2.634,3.282,0.29400000000000004,0.258,0.33,0.097,0.114,0.08,5.915,5.74,6.09,5.915,5.74,6.09,8.639,8.186,9.092,8.639,8.186,9.092,8.893,8.442,9.344,8.893,8.442,9.344
2023-06-24T13:50:00Z,816234,353,17856,21,21,,90,90,,864.13,864.13,,,,,0.01,6.4,6.2,6.7,18.6,18.6,18.7,11.7,11.7,11.8,120.5,120.8,120.2,1242.415,1237.654,1247.176,353.989,355.542,352.436,68.60499999999999,63.782,73.428,3.351,2.862,3.84,0.488,0.256,0.72,0.304,0.256,0.352,6.515000000000001,6.432,6.598,6.515000000000001,6.432,6.598,9.636,9.4,9.872,9.636,9.4,9.872,10.043,9.64,10.446,10.043,9.64,10.446
2023-06-24T14:00:00Z,816834,351,18176,21,21,,90,90,,864.164,864.164,,,,,0.01,7.5,7.2,7.8,20.9,20.6,21.2,12.6,12.4,12.7,111.2,112.4,109.9,1393.6660000000002,1371.574,1415.758,400.438,397.976,402.9,81.464,75.88,87.048,4.356,3.77,4.942,0.634,0.518,0.75,0.367,0.518,0.216,7.58,7.538,7.622,7.58,7.538,7.622,11.34,10.998,11.682,11.34,10.998,11.682,11.82,11.466,12.174,11.82,11.466,12.174
2023-06-24T14:10:00Z,817434,350,18176,21,21,,90,90,,864.242,864.242,,,,,0.01,7.7,7.2,8.3,22.1,21.3,22.9,13,12.7,13.2,106.8,109.7,104,1473.0729999999999,1419.072,1527.074,425.749,414.4,437.098,83.018,74.19,91.846,4.618,4.132,5.104,0.48,0.25,0.71,0.317,0.25,0.384,7.891,7.736,8.046,7.891,7.736,8.046,11.943,11.286,12.6,11.943,11.286,12.6,12.359,11.53,13.188,12.359,11.53,13.188
2023-06-24T14:20:00Z,818034,349,17856,21,21,,90,90,,864.182,864.182,,,,,0.01,8.2,7.4,9.1,23.7,22.7,24.8,13.5,13.1,13.8,101.4,104.8,98.2,1581.446,1511.726,1651.166,454.38800000000003,436.272,472.504,88.435,74.412,102.458,5.029,3.992,6.066,0.581,0.348,0.814,0.267,0.348,0.186,8.548,8.276,8.82,8.548,8.276,8.82,12.872,11.772,13.972,12.872,11.772,13.972,13.312999999999999,12.148,14.478,13.312999999999999,12.148,14.478
2023-06-24T14:30:00Z,818634,356,17856,21,21,,90,90,,864.256,864.256,,,,,0.01,8.6,7.8,9.4,24.4,23.2,25.7,13.7,13.3,14.1,99.2,103.1,95.6,1628.656,1546.336,1710.976,467.943,450.562,485.324,92.572,80.736,104.408,4.907,4.196,5.618,0.497,0.776,0.218,0.257,0.464,0.05,8.704,8.166,9.242,8.704,8.166,9.242,13.219999999999999,12.004,14.436,13.219999999999999,12.004,14.436,13.629000000000001,12.65,14.608,13.629000000000001,12.65,14.608
2023-06-24T14:40:00Z,819234,381,17536,21,21,,90,90,,864.336,864.336,,,,,0.01,9,8.4,9.6,25.5,24.9,26.2,14,13.8,14.2,96,97.8,94.2,1701.296,1658.986,1743.606,490.653,480.068,501.238,97.881,88.23,107.532,5.852,5.304,6.4,0.455,0.448,0.462,0.20299999999999999,0.356,0.05,9.289,9.064,9.514,9.289,9.064,9.514,14.036999999999999,13.292,14.782,14.036999999999999,13.292,14.782,14.428,13.742,15.114,14.428,13.742,15.114
2023-06-24T14:50:00Z,819834,355,18176,22,22,,90,90,,864.46,864.46,,,,,0.01,9,8.4,9.6,25.9,25.7,26.1,14.1,14.1,14.2,95,95.6,94.4,1725.6680000000001,1710.752,1740.584,494.461,495.002,493.92,95.999,85.094,106.904,4.939,4.088,5.79,0.46399999999999997,0.514,0.414,0.225,0.274,0.176,9.363,9.396,9.33,9.363,9.396,9.33,13.876999999999999,13.15,14.604,13.876999999999999,13.15,14.604,14.266,13.548,14.984,14.266,13.548,14.984
2023-06-24T15:00:00Z,820434,361,17856,22,22,,90,90,,864.63,864.63,,,,,0.01,9,8.6,9.4,26,25.9,26.1,14.1,14.1,14.2,94.7,95,94.5,1731.2959999999998,1724.946,1737.646,496.33799999999997,499.426,493.25,96.934,89.924,103.944,5.473,5.298,5.648,0.548,0.406,0.69,0.205,0.292,0.118,9.254999999999999,9.198,9.312,9.254999999999999,9.198,9.312,14.030000000000001,13.634,14.426,14.030000000000001,13.634,14.426,14.434000000000001,13.99,14.878,14.434000000000001,13.99,14.878
2023-06-24T15:10:00Z,821034,352,18176,22,22,,90,90,,864.648,864.648,,,,,0.01,8.7,8,9.4,25,24.3,25.8,13.9,13.7,14.1,97.4,99.6,95.2,1669.9299999999998,1620.216,1719.644,478.68,467.628,489.732,92.904,82.386,103.422,5.157,5.268,5.046,0.487,0.388,0.586,0.208,0.298,0.118,9.081,8.862,9.3,9.081,8.862,9.3,13.527999999999999,12.888,14.168,13.527999999999999,12.888,14.168,13.918,13.278,14.558,13.918,13.278,14.558
2023-06-24T15:20:00Z,821634,365,18176,22,22,,90,90,,864.698,864.698,,,,,0.01,8.4,7.9,8.9,24,24,24.1,13.6,13.6,13.6,100.4,100.5,100.4,1602.0970000000002,1600.832,1603.362,457.113,458.546,455.68,90.574,81.264,99.884,4.9830000000000005,4.8,5.166,0.391,0.42,0.362,0.201,0.232,0.17,8.686,8.776,8.596,8.686,8.776,8.596,12.986999999999998,12.652,13.322,12.986999999999998,12.652,13.322,13.328,13.08,13.576,13.328,13.08,13.576
2023-06-24T15:30:00Z,822234,360,17856,22.6,22.6,,90,90,,864.718,864.718,,,,,0.01,8.1,7.5,8.8,23.4,22.3,24.4,13.4,13,13.7,102.5,106.1,99.2,1558.047,1487.172,1628.922,444.33500000000004,429.264,459.406,87.188,76.726,97.65,4.568,3.818,5.318,0.404,0.42,0.388,0.255,0.286,0.224,8.453,8.148,8.758,8.453,8.148,8.758,12.565000000000001,11.73,13.4,12.565000000000001,11.73,13.4,12.893,12.068,13.718,12.893,12.068,13.718
2023-06-24T15:40:00Z,822834,382,17536,23,23,,90,90,,864.844,864.844,,,,,0.01,7.7,6.9,8.4,21.5,20.6,22.5,12.8,12.4,13.1,108.9,112.5,105.5,1434.667,1370.844,1498.49,411.6,398.502,424.698,82.578,70.894,94.262,3.606,3.168,4.044,0.352,0.328,0.376,0.20500000000000002,0.278,0.132,7.753,7.432,8.074,7.753,7.432,8.074,11.494,10.632,12.356,11.494,10.632,12.356,11.806000000000001,11.026,12.586,11.806000000000001,11.026,12.586
2023-06-24T15:50:00Z,823434,349,17856,23,23,,90,90,,864.84,864.84,,,,,0.01,7.5,6.8,8.1,21.1,20.2,21.9,12.6,12.3,12.9,110.5,113.8,107.4,1405.3229999999999,1349.072,1461.574,404.776,391.786,417.766,80.387,70.704,90.07,3.976,3.382,4.57,0.11399999999999999,0.048,0.18,0.086,0.048,0.124,7.519,7.26,7.778,7.519,7.26,7.778,11.396,10.684,12.108,11.396,10.684,12.108,11.533999999999999,10.772,12.296,11.533999999999999,10.772,12.296
2023-06-24T16:00:00Z,824034,350,17536,23,23,,89.4,89.4,,864.838,864.838,,,,,0.01,7.4,6.8,7.9,20.5,19.8,21.2,12.4,12.2,12.7,112.6,115.4,110,1368.2040000000002,1322.046,1414.362,397.448,386.826,408.07,79.875,71.35,88.4,3.762,3.65,3.874,0.261,0.33,0.192,0.088,0.176,0,7.4030000000000005,7.208,7.598,7.4030000000000005,7.208,7.598,11.118,10.542,11.694,11.118,10.542,11.694,11.326,10.816,11.836,11.326,10.816,11.836
2023-06-24T16:10:00Z,824634,354,18176,23,23,,89.2,89.2,,864.838,864.838,,,,,0.01,7.2,6.9,7.5,20.4,20.3,20.6,12.4,12.3,12.4,112.9,113.5,112.4,1362.858,1352.944,1372.772,391.29499999999996,394.368,388.222,76.757,71.542,81.972,3.159,3.068,3.25,0.192,0.184,0.2,0.133,0.184,0.082,7.359,7.336,7.382,7.359,7.336,7.382,10.855,10.578,11.132,10.855,10.578,11.132,11.039,10.782,11.296,11.039,10.782,11.296
2023-06-24T16:20:00Z,825234,351,18176,23,23,,89,89,,864.738,864.738,,,,,0.01,7.2,6.7,7.7,20,19.3,20.7,12.2,12,12.5,114.8,117.6,112.1,1332.016,1287.324,1376.708,385.25699999999995,376.96,393.554,77.299,69.156,85.442,3.082,2.542,3.622,0.252,0.298,0.206,0.16799999999999998,0.208,0.128,7.122999999999999,6.93,7.316,7.122999999999999,6.93,7.316,10.724,10.074,11.374,10.724,10.074,11.374,10.945,10.276,11.614,10.945,10.276,11.614
2023-06-24T16:30:00Z,825834,356,17856,23,23,,89,89,,864.514,864.514,,,,,0.01,7.4,6.9,7.8,20.7,20.3,21.1,12.5,12.3,12.6,111.9,113.4,110.3,1381.4830000000002,1354.336,1408.63,398.988,395.942,402.034,79.357,72.1,86.614,3.614,3.744,3.484,0.313,0.35,0.276,0.22599999999999998,0.306,0.146,7.548,7.338,7.758,7.548,7.338,7.758,11.127,10.778,11.476,11.127,10.778,11.476,11.407,11.134,11.68,11.407,11.134,11.68
2023-06-24T16:40:00Z,826434,348,17856,23,23,,89,89,,864.382,864.382,,,,,0.01,8.1,7.6,8.6,22.3,21.8,22.8,13,12.8,13.2,106.2,108,104.5,1484.6680000000001,1451.534,1517.802,430.606,424.252,436.96,87.90899999999999,79.472,96.346,3.932,3.476,4.388,0.23099999999999998,0.226,0.236,0.127,0.14,0.114,8.083,7.886,8.28,8.083,7.886,8.28,12.133,11.476,12.79,12.133,11.476,12.79,12.335,11.67,13,12.335,11.67,13
2023-06-24T16:50:00Z,827034,359,18176,23,23,,89,89,,864.33,864.33,,,,,0.01,8.6,7.9,9.2,24,23.7,24.3,13.6,13.5,13.7,100.6,101.5,99.6,1599.251,1578.376,1620.126,460.674,458.37,462.978,92.707,81.914,103.5,4.615,4.298,4.932,0.324,0.398,0.25,0.166,0.332,0,8.892,8.868,8.916,8.892,8.868,8.916,13.201,12.498,13.904,13.201,12.498,13.904,13.497,12.876,14.118,13.497,12.876,14.118
2023-06-24T17:00:00Z,827634,349,17856,23,23,,89,89,,864.342,864.342,,,,,0.01,9.4,8.7,10.1,26.1,25.1,27,14.2,13.9,14.5,94.4,97.1,91.9,1739.2469999999998,1675.234,1803.26,501.18100000000004,485.646,516.716,102.44900000000001,90.65,114.248,5.63,4.116,7.144,0.511,0.322,0.7,0.213,0.204,0.222,9.549,9.254,9.844,9.549,9.254,9.844,14.578,13.58,15.576,14.578,13.58,15.576,15.021,13.916,16.126,15.021,13.916,16.126
2023-06-24T17:10:00Z,828234,351,18176,23,23,,89,89,,864.392,864.392,,,,,0.01,10.5,10,11,28.8,28.3,29.2,14.9,14.8,15.1,87.5,88.6,86.5,1919.763,1889.54,1949.986,552.229,548.144,556.314,115.018,106.754,123.282,5.405,5.086,5.724,0.638,0.74,0.536,0.356,0.504,0.208,10.677,10.364,10.99,10.677,10.364,10.99,15.907,15.388,16.426,15.907,15.388,16.426,16.427999999999997,16.028,16.828,16.427999999999997,16.028,16.828
2023-06-24T17:20:00Z,828834,347,17856,23,23,,89,89,,864.41,864.41,,,,,0.01,10.4,9.7,11.1,29.3,28.6,30,15.1,14.9,15.3,86.4,88.1,84.8,1951.201,1903.466,1998.936,559.492,549.754,569.23,113.708,103,124.416,6.498,6.48,6.516,0.571,0.664,0.478,0.3,0.476,0.124,10.721,10.546,10.896,10.721,10.546,10.896,16.394000000000002,15.63,17.158,16.394000000000002,15.63,17.158,16.872999999999998,16.2,17.546,16.872999999999998,16.2,17.546
2023-06-24T17:30:00Z,829434,351,17856,23,23,,89,89,,864.444,864.444,,,,,0.01,10.9,10,11.7,30.7,29.4,32,15.4,15.1,15.8,83.3,86.2,80.6,2045.27,1956.794,2133.746,586.1769999999999,568.102,604.252,117.17699999999999,105.472,128.882,5.657,5.538,5.776,0.354,0.232,0.476,0.187,0.228,0.146,11.485,11.12,11.85,11.485,11.12,11.85,17.073999999999998,16.236,17.912,17.073999999999998,16.236,17.912,17.378999999999998,16.522,18.236,17.378999999999998,16.522,18.236
2023-06-24T17:40:00Z,830034,355,17536,23,23,,89,89,,864.566,864.566,,,,,0.01,10.6,10,11.2,29.4,28.6,30.2,15.1,14.9,15.3,86.1,88.1,84.3,1959.542,1904.026,2015.058,562.001,552.008,571.994,117.976,108.134,127.818,7.095,6.574,7.616,0.452,0.554,0.35,0.299,0.442,0.156,10.675,10.36,10.99,10.675,10.36,10.99,16.533,15.712,17.354,16.533,15.712,17.354,16.982,16.298,17.666,16.982,16.298,17.666
2023-06-24T17:50:00Z,830634,356,18176,23,23,,89,89,,864.724,864.724,,,,,0.01,10.8,10.3,11.2,29.7,29.1,30.2,15.2,15,15.3,85.5,86.7,84.3,1978.2849999999999,1942.972,2013.598,569.293,563.95,574.636,118.321,109.904,126.738,5.889,4.988,6.79,0.52,0.586,0.454,0.253,0.488,0.018,11.071,10.918,11.224,11.071,10.918,11.224,16.705,15.962,17.448,16.705,15.962,17.448,17.130000000000003,16.506,17.754,17.130000000000003,16.506,17.754
2023-06-24T18:00:00Z,831234,356,18176,23,23,,89,89,,864.75,864.75,,,,,0.01,10.2,9.5,11,28.5,27.7,29.3,14.9,14.7,15.1,88.1,90.1,86.3,1902.924,1849.93,1955.918,548.7660000000001,539.402,558.13,111.78399999999999,99.47,124.098,6.12,5.574,6.666,0.308,0.314,0.302,0.145,0.216,0.074,10.58,10.336,10.824,10.58,10.336,10.824,16.149,15.344,16.954,16.149,15.344,16.954,16.392,15.618,17.166,16.392,15.618,17.166
2023-06-24T18:10:00Z,831834,348,17856,22.8,22.8,,89,89,,864.57,864.57,,,,,0.01,9.9,9,10.8,27.5,26.5,28.4,14.6,14.3,14.8,90.8,93.2,88.4,1831.647,1768.042,1895.252,528.148,514.076,542.22,108.612,93.214,124.01,6.0649999999999995,4.144,7.986,0.44499999999999995,0.29,0.6,0.147,0.244,0.05,10.041,9.69,10.392,10.041,9.69,10.392,15.288,13.874,16.702,15.288,13.874,16.702,15.715,14.242,17.188,15.715,14.242,17.188
2023-06-24T18:20:00Z,832434,359,17856,22,22,,89,89,,864.528,864.528,,,,,0.01,9.7,9.2,10.2,26.7,26.2,27.2,14.4,14.2,14.5,92.7,94,91.3,1782.905,1749.508,1816.302,514.138,509.732,518.544,108.214,99.12,117.308,6.194000000000001,5.182,7.206,0.43199999999999994,0.566,0.298,0.262,0.476,0.048,9.736,9.618,9.854,9.736,9.618,9.854,15.18,14.438,15.922,15.18,14.438,15.922,15.498999999999999,14.85,16.148,15.498999999999999,14.85,16.148
2023-06-24T18:30:00Z,833034,351,18176,22,22,,89,89,,864.496,864.496,,,,,0.01,9.2,8.4,10,25.8,25.1,26.4,14.1,13.9,14.3,95.2,97.1,93.5,1719.175,1676.502,1761.848,493.608,483.788,503.428,100.28299999999999,86.954,113.612,5.138999999999999,4.818,5.46,0.29000000000000004,0.194,0.386,0.194,0.144,0.244,9.372,9.098,9.646,9.372,9.098,9.646,14.263,13.35,15.176,14.263,13.35,15.176,14.545,13.57,15.52,14.545,13.57,15.52
2023-06-24T18:40:00Z,833634,357,17856,22,22,,88.8,88.8,,864.482,864.482,,,,,0.01,8.7,8.2,9.2,24.2,23.7,24.6,13.6,13.5,13.8,100,101.5,98.6,1610.299,1578.198,1642.4,462.80100000000004,460.528,465.074,94.753,86.342,103.164,4.2059999999999995,4.512,3.9,0.242,0.174,0.31,0.112,0.128,0.096,8.774999999999999,8.53,9.02,8.774999999999999,8.53,9.02,13.125,12.75,13.5,13.125,12.75,13.5,13.346,12.99,13.702,13.346,12.99,13.702
2023-06-24T18:50:00Z,834234,353,17856,22,22,,88,88,,864.62,864.62,,,,,0.01,8.8,8.3,9.3,24.3,23.8,24.9,13.7,13.5,13.8,99.5,101.3,97.9,1621.3609999999999,1584.152,1658.57,465.898,463.76,468.036,96.428,87.932,104.924,5.01,4.474,5.546,0.33999999999999997,0.438,0.242,0.246,0.394,0.098,8.836,8.852,8.82,8.836,8.852,8.82,13.449000000000002,12.944,13.954,13.449000000000002,12.944,13.954,13.797,13.39,14.204,13.797,13.39,14.204
2023-06-24T19:00:00Z,834834,357,17856,22,22,,88,88,,864.514,864.514,,,,,0.01,8.8,8.2,9.4,24.6,23.9,25.4,13.8,13.5,14,98.5,100.9,96.3,1643.231,1591.614,1694.848,468.25,455.284,481.216,97.127,88.954,105.3,5.981,6.4,5.562,0.377,0.286,0.468,0.224,0.184,0.264,8.934000000000001,8.664,9.204,8.934000000000001,8.664,9.204,13.664000000000001,13.034,14.294,13.664000000000001,13.034,14.294,13.998999999999999,13.302,14.696,13.998999999999999,13.302,14.696
2023-06-24T19:10:00Z,835434,352,18176,22,22,,88,88,,864.506,864.506,,,,,0.01,8.7,8,9.4,24.4,23.7,25.1,13.7,13.5,13.9,99.3,101.4,97.3,1626.9099999999999,1581.668,1672.152,464.696,455.624,473.768,95.241,83.934,106.548,4.977,4.184,5.77,0.39,0.492,0.288,0.215,0.408,0.022,9.008,8.814,9.202,9.008,8.814,9.202,13.594,12.764,14.424,13.594,12.764,14.424,13.911,13.168,14.654,13.911,13.168,14.654
2023-06-24T19:20:00Z,836034,368,17856,22,22,,88,88,,864.61,864.61,,,,,0.01,8.3,7.8,8.7,23.5,23.2,23.9,13.4,13.3,13.5,102,103.2,100.9,1568.583,1544.648,1592.518,453.24699999999996,449.246,457.248,88.679,81.4,95.958,4.689,4.416,4.962,0.364,0.388,0.34,0.219,0.388,0.05,8.577,8.384,8.77,8.577,8.384,8.77,12.847000000000001,12.23,13.464,12.847000000000001,12.23,13.464,13.135,12.558,13.712,13.135,12.558,13.712
2023-06-24T19:30:00Z,836634,352,18176,21,21,,88,88,,864.672,864.672,,,,,0.01,8.3,7.7,9,23.5,22.5,24.6,13.4,13.1,13.7,102,105.4,98.7,1569.557,1499.788,1639.326,448.28999999999996,435.378,461.202,90.97399999999999,81.198,100.75,4.952,4.64,5.264,0.175,0.168,0.182,0.064,0.128,0,8.548,8.3,8.796,8.548,8.3,8.796,13.016,12.19,13.842,13.016,12.19,13.842,13.187000000000001,12.394,13.98,13.187000000000001,12.394,13.98
2023-06-24T19:40:00Z,837234,353,18176,21,21,,88,88,,864.65,864.65,,,,,0.01,8.5,7.8,9.2,23.3,22.7,24,13.4,13.1,13.6,102.6,104.9,100.4,1556.416,1510.53,1602.302,448.34799999999996,439.972,456.724,93.321,82.228,104.414,4.641,4.21,5.072,0.588,0.596,0.58,0.344,0.378,0.31,8.535,8.414,8.656,8.535,8.414,8.656,12.886,12.178,13.594,12.886,12.178,13.594,13.369,12.698,14.04,13.369,12.698,14.04
2023-06-24T19:50:00Z,837834,360,18176,21,21,,88,88,,864.598,864.598,,,,,0.01,8.4,8,8.9,23.8,22.9,24.6,13.5,13.2,13.7,101.2,103.9,98.6,1585.3220000000001,1529.852,1640.792,455.398,442.234,468.562,92.044,85.508,98.58,5.08,5,5.16,0.352,0.496,0.208,0.202,0.312,0.092,8.568000000000001,8.256,8.88,8.568000000000001,8.256,8.88,13.048,12.438,13.658,13.048,12.438,13.658,13.379,12.918,13.84,13.379,12.918,13.84
2023-06-24T20:00:00Z,838434,352,17856,21,21,,88,88,,864.426,864.426,,,,,0.01,8.8,8.2,9.4,24.3,23.8,24.8,13.7,13.5,13.8,99.6,101.1,98.1,1620.6599999999999,1587.514,1653.806,467.86,461.05,474.67,95.815,87.11,104.52,4.6,4.95,4.25,0.5369999999999999,0.346,0.728,0.22799999999999998,0.146,0.31,8.93,8.806,9.054,8.93,8.806,9.054,13.431000000000001,12.992,13.87,13.431000000000001,12.992,13.87,13.892,13.322,14.462,13.892,13.322,14.462
2023-06-24T20:10:00Z,839034,374,17856,21,21,,88,88,,864.392,864.392,,,,,0.01,8.4,7.6,9.2,23.8,22.7,24.9,13.5,13.2,13.8,101.1,104.7,97.7,1588.2040000000002,1513.998,1662.41,453.298,436.926,469.67,91.136,79.756,102.516,4.365,4.542,4.188,0.439,0.61,0.268,0.27499999999999997,0.472,0.078,8.719000000000001,8.432,9.006,8.719000000000001,8.432,9.006,12.896,12.104,13.688,12.896,12.104,13.688,13.296,12.65,13.942,13.296,12.65,13.942
2023-06-24T20:20:00Z,839634,351,18176,21,21,,88,88,,864.416,864.416,,,,,0.01,8.4,8,8.8,23.6,22.9,24.4,13.4,13.2,13.7,101.7,104.2,99.3,1575.192,1524.702,1625.682,452.483,442.83,462.136,90.94999999999999,85.904,95.996,4.659,5.612,3.706,0.42100000000000004,0.54,0.302,0.216,0.432,0,8.675,8.266,9.084,8.675,8.266,9.084,12.879999999999999,12.312,13.448,12.879999999999999,12.312,13.448,13.227,12.822,13.632,13.227,12.822,13.632
2023-06-24T20:30:00Z,840234,355,17856,21,21,,87.4,87.4,,864.346,864.346,,,,,0.01,8.3,7.6,9,22.9,21.9,23.9,13.2,12.9,13.5,104,107.4,100.9,1527.013,1461.91,1592.116,443.30100000000004,429.208,457.394,89.338,79.258,99.418,3.5060000000000002,3.29,3.722,0.163,0.116,0.21,0.051,0.102,0,8.397,8.028,8.766,8.397,8.028,8.766,12.513,11.62,13.406,12.513,11.62,13.406,12.628,11.734,13.522,12.628,11.734,13.522
2023-06-24T20:40:00Z,840834,441,17856,21,21,,87,87,,864.21,864.21,,,,,0.01,7.8,7.2,8.4,22.3,21.6,23,13,12.8,13.2,106.2,108.6,103.8,1485.278,1439.51,1531.046,425.98900000000003,417.088,434.89,83.259,73.152,93.366,3.516,2.652,4.38,0.27,0.242,0.298,0.07,0.096,0.044,8.056000000000001,7.942,8.17,8.056000000000001,7.942,8.17,11.759,11,12.518,11.759,11,12.518,12.013,11.27,12.756,12.013,11.27,12.756
2023-06-24T20:50:00Z,841434,371,18176,21,21,,87,87,,864.274,864.274,,,,,0.01,8.1,7.6,8.7,22.6,22.2,23,13.1,13,13.3,105,106.3,103.6,1508.689,1482.544,1534.834,433.058,429.352,436.764,88.328,78.5,98.156,3.876,3.588,4.164,0.498,0.236,0.76,0.223,0.186,0.26,8.229,8.15,8.308,8.229,8.15,8.308,12.16,11.78,12.54,12.16,11.78,12.54,12.577,12.068,13.086,12.577,12.068,13.086
2023-06-24T21:00:00Z,842034,355,17536,21,21,,87,87,,864.438,864.438,,,,,0.01,8,7.5,8.5,22.7,22.4,23.1,13.2,13.1,13.3,104.6,105.7,103.5,1516.183,1493.774,1538.592,435.802,432,439.604,86.376,76.912,95.84,4.3,2.986,5.614,0.496,0.416,0.576,0.22499999999999998,0.284,0.166,8.293,8.064,8.522,8.293,8.064,8.522,12.335,11.636,13.034,12.335,11.636,13.034,12.705,11.974,13.436,12.705,11.974,13.436
2023-06-24T21:10:00Z,842634,356,17856,21,21,,87,87,,864.544,864.544,,,,,0.01,8.4,7.7,9,23.1,22.4,23.8,13.3,13.1,13.5,103.4,105.7,101.1,1540.65,1494.456,1586.844,444.06,436.416,451.704,91.91300000000001,81.174,102.652,4.825,4.61,5.04,0.532,0.342,0.722,0.29800000000000004,0.256,0.34,8.296,8.068,8.524,8.296,8.068,8.524,12.764,12.106,13.422,12.764,12.106,13.422,13.175,12.426,13.924,13.175,12.426,13.924
2023-06-24T21:20:00Z,843234,356,18176,21,21,,87,87,,864.572,864.572,,,,,0.01,8.1,7.4,8.9,22.6,21.7,23.6,13.1,12.8,13.4,105,108.3,101.9,1507.321,1444.402,1570.24,433.83299999999997,419.498,448.168,89.167,77.196,101.138,4.788,3.526,6.05,0.395,0.326,0.464,0.20600000000000002,0.164,0.248,7.9990000000000006,7.61,8.388,7.9990000000000006,7.61,8.388,12.366,11.186,13.546,12.366,11.186,13.546,12.682,11.458,13.906,12.682,11.458,13.906
2023-06-24T21:30:00Z,843834,359,18176,21,21,,87,87,,864.5,864.5,,,,,0.01,8.2,7.4,8.9,22.7,22,23.3,13.1,12.9,13.4,104.8,107.2,102.6,1511.239,1466.238,1556.24,434.88199999999995,428.698,441.066,88.531,75.698,101.364,3.635,3.102,4.168,0.42400000000000004,0.552,0.296,0.272,0.426,0.118,8.25,8.116,8.384,8.25,8.116,8.384,12.215,11.38,13.05,12.215,11.38,13.05,12.599,11.922,13.276,12.599,11.922,13.276
2023-06-24T21:40:00Z,844434,355,18176,21,21,,87,87,,864.418,864.418,,,,,0.01,8.5,7.9,9,23.3,22.8,23.8,13.3,13.2,13.5,102.8,104.4,101.2,1551.972,1518.904,1585.04,445.254,442.524,447.984,93.747,84.442,103.052,5.099,4.346,5.852,0.419,0.264,0.574,0.213,0.22,0.206,8.495999999999999,8.418,8.574,8.495999999999999,8.418,8.574,13.004000000000001,12.438,13.57,13.004000000000001,12.438,13.57,13.376999999999999,12.746,14.008,13.376999999999999,12.746,14.008
2023-06-24T21:50:00Z,845034,351,18176,21,21,,87,87,,864.406,864.406,,,,,0.01,8.5,7.9,9.1,23.7,22.9,24.4,13.5,13.2,13.7,101.5,103.9,99.3,1578.377,1529.53,1627.224,454.578,443.27,465.886,92.47200000000001,83.908,101.036,4.681,4.912,4.45,0.517,0.518,0.516,0.226,0.316,0.136,8.68,8.488,8.872,8.68,8.488,8.872,13.048,12.536,13.56,13.048,12.536,13.56,13.408999999999999,12.964,13.854,13.408999999999999,12.964,13.854
2023-06-24T22:00:00Z,845634,355,17536,21.2,21.2,,87,87,,864.372,864.372,,,,,0.01,8.5,7.7,9.4,23.3,22.2,24.5,13.3,13,13.7,102.6,106.6,99,1555.4180000000001,1477.42,1633.416,449.83299999999997,432.562,467.104,94.77199999999999,81.422,108.122,5.628,4.766,6.49,0.544,0.362,0.726,0.355,0.308,0.402,8.612,8.212,9.012,8.612,8.212,9.012,13.254999999999999,12.282,14.228,13.254999999999999,12.282,14.228,13.687999999999999,12.612,14.764,13.687999999999999,12.612,14.764
2023-06-24T22:10:00Z,846234,351,17856,22,22,,87,87,,864.356,864.356,,,,,0.01,8.6,8,9.3,23.9,23,24.9,13.5,13.3,13.8,100.7,103.6,97.9,1596.6109999999999,1535.604,1657.618,461.102,446.264,475.94,94.32,84.256,104.384,4.713,4.314,5.112,0.529,0.466,0.592,0.222,0.194,0.25,8.732,8.422,9.042,8.732,8.422,9.042,13.185,12.368,14.002,13.185,12.368,14.002,13.623000000000001,12.786,14.46,13.623000000000001,12.786,14.46
2023-06-24T22:20:00Z,846834,354,18176,22,22,,87,87,,864.392,864.392,,,,,0.01,9.1,8.3,10,25.7,24.8,26.6,14.1,13.8,14.3,95.4,98.1,92.9,1715.121,1653.992,1776.25,494.053,480.332,507.774,100.033,86.494,113.572,6.313,5.97,6.656,0.5640000000000001,0.328,0.8,0.352,0.284,0.42,9.414000000000001,9.098,9.73,9.414000000000001,9.098,9.73,14.353,13.5,15.206,14.353,13.5,15.206,14.815,13.844,15.786,14.815,13.844,15.786
2023-06-24T22:30:00Z,847434,362,17856,22,22,,86.8,86.8,,864.356,864.356,,,,,0.01,9.4,8.7,10.1,25.8,24.7,26.8,14.1,13.8,14.4,95.3,98.4,92.4,1717.426,1645.26,1789.592,491.231,474.47,507.992,103.768,92.958,114.578,5.016,4.756,5.276,0.489,0.548,0.43,0.241,0.338,0.144,9.378,8.868,9.888,9.378,8.868,9.888,14.281,13.368,15.194,14.281,13.368,15.194,14.672,13.836,15.508,14.672,13.836,15.508
2023-06-24T22:40:00Z,848034,356,17536,22,22,,87,87,,864.374,864.374,,,,,0.01,9,8.1,9.8,25.4,24.4,26.3,14,13.7,14.3,96.4,99.2,93.7,1692.635,1628.908,1756.362,485.78700000000003,471.404,500.17,98.021,85.264,110.778,5.725,5.634,5.816,0.597,0.47,0.724,0.307,0.296,0.318,9.297,8.93,9.664,9.297,8.93,9.664,14.16,13.294,15.026,14.16,13.294,15.026,14.552,13.632,15.472,14.552,13.632,15.472
2023-06-24T22:50:00Z,848634,357,18176,22,22,,87,87,,864.366,864.366,,,,,0.01,9.3,8.7,9.9,25.8,25,26.6,14.1,13.8,14.3,95.3,97.6,93,1719.067,1663.358,1774.776,494.784,481.854,507.714,102.099,92.676,111.522,5.588,5.248,5.928,0.747,0.622,0.872,0.38,0.51,0.25,9.422,9.118,9.726,9.422,9.118,9.726,14.203,13.53,14.876,14.203,13.53,14.876,14.81,14.118,15.502,14.81,14.118,15.502
2023-06-24T23:00:00Z,849234,347,17536,22,22,,87,87,,864.354,864.354,,,,,0.01,9.4,8.7,10,26.5,26,27.1,14.3,14.2,14.5,93.2,94.7,91.8,1768.5430000000001,1732.46,1804.626,507.24,498.97,515.51,102.418,90.886,113.95,5.938000000000001,4.594,7.282,0.294,0.17,0.418,0.11399999999999999,0.124,0.104,9.586,9.55,9.622,9.586,9.55,9.622,14.865,14.084,15.646,14.865,14.084,15.646,15.067,14.23,15.904,15.067,14.23,15.904
2023-06-24T23:10:00Z,849834,357,18176,22,22,,87,87,,864.262,864.262,,,,,0.01,9.4,8.6,10.2,26.4,25.4,27.4,14.3,14,14.6,93.6,96.4,91,1759.203,1692.562,1825.844,505.986,491.882,520.09,103.592,92.574,114.61,6.103,7.058,5.148,0.436,0.598,0.274,0.238,0.434,0.042,9.586,9.336,9.836,9.586,9.336,9.836,14.724,14.178,15.27,14.724,14.178,15.27,15.087,14.716,15.458,15.087,14.716,15.458
2023-06-24T23:20:00Z,850434,363,17536,22,22,,87,87,,864.276,864.276,,,,,0.01,9.5,8.8,10.2,26.2,25.5,26.8,14.2,14,14.4,94.1,95.9,92.4,1746.2469999999998,1702.886,1789.608,502.606,494.84,510.372,104.824,93.6,116.048,6.014,6.04,5.988,0.532,0.454,0.61,0.271,0.36,0.182,9.542,9.418,9.666,9.542,9.418,9.666,14.785,14.176,15.394,14.785,14.176,15.394,15.274000000000001,14.642,15.906,15.274000000000001,14.642,15.906
2023-06-24T23:30:00Z,851034,351,17536,22,22,,87,87,,864.252,864.252,,,,,0.01,9.7,9.1,10.3,26.9,26.1,27.6,14.4,14.2,14.6,92.3,94.4,90.4,1790.6979999999999,1740.02,1841.376,512.409,503.066,521.752,107.77199999999999,98.826,116.718,6.28,5.884,6.676,0.46099999999999997,0.498,0.424,0.22,0.358,0.082,9.713999999999999,9.524,9.904,9.713999999999999,9.524,9.904,14.931,14.274,15.588,14.931,14.274,15.588,15.321,14.696,15.946,15.321,14.696,15.946
2023-06-24T23:40:00Z,851634,350,17856,22,22,,87,87,,864.196,864.196,,,,,0.01,9.6,8.9,10.2,26.8,26.2,27.5,14.4,14.2,14.6,92.4,94.1,90.8,1788.571,1746.106,1831.036,511.48400000000004,503.946,519.022,104.643,92.874,116.412,5.617,4.266,6.968,0.618,0.648,0.588,0.305,0.43,0.18,9.865,9.742,9.988,9.865,9.742,9.988,15.016,14.102,15.93,15.016,14.102,15.93,15.413999999999998,14.588,16.24,15.413999999999998,14.588,16.24
2023-06-24T23:50:00Z,852234,354,18176,22,22,,87,87,,864.162,864.162,,,,,0.01,9.7,8.9,10.5,26.7,25.7,27.7,14.4,14.1,14.6,92.7,95.4,90.2,1780.716,1715.45,1845.982,510.611,498.67,522.552,105.106,92.45,117.762,4.029,3.578,4.48,0.357,0.376,0.338,0.21700000000000003,0.278,0.156,9.965,9.684,10.246,9.965,9.684,10.246,14.823,13.956,15.69,14.823,13.956,15.69,15.108,14.252,15.964,15.108,14.252,15.964
2023-06-25T00:00:00Z,852834,360,17856,22,22,,87,87,,864.12,864.12,,,,,0.01,9.7,9.3,10,26.9,26.6,27.2,14.4,14.3,14.5,92.3,93.2,91.5,1791.071,1770.366,1811.776,514.11,511.35,516.87,106.249,100.75,111.748,5.971,6.436,5.506,0.502,0.672,0.332,0.235,0.43,0.04,9.870999999999999,9.62,10.122,9.870999999999999,9.62,10.122,14.995999999999999,14.558,15.434,14.995999999999999,14.558,15.434,15.404,15.172,15.636,15.404,15.172,15.636
2023-06-25T00:10:00Z,853434,357,17856,22,22,,87,87,,864.09,864.09,,,,,0.01,9,8.4,9.6,25,24.3,25.6,13.8,13.7,14,97.6,99.5,95.8,1663.7730000000001,1621.894,1705.652,478.969,471.89,486.048,98.56700000000001,88.924,108.21,4.72,4.818,4.622,0.479,0.564,0.394,0.267,0.43,0.104,9.103000000000002,8.858,9.348,9.103000000000002,8.858,9.348,13.64,12.904,14.376,13.64,12.904,14.376,14.023,13.364,14.682,14.023,13.364,14.682
2023-06-25T00:20:00Z,854034,357,18176,22,22,,87,87,,864.064,864.064,,,,,0.01,8.1,7.6,8.5,22.5,22.1,22.8,13.1,13,13.2,105.4,106.7,104.3,1499.2489999999998,1475.908,1522.59,432.103,427.75,436.456,87.061,78.634,95.488,3.8209999999999997,3.312,4.33,0.406,0.262,0.55,0.136,0.134,0.138,8.131,8.12,8.142,8.131,8.12,8.142,12.175999999999998,11.774,12.578,12.175999999999998,11.774,12.578,12.495000000000001,12.018,12.972,12.495000000000001,12.018,12.972
2023-06-25T00:30:00Z,854634,352,18176,22,22,,88,88,,864.042,864.042,,,,,0.01,7.3,7,7.6,20.6,20,21.3,12.5,12.2,12.7,112.2,114.6,109.8,1376.35,1334.83,1417.87,395.12199999999996,388.476,401.768,79.075,75.732,82.418,3.9190000000000005,4.448,3.39,0.317,0.448,0.186,0.158,0.272,0.044,7.289,6.952,7.626,7.289,6.952,7.626,10.997,10.704,11.29,10.997,10.704,11.29,11.241,11.058,11.424,11.241,11.058,11.424
2023-06-25T00:40:00Z,855234,348,18176,21.8,21.8,,88,88,,863.9,863.9,,,,,0.01,6.6,6.4,6.8,19.2,19,19.4,11.9,11.9,12,118.1,118.9,117.3,1279.142,1266.308,1291.976,366.323,364.298,368.348,69.11,66.638,71.582,3.176,3.772,2.58,0.212,0.294,0.13,0.09,0.134,0.046,6.917999999999999,6.824,7.012,6.917999999999999,6.824,7.012,9.986,9.864,10.108,9.986,9.864,10.108,10.181000000000001,10.102,10.26,10.181000000000001,10.102,10.26
2023-06-25T00:50:00Z,855834,352,17536,21,21,,88,88,,863.906,863.906,,,,,0.01,6.8,6.2,7.4,19.1,18.5,19.8,11.9,11.7,12.2,118.3,121.2,115.6,1275.305,1231.968,1318.642,367.546,359.654,375.438,73.047,63.406,82.688,3.11,2.776,3.444,0.269,0.352,0.186,0.122,0.196,0.048,6.917,6.608,7.226,6.917,6.608,7.226,10.17,9.496,10.844,10.17,9.496,10.844,10.427,9.808,11.046,10.427,9.808,11.046
2023-06-25T01:00:00Z,856434,352,18176,21,21,,88,88,,863.812,863.812,,,,,0.01,6.5,6.1,6.8,18.5,18.3,18.7,11.7,11.6,11.8,121.1,122,120.2,1233.93,1220.39,1247.47,354.288,353.978,354.598,68.28399999999999,61.926,74.642,2.678,2.394,2.962,0.251,0.258,0.244,0.158,0.21,0.106,6.548,6.654,6.442,6.548,6.654,6.442,9.538,9.142,9.934,9.538,9.142,9.934,9.744,9.39,10.098,9.744,9.39,10.098
2023-06-25T01:10:00Z,857034,348,18176,21,21,,88,88,,863.71,863.71,,,,,0.01,5.9,5.6,6.2,17.3,17.1,17.5,11.2,11.2,11.3,126.8,127.8,125.8,1153.237,1139.596,1166.878,329.05600000000004,328.154,329.958,62.596000000000004,57.046,68.146,2.907,2.554,3.26,0.33999999999999997,0.304,0.376,0.21000000000000002,0.256,0.164,6.066,6.026,6.106,6.066,6.026,6.106,8.953,8.568,9.338,8.953,8.568,9.338,9.2,8.78,9.62,9.2,8.78,9.62
2023-06-25T01:20:00Z,857634,443,17856,20.8,20.8,,88,88,,863.604,863.604,,,,,0.01,6,5.5,6.5,17.1,17,17.3,11.2,11.1,11.2,127.6,128.2,126.9,1143.04,1133.868,1152.212,327.668,327.29,328.046,63.244,54.268,72.22,2.943,2.652,3.234,0.364,0.386,0.342,0.194,0.3,0.088,5.931,5.998,5.864,5.931,5.998,5.864,8.771999999999998,8.434,9.11,8.771999999999998,8.434,9.11,9.091999999999999,8.814,9.37,9.091999999999999,8.814,9.37
2023-06-25T01:30:00Z,858234,386,17856,20,20,,88,88,,863.58,863.58,,,,,0.01,5.5,5.1,5.9,16.6,16.2,17,11,10.8,11.1,130.3,132.2,128.4,1107.551,1083.174,1131.928,318.954,315.736,322.172,57.138,50.446,63.83,3.311,2.626,3.996,0.237,0.282,0.192,0.163,0.216,0.11,5.746,5.64,5.852,5.746,5.64,5.852,8.578,7.94,9.216,8.578,7.94,9.216,8.794,8.234,9.354,8.794,8.234,9.354
2023-06-25T01:40:00Z,858834,358,18176,20,20,,88,88,,863.54,863.54,,,,,0.01,6,5.6,6.4,17,16.6,17.5,11.1,10.9,11.3,128.2,130.5,126,1134.094,1104.504,1163.684,326.46799999999996,319.914,333.022,64.388,57.708,71.068,3.076,2.994,3.158,0.278,0.186,0.37,0.16699999999999998,0.146,0.188,5.936,5.568,6.304,5.936,5.568,6.304,8.823,8.304,9.342,8.823,8.304,9.342,9.059000000000001,8.492,9.626,9.059000000000001,8.492,9.626
2023-06-25T01:50:00Z,859434,359,17856,19.4,19.4,,88.4,88.4,,863.588,863.588,,,,,0.01,5.7,5.4,6.1,16.9,16.7,17,11.1,11,11.1,128.9,129.6,128.3,1125.048,1116.56,1133.536,321.548,322.224,320.872,60.61,54.456,66.764,3.232,2.928,3.536,0.235,0.286,0.184,0.076,0.08,0.072,5.678000000000001,5.626,5.73,5.678000000000001,5.626,5.73,8.603,8.104,9.102,8.603,8.104,9.102,8.79,8.324,9.256,8.79,8.324,9.256
2023-06-25T02:00:00Z,860034,356,17536,19,19,,88.8,88.8,,863.518,863.518,,,,,0.01,5.6,5.4,5.7,16.5,16.3,16.7,10.9,10.8,11,130.8,131.9,129.7,1100.97,1087.142,1114.798,314.516,315.336,313.696,58.084,56.838,59.33,3.047,3.616,2.478,0.234,0.27,0.198,0.116,0.19,0.042,5.659000000000001,5.48,5.838,5.659000000000001,5.48,5.838,8.338000000000001,8.284,8.392,8.338000000000001,8.284,8.392,8.561,8.578,8.544,8.561,8.578,8.544
2023-06-25T02:10:00Z,860634,359,18176,18.2,18.2,,89,89,,863.524,863.524,,,,,0.01,5.4,5,5.8,15.5,15,16,10.5,10.3,10.7,136.3,139.2,133.6,1033.74,1001.038,1066.442,296.93899999999996,288.506,305.372,58.798,52.686,64.91,3.9379999999999997,3.494,4.382,0.257,0.232,0.282,0.186,0.232,0.14,5.284,5.034,5.534,5.284,5.034,5.534,8.179,7.654,8.704,8.179,7.654,8.704,8.378,7.862,8.894,8.378,7.862,8.894
2023-06-25T02:20:00Z,861234,350,17856,18,18,,89,89,,863.43,863.43,,,,,0.01,5.3,4.7,5.9,15.6,14.8,16.4,10.5,10.2,10.9,135.8,140.3,131.7,1039.628,989.228,1090.028,297.755,286.208,309.302,56.077,47.094,65.06,3.169,3.18,3.158,0.22199999999999998,0.208,0.236,0.135,0.208,0.062,5.062,4.868,5.256,5.062,4.868,5.256,7.7749999999999995,7.1,8.45,7.7749999999999995,7.1,8.45,7.955,7.3,8.61,7.955,7.3,8.61
2023-06-25T02:30:00Z,861834,353,18176,17,17,,89,89,,863.298,863.298,,,,,0.01,5.1,4.7,5.5,14.7,14.6,14.8,10.2,10.1,10.2,141.2,141.6,140.7,979.312,974.176,984.448,279.279,280.5,278.058,54.518,47.356,61.68,2.588,2.364,2.812,0.32599999999999996,0.284,0.368,0.117,0.192,0.042,4.872999999999999,4.786,4.96,4.872999999999999,4.786,4.96,7.322,7.008,7.636,7.322,7.008,7.636,7.548,7.25,7.846,7.548,7.25,7.846
2023-06-25T02:40:00Z,862434,352,18176,16.4,16.4,,89,89,,863.228,863.228,,,,,0.01,4.7,4.3,5.2,14.1,13.6,14.5,9.9,9.7,10.1,145.1,148.2,142.2,937.4970000000001,906.424,968.57,268.209,261.362,275.056,49.293,42.614,55.972,2.212,1.8,2.624,0.177,0.146,0.208,0.11199999999999999,0.146,0.078,4.692,4.536,4.848,4.692,4.536,4.848,6.865,6.316,7.414,6.865,6.316,7.414,7.013,6.478,7.548,7.013,6.478,7.548
2023-06-25T02:50:00Z,863034,569,18176,15.2,15.2,,89,89,,863.012,863.012,,,,,0.01,4.4,4.2,4.6,12.7,12.7,12.8,9.3,9.2,9.3,154.2,154.7,153.8,849.181,844.876,853.486,243.389,244.774,242.004,46.266000000000005,43.164,49.368,2.088,2.186,1.99,0.159,0.134,0.184,0.05,0.052,0.048,4.276,4.244,4.308,4.276,4.244,4.308,6.372,6.268,6.476,6.372,6.268,6.476,6.497999999999999,6.396,6.6,6.497999999999999,6.396,6.6
2023-06-25T03:00:00Z,863634,355,18176,15,15,,89,89,,862.88,862.88,,,,,0.01,4.5,4.1,4.8,12.9,12.9,13,9.4,9.3,9.4,152.7,153.3,152.2,862.933,857.872,867.994,246.977,246.746,247.208,47.329,42.232,52.426,2.514,2.756,2.272,0.313,0.412,0.214,0.17700000000000002,0.27,0.084,4.2059999999999995,4.196,4.216,4.2059999999999995,4.196,4.216,6.460000000000001,6.19,6.73,6.460000000000001,6.19,6.73,6.713,6.546,6.88,6.713,6.546,6.88
2023-06-25T03:10:00Z,864234,554,17856,15,15,,89.4,89.4,,862.954,862.954,,,,,0.01,4.1,3.8,4.4,12.5,12,12.9,9.1,8.9,9.4,156.3,159.9,152.8,830.9069999999999,799.516,862.298,236.67000000000002,231.024,242.316,42.418,38.234,46.602,2.3890000000000002,2.048,2.73,0.16799999999999998,0.054,0.282,0.048,0,0.096,3.902,3.814,3.99,3.902,3.814,3.99,5.928,5.622,6.234,5.928,5.622,6.234,6.08,5.702,6.458,6.08,5.702,6.458
2023-06-25T03:20:00Z,864834,358,17536,14.2,14.2,,90,90,,862.84,862.84,,,,,0.01,4,3.8,4.1,12,11.8,12.1,8.9,8.8,9,160.1,161.2,159,797.5419999999999,788.132,806.952,228.571,229.432,227.71,41.141000000000005,38.198,44.084,2.058,1.788,2.328,0.319,0.266,0.372,0.134,0.134,0.134,3.9080000000000004,3.978,3.838,3.9080000000000004,3.978,3.838,5.855,5.842,5.868,5.855,5.842,5.868,6.111000000000001,6.046,6.176,6.111000000000001,6.046,6.176
2023-06-25T03:30:00Z,865434,394,18176,14,14,,90,90,,862.77,862.77,,,,,0.01,3.9,3.7,4.2,11.6,11.7,11.6,8.7,8.7,8.7,162.8,162.6,163,775.346,776.712,773.98,222.07100000000003,225.08,219.062,41.67700000000001,37.34,46.014,2.4160000000000004,2.398,2.434,0.136,0.082,0.19,0.02,0.04,0,3.713,3.706,3.72,3.713,3.706,3.72,5.694,5.514,5.874,5.694,5.514,5.874,5.784000000000001,5.572,5.996,5.784000000000001,5.572,5.996
2023-06-25T03:40:00Z,866034,350,17856,14,14,,90,90,,862.762,862.762,,,,,0.01,4,3.9,4.1,12,12,11.9,8.9,8.9,8.9,160.2,159.8,160.5,797.322,800.024,794.62,230.165,232.88,227.45,41.474000000000004,38.95,43.998,1.79,1.334,2.246,0.10300000000000001,0.106,0.1,0,0,0,3.955,4.004,3.906,3.955,4.004,3.906,5.8100000000000005,5.668,5.952,5.8100000000000005,5.668,5.952,5.933,5.83,6.036,5.933,5.83,6.036
2023-06-25T03:50:00Z,866634,357,17216,14,14,,90,90,,862.77,862.77,,,,,0.01,4,3.7,4.3,12.1,11.9,12.3,9,8.9,9.1,159,160.7,157.4,806.8340000000001,793.028,820.64,228.45999999999998,226.212,230.708,41.934,37.628,46.24,2.233,2.5,1.966,0.145,0.18,0.11,0.108,0.18,0.036,3.937,3.776,4.098,3.937,3.776,4.098,6.008,5.748,6.268,6.008,5.748,6.268,6.112,5.872,6.352,6.112,5.872,6.352
2023-06-25T04:00:00Z,867234,360,17856,14,14,,90,90,,862.582,862.582,,,,,0.01,4.1,3.9,4.3,12.2,11.9,12.4,9,8.9,9.1,158.6,160.3,157,810.2529999999999,795.688,824.818,231.125,227.592,234.658,42.259,38.494,46.024,1.823,1.684,1.962,0.22799999999999998,0.214,0.242,0.126,0.214,0.038,3.9779999999999998,3.848,4.108,3.9779999999999998,3.848,4.108,5.855,5.612,6.098,5.855,5.612,6.098,6.042,5.834,6.25,6.042,5.834,6.25
2023-06-25T04:10:00Z,867834,359,18176,14,14,,90,90,,862.416,862.416,,,,,0.01,4,3.7,4.4,12.5,12.1,12.8,9.1,9,9.3,156.4,159.3,153.6,830.0340000000001,804.964,855.104,238.203,232.726,243.68,40.647999999999996,35.082,46.214,1.859,1.59,2.128,0.26,0.126,0.394,0.063,0.126,0,4.067,3.978,4.156,4.067,3.978,4.156,5.978,5.71,6.246,5.978,5.71,6.246,6.184,5.854,6.514,6.184,5.854,6.514
2023-06-25T04:20:00Z,868434,376,17856,14,14,,90.4,90.4,,862.252,862.252,,,,,0.01,4.5,4.2,4.7,13.1,13,13.2,9.4,9.4,9.5,151.6,152.2,151,873.547,868.174,878.92,249.087,248.696,249.478,47.495000000000005,43.61,51.38,2.74,3.106,2.374,0.26,0.24,0.28,0.097,0.144,0.05,4.339,4.22,4.458,4.339,4.22,4.458,6.5920000000000005,6.454,6.73,6.5920000000000005,6.454,6.73,6.861,6.688,7.034,6.861,6.688,7.034
2023-06-25T04:30:00Z,869034,355,18176,14,14,,91,91,,862.036,862.036,,,,,0.01,4.6,4.2,5,13.8,13.5,14.1,9.8,9.6,9.9,146.7,148.8,144.7,921.1110000000001,900.128,942.094,261.45799999999997,257.062,265.854,47.942,41.126,54.758,2.689,1.92,3.458,0.21600000000000003,0.16,0.272,0.126,0.124,0.128,4.54,4.446,4.634,4.54,4.446,4.634,6.811,6.436,7.186,6.811,6.436,7.186,7.01,6.616,7.404,7.01,6.616,7.404
2023-06-25T04:40:00Z,869634,353,18176,14.8,14.8,,91,91,,861.818,861.818,,,,,0.01,5.3,4.8,5.8,15.5,15,15.9,10.5,10.3,10.7,136.6,139.5,133.9,1030.222,997.55,1062.894,293.69500000000005,287.22,300.17,57.592,48.736,66.448,3.543,2.46,4.626,0.683,0.706,0.66,0.343,0.524,0.162,5.154,4.924,5.384,5.154,4.924,5.384,7.782,7.11,8.454,7.782,7.11,8.454,8.349,7.696,9.002,8.349,7.696,9.002
2023-06-25T04:50:00Z,870234,355,18176,15,15,,91,91,,861.612,861.612,,,,,0.01,5.5,5.2,5.8,15.7,15.5,15.8,10.6,10.5,10.7,135.4,136.4,134.4,1044.8,1032.966,1056.634,299.273,299.12,299.426,60.905,56.82,64.99,4.156,4.768,3.544,0.546,0.404,0.688,0.302,0.362,0.242,5.155,5.038,5.272,5.155,5.038,5.272,8.189,8.064,8.314,8.189,8.064,8.314,8.65,8.492,8.808,8.65,8.492,8.808
2023-06-25T05:00:00Z,870834,357,18176,14.4,14.4,,91,91,,861.454,861.454,,,,,0.01,5.8,5.5,6.1,16.5,16.2,16.8,10.9,10.8,11,131,132.7,129.4,1098.319,1077.73,1118.908,313.669,310.696,316.642,64.559,59.202,69.916,4.774,4.584,4.964,0.5569999999999999,0.628,0.486,0.299,0.49,0.108,5.348,5.188,5.508,5.348,5.188,5.508,8.745999999999999,8.414,9.078,8.745999999999999,8.414,9.078,9.156,8.906,9.406,9.156,8.906,9.406
2023-06-25T05:10:00Z,871434,353,17856,14,14,,91,91,,861.358,861.358,,,,,0.01,6.2,5.6,6.8,17,16.2,17.8,11.1,10.8,11.4,128.4,132.7,124.3,1132.336,1077.752,1186.92,325.324,313.214,337.434,71.073,61.882,80.264,5.673,5.338,6.008,0.735,0.748,0.722,0.358,0.626,0.09,5.788,5.404,6.172,5.788,5.404,6.172,9.451,8.67,10.232,9.451,8.67,10.232,9.984,9.266,10.702,9.984,9.266,10.702
2023-06-25T05:20:00Z,872034,354,18176,13.6,13.6,,91,91,,861.218,861.218,,,,,0.01,6.1,5.6,6.6,16.7,15.9,17.5,11,10.7,11.3,129.8,133.9,126,1113.489,1063.048,1163.93,320.35,306.076,334.624,68.91,61.814,76.006,5.2620000000000005,4.998,5.526,0.9530000000000001,0.784,1.122,0.562,0.742,0.382,5.752000000000001,5.418,6.086,5.752000000000001,5.418,6.086,9.21,8.582,9.838,9.21,8.582,9.838,10.023,9.348,10.698,10.023,9.348,10.698
2023-06-25T05:30:00Z,872634,376,18176,13.2,13.2,,91,91,,861.012,861.012,,,,,0.01,5.9,5.5,6.4,16.5,16.1,17,10.9,10.7,11.1,130.6,133.2,128.2,1103.021,1071.328,1134.714,314.413,307.772,321.054,66.972,60.382,73.562,4.968,4.906,5.03,0.91,1.048,0.772,0.5489999999999999,0.818,0.28,5.465,5.192,5.738,5.465,5.192,5.738,8.992999999999999,8.424,9.562,8.992999999999999,8.424,9.562,9.73,9.3,10.16,9.73,9.3,10.16
2023-06-25T05:40:00Z,873234,468,17536,13.6,13.6,,91,91,,860.912,860.912,,,,,0.01,5.8,5.2,6.5,16.4,15.6,17.1,10.9,10.5,11.2,131.6,135.8,127.7,1090.2640000000001,1039.578,1140.95,310.65999999999997,297.314,324.006,65.281,55.968,74.594,4.763999999999999,4.992,4.536,0.59,0.582,0.598,0.369,0.41,0.328,5.494,5.136,5.852,5.494,5.136,5.852,8.77,8.006,9.534,8.77,8.006,9.534,9.318,8.552,10.084,9.318,8.552,10.084
2023-06-25T05:50:00Z,873834,356,18176,13.6,13.6,,91,91,,860.81,860.81,,,,,0.01,5.6,5.2,6,15.7,15.1,16.3,10.6,10.3,10.8,135.4,138.8,132.2,1044.174,1004.966,1083.382,299.397,290.28,308.514,61.361000000000004,55.058,67.664,3.875,3.564,4.186,0.666,0.522,0.81,0.318,0.342,0.294,5.266,5.016,5.516,5.266,5.016,5.516,8.332,7.758,8.906,8.332,7.758,8.906,8.854,8.196,9.512,8.854,8.196,9.512
2023-06-25T06:00:00Z,874434,355,17536,13.4,13.4,,91,91,,860.668,860.668,,,,,0.01,5.6,5.2,6,15.8,15.3,16.3,10.6,10.4,10.8,134.6,137.5,131.9,1053.679,1020.384,1086.974,301.899,294.282,309.516,63.192,57.416,68.968,5.173,5.554,4.792,0.6499999999999999,0.814,0.486,0.41600000000000004,0.684,0.148,5.2010000000000005,4.946,5.456,5.2010000000000005,4.946,5.456,8.618,8.202,9.034,8.618,8.202,9.034,9.169,8.93,9.408,9.169,8.93,9.408
2023-06-25T06:10:00Z,875034,350,17856,14,14,,91,91,,860.514,860.514,,,,,0.01,5.7,5.1,6.2,16.2,15.8,16.5,10.8,10.6,10.9,132.7,134.5,131,1077.201,1055.648,1098.754,307.515,302.758,312.272,62.672,54.912,70.432,4.7669999999999995,5.236,4.298,0.8029999999999999,0.854,0.752,0.44,0.756,0.124,5.386,5.142,5.63,5.386,5.142,5.63,8.512,8.02,9.004,8.512,8.02,9.004,9.076,8.708,9.444,9.076,8.708,9.444
2023-06-25T06:20:00Z,875634,355,18176,14,14,,91,91,,860.36,860.36,,,,,0.01,5.5,5.2,5.7,15.8,15.3,16.2,10.6,10.4,10.8,134.8,137.3,132.4,1051.764,1022.024,1081.504,299.45799999999997,294.57,304.346,60.231,56.166,64.296,4.46,4.298,4.622,0.6699999999999999,0.762,0.578,0.403,0.504,0.302,5.368,5.134,5.602,5.368,5.134,5.602,8.338,7.902,8.774,8.338,7.902,8.774,8.892,8.554,9.23,8.892,8.554,9.23
2023-06-25T06:30:00Z,876234,352,17194,14,14,,91,91,,860.272,860.272,,,,,0.01,5.5,5.2,5.7,15.8,15.3,16.2,10.6,10.4,10.8,134.7,137.3,132.3,1052.423,1022.91,1081.936,299.345,292.806,305.884,60.33,55.576,65.084,4.469,3.32,5.618,0.492,0.424,0.56,0.269,0.326,0.212,5.401,5.216,5.586,5.401,5.216,5.586,8.472999999999999,7.91,9.036,8.472999999999999,7.91,9.036,8.852,8.3,9.404,8.852,8.3,9.404
2023-06-25T06:40:00Z,876834,350,18176,14,14,,91,91,,860.13,860.13,,,,,0.01,5.5,5.2,5.9,15.6,15.2,16,10.5,10.4,10.7,135.8,138.1,133.6,1039.942,1013.154,1066.73,297.362,293.708,301.016,61.596000000000004,55.04,68.152,4.827,3.84,5.814,0.671,0.434,0.908,0.30600000000000005,0.342,0.27,5.186,5.066,5.306,5.186,5.066,5.306,8.355,7.912,8.798,8.355,7.912,8.798,8.846,8.252,9.44,8.846,8.252,9.44
2023-06-25T06:50:00Z,877434,362,18176,14,14,,91,91,,860.02,860.02,,,,,0.01,5.9,5.5,6.3,16.7,16.3,17.1,11,10.9,11.2,129.6,131.7,127.6,1116.144,1089.922,1142.366,321.747,315.346,328.148,65.855,59.142,72.568,5.353,4.33,6.376,0.846,1,0.692,0.495,0.724,0.266,5.680999999999999,5.568,5.794,5.680999999999999,5.568,5.794,9.102,8.582,9.622,9.102,8.582,9.622,9.766,9.41,10.122,9.766,9.41,10.122
2023-06-25T07:00:00Z,878034,350,17194,14,14,,91.2,91.2,,859.898,859.898,,,,,0.01,5.9,5.7,6.2,17.1,16.7,17.4,11.1,11,11.3,127.9,129.6,126.3,1138.136,1115.982,1160.29,324.788,321.892,327.684,66.218,61.106,71.33,5.657,4.954,6.36,0.681,0.52,0.842,0.27899999999999997,0.348,0.21,5.745,5.652,5.838,5.745,5.652,5.838,9.269,8.85,9.688,9.269,8.85,9.688,9.821000000000002,9.326,10.316,9.821000000000002,9.326,10.316
2023-06-25T07:10:00Z,878634,355,17856,14,14,,91.4,91.4,,859.686,859.686,,,,,0.01,5.6,5.3,5.9,16.1,15.8,16.5,10.8,10.6,10.9,133,134.9,131.1,1073.973,1051,1096.946,306.834,302.998,310.67,60.7,55.064,66.336,3.9859999999999998,2.922,5.05,0.267,0.128,0.406,0.093,0.05,0.136,5.449999999999999,5.398,5.502,5.449999999999999,5.398,5.502,8.451,8.038,8.864,8.451,8.038,8.864,8.674,8.136,9.212,8.674,8.136,9.212
2023-06-25T07:20:00Z,879234,353,17856,14,14,,92,92,,859.526,859.526,,,,,0.01,5.3,5.2,5.5,15.5,15.2,15.7,10.5,10.4,10.6,136.5,137.9,135.1,1031.783,1015.406,1048.16,294.846,294.004,295.688,57.609,55.39,59.828,3.581,3.776,3.386,0.359,0.226,0.492,0.242,0.134,0.35,5.282,5.186,5.378,5.282,5.186,5.378,8.058,7.952,8.164,8.058,7.952,8.164,8.373999999999999,8.222,8.526,8.373999999999999,8.222,8.526
2023-06-25T07:30:00Z,879834,351,17856,13.4,13.4,,92,92,,859.378,859.378,,,,,0.01,5.3,5.1,5.4,15.2,14.9,15.5,10.4,10.3,10.5,138.2,139.9,136.6,1011.9680000000001,992.96,1030.976,289.04200000000003,287.752,290.332,56.602000000000004,53.796,59.408,3.3099999999999996,3.066,3.554,0.48,0.354,0.606,0.241,0.26,0.222,5.03,4.966,5.094,5.03,4.966,5.094,7.795,7.644,7.946,7.795,7.644,7.946,8.164,8.004,8.324,8.164,8.004,8.324
2023-06-25T07:40:00Z,880434,350,18176,13,13,,92,92,,859.302,859.302,,,,,0.01,5.1,5,5.2,15,15,15,10.3,10.3,10.3,139.4,139.4,139.4,998.78,998.384,999.176,286.692,288.576,284.808,55.342,52.882,57.802,4.059,3.694,4.424,0.495,0.472,0.518,0.25,0.266,0.234,4.915,4.982,4.848,4.915,4.982,4.848,7.696999999999999,7.576,7.818,7.696999999999999,7.576,7.818,8.12,8.104,8.136,8.12,8.104,8.136
2023-06-25T07:50:00Z,881034,355,18176,13,13,,92,92,,859.142,859.142,,,,,0.01,5.2,4.8,5.5,14.8,14.1,15.4,10.2,9.9,10.5,140.7,144.6,136.9,984.693,942.35,1027.036,284.70399999999995,273.104,296.304,55.477999999999994,51.12,59.836,3.308,2.912,3.704,0.41400000000000003,0.46,0.368,0.277,0.414,0.14,5.013,4.52,5.506,5.013,4.52,5.506,7.705,6.974,8.436,7.705,6.974,8.436,8.062,7.392,8.732,8.062,7.392,8.732
2023-06-25T08:00:00Z,881634,358,18176,13,13,,92,92,,859.058,859.058,,,,,0.01,4.9,4.7,5.1,14.3,14.2,14.4,10,10,10,143.5,144.1,142.8,954.826,947.568,962.084,270.658,273.146,268.17,51.855999999999995,48.102,55.61,2.6470000000000002,2.962,2.332,0.25,0.288,0.212,0.124,0.248,0,4.680999999999999,4.552,4.81,4.680999999999999,4.552,4.81,7.083,6.828,7.338,7.083,6.828,7.338,7.279999999999999,7.09,7.47,7.279999999999999,7.09,7.47
2023-06-25T08:10:00Z,882234,810,18210,13,13,,92,92,,858.894,858.894,,,,,0.01,4.6,4.3,4.8,13.5,13.2,13.7,9.6,9.5,9.7,148.9,150.7,147.3,899.0999999999999,882.616,915.584,257.295,254.16,260.43,48.179,44.564,51.794,2.932,2.738,3.126,0.345,0.346,0.344,0.163,0.186,0.14,4.268000000000001,4.03,4.506,4.268000000000001,4.03,4.506,6.616,6.178,7.054,6.616,6.178,7.054,6.936,6.5,7.372,6.936,6.5,7.372
2023-06-25T08:20:00Z,882834,369,18176,13,13,,92,92,,858.744,858.744,,,,,0.01,4.5,4.1,4.8,12.9,12.6,13.2,9.4,9.2,9.5,152.9,154.9,150.9,861.669,843.242,880.096,248.901,245.808,251.994,47.517,42.066,52.968,2.855,2.504,3.206,0.368,0.26,0.476,0.154,0.094,0.214,4.181,4.096,4.266,4.181,4.096,4.266,6.529999999999999,6.18,6.88,6.529999999999999,6.18,6.88,6.804,6.396,7.212,6.804,6.396,7.212
2023-06-25T08:30:00Z,883434,358,18176,13,13,,92,92,,858.656,858.656,,,,,0.01,4.5,4.2,4.8,13.1,12.6,13.6,9.4,9.2,9.7,151.7,155,148.5,872.8340000000001,842.182,903.486,250.392,246.598,254.186,48.127,43.682,52.572,2.528,2.14,2.916,0.366,0.366,0.366,0.161,0.322,0,4.269,4.178,4.36,4.269,4.178,4.36,6.414,6.124,6.704,6.414,6.124,6.704,6.687,6.472,6.902,6.687,6.472,6.902
2023-06-25T08:40:00Z,884034,371,17856,13,13,,92,92,,858.538,858.538,,,,,0.01,4.3,3.9,4.6,12.4,12,12.8,9.1,8.9,9.3,156.7,160.2,153.5,826.7059999999999,797.054,856.358,236.014,230.796,241.232,45.266000000000005,39.954,50.578,2.255,2.096,2.414,0.25,0.352,0.148,0.08,0.16,0,4.026,3.932,4.12,4.026,3.932,4.12,6.035,5.666,6.404,6.035,5.666,6.404,6.2620000000000005,5.98,6.544,6.2620000000000005,5.98,6.544
2023-06-25T08:50:00Z,884634,904,17890,13,13,,92,92,,858.522,858.522,,,,,0.01,4.2,4.2,4.3,12.1,12,12.2,9,8.9,9,159.4,160.1,158.6,804.096,798.032,810.16,232.368,233.904,230.832,44.605000000000004,43.254,45.956,1.9289999999999998,1.752,2.106,0.41400000000000003,0.322,0.506,0.211,0.24,0.182,3.912,3.91,3.914,3.912,3.91,3.914,5.9239999999999995,5.788,6.06,5.9239999999999995,5.788,6.06,6.170999999999999,6.012,6.33,6.170999999999999,6.012,6.33
2023-06-25T09:00:00Z,885234,350,18176,13,13,,92,92,,858.558,858.558,,,,,0.01,4,3.7,4.3,12.3,11.8,12.8,9.1,8.8,9.3,157.2,161.1,153.5,822.413,789.256,855.57,233.734,226.056,241.412,41.159000000000006,36.06,46.258,2.4610000000000003,2.192,2.73,0.225,0.26,0.19,0.106,0.212,0,3.963,3.884,4.042,3.963,3.884,4.042,5.911,5.588,6.234,5.911,5.588,6.234,6.042,5.734,6.35,6.042,5.734,6.35
2023-06-25T09:10:00Z,885834,356,17509,13,13,,92,92,,858.6,858.6,,,,,0.01,4,3.8,4.1,11.9,12,11.8,8.9,8.9,8.8,160.4,159.8,161.1,795.005,800.726,789.284,226.289,229.416,223.162,41.384,37.636,45.132,2.309,1.962,2.656,0.20600000000000002,0.19,0.222,0.1,0.154,0.046,3.823,3.78,3.866,3.823,3.78,3.866,5.737,5.516,5.958,5.737,5.516,5.958,5.895,5.696,6.094,5.895,5.696,6.094
2023-06-25T09:20:00Z,886434,481,17856,13,13,,92,92,,858.466,858.466,,,,,0.01,3.9,3.7,4.1,11.8,11.7,11.9,8.8,8.8,8.9,161.2,162,160.4,788.7719999999999,782.16,795.384,225.373,221.822,228.924,39.83,35.854,43.806,2.0389999999999997,1.734,2.344,0.302,0.186,0.418,0.174,0.186,0.162,3.6399999999999997,3.46,3.82,3.6399999999999997,3.46,3.82,5.531,5.132,5.93,5.531,5.132,5.93,5.776999999999999,5.302,6.252,5.776999999999999,5.302,6.252
2023-06-25T09:30:00Z,887036,1984,17250,13.2,13.2,,92,92,,858.55,858.55,,,,,0.01,4,3.8,4.2,11.9,11.7,12.1,8.9,8.8,9,160.7,162.1,159.3,792.894,780.858,804.93,226.565,226.816,226.314,41.939,38.76,45.118,2.3689999999999998,1.88,2.858,0.325,0.372,0.278,0.191,0.33,0.052,3.6710000000000003,3.568,3.774,3.6710000000000003,3.568,3.774,5.59,5.246,5.934,5.59,5.246,5.934,5.868,5.536,6.2,5.868,5.536,6.2
2023-06-25T09:40:00Z,887634,412,17856,13.2,13.2,,92,92,,858.516,858.516,,,,,0.01,3.9,3.6,4.2,11.8,11.6,12.1,8.8,8.7,9,161.1,163.3,158.9,789.2819999999999,770.9,807.664,226.248,221.988,230.508,39.923,35.614,44.232,1.889,1.954,1.824,0.224,0.178,0.27,0.129,0.178,0.08,3.691,3.516,3.866,3.691,3.516,3.866,5.518,5.234,5.802,5.518,5.234,5.802,5.7170000000000005,5.458,5.976,5.7170000000000005,5.458,5.976
2023-06-25T09:50:00Z,888236,2252,17890,13,13,,92,92,,858.47,858.47,,,,,0.01,3.7,3.5,3.9,11.2,11.1,11.2,8.5,8.5,8.5,166.6,167,166.2,744.875,741.828,747.922,211.906,213.272,210.54,37.869,34.064,41.674,1.474,1.306,1.642,0.09000000000000001,0.14,0.04,0.024,0.048,0,3.441,3.456,3.426,3.441,3.456,3.426,5.142,4.98,5.304,5.142,4.98,5.304,5.212999999999999,5.084,5.342,5.212999999999999,5.084,5.342
2023-06-25T10:00:00Z,888834,353,17856,13,13,,92,92,,858.368,858.368,,,,,0.01,3.5,3.4,3.7,10.8,10.7,11,8.3,8.2,8.4,169.6,171.1,168.1,722.152,710.786,733.518,206.281,202.29,210.272,35.44,32.82,38.06,1.584,1.36,1.808,0.22,0.31,0.13,0.089,0.178,0,3.322,3.16,3.484,3.322,3.16,3.484,4.898,4.602,5.194,4.898,4.602,5.194,5.122,4.904,5.34,5.122,4.904,5.34
2023-06-25T10:10:00Z,889434,356,17856,13,13,,92,92,,858.29,858.29,,,,,0.01,3.5,3.3,3.6,10.6,10.5,10.8,8.2,8.1,8.3,171.5,172.8,170.1,708.009,698.062,717.956,201.365,197.906,204.824,35.544,33.05,38.038,1.799,1.674,1.924,0.202,0.136,0.268,0.064,0.042,0.086,3.202,3.136,3.268,3.202,3.136,3.268,4.7780000000000005,4.596,4.96,4.7780000000000005,4.596,4.96,4.961,4.778,5.144,4.961,4.778,5.144
2023-06-25T10:20:00Z,890034,352,17856,13,13,,92,92,,858.324,858.324,,,,,0.01,3.5,3.4,3.7,10.8,10.8,10.9,8.3,8.3,8.3,169.7,170,169.4,721.284,718.73,723.838,208.363,208.396,208.33,35.474,32.352,38.596,1.445,1.096,1.794,0.20700000000000002,0.186,0.228,0.118,0.186,0.05,3.382,3.338,3.426,3.382,3.338,3.426,4.933,4.664,5.202,4.933,4.664,5.202,5.112,4.854,5.37,5.112,4.854,5.37
2023-06-25T10:30:00Z,890634,355,18176,13,13,,92,92,,858.284,858.284,,,,,0.01,3.6,3.2,4,10.7,10.3,11.1,8.3,8.1,8.5,170.5,174.3,166.9,714.858,687.202,742.514,205.719,198.644,212.794,36.501999999999995,30.122,42.882,1.677,1.592,1.762,0.106,0.04,0.172,0.02,0.04,0,3.191,2.964,3.418,3.191,2.964,3.418,4.876,4.416,5.336,4.876,4.416,5.336,4.991,4.518,5.464,4.991,4.518,5.464
2023-06-25T10:40:00Z,891234,354,17856,13,13,,92,92,,858.188,858.188,,,,,0.01,3.4,3.3,3.5,10.3,10.2,10.4,8,8,8.1,174.6,175.5,173.7,685.549,678.948,692.15,197.215,196.002,198.428,34.793,33.378,36.208,2.019,2.23,1.808,0.20700000000000002,0.194,0.22,0.117,0.194,0.04,3.115,3.128,3.102,3.115,3.128,3.102,4.705,4.58,4.83,4.705,4.58,4.83,4.9190000000000005,4.838,5,4.9190000000000005,4.838,5
2023-06-25T10:50:00Z,891834,359,18176,13,13,,92.8,92.8,,858.194,858.194,,,,,0.01,3.5,3.1,3.8,10.5,10.2,10.8,8.1,8,8.3,172.8,175.6,170.1,698.344,678.606,718.082,201.663,195.544,207.782,35.599,29.84,41.358,1.595,1.414,1.776,0.22899999999999998,0.176,0.282,0.044,0.05,0.038,3.127,2.846,3.408,3.127,2.846,3.408,4.712,4.232,5.192,4.712,4.232,5.192,4.9,4.374,5.426,4.9,4.374,5.426
2023-06-25T11:00:00Z,892434,354,17856,13,13,,92.8,92.8,,858.15,858.15,,,,,0.01,3.4,3.2,3.7,10.6,10.3,10.9,8.2,8.1,8.4,171.5,174,169.2,707.454,689.948,724.96,200.829,198.162,203.496,34.316,29.852,38.78,1.72,1.162,2.278,0.175,0.174,0.176,0.059,0.08,0.038,3.214,3.138,3.29,3.214,3.138,3.29,4.7940000000000005,4.482,5.106,4.7940000000000005,4.482,5.106,4.901999999999999,4.576,5.228,4.901999999999999,4.576,5.228
2023-06-25T11:10:00Z,893034,356,17536,13,13,,93,93,,858.124,858.124,,,,,0.01,3.3,3.2,3.4,10.1,10.2,9.9,7.9,8,7.8,176.5,174.9,178.2,671.799,683.228,660.37,192.54000000000002,197.464,187.616,33.462,31.552,35.372,1.524,1.498,1.55,0.10700000000000001,0.138,0.076,0.08900000000000001,0.138,0.04,2.942,3.026,2.858,2.942,3.026,2.858,4.5169999999999995,4.558,4.476,4.5169999999999995,4.558,4.476,4.596,4.652,4.54,4.596,4.652,4.54
2023-06-25T11:20:00Z,893634,361,17536,13,13,,93,93,,858.264,858.264,,,,,0.01,3.3,3.2,3.4,10.2,10.1,10.3,8,8,8,175.4,176,174.8,679.54,675.418,683.662,190.382,192.236,188.528,33.351,30.822,35.88,1.7519999999999998,1.474,2.03,0.251,0.156,0.346,0.10300000000000001,0.156,0.05,3.0919999999999996,3.066,3.118,3.0919999999999996,3.066,3.118,4.578,4.49,4.666,4.578,4.49,4.666,4.82,4.656,4.984,4.82,4.656,4.984
2023-06-25T11:30:00Z,894234,354,17856,13,13,,93,93,,858.836,858.836,,,,,0.01,3.3,2.8,3.7,10.2,9.7,10.7,8,7.7,8.2,175.5,180.1,171.1,679.09,647.272,710.908,193.442,183.852,203.032,32.714,26.206,39.222,1.7570000000000001,1.55,1.964,0.098,0.128,0.068,0.04,0.08,0,3.0679999999999996,2.864,3.272,3.0679999999999996,2.864,3.272,4.588,4.126,5.05,4.588,4.126,5.05,4.688,4.27,5.106,4.688,4.27,5.106
2023-06-25T11:40:00Z,894835,1334,18210,14,14,,93,93,,859.368,859.368,,,,,0.01,3.3,3,3.6,10.2,9.9,10.5,8,7.8,8.2,175.6,178.7,172.5,678.562,656.892,700.232,193.926,189.412,198.44,34.055,29.98,38.13,2.154,2.322,1.986,0.226,0.312,0.14,0.075,0.108,0.042,3.034,2.918,3.15,3.034,2.918,3.15,4.619,4.36,4.878,4.619,4.36,4.878,4.836,4.69,4.982,4.836,4.69,4.982
2023-06-25T11:50:00Z,895434,355,18176,14,14,,92.2,92.2,,859.908,859.908,,,,,0.01,3.6,3.1,4.1,10.6,10.1,11.2,8.2,7.9,8.5,171.2,176.5,166.2,709.9200000000001,671.888,747.952,202.585,190.324,214.846,39.213,31.782,46.644,3.3310000000000004,2.93,3.732,0.5589999999999999,0.266,0.852,0.28600000000000003,0.178,0.394,3.129,2.83,3.428,3.129,2.83,3.428,5.191,4.672,5.71,5.191,4.672,5.71,5.635,4.876,6.394,5.635,4.876,6.394
2023-06-25T12:00:00Z,896034,352,18176,14.4,14.4,,92,92,,860.36,860.36,,,,,0.01,4.5,3.8,5.1,11.9,10.8,13,8.9,8.3,9.4,160.6,169.9,152.3,793.34,719.696,866.984,227.35500000000002,207.086,247.624,53.969,44.384,63.554,6.0489999999999995,5.704,6.394,1.244,1.254,1.234,0.843,1.028,0.658,3.4,2.932,3.868,3.4,2.932,3.868,6.564,5.528,7.6,6.564,5.528,7.6,7.521000000000001,6.54,8.502,7.521000000000001,6.54,8.502
2023-06-25T12:10:00Z,896634,353,17856,15,15,,92,92,,860.716,860.716,,,,,0.01,4.1,3.6,4.7,11.5,10.5,12.4,8.7,8.2,9.1,164.1,172.2,156.8,764.489,702.644,826.334,217.62900000000002,200.358,234.9,49.278999999999996,40.806,57.752,5.632,4.942,6.322,1.0630000000000002,1.094,1.032,0.46399999999999997,0.588,0.34,3.306,2.93,3.682,3.306,2.93,3.682,6.074,5.158,6.99,6.074,5.158,6.99,6.916,6.036,7.796,6.916,6.036,7.796
2023-06-25T12:20:00Z,897234,350,17536,15.2,15.2,,92,92,,860.782,860.782,,,,,0.01,3.7,3.3,4.1,10.7,10.2,11.2,8.3,8,8.5,170.8,175.8,166,713.032,676.734,749.33,202.877,194.234,211.52,41.693,34.902,48.484,4.057,3.62,4.494,0.927,1.01,0.844,0.492,0.694,0.29,2.8840000000000003,2.596,3.172,2.8840000000000003,2.596,3.172,5.151999999999999,4.438,5.866,5.151999999999999,4.438,5.866,5.875,5.302,6.448,5.875,5.302,6.448
2023-06-25T12:30:00Z,897834,354,17856,16,16,,92,92,,860.892,860.892,,,,,0.01,3.2,2.9,3.6,9.9,9.4,10.3,7.8,7.6,8,178.6,182.8,174.6,657.421,629.722,685.12,186.17399999999998,179.552,192.796,35.166,29.494,40.838,3.737,3.562,3.912,0.815,0.836,0.794,0.392,0.656,0.128,2.686,2.574,2.798,2.686,2.574,2.798,4.624,4.18,5.068,4.624,4.18,5.068,5.271,4.934,5.608,5.271,4.934,5.608
2023-06-25T12:40:00Z,898434,359,17856,16,16,,92,92,,860.788,860.788,,,,,0.01,3.6,3.3,3.9,10.5,10,11,8.2,7.9,8.4,172.6,177.2,168.2,699.7049999999999,666.962,732.448,201.53,193.56,209.5,40.544,34.478,46.61,4.039,2.686,5.392,0.595,0.398,0.792,0.344,0.316,0.372,3.125,3.078,3.172,3.125,3.078,3.172,5.414,4.838,5.99,5.414,4.838,5.99,5.846,5.202,6.49,5.846,5.202,6.49
2023-06-25T12:50:00Z,899034,369,18176,17,17,,92,92,,860.682,860.682,,,,,0.01,3.9,3.5,4.3,11.4,10.7,12,8.6,8.3,8.9,165,170.5,159.8,757.721,715.5,799.942,217.821,206.082,229.56,43.646,37.948,49.344,4.01,3.598,4.422,0.726,0.67,0.782,0.399,0.434,0.364,3.497,3.158,3.836,3.497,3.158,3.836,5.759,5.204,6.314,5.759,5.204,6.314,6.323,5.818,6.828,6.323,5.818,6.828
2023-06-25T13:00:00Z,899634,360,17856,17,17,,92,92,,860.99,860.99,,,,,0.01,3.9,3.4,4.3,11.4,10.8,11.9,8.6,8.3,8.9,165,169.8,160.5,757.342,720.39,794.294,215.744,207.47,224.018,41.557,35.122,47.992,2.896,2.97,2.822,0.488,0.39,0.586,0.2,0.318,0.082,3.435,3.154,3.716,3.435,3.154,3.716,5.361,4.936,5.786,5.361,4.936,5.786,5.771000000000001,5.296,6.246,5.771000000000001,5.296,6.246
2023-06-25T13:10:00Z,900234,356,17536,17,17,,92,92,,860.808,860.808,,,,,0.01,3.9,3.5,4.3,11.3,10.7,12,8.6,8.3,8.9,165.2,170.8,160,755.6890000000001,713.148,798.23,216.62099999999998,207.076,226.166,42.55800000000001,37.026,48.09,3.136,2.936,3.336,0.403,0.42,0.386,0.263,0.358,0.168,3.471,3.286,3.656,3.471,3.286,3.656,5.583,5.22,5.946,5.583,5.22,5.946,6.039,5.686,6.392,6.039,5.686,6.392
2023-06-25T13:20:00Z,900834,354,17856,17,17,,92,92,,860.636,860.636,,,,,0.01,3.4,3.2,3.6,10.6,10.2,11,8.2,8,8.4,171.9,175.5,168.4,705.1410000000001,679.274,731.008,200.264,193.152,207.376,35.712,32.966,38.458,3.073,3.35,2.796,0.451,0.394,0.508,0.252,0.294,0.21,3.1710000000000003,2.906,3.436,3.1710000000000003,2.906,3.436,4.9239999999999995,4.63,5.218,4.9239999999999995,4.63,5.218,5.359999999999999,5.108,5.612,5.359999999999999,5.108,5.612
2023-06-25T13:30:00Z,901434,352,17856,17,17,,92,92,,860.418,860.418,,,,,0.01,3.1,2.7,3.6,9.5,9,9.9,7.6,7.3,7.8,182.8,187.6,178.2,630.0219999999999,599.626,660.418,177.934,168.602,187.266,33.482,26.3,40.664,2.532,2.396,2.668,0.587,0.588,0.586,0.364,0.438,0.29,2.7750000000000004,2.656,2.894,2.7750000000000004,2.656,2.894,4.394,3.89,4.898,4.394,3.89,4.898,4.822,4.386,5.258,4.822,4.386,5.258
2023-06-25T13:40:00Z,902034,349,17856,16.4,16.4,,92,92,,860.506,860.506,,,,,0.01,2.9,2.7,3.1,9.1,8.8,9.5,7.4,7.2,7.6,186.3,190,182.7,607.325,584.53,630.12,172.684,165.91,179.458,30.371000000000002,27.358,33.384,3.082,2.766,3.398,0.522,0.42,0.624,0.246,0.322,0.17,2.608,2.338,2.878,2.608,2.338,2.878,4.191,3.78,4.602,4.191,3.78,4.602,4.5969999999999995,4.162,5.032,4.5969999999999995,4.162,5.032
2023-06-25T13:50:00Z,902634,354,17856,16,16,,92,92,,859.734,859.734,,,,,0.01,2.7,2.5,3,8.5,8.2,8.8,7,6.8,7.2,193,196.7,189.4,567.148,546.066,588.23,160.618,154.724,166.512,27.985,24.428,31.542,1.825,1.914,1.736,0.5489999999999999,0.598,0.5,0.264,0.452,0.076,2.1870000000000003,2.072,2.302,2.1870000000000003,2.072,2.302,3.574,3.28,3.868,3.574,3.28,3.868,3.9130000000000003,3.706,4.12,3.9130000000000003,3.706,4.12
2023-06-25T14:00:00Z,903234,357,17536,16.8,16.8,,91.8,91.8,,860.096,860.096,,,,,0.01,2.8,2.4,3.1,9,8.6,9.4,7.3,7.1,7.6,187.4,191.9,183.1,600.684,573.496,627.872,170.30200000000002,162.286,178.318,28.12,21.814,34.426,2.762,2.184,3.34,0.487,0.314,0.66,0.22,0.262,0.178,2.431,2.194,2.668,2.431,2.194,2.668,3.949,3.438,4.46,3.949,3.438,4.46,4.3309999999999995,3.74,4.922,4.3309999999999995,3.74,4.922
2023-06-25T14:10:00Z,903834,366,17856,17,17,,91,91,,860.094,860.094,,,,,0.01,2.7,2.4,2.9,8.5,8.3,8.7,7,6.9,7.1,193.5,195.8,191.2,564.377,550.934,577.82,158.72899999999998,157.462,159.996,27.061,23.216,30.906,1.8599999999999999,1.818,1.902,0.375,0.412,0.338,0.21800000000000003,0.27,0.166,2.199,1.934,2.464,2.199,1.934,2.464,3.4779999999999998,3.088,3.868,3.4779999999999998,3.088,3.868,3.754,3.466,4.042,3.754,3.466,4.042
2023-06-25T14:20:00Z,904434,357,18176,17.2,17.2,,91,91,,859.938,859.938,,,,,0.01,2.5,2.3,2.8,8.1,7.8,8.4,6.8,6.6,7,198.1,201.8,194.6,537.983,518.162,557.804,150.6,145.212,155.988,26.37,21.852,30.888,2.1109999999999998,2.076,2.146,0.434,0.484,0.384,0.278,0.4,0.156,2.054,1.902,2.206,2.054,1.902,2.206,3.316,2.95,3.682,3.316,2.95,3.682,3.694,3.412,3.976,3.694,3.412,3.976
2023-06-25T14:30:00Z,905034,354,17856,18,18,,91,91,,859.874,859.874,,,,,0.01,2.6,2.4,2.8,8.5,8.1,8.9,7,6.8,7.3,193.2,197.7,188.8,565.982,540.204,591.76,160.919,153.842,167.996,26.387,23.686,29.088,2.07,1.78,2.36,0.304,0.174,0.434,0.135,0.092,0.178,2.34,2.118,2.562,2.34,2.118,2.562,3.6719999999999997,3.26,4.084,3.6719999999999997,3.26,4.084,3.887,3.41,4.364,3.887,3.41,4.364
2023-06-25T14:40:00Z,905634,349,17856,18,18,,91,91,,859.726,859.726,,,,,0.01,3,2.6,3.4,9.3,9.1,9.5,7.5,7.4,7.6,184.8,186.9,182.7,617.135,603.76,630.51,174.337,170.572,178.102,30.506,23.632,37.38,2.0909999999999997,1.676,2.506,0.406,0.402,0.41,0.197,0.304,0.09,2.551,2.442,2.66,2.551,2.442,2.66,3.9640000000000004,3.462,4.466,3.9640000000000004,3.462,4.466,4.228,3.764,4.692,4.228,3.764,4.692
2023-06-25T14:50:00Z,906234,361,17856,18.8,18.8,,91,91,,859.742,859.742,,,,,0.01,3.2,3,3.4,10,10.1,9.9,7.9,7.9,7.8,177.5,176.4,178.6,665.086,672.824,657.348,188.911,191.908,185.914,33.789,30.064,37.514,2.689,2.6,2.778,0.503,0.414,0.592,0.266,0.314,0.218,2.935,2.956,2.914,2.935,2.956,2.914,4.649,4.578,4.72,4.649,4.578,4.72,5.043,4.92,5.166,5.043,4.92,5.166
2023-06-25T15:00:00Z,906834,351,18176,19,19,,91,91,,859.448,859.448,,,,,0.01,3.4,3.2,3.5,10.2,10.2,10.2,8,8,8,175.3,175,175.5,680.724,682.676,678.772,194.81,197.326,192.294,35.42100000000001,32.014,38.828,2.251,1.952,2.55,0.326,0.274,0.378,0.161,0.19,0.132,3.061,3.082,3.04,3.061,3.082,3.04,4.833,4.622,5.044,4.833,4.622,5.044,5.09,4.862,5.318,5.09,4.862,5.318
2023-06-25T15:10:00Z,907434,357,18176,19,19,,91,91,,859.414,859.414,,,,,0.01,3.7,3.4,4,11.2,10.5,11.9,8.5,8.2,8.9,166.4,172.3,160.8,746.8,701.93,791.67,212.671,203.706,221.636,39.071,35.068,43.074,2.56,2.236,2.884,0.248,0.184,0.312,0.10400000000000001,0.126,0.082,3.518,3.24,3.796,3.518,3.24,3.796,5.364000000000001,4.916,5.812,5.364000000000001,4.916,5.812,5.5809999999999995,5.11,6.052,5.5809999999999995,5.11,6.052
2023-06-25T15:20:00Z,908034,360,18176,19.4,19.4,,91,91,,859.38,859.38,,,,,0.01,3.4,3.1,3.8,10.4,10.2,10.7,8.1,8,8.3,173.1,175.6,170.7,695.988,678.414,713.562,195.257,191.662,198.852,35.758,30.462,41.054,1.9060000000000001,2.358,1.454,0.37,0.43,0.31,0.251,0.384,0.118,3.077,2.96,3.194,3.077,2.96,3.194,4.724,4.54,4.908,4.724,4.54,4.908,5.016,4.914,5.118,5.016,4.914,5.118
2023-06-25T15:30:00Z,908634,350,17856,20,20,,91,91,,859.36,859.36,,,,,0.01,3.7,3.4,3.9,11.1,10.9,11.3,8.5,8.4,8.6,167.2,169,165.4,740.394,726.2,754.588,210.904,209.194,212.614,38.32899999999999,34.352,42.306,2.6029999999999998,2.446,2.76,0.318,0.234,0.402,0.18,0.234,0.126,3.281,3.076,3.486,3.281,3.076,3.486,5.103,4.694,5.512,5.103,4.694,5.512,5.390000000000001,4.974,5.806,5.390000000000001,4.974,5.806
2023-06-25T15:40:00Z,909234,355,17856,20,20,,91,91,,859.374,859.374,,,,,0.01,4.1,3.8,4.4,12.8,12.6,13,9.3,9.2,9.4,154,155.4,152.6,851.7159999999999,839.036,864.396,243.464,238.96,247.968,42.101,37.894,46.308,2.706,2.924,2.488,0.41800000000000004,0.504,0.332,0.273,0.356,0.19,4.077,3.88,4.274,4.077,3.88,4.274,6.073,5.708,6.438,6.073,5.708,6.438,6.3740000000000006,6.106,6.642,6.3740000000000006,6.106,6.642
2023-06-25T15:50:00Z,909834,353,18176,20,20,,91,91,,859.326,859.326,,,,,0.01,4.4,4,4.8,13.4,13,13.8,9.6,9.4,9.8,149.5,152.6,146.5,893.7950000000001,864.686,922.904,252.295,246.75,257.84,45.653999999999996,39.702,51.606,2.9,2.798,3.002,0.519,0.392,0.646,0.304,0.346,0.262,4.247999999999999,4.122,4.374,4.247999999999999,4.122,4.374,6.482,6.048,6.916,6.482,6.048,6.916,6.88,6.426,7.334,6.88,6.426,7.334
2023-06-25T16:00:00Z,910434,350,18176,20,20,,91,91,,859.298,859.298,,,,,0.01,4.7,4.6,4.8,14.2,14.3,14.2,10,10,9.9,144,143.4,144.5,949.5219999999999,955.616,943.428,270.587,272.704,268.47,48.919,46.99,50.848,3.081,3.644,2.518,0.436,0.512,0.36,0.16599999999999998,0.292,0.04,4.817,4.7,4.934,4.817,4.7,4.934,7.029999999999999,6.976,7.084,7.029999999999999,6.976,7.084,7.404999999999999,7.494,7.316,7.404999999999999,7.494,7.316
2023-06-25T16:10:00Z,911034,352,18176,20,20,,91,91,,859.296,859.296,,,,,0.01,4.9,4.5,5.3,15,14.6,15.4,10.3,10.1,10.5,139.4,141.9,137,998.6700000000001,971.008,1026.332,284.174,276.69,291.658,50.983000000000004,44.554,57.412,3.0620000000000003,3.112,3.012,0.416,0.248,0.584,0.272,0.158,0.386,5.026,4.852,5.2,5.026,4.852,5.2,7.322,6.91,7.734,7.322,6.91,7.734,7.7,7.202,8.198,7.7,7.202,8.198
2023-06-25T16:20:00Z,911634,358,18176,20.8,20.8,,91,91,,859.288,859.288,,,,,0.01,4.9,4.5,5.3,14.9,14.5,15.3,10.3,10.1,10.4,139.7,142.3,137.2,995.0219999999999,966.8,1023.244,283.519,278.13,288.908,50.256,43.606,56.906,3.0469999999999997,2.818,3.276,0.41,0.344,0.476,0.16,0.236,0.084,5.022,4.928,5.116,5.022,4.928,5.116,7.420999999999999,7.016,7.826,7.420999999999999,7.016,7.826,7.788,7.414,8.162,7.788,7.414,8.162
2023-06-25T16:30:00Z,912234,371,18176,21,21,,91,91,,859.196,859.196,,,,,0.01,4.7,4.5,4.9,14.1,14.1,14.2,9.9,9.9,9.9,144.6,144.9,144.2,943.1179999999999,939.68,946.556,267.214,268.004,266.424,49.492999999999995,46.506,52.48,3.463,3.812,3.114,0.617,0.636,0.598,0.39899999999999997,0.58,0.218,4.629,4.596,4.662,4.629,4.596,4.662,7.004,6.936,7.072,7.004,6.936,7.072,7.497,7.51,7.484,7.497,7.51,7.484
2023-06-25T16:40:00Z,912834,352,17856,21,21,,90.2,90.2,,859.186,859.186,,,,,0.01,4.9,4.5,5.3,14.7,14.2,15.1,10.1,10,10.3,141.4,144,138.9,976.8489999999999,948.986,1004.712,278.18,270.926,285.434,52.146,45.07,59.222,3.49,3.012,3.968,0.5660000000000001,0.548,0.584,0.314,0.458,0.17,4.99,4.76,5.22,4.99,4.76,5.22,7.484999999999999,6.906,8.064,7.484999999999999,6.906,8.064,7.887,7.292,8.482,7.887,7.292,8.482
2023-06-25T16:50:00Z,913434,350,17536,21,21,,90,90,,859.138,859.138,,,,,0.01,5,4.5,5.6,15.9,15.4,16.4,10.7,10.5,10.9,134.2,136.8,131.6,1059.4360000000001,1028.188,1090.684,301.105,295.384,306.826,51.284,42.918,59.65,3.54,3.552,3.528,0.577,0.614,0.54,0.355,0.478,0.232,5.334,5.062,5.606,5.334,5.062,5.606,7.791,7.188,8.394,7.791,7.188,8.394,8.284,7.726,8.842,8.284,7.726,8.842
2023-06-25T17:00:00Z,914034,349,18176,21,21,,90,90,,859.244,859.244,,,,,0.01,5.4,5,5.8,15.9,15.3,16.4,10.7,10.4,10.9,134.4,137.7,131.3,1056.6970000000001,1018.364,1095.03,300.081,291.318,308.844,56.774,50.488,63.06,3.31,2.99,3.63,0.365,0.422,0.308,0.17700000000000002,0.27,0.084,5.148,4.786,5.51,5.148,4.786,5.51,7.865,7.182,8.548,7.865,7.182,8.548,8.177,7.558,8.796,8.177,7.558,8.796
2023-06-25T17:10:00Z,914634,352,17856,21,21,,90,90,,859.194,859.194,,,,,0.01,5,4.7,5.3,15.3,15,15.5,10.4,10.3,10.5,137.8,139.4,136.1,1017.24,998.348,1036.132,290.25800000000004,285.814,294.702,51.678,46.174,57.182,3.5300000000000002,3.064,3.996,0.505,0.51,0.5,0.249,0.412,0.086,4.974,4.846,5.102,4.974,4.846,5.102,7.462,7.044,7.88,7.462,7.044,7.88,7.8309999999999995,7.444,8.218,7.8309999999999995,7.444,8.218
2023-06-25T17:20:00Z,915234,360,17856,21,21,,90,90,,859.124,859.124,,,,,0.01,4.7,4.3,5.1,14.6,14.1,15,10.1,9.9,10.3,141.9,144.6,139.4,970.8340000000001,942.438,999.23,274.048,268.336,279.76,48.308,42.29,54.326,2.74,3.142,2.338,0.504,0.456,0.552,0.251,0.328,0.174,4.804,4.582,5.026,4.804,4.582,5.026,6.979,6.604,7.354,6.979,6.604,7.354,7.417,7.092,7.742,7.417,7.092,7.742
2023-06-25T17:30:00Z,915834,350,17856,21,21,,90,90,,859.182,859.182,,,,,0.01,4.8,4.6,5,14.6,14.5,14.8,10.1,10.1,10.2,141.4,142.3,140.6,976.39,966.93,985.85,277.14300000000003,274.516,279.77,48.733000000000004,45.292,52.174,2.518,2.48,2.556,0.267,0.306,0.228,0.12100000000000001,0.2,0.042,4.778,4.786,4.77,4.778,4.786,4.77,7.118,7.026,7.21,7.118,7.026,7.21,7.379,7.316,7.442,7.379,7.316,7.442
2023-06-25T17:40:00Z,916434,349,17536,21,21,,90,90,,859.234,859.234,,,,,0.01,4.9,4.6,5.2,14.8,14.5,15.1,10.2,10.1,10.3,140.5,142.3,138.8,986.221,967.354,1005.088,279.359,276.78,281.938,51.922,46.402,57.442,3.601,2.794,4.408,0.52,0.282,0.758,0.252,0.24,0.264,4.916,4.89,4.942,4.916,4.89,4.942,7.457000000000001,6.95,7.964,7.457000000000001,6.95,7.964,7.9079999999999995,7.358,8.458,7.9079999999999995,7.358,8.458
2023-06-25T17:50:00Z,917034,358,18176,21,21,,90,90,,859.272,859.272,,,,,0.01,4.9,4.3,5.4,14.5,13.9,15.1,10.1,9.8,10.3,142.3,146,138.7,967.4259999999999,928.566,1006.286,276.784,265.77,287.798,52.189,44.336,60.042,4.2940000000000005,4.19,4.398,0.384,0.49,0.278,0.22499999999999998,0.356,0.094,4.931,4.748,5.114,4.931,4.748,5.114,7.644,7.004,8.284,7.644,7.004,8.284,7.959999999999999,7.454,8.466,7.959999999999999,7.454,8.466
2023-06-25T18:00:00Z,917634,351,17856,21,21,,90,90,,859.354,859.354,,,,,0.01,4.6,4.2,5.1,14,13.4,14.6,9.9,9.6,10.1,145.5,149.3,142,933.103,896.026,970.18,262.70799999999997,255.408,270.008,49.168,42.806,55.53,3.481,3.402,3.56,0.46499999999999997,0.438,0.492,0.28800000000000003,0.338,0.238,4.661,4.41,4.912,4.661,4.41,4.912,7.009,6.496,7.522,7.009,6.496,7.522,7.46,6.9,8.02,7.46,6.9,8.02
2023-06-25T18:10:00Z,918234,352,17216,21,21,,90,90,,859.424,859.424,,,,,0.01,5.2,4.8,5.5,15,14.4,15.7,10.3,10,10.6,139,142.8,135.5,1002.854,961.812,1043.896,285.005,275.532,294.478,56.01,51.464,60.556,3.846,3.774,3.918,0.698,0.596,0.8,0.43900000000000006,0.55,0.328,4.974,4.542,5.406,4.974,4.542,5.406,7.688000000000001,7.108,8.268,7.688000000000001,7.108,8.268,8.258,7.72,8.796,8.258,7.72,8.796
2023-06-25T18:20:00Z,918834,359,18176,21.6,21.6,,90,90,,859.622,859.622,,,,,0.01,6,5.3,6.8,16.4,15.2,17.6,10.9,10.4,11.4,131.3,138,125.2,1095.007,1015.03,1174.984,315.05600000000004,293.862,336.25,73.025,63.086,82.964,8.870000000000001,8.736,9.004,1.19,1.116,1.264,0.676,0.81,0.542,5.32,4.868,5.772,5.32,4.868,5.772,9.684999999999999,8.882,10.488,9.684999999999999,8.882,10.488,10.634,9.818,11.45,10.634,9.818,11.45
2023-06-25T18:30:00Z,919434,355,17856,22,22,,90,90,,859.678,859.678,,,,,0.01,5.2,4.8,5.7,15.1,14.5,15.7,10.3,10.1,10.6,138.6,142,135.4,1007.597,969.992,1045.202,286.775,277.216,296.334,58.897,51.718,66.076,5.389,5.4,5.378,0.627,0.698,0.556,0.42300000000000004,0.46,0.386,4.845000000000001,4.738,4.952,4.845000000000001,4.738,4.952,8.125,7.704,8.546,8.125,7.704,8.546,8.690999999999999,8.34,9.042,8.690999999999999,8.34,9.042
2023-06-25T18:40:00Z,920034,352,17216,23,23,,90,90,,859.782,859.782,,,,,0.01,4.4,3.9,4.8,12.9,12.5,13.4,9.4,9.2,9.6,152.8,156,149.8,862.148,833.558,890.738,246.558,238.91,254.206,48.907,42.018,55.796,5.173,5.084,5.262,0.581,0.488,0.674,0.203,0.206,0.2,4.004,3.766,4.242,4.004,3.766,4.242,6.855,6.402,7.308,6.855,6.402,7.308,7.304,6.766,7.842,7.304,6.766,7.842
2023-06-25T18:50:00Z,920634,366,17536,23.6,23.6,,90,90,,859.724,859.724,,,,,0.01,3.7,3.5,4,11.3,11,11.6,8.6,8.4,8.7,165.6,168.4,163,752.6289999999999,731.262,773.996,213.04700000000003,207.074,219.02,39.622,35.946,43.298,2.7439999999999998,2.65,2.838,0.361,0.372,0.35,0.242,0.278,0.206,3.5220000000000002,3.282,3.762,3.5220000000000002,3.282,3.762,5.469,5.022,5.916,5.469,5.022,5.916,5.811,5.354,6.268,5.811,5.354,6.268
2023-06-25T19:00:00Z,921234,353,17856,24,24,,90,90,,859.826,859.826,,,,,0.01,4.6,4,5.2,12.2,11.2,13.3,9,8.5,9.6,157.9,166.7,150.1,816.461,744.524,888.398,235.51999999999998,214.908,256.132,55.182,47.248,63.116,5.9719999999999995,5.626,6.318,1.095,0.974,1.216,0.571,0.798,0.344,3.7940000000000005,3.188,4.4,3.7940000000000005,3.188,4.4,6.948,6.07,7.826,6.948,6.07,7.826,7.808,6.948,8.668,7.808,6.948,8.668
2023-06-25T19:10:00Z,921834,352,17856,24.6,24.6,,90,90,,859.964,859.964,,,,,0.01,4.9,4.4,5.5,12.5,11.5,13.6,9.2,8.7,9.7,155.7,164.1,148.1,835.9449999999999,764.778,907.112,242.551,223.078,262.024,60.738,52.462,69.014,6.427,5.314,7.54,1.48,0.864,2.096,0.8400000000000001,0.766,0.914,3.8280000000000003,3.182,4.474,3.8280000000000003,3.182,4.474,7.117000000000001,6.12,8.114,7.117000000000001,6.12,8.114,8.383000000000001,7.014,9.752,8.383000000000001,7.014,9.752
2023-06-25T19:20:00Z,922434,353,18176,25,25,,90,90,,860.074,860.074,,,,,0.01,4,3.7,4.4,10.8,10.2,11.5,8.3,8,8.7,169.7,175.6,164.2,721.057,678.2,763.914,207.921,199.494,216.348,47.598,42.568,52.628,4.254,3.752,4.756,0.813,0.672,0.954,0.41000000000000003,0.484,0.336,3.224,2.876,3.572,3.224,2.876,3.572,5.7490000000000006,5.216,6.282,5.7490000000000006,5.216,6.282,6.4079999999999995,5.854,6.962,6.4079999999999995,5.854,6.962
2023-06-25T19:30:00Z,923034,354,17856,25,25,,90,90,,860.082,860.082,,,,,0.01,3.9,3.5,4.3,10.5,9.9,11.2,8.2,7.8,8.5,172.2,178.6,166.2,702.8140000000001,657.87,747.758,202.111,192.094,212.128,45.862,40.326,51.398,4.279,4.244,4.314,0.6990000000000001,0.714,0.684,0.377,0.53,0.224,3.035,2.688,3.382,3.035,2.688,3.382,5.616,4.976,6.256,5.616,4.976,6.256,6.191000000000001,5.652,6.73,6.191000000000001,5.652,6.73
2023-06-25T19:40:00Z,923634,350,18176,25,25,,90,90,,860.032,860.032,,,,,0.01,3.8,3.3,4.2,10.7,10,11.4,8.3,7.9,8.6,170.8,177.7,164.3,713.139,663.496,762.782,203.372,188.366,218.378,42.594,36.662,48.526,3.8680000000000003,3.794,3.942,0.8260000000000001,0.844,0.808,0.473,0.574,0.372,3.311,3.024,3.598,3.311,3.024,3.598,5.383,4.798,5.968,5.383,4.798,5.968,6.087999999999999,5.576,6.6,6.087999999999999,5.576,6.6
2023-06-25T19:50:00Z,924234,354,18176,25.8,25.8,,89.8,89.8,,860.036,860.036,,,,,0.01,4.1,3.6,4.6,11.2,10.2,12.2,8.5,8,9,166.2,175.2,158,748.315,680.868,815.762,216.17000000000002,199.048,233.292,48.013999999999996,41.594,54.434,4.821999999999999,4.342,5.302,0.77,0.51,1.03,0.361,0.22,0.502,3.306,2.964,3.648,3.306,2.964,3.648,6.0120000000000005,5.398,6.626,6.0120000000000005,5.398,6.626,6.612,5.834,7.39,6.612,5.834,7.39
2023-06-25T20:00:00Z,924834,348,18176,26,26,,90,90,,860.088,860.088,,,,,0.01,3.7,3.4,4,10.9,10.3,11.5,8.4,8.1,8.7,168.6,174.1,163.5,729.475,689.214,769.736,211.487,201.994,220.98,40.247,36.356,44.138,3.1260000000000003,3.382,2.87,0.569,0.55,0.588,0.332,0.398,0.266,3.4450000000000003,3.142,3.748,3.4450000000000003,3.142,3.748,5.513999999999999,5.148,5.88,5.513999999999999,5.148,5.88,5.974,5.642,6.306,5.974,5.642,6.306
2023-06-25T20:10:00Z,925434,353,18176,26,26,,89.4,89.4,,860.144,860.144,,,,,0.01,3.4,3.1,3.7,9.5,8.8,10.2,7.6,7.2,8,182.1,189.2,175.5,634.298,589.438,679.158,181.78,171.388,192.172,38.547,34.926,42.168,3.207,3.878,2.536,0.71,0.878,0.542,0.384,0.598,0.17,2.755,2.398,3.112,2.755,2.398,3.112,4.609999999999999,4.168,5.052,4.609999999999999,4.168,5.052,5.15,4.9,5.4,5.15,4.9,5.4
2023-06-25T20:20:00Z,926034,350,17856,26,26,,89,89,,860.088,860.088,,,,,0.01,3.1,2.9,3.3,9.3,9,9.6,7.5,7.3,7.7,184.2,187.6,180.9,620.825,599.484,642.166,177.40300000000002,173.598,181.208,32.079,28.526,35.632,2.149,1.854,2.444,0.271,0.166,0.376,0.10300000000000001,0.166,0.04,2.625,2.364,2.886,2.625,2.364,2.886,4.12,3.72,4.52,4.12,3.72,4.52,4.373,3.966,4.78,4.373,3.966,4.78
2023-06-25T20:30:00Z,926634,355,18176,26,26,,89,89,,859.948,859.948,,,,,0.01,2.7,2.4,2.9,8.5,8.2,8.8,7,6.9,7.2,193.1,196.2,190.1,566.54,548.694,584.386,160.921,154.744,167.098,26.805999999999997,23.266,30.346,1.42,1.538,1.302,0.44699999999999995,0.302,0.592,0.14400000000000002,0.2,0.088,2.23,1.94,2.52,2.23,1.94,2.52,3.3689999999999998,3.004,3.734,3.3689999999999998,3.004,3.734,3.657,3.204,4.11,3.657,3.204,4.11
2023-06-25T20:40:00Z,927234,354,17856,26,26,,89,89,,859.864,859.864,,,,,0.01,2.4,2.3,2.5,7.6,7.4,7.8,6.5,6.4,6.6,203.9,206.4,201.4,507.16600000000005,493.958,520.374,144.357,142.378,146.336,24.722,23.312,26.132,1.6989999999999998,1.664,1.734,0.353,0.296,0.41,0.157,0.24,0.074,2.083,2.044,2.122,2.083,2.044,2.122,3.2199999999999998,3.15,3.29,3.2199999999999998,3.15,3.29,3.4370000000000003,3.322,3.552,3.4370000000000003,3.322,3.552
2023-06-25T20:50:00Z,927834,354,17856,26,26,,89,89,,859.8,859.8,,,,,0.01,3.3,2.8,3.7,9.5,8.9,10.1,7.6,7.2,7.9,182.5,189.1,176.4,631.467,590.52,672.414,180.776,169.126,192.426,35.998999999999995,29.692,42.306,2.91,2.894,2.926,0.496,0.456,0.536,0.162,0.21,0.114,2.666,2.384,2.948,2.666,2.384,2.948,4.503,3.918,5.088,4.503,3.918,5.088,4.85,4.222,5.478,4.85,4.222,5.478
2023-06-25T21:00:00Z,928434,358,18176,26.6,26.6,,89,89,,859.748,859.748,,,,,0.01,3.5,3,4,9.8,9.1,10.5,7.8,7.4,8.2,179.1,186.7,172.2,653.9870000000001,605.134,702.84,187.50900000000001,173.93,201.088,39.169,32.4,45.938,2.901,2.73,3.072,0.497,0.378,0.616,0.28700000000000003,0.33,0.244,2.926,2.59,3.262,2.926,2.59,3.262,4.8870000000000005,4.396,5.378,4.8870000000000005,4.396,5.378,5.271000000000001,4.698,5.844,5.271000000000001,4.698,5.844
2023-06-25T21:10:00Z,929034,349,18176,26.2,26.2,,89,89,,859.626,859.626,,,,,0.01,3,2.8,3.3,9.1,8.6,9.6,7.4,7.1,7.7,186.2,191.9,180.8,608.105,573.288,642.922,174.823,167.376,182.27,32.629999999999995,30.198,35.062,2.8579999999999997,3.074,2.642,0.42800000000000005,0.338,0.518,0.22599999999999998,0.248,0.204,2.489,2.066,2.912,2.489,2.066,2.912,4.107,3.65,4.564,4.107,3.65,4.564,4.448,3.954,4.942,4.448,3.954,4.942
2023-06-25T21:20:00Z,929634,354,17856,26,26,,89,89,,859.536,859.536,,,,,0.01,2.6,2.4,2.9,8.3,8,8.7,6.9,6.7,7.1,195,199.4,190.8,555.395,530.788,580.002,157.16699999999997,152.658,161.676,26.990000000000002,22.656,31.324,1.964,1.818,2.11,0.257,0.2,0.314,0.14800000000000002,0.2,0.096,2.107,2.012,2.202,2.107,2.012,2.202,3.5220000000000002,3.31,3.734,3.5220000000000002,3.31,3.734,3.723,3.49,3.956,3.723,3.49,3.956
2023-06-25T21:30:00Z,930234,358,18176,26,26,,89,89,,859.49,859.49,,,,,0.01,2.8,2.5,3,8.5,8.2,8.9,7,6.8,7.2,192.9,197,189,567.5509999999999,544.4,590.702,161.18,154.634,167.726,28.643,25.282,32.004,2.0380000000000003,1.818,2.258,0.3,0.25,0.35,0.178,0.202,0.154,2.255,1.956,2.554,2.255,1.956,2.554,3.6710000000000003,3.244,4.098,3.6710000000000003,3.244,4.098,3.941,3.496,4.386,3.941,3.496,4.386
2023-06-25T21:40:00Z,930834,351,17536,26,26,,89,89,,859.476,859.476,,,,,0.01,2.3,2.1,2.4,7.6,7.5,7.7,6.5,6.4,6.5,204.4,205.6,203.1,504.669,498.072,511.266,143.4,142.708,144.092,22.448,20.014,24.882,2.011,2.032,1.99,0.139,0.138,0.14,0.116,0.138,0.094,1.934,1.81,2.058,1.934,1.81,2.058,3.134,2.828,3.44,3.134,2.828,3.44,3.2560000000000002,2.966,3.546,3.2560000000000002,2.966,3.546
2023-06-25T21:50:00Z,931434,355,17856,26,26,,89,89,,859.498,859.498,,,,,0.01,2,1.9,2,6.7,6.9,6.6,5.9,6,5.8,215.7,213.6,217.8,448.926,458.628,439.224,124.279,127.218,121.34,19.061,17.888,20.234,1.3399999999999999,1.286,1.394,0.242,0.218,0.266,0.109,0.218,0,1.512,1.646,1.378,1.512,1.646,1.378,2.479,2.566,2.392,2.479,2.566,2.392,2.637,2.738,2.536,2.637,2.738,2.536
2023-06-25T22:00:00Z,932034,352,18176,26,26,,89,89,,859.558,859.558,,,,,0.01,2.1,1.8,2.3,6.9,6.9,7,6.1,6,6.1,212.7,214,211.5,462.95799999999997,456.978,468.938,129.709,127.292,132.126,19.651,16.426,22.876,1.289,1.398,1.18,0.14100000000000001,0.15,0.132,0.11199999999999999,0.146,0.078,1.6,1.548,1.652,1.6,1.548,1.652,2.566,2.466,2.666,2.566,2.466,2.666,2.713,2.616,2.81,2.713,2.616,2.81
2023-06-25T22:10:00Z,932634,357,17856,26,26,,89,89,,859.726,859.726,,,,,0.01,2.5,2.3,2.8,7.8,7.6,8.1,6.6,6.5,6.8,201.2,204.1,198.3,521.4929999999999,505.962,537.024,148.013,143.752,152.274,25.976,21.954,29.998,1.838,1.84,1.836,0.28600000000000003,0.25,0.322,0.15000000000000002,0.164,0.136,2.07,1.994,2.146,2.07,1.994,2.146,3.354,3.192,3.516,3.354,3.192,3.516,3.606,3.476,3.736,3.606,3.476,3.736
2023-06-25T22:20:00Z,933234,365,17856,26,26,,89,89,,859.75,859.75,,,,,0.01,2.7,2.4,2.9,8.7,8.5,8.8,7.1,7,7.2,191.3,193.4,189.2,577.217,564.928,589.506,163.66500000000002,161.758,165.572,26.554000000000002,22.402,30.706,1.738,1.73,1.746,0.28500000000000003,0.326,0.244,0.181,0.27,0.092,2.436,2.358,2.514,2.436,2.358,2.514,3.759,3.45,4.068,3.759,3.45,4.068,3.982,3.734,4.23,3.982,3.734,4.23
2023-06-25T22:30:00Z,933834,350,18176,25.2,25.2,,89,89,,859.738,859.738,,,,,0.01,2.6,2.4,2.9,8.5,8.3,8.6,7,6.9,7.1,193.2,195.1,191.4,565.692,554.782,576.602,159.735,157.044,162.426,26.08,22.392,29.768,1.556,1.538,1.574,0.243,0.222,0.264,0.201,0.222,0.18,2.3310000000000004,2.18,2.482,2.3310000000000004,2.18,2.482,3.6109999999999998,3.402,3.82,3.6109999999999998,3.402,3.82,3.8390000000000004,3.616,4.062,3.8390000000000004,3.616,4.062
2023-06-25T22:40:00Z,934434,351,18176,25,25,,89,89,,859.61,859.61,,,,,0.01,2.4,2.3,2.6,8.4,8.5,8.3,7,7,6.9,194.2,192.8,195.7,559.884,568.074,551.694,157.102,159.012,155.192,22.847,20.532,25.162,1.392,1.818,0.966,0.189,0.222,0.156,0.081,0.126,0.036,2.274,2.402,2.146,2.274,2.402,2.146,3.234,3.346,3.122,3.234,3.346,3.122,3.398,3.576,3.22,3.398,3.576,3.22
2023-06-25T22:50:00Z,935034,350,17536,25,25,,89,89,,859.584,859.584,,,,,0.01,1.6,1.5,1.7,6.1,5.9,6.3,5.5,5.3,5.6,225.3,228.9,221.8,406.22299999999996,390.972,421.474,113.626,109.598,117.654,13.791,12.846,14.736,0.985,1.228,0.742,0.197,0.296,0.098,0.123,0.246,0,1.345,1.25,1.44,1.345,1.25,1.44,2.042,1.946,2.138,2.042,1.946,2.138,2.173,2.162,2.184,2.173,2.162,2.184
2023-06-25T23:00:00Z,935634,354,18176,24.8,24.8,,89,89,,859.596,859.596,,,,,0.01,1.5,1.5,1.6,5.9,5.9,5.8,5.3,5.4,5.3,228.6,227.7,229.5,392.224,395.894,388.554,108.81700000000001,110.892,106.742,12.347000000000001,11.452,13.242,0.6910000000000001,0.724,0.658,0.159,0.204,0.114,0.102,0.204,0,1.226,1.178,1.274,1.226,1.178,1.274,1.752,1.682,1.822,1.752,1.682,1.822,1.928,1.874,1.982,1.928,1.874,1.982
2023-06-25T23:10:00Z,936234,353,18176,24,24,,89,89,,859.65,859.65,,,,,0.01,1.7,1.5,1.8,6.6,6.6,6.6,5.8,5.9,5.8,217.6,217,218.2,440.149,442.934,437.364,121.167,122.026,120.308,13.481,11.068,15.894,0.76,0.974,0.546,0.087,0.1,0.074,0.07,0.1,0.04,1.317,1.15,1.484,1.317,1.15,1.484,1.881,1.608,2.154,1.881,1.608,2.154,2.004,1.8,2.208,2.004,1.8,2.208
2023-06-25T23:20:00Z,936834,354,17856,24,24,,89,89,,859.582,859.582,,,,,0.01,1.9,1.9,2,7.4,7.7,7.2,6.4,6.5,6.2,206,202.8,209.4,496.1,512.936,479.264,137.635,144.518,130.752,16.175,15.066,17.284,1.087,1.35,0.824,0.194,0.268,0.12,0.154,0.224,0.084,1.767,1.724,1.81,1.767,1.724,1.81,2.468,2.434,2.502,2.468,2.434,2.502,2.624,2.664,2.584,2.624,2.664,2.584
2023-06-25T23:30:00Z,937434,349,18176,24,24,,89,89,,859.52,859.52,,,,,0.01,1.9,1.7,2.1,7,6.9,7,6.1,6,6.1,212.5,213.5,211.4,464.201,459.152,469.25,129.54500000000002,128.002,131.088,18.169,14.774,21.564,2.093,1.736,2.45,0.306,0.144,0.468,0.149,0.144,0.154,1.7,1.51,1.89,1.6949999999999998,1.51,1.88,2.637,2.374,2.9,2.637,2.374,2.9,2.84,2.522,3.158,2.84,2.522,3.158
2023-06-25T23:40:00Z,938034,350,18176,24,24,,89,89,,859.464,859.464,,,,,0.01,2.4,2,2.8,8.2,7.8,8.5,6.8,6.6,7,197,201.3,192.8,544.444,520.914,567.974,152.72199999999998,145.898,159.546,23.106,17.594,28.618,1.791,1.946,1.636,0.37,0.424,0.316,0.197,0.238,0.156,1.9620000000000002,1.542,2.382,1.9620000000000002,1.542,2.382,3.136,2.542,3.73,3.136,2.542,3.73,3.449,2.942,3.956,3.449,2.942,3.956
2023-06-25T23:50:00Z,938634,352,18176,24,24,,88.6,88.6,,859.448,859.448,,,,,0.01,2.5,2.2,2.8,8.9,8.4,9.4,7.2,6.9,7.5,189,194.8,183.6,590.807,556.864,624.75,163.49200000000002,153.972,173.012,23.316000000000003,18.98,27.652,1.886,1.878,1.894,0.485,0.382,0.588,0.22000000000000003,0.28,0.16,2.198,1.72,2.676,2.198,1.72,2.676,3.3859999999999997,2.76,4.012,3.3859999999999997,2.76,4.012,3.739,3.098,4.38,3.739,3.098,4.38
2023-06-26T00:00:00Z,939234,356,18176,24,24,,88,88,,859.552,859.552,,,,,0.01,2.6,2.4,2.9,9.1,9.1,9.1,7.4,7.4,7.4,186.5,186.3,186.7,606.301,607.666,604.936,169.423,169.078,169.768,24.813000000000002,19.674,29.952,1.576,1.602,1.55,0.367,0.41,0.324,0.186,0.284,0.088,2.54,2.548,2.532,2.54,2.548,2.532,3.6740000000000004,3.474,3.874,3.6740000000000004,3.474,3.874,3.981,3.812,4.15,3.981,3.812,4.15
2023-06-26T00:10:00Z,939834,352,18176,24,24,,88,88,,859.554,859.554,,,,,0.01,2.2,2.1,2.4,8.4,8.6,8.2,7,7.1,6.9,194,191.8,196.3,561.153,574.292,548.014,154.394,158.44,150.348,19.145000000000003,16.402,21.888,1.463,1.6,1.326,0.151,0.228,0.074,0.054,0.108,0,2.175,2.14,2.21,2.175,2.14,2.21,3.1029999999999998,3.074,3.132,3.1029999999999998,3.074,3.132,3.25,3.278,3.222,3.25,3.278,3.222
2023-06-26T00:20:00Z,940434,355,17856,24,24,,88,88,,859.532,859.532,,,,,0.01,1.8,1.7,1.9,7.1,7.2,7.1,6.2,6.2,6.1,210.5,209.9,211.1,473.88300000000004,476.764,471.002,131.269,132.728,129.81,14.581,13.264,15.898,0.866,1.032,0.7,0.218,0.248,0.188,0.139,0.194,0.084,1.641,1.65,1.632,1.641,1.65,1.632,2.228,2.208,2.248,2.228,2.208,2.248,2.403,2.394,2.412,2.403,2.394,2.412
2023-06-26T00:30:00Z,941034,357,18176,23.8,23.8,,88,88,,859.622,859.622,,,,,0.01,1.4,1.3,1.6,5.7,5.3,6.1,5.2,4.9,5.5,231.8,238.4,225.7,378.96900000000005,353.374,404.564,104.81899999999999,100.258,109.38,11.983,9.536,14.43,1.03,0.732,1.328,0.136,0.188,0.084,0.069,0.138,0,1.169,0.924,1.414,1.169,0.924,1.414,1.696,1.376,2.016,1.696,1.376,2.016,1.791,1.482,2.1,1.791,1.482,2.1
2023-06-26T00:40:00Z,941634,353,17536,24,24,,88,88,,859.824,859.824,,,,,0.01,2,1.8,2.1,7.5,7.5,7.4,6.4,6.4,6.4,205.6,205.2,206.1,498.03,500.386,495.674,140.005,142.34,137.67,15.575999999999999,12.258,18.894,0.546,0.522,0.57,0.078,0.086,0.07,0.061,0.086,0.036,1.865,1.752,1.978,1.865,1.752,1.978,2.468,2.22,2.716,2.468,2.22,2.716,2.564,2.334,2.794,2.564,2.334,2.794
2023-06-26T00:50:00Z,942234,351,17856,24,24,,88,88,,859.908,859.908,,,,,0.01,2.4,2.1,2.7,8.7,8.7,8.7,7.1,7.1,7.1,191,191,191,578.571,578.604,578.538,162.236,162.354,162.118,20.506999999999998,15.354,25.66,1.113,1.18,1.046,0.263,0.244,0.282,0.14200000000000002,0.198,0.086,2.308,2.264,2.352,2.308,2.264,2.352,3.107,2.958,3.256,3.107,2.958,3.256,3.274,3.112,3.436,3.274,3.112,3.436
2023-06-26T01:00:00Z,942834,361,17856,23,23,,88,88,,859.946,859.946,,,,,0.01,2.1,2,2.3,8.2,8.1,8.2,6.8,6.8,6.8,197,197.2,196.8,544.2629999999999,543.072,545.454,151.5,152.07,150.93,17.482,14.194,20.77,0.8440000000000001,0.602,1.086,0.124,0,0.248,0.026,0,0.052,2.031,1.938,2.124,2.031,1.938,2.124,2.8369999999999997,2.656,3.018,2.8369999999999997,2.656,3.018,2.922,2.656,3.188,2.922,2.656,3.188
2023-06-26T01:10:00Z,943434,357,17536,23,23,,88,88,,859.96,859.96,,,,,0.01,2.4,2.3,2.5,8.8,9,8.7,7.2,7.3,7.1,189.5,187.9,191.1,588.063,597.656,578.47,162.981,165.812,160.15,20.703,17.796,23.61,0.952,0.846,1.058,0.203,0.178,0.228,0.11099999999999999,0.178,0.044,2.3970000000000002,2.304,2.49,2.392,2.304,2.48,3.2569999999999997,3.054,3.46,3.2569999999999997,3.054,3.46,3.4139999999999997,3.264,3.564,3.4139999999999997,3.264,3.564
2023-06-26T01:20:00Z,944034,378,16896,23,23,,88,88,,860.016,860.016,,,,,0.01,2.5,2.4,2.5,9.1,9.3,8.9,7.4,7.5,7.3,186.4,184.6,188.3,606.6,617.974,595.226,171.677,176.708,166.646,20.904,19.766,22.042,1.246,1.132,1.36,0.172,0.046,0.298,0.043,0.046,0.04,2.5869999999999997,2.558,2.616,2.5869999999999997,2.558,2.616,3.468,3.394,3.542,3.468,3.394,3.542,3.596,3.496,3.696,3.596,3.496,3.696
2023-06-26T01:30:00Z,944634,365,17216,23.6,23.6,,88,88,,860.09,860.09,,,,,0.01,2.6,2.3,2.8,9.4,9.2,9.6,7.5,7.4,7.7,183.4,185.6,181.2,626.0360000000001,611.606,640.466,175.073,172.108,178.038,22.328,18.284,26.372,1.166,1.002,1.33,0.09,0.038,0.142,0.082,0.038,0.126,2.5700000000000003,2.468,2.672,2.5700000000000003,2.468,2.672,3.598,3.264,3.932,3.598,3.264,3.932,3.668,3.338,3.998,3.668,3.338,3.998
2023-06-26T01:40:00Z,945234,416,17856,23,23,,88,88,,860.092,860.092,,,,,0.01,2.4,2.2,2.6,9,8.8,9.1,7.3,7.2,7.4,188,189.2,186.8,597.1089999999999,589.904,604.314,166.99200000000002,165.538,168.446,20.382,16.03,24.734,1.153,0.768,1.538,0.22699999999999998,0.042,0.412,0.083,0.042,0.124,2.442,2.422,2.462,2.442,2.422,2.462,3.286,3.024,3.548,3.286,3.024,3.548,3.439,3.062,3.816,3.439,3.062,3.816
2023-06-26T01:50:00Z,945834,363,17856,23,23,,88.2,88.2,,860.074,860.074,,,,,0.01,2.6,2.4,2.7,9.2,9.2,9.2,7.5,7.4,7.5,185.1,185.3,185,614.796,613.814,615.778,171.202,171.998,170.406,22.666,20.796,24.536,1.244,1.624,0.864,0.13,0.088,0.172,0.044,0,0.088,2.567,2.65,2.484,2.567,2.65,2.484,3.6109999999999998,3.67,3.552,3.6109999999999998,3.67,3.552,3.707,3.782,3.632,3.707,3.782,3.632
2023-06-26T02:00:00Z,946434,360,17536,22.8,22.8,,88.8,88.8,,860.126,860.126,,,,,0.01,2.6,2.4,2.8,9.2,9.1,9.2,7.4,7.4,7.4,185.6,185.9,185.3,611.722,609.682,613.762,170.355,171.832,168.878,23.262,19.796,26.728,1.588,1.76,1.416,0.163,0.098,0.228,0.094,0.098,0.09,2.416,2.332,2.5,2.416,2.332,2.5,3.526,3.438,3.614,3.526,3.438,3.614,3.6879999999999997,3.562,3.814,3.6879999999999997,3.562,3.814
2023-06-26T02:10:00Z,947034,355,17216,22,22,,89,89,,860.216,860.216,,,,,0.01,2.5,2.2,2.8,9,8.9,9.1,7.3,7.2,7.4,187.5,189,186,600.0450000000001,590.58,609.51,167.161,164.154,170.168,22.233,17.744,26.722,1.2839999999999998,1.422,1.146,0.183,0.216,0.15,0.042,0.084,0,2.466,2.29,2.642,2.466,2.29,2.642,3.415,3.148,3.682,3.415,3.148,3.682,3.564,3.318,3.81,3.564,3.318,3.81
2023-06-26T02:20:00Z,947634,357,17856,22,22,,89,89,,860.222,860.222,,,,,0.01,2.5,2.3,2.6,8.9,9.1,8.7,7.3,7.4,7.2,188.1,186.1,190.3,596.046,609.002,583.09,167.883,171.442,164.324,21.596,18.506,24.686,1.251,1.542,0.96,0.179,0.29,0.068,0.121,0.192,0.05,2.436,2.582,2.29,2.436,2.582,2.29,3.2960000000000003,3.386,3.206,3.2960000000000003,3.386,3.206,3.516,3.696,3.336,3.516,3.696,3.336
2023-06-26T02:30:00Z,948234,368,17856,21.4,21.4,,89,89,,860.342,860.342,,,,,0.01,2.4,2.3,2.5,8.7,8.6,8.8,7.1,7.1,7.2,190.8,192.3,189.3,580.037,571.312,588.762,161.197,159.918,162.476,21.404,19.422,23.386,1.123,1.214,1.032,0.195,0.17,0.22,0.11499999999999999,0.126,0.104,2.25,2.212,2.288,2.25,2.212,2.288,3.2190000000000003,3.116,3.322,3.2190000000000003,3.116,3.322,3.3680000000000003,3.262,3.474,3.3680000000000003,3.262,3.474
2023-06-26T02:40:00Z,948834,369,17216,21,21,,89,89,,860.408,860.408,,,,,0.01,2.1,1.9,2.3,7.8,7.5,8,6.6,6.4,6.7,201.9,205,199,517.369,501.36,533.378,142.173,139.3,145.046,18.039,14.928,21.15,0.782,0.864,0.7,0.065,0,0.13,0.019,0,0.038,1.842,1.688,1.996,1.842,1.688,1.996,2.564,2.356,2.772,2.564,2.356,2.772,2.613,2.382,2.844,2.613,2.382,2.844
2023-06-26T02:50:00Z,949434,360,18176,20.6,20.6,,89,89,,860.392,860.392,,,,,0.01,2,1.9,2.1,7,7,7.1,6.1,6.1,6.1,211.3,211.4,211.1,469.947,469.178,470.716,133.187,133.476,132.898,18.78,17.066,20.494,1.0459999999999998,1.148,0.944,0.11800000000000001,0.098,0.138,0.098,0.098,0.098,1.679,1.566,1.792,1.679,1.566,1.792,2.5060000000000002,2.416,2.596,2.5060000000000002,2.416,2.596,2.6109999999999998,2.504,2.718,2.6109999999999998,2.504,2.718
2023-06-26T03:00:00Z,950034,410,17536,20,20,,89,89,,860.308,860.308,,,,,0.01,1.7,1.6,1.8,6.4,6.5,6.4,5.7,5.7,5.7,220,219.6,220.5,429.184,431.196,427.172,120.292,120.056,120.528,15.009,13.126,16.892,1.162,1.27,1.054,0.23299999999999998,0.26,0.206,0.153,0.174,0.132,1.359,1.206,1.512,1.359,1.206,1.512,2.0839999999999996,1.904,2.264,2.0839999999999996,1.904,2.264,2.2489999999999997,2.09,2.408,2.2489999999999997,2.09,2.408
2023-06-26T03:10:00Z,950634,393,18176,20,20,,89,89,,860.284,860.284,,,,,0.01,1.8,1.7,1.9,6.5,6.5,6.6,5.8,5.8,5.8,218.5,218.8,218.2,436.13300000000004,434.812,437.454,119.867,121.18,118.554,16.354,14.046,18.662,1.1320000000000001,1.186,1.078,0.202,0.222,0.182,0.156,0.172,0.14,1.468,1.356,1.58,1.468,1.356,1.58,2.224,2.104,2.344,2.224,2.104,2.344,2.3899999999999997,2.3,2.48,2.3899999999999997,2.3,2.48
2023-06-26T03:20:00Z,951234,364,17216,20,20,,89,89,,860.246,860.246,,,,,0.01,1.8,1.7,1.9,6.5,6.5,6.6,5.8,5.8,5.8,218.5,218.7,218.3,435.98,435.002,436.958,121.447,121.066,121.828,16.36,13.728,18.992,1.097,0.768,1.426,0.177,0.218,0.136,0.11499999999999999,0.178,0.052,1.479,1.46,1.498,1.479,1.46,1.498,2.209,2.008,2.41,2.209,2.008,2.41,2.366,2.18,2.552,2.366,2.18,2.552
2023-06-26T03:30:00Z,951834,356,17856,20,20,,89,89,,860.216,860.216,,,,,0.01,2,1.9,2,6.8,6.6,7,6,5.9,6.1,214.4,217,211.8,455.18100000000004,443.052,467.31,127.493,123.818,131.168,18.67,18.396,18.944,1.145,1.352,0.938,0.118,0.144,0.092,0.08199999999999999,0.144,0.02,1.6320000000000001,1.424,1.84,1.6320000000000001,1.424,1.84,2.468,2.296,2.64,2.468,2.296,2.64,2.571,2.442,2.7,2.571,2.442,2.7
2023-06-26T03:40:00Z,952434,372,17856,20,20,,89,89,,860.162,860.162,,,,,0.01,2,1.9,2.1,6.9,6.8,7.1,6.1,5.9,6.2,212.9,215.3,210.6,462.129,450.976,473.282,128.99599999999998,128.346,129.646,18.747999999999998,17.174,20.322,1.68,1.714,1.646,0.14500000000000002,0.098,0.192,0.08,0.054,0.106,1.683,1.596,1.77,1.683,1.596,1.77,2.6950000000000003,2.552,2.838,2.6950000000000003,2.552,2.838,2.8,2.638,2.962,2.8,2.638,2.962
2023-06-26T03:50:00Z,953034,361,17216,19.8,19.8,,89,89,,860.152,860.152,,,,,0.01,2.1,1.9,2.2,7.4,7.3,7.4,6.3,6.3,6.4,206.8,207.5,206,492.28,488.484,496.076,137.066,137,137.132,19.511000000000003,16.504,22.518,1.553,1.294,1.812,0.29100000000000004,0.326,0.256,0.153,0.18,0.126,1.697,1.732,1.662,1.697,1.732,1.662,2.6529999999999996,2.55,2.756,2.6529999999999996,2.55,2.756,2.888,2.838,2.938,2.888,2.838,2.938
2023-06-26T04:00:00Z,953634,693,17536,19.4,19.4,,89,89,,860.15,860.15,,,,,0.01,2.1,2,2.1,7.2,7.1,7.2,6.2,6.2,6.2,209.8,210,209.7,476.964,476.318,477.61,135.906,135.502,136.31,19.429000000000002,18.244,20.614,1.146,0.798,1.494,0.087,0,0.174,0.047,0,0.094,1.79,1.646,1.934,1.79,1.646,1.934,2.708,2.448,2.968,2.708,2.448,2.968,2.758,2.448,3.068,2.758,2.448,3.068
2023-06-26T04:10:00Z,954234,481,17856,19.2,19.2,,89,89,,860.03,860.03,,,,,0.01,2.2,2,2.4,7.6,7.5,7.8,6.5,6.4,6.6,203.4,205.6,201.3,509.545,498.36,520.73,142.888,138.654,147.122,20.811999999999998,17.528,24.096,1.231,0.896,1.566,0.191,0.218,0.164,0.127,0.218,0.036,1.8050000000000002,1.624,1.986,1.8050000000000002,1.624,1.986,2.765,2.33,3.2,2.765,2.33,3.2,2.931,2.528,3.334,2.931,2.528,3.334
2023-06-26T04:20:00Z,954834,442,17536,19,19,,89.8,89.8,,860,860,,,,,0.01,2.2,2,2.3,7.5,7.5,7.5,6.4,6.4,6.4,205.5,205.3,205.8,498.545,499.608,497.482,141.28300000000002,144.548,138.018,19.566,17.746,21.386,1.033,1.346,0.72,0.201,0.322,0.08,0.08600000000000001,0.13,0.042,1.921,1.848,1.994,1.921,1.848,1.994,2.795,2.74,2.85,2.795,2.74,2.85,2.957,2.986,2.928,2.957,2.986,2.928
2023-06-26T04:30:00Z,955434,356,17856,19,19,,90,90,,859.97,859.97,,,,,0.01,2.3,2.1,2.5,7.9,7.9,8,6.7,6.7,6.7,199.8,200.3,199.3,529.0219999999999,526.376,531.668,148.155,148.114,148.196,21.687,18.146,25.228,1.216,1.158,1.274,0.156,0.13,0.182,0.018,0,0.036,1.9620000000000002,1.784,2.14,1.9620000000000002,1.784,2.14,2.957,2.686,3.228,2.957,2.686,3.228,3.096,2.856,3.336,3.096,2.856,3.336
2023-06-26T04:40:00Z,956034,384,17536,19,19,,90,90,,859.92,859.92,,,,,0.01,2.2,2,2.4,7.9,7.9,7.9,6.7,6.7,6.7,200.3,200.5,200.1,526.165,525.272,527.058,144.598,145.026,144.17,19.5,15.466,23.534,1.0430000000000001,0.752,1.334,0.241,0.104,0.378,0.13899999999999998,0.038,0.24,1.8499999999999999,1.69,2.01,1.8499999999999999,1.69,2.01,2.766,2.536,2.996,2.766,2.536,2.996,2.968,2.614,3.322,2.968,2.614,3.322
2023-06-26T04:50:00Z,956634,357,18176,19,19,,90,90,,859.762,859.762,,,,,0.01,2.5,2.3,2.6,8.5,8.4,8.6,7,7,7.1,192.9,194.1,191.6,567.9110000000001,560.48,575.342,160.469,158.45,162.488,22.944,20.458,25.43,1.4809999999999999,1.32,1.642,0.222,0.226,0.218,0.14900000000000002,0.2,0.098,2.293,2.126,2.46,2.293,2.126,2.46,3.4130000000000003,3.078,3.748,3.4130000000000003,3.078,3.748,3.551,3.242,3.86,3.551,3.242,3.86
2023-06-26T05:00:00Z,957234,353,17856,19,19,,90,90,,859.664,859.664,,,,,0.01,2.5,2.3,2.7,8.4,8.3,8.4,7,6.9,7,194.6,194.9,194.2,558.038,556.1,559.976,157.035,158.084,155.986,23.015,19.022,27.008,1.023,0.654,1.392,0.208,0.206,0.21,0.07100000000000001,0.1,0.042,2.109,2.06,2.158,2.109,2.06,2.158,3.021,2.734,3.308,3.021,2.734,3.308,3.189,2.852,3.526,3.189,2.852,3.526
2023-06-26T05:10:00Z,957834,354,17856,19,19,,90,90,,859.642,859.642,,,,,0.01,2.3,2.2,2.5,8,8,8.1,6.7,6.7,6.8,198.7,199.3,198,534.954,531.434,538.474,149.323,149.318,149.328,21.698999999999998,18.372,25.026,1.035,0.888,1.182,0.112,0.094,0.13,0.066,0.094,0.038,1.952,1.818,2.086,1.952,1.818,2.086,3.032,2.696,3.368,3.032,2.696,3.368,3.113,2.774,3.452,3.113,2.774,3.452
2023-06-26T05:20:00Z,958434,422,17856,19,19,,90,90,,859.628,859.628,,,,,0.01,2.3,2.3,2.4,8.2,8.3,8.2,6.9,6.9,6.8,196.3,195.7,196.9,548.2570000000001,551.444,545.07,153.702,154.214,153.19,21.634,20.758,22.51,1.552,1.858,1.246,0.078,0.088,0.068,0.044,0.088,0,2.074,1.888,2.26,2.074,1.888,2.26,3.098,2.902,3.294,3.098,2.902,3.294,3.177,2.988,3.366,3.177,2.988,3.366
2023-06-26T05:30:00Z,959034,363,17856,19,19,,90,90,,859.474,859.474,,,,,0.01,2.6,2.4,2.8,8.8,8.7,8.9,7.2,7.1,7.3,189.8,190.9,188.7,585.9079999999999,579.358,592.458,164.478,163.144,165.812,24.351999999999997,21.926,26.778,1.331,1.5,1.162,0.20199999999999999,0.288,0.116,0.145,0.248,0.042,2.3979999999999997,2.206,2.59,2.3979999999999997,2.206,2.59,3.412,3.168,3.656,3.412,3.168,3.656,3.559,3.408,3.71,3.559,3.408,3.71
2023-06-26T05:40:00Z,959634,362,17856,19,19,,90,90,,859.442,859.442,,,,,0.01,2.4,2.3,2.6,8.8,8.9,8.8,7.2,7.2,7.2,189.5,189.1,190,587.677,590.278,585.076,163.81799999999998,164.7,162.936,21.805,19.922,23.688,1.288,1.524,1.052,0.16499999999999998,0.186,0.144,0.07100000000000001,0.096,0.046,2.4219999999999997,2.278,2.566,2.4219999999999997,2.278,2.566,3.449,3.316,3.582,3.449,3.316,3.582,3.584,3.5,3.668,3.584,3.5,3.668
2023-06-26T05:50:00Z,960234,379,17856,18.2,18.2,,89.8,89.8,,859.37,859.37,,,,,0.01,3,2.7,3.3,10.3,10,10.5,8,7.9,8.1,174.9,177,172.8,683.4469999999999,668.762,698.132,193.313,189.048,197.578,28.429,24.028,32.83,1.5990000000000002,1.622,1.576,0.369,0.298,0.44,0.151,0.216,0.086,2.883,2.546,3.22,2.883,2.546,3.22,4.1530000000000005,3.63,4.676,4.1530000000000005,3.63,4.676,4.401,3.914,4.888,4.401,3.914,4.888
2023-06-26T06:00:00Z,960834,358,17856,18,18,,89,89,,859.316,859.316,,,,,0.01,2.6,2.5,2.7,9,9.2,8.8,7.3,7.4,7.2,187.4,185.7,189.2,600.569,611.462,589.676,169.79700000000003,172.794,166.8,23.761000000000003,21.736,25.786,1.232,1.244,1.22,0.088,0.126,0.05,0.044,0.088,0,2.325,2.29,2.36,2.325,2.29,2.36,3.37,3.23,3.51,3.37,3.23,3.51,3.457,3.378,3.536,3.457,3.378,3.536
2023-06-26T06:10:00Z,961434,354,17856,17.4,17.4,,89,89,,859.236,859.236,,,,,0.01,2.2,2,2.4,7.7,7.5,8,6.6,6.4,6.7,202.4,205.3,199.5,515.142,499.716,530.568,144.253,140.018,148.488,20.149,17.888,22.41,1.116,1.172,1.06,0.077,0.034,0.12,0.017,0,0.034,2.0380000000000003,1.904,2.172,2.0380000000000003,1.904,2.172,2.9539999999999997,2.714,3.194,2.9539999999999997,2.714,3.194,3.024,2.74,3.308,3.024,2.74,3.308
2023-06-26T06:20:00Z,962034,358,18176,17,17,,89,89,,859.232,859.232,,,,,0.01,2.2,2,2.4,7.6,7.5,7.7,6.5,6.4,6.5,204.1,205.6,202.6,506.001,498.132,513.87,140.845,139.886,141.804,20.255,16.68,23.83,0.998,0.908,1.088,0.051,0,0.102,0,0,0,1.9340000000000002,1.74,2.128,1.9340000000000002,1.74,2.128,2.822,2.492,3.152,2.822,2.492,3.152,2.867,2.498,3.236,2.867,2.498,3.236
2023-06-26T06:30:00Z,962634,356,17856,17,17,,89,89,,859.194,859.194,,,,,0.01,2.3,2.2,2.4,7.6,7.6,7.6,6.5,6.5,6.5,203.5,203.4,203.6,509.371,509.88,508.862,144.19,144.678,143.702,22.567999999999998,20.81,24.326,1.064,1.096,1.032,0.194,0.166,0.222,0.082,0.114,0.05,1.8980000000000001,1.87,1.926,1.8980000000000001,1.87,1.926,2.932,2.862,3.002,2.932,2.862,3.002,3.068,2.992,3.144,3.068,2.992,3.144
2023-06-26T06:40:00Z,963234,354,17536,17,17,,89,89,,859.134,859.134,,,,,0.01,2.5,2.3,2.6,8.1,7.9,8.2,6.8,6.7,6.8,198.3,199.7,196.9,537.076,529.142,545.01,150.95,150.478,151.422,23.846,21.324,26.368,1.4100000000000001,0.986,1.834,0.19,0.19,0.19,0.164,0.19,0.138,2.1719999999999997,2.062,2.282,2.1719999999999997,2.062,2.282,3.285,3,3.57,3.285,3,3.57,3.428,3.142,3.714,3.428,3.142,3.714
2023-06-26T06:50:00Z,963834,478,17536,17,17,,89,89,,858.936,858.936,,,,,0.01,2.4,2.2,2.5,7.8,7.6,8,6.6,6.5,6.7,201.6,204.2,199.1,519.152,505.58,532.724,145.869,143.778,147.96,22.497,19.898,25.096,1.135,0.922,1.348,0.13,0.046,0.214,0.038,0,0.076,1.924,1.772,2.076,1.924,1.772,2.076,2.9640000000000004,2.736,3.192,2.9640000000000004,2.736,3.192,3.081,2.814,3.348,3.081,2.814,3.348
2023-06-26T07:00:00Z,964434,370,16896,17,17,,89,89,,858.808,858.808,,,,,0.01,2.6,2.5,2.6,8.6,8.7,8.4,7.1,7.1,7,192.5,190.8,194.1,570.1880000000001,579.95,560.426,162.079,164.242,159.916,24.425,22.898,25.952,1.472,1.32,1.624,0.164,0.072,0.256,0.036,0.072,0,2.364,2.35,2.378,2.364,2.35,2.378,3.4939999999999998,3.522,3.466,3.4939999999999998,3.522,3.466,3.625,3.592,3.658,3.625,3.592,3.658
2023-06-26T07:10:00Z,965034,403,18210,16.2,16.2,,89,89,,858.646,858.646,,,,,0.01,2.5,2.3,2.7,8.3,7.9,8.6,6.9,6.7,7.1,195.8,199.8,192,550.8,528.918,572.682,155.961,149.392,162.53,23.939,21.202,26.676,1.3479999999999999,1.068,1.628,0.069,0.104,0.034,0.052,0.104,0,2.278,2.074,2.482,2.278,2.074,2.482,3.3689999999999998,2.992,3.746,3.3689999999999998,2.992,3.746,3.447,3.07,3.824,3.447,3.07,3.824
2023-06-26T07:20:00Z,965634,357,18176,16.2,16.2,,88.6,88.6,,858.524,858.524,,,,,0.01,2.1,1.9,2.4,7.8,7.5,8.1,6.6,6.4,6.8,201.7,205.7,197.9,518.597,497.82,539.374,144.75,138.55,150.95,18.864,14.352,23.376,1.133,0.882,1.384,0.16,0.194,0.126,0.046,0.092,0,2.044,1.898,2.19,2.044,1.898,2.19,2.888,2.506,3.27,2.888,2.506,3.27,2.9989999999999997,2.646,3.352,2.9989999999999997,2.646,3.352
2023-06-26T07:30:00Z,966234,369,17536,17,17,,88.8,88.8,,858.476,858.476,,,,,0.01,2.5,2.4,2.6,8.4,8.4,8.4,7,7,7,194.2,194.6,193.8,560.216,557.986,562.446,156.067,156.486,155.648,23.43,20.948,25.912,0.883,0.854,0.912,0.084,0.038,0.13,0.023,0,0.046,2.346,2.404,2.288,2.346,2.404,2.288,3.306,3.242,3.37,3.306,3.242,3.37,3.3739999999999997,3.296,3.452,3.3739999999999997,3.296,3.452
2023-06-26T07:40:00Z,966834,351,17536,17,17,,88.2,88.2,,858.408,858.408,,,,,0.01,2.5,2.3,2.6,8.5,8.3,8.6,7,6.9,7.1,193.6,195.8,191.4,563.573,550.876,576.27,158.99099999999999,155.924,162.058,23.076,21.546,24.606,1.3,1.75,0.85,0.172,0.156,0.188,0.041,0.082,0,2.3129999999999997,2.21,2.416,2.3129999999999997,2.21,2.416,3.3789999999999996,3.252,3.506,3.3789999999999996,3.252,3.506,3.528,3.45,3.606,3.528,3.45,3.606
2023-06-26T07:50:00Z,967434,357,17856,17,17,,88.2,88.2,,858.328,858.328,,,,,0.01,2.8,2.7,2.9,9.6,9.5,9.7,7.7,7.6,7.7,181.2,182.4,180.1,639.915,632.182,647.648,178.688,178.346,179.03,26.003,24.556,27.45,1.26,1.04,1.48,0.158,0.188,0.128,0.062,0.088,0.036,2.576,2.572,2.58,2.576,2.572,2.58,3.838,3.704,3.972,3.838,3.704,3.972,4.005,3.898,4.112,4.005,3.898,4.112
2023-06-26T08:00:00Z,968034,394,17856,17,17,,89,89,,858.332,858.332,,,,,0.01,2.5,2.2,2.8,8.6,8.2,8.9,7.1,6.9,7.2,192.4,196,189,570.3430000000001,549.994,590.692,161.107,157.294,164.92,23.21,19.504,26.916,1.219,1.374,1.064,0.242,0.252,0.232,0.16399999999999998,0.146,0.182,2.344,2.154,2.534,2.344,2.154,2.534,3.249,2.966,3.532,3.249,2.966,3.532,3.447,3.182,3.712,3.447,3.182,3.712
2023-06-26T08:10:00Z,968634,356,17856,17,17,,89,89,,858.31,858.31,,,,,0.01,2.4,2.2,2.6,8.3,8.4,8.2,6.9,7,6.8,195.5,194.2,196.9,552.486,560.284,544.688,156.14,159.266,153.014,22.180999999999997,19.136,25.226,1.2919999999999998,1.422,1.162,0.165,0.084,0.246,0.007,0,0.014,2.174,1.994,2.354,2.174,1.994,2.354,3.1959999999999997,2.96,3.432,3.1959999999999997,2.96,3.432,3.331,3.034,3.628,3.331,3.034,3.628
2023-06-26T08:20:00Z,969234,348,16896,17,17,,89,89,,858.22,858.22,,,,,0.01,2.5,2.3,2.6,8.5,8.6,8.5,7,7.1,7,192.8,192.3,193.4,568.187,571.39,564.984,159.48700000000002,159.788,159.186,22.738,19.618,25.858,1.271,1.044,1.498,0.132,0.084,0.18,0.094,0.084,0.104,2.3070000000000004,2.192,2.422,2.3070000000000004,2.192,2.422,3.302,3.06,3.544,3.302,3.06,3.544,3.439,3.154,3.724,3.439,3.154,3.724
2023-06-26T08:30:00Z,969834,361,17856,17,17,,89,89,,858.124,858.124,,,,,0.01,2.3,2.2,2.5,8.1,7.8,8.5,6.8,6.6,7,197.2,201.1,193.5,543.015,521.79,564.24,150.202,144.558,155.846,21.541,19.128,23.954,1.0779999999999998,1.018,1.138,0.10300000000000001,0.09,0.116,0.063,0.09,0.036,2.005,1.806,2.204,2.005,1.806,2.204,2.894,2.588,3.2,2.894,2.588,3.2,3.028,2.734,3.322,3.028,2.734,3.322
2023-06-26T08:40:00Z,970434,351,18176,17,17,,89,89,,858.132,858.132,,,,,0.01,2.4,2.3,2.5,8.4,8.6,8.3,7,7.1,6.9,194.1,192.4,195.9,560.484,570.686,550.282,158.017,161.842,154.192,21.887,18.568,25.206,1.3,1.05,1.55,0.147,0.084,0.21,0.088,0.084,0.092,2.206,2.106,2.306,2.206,2.106,2.306,3.218,2.978,3.458,3.218,2.978,3.458,3.328,3.034,3.622,3.328,3.034,3.622
2023-06-26T08:50:00Z,971034,362,17856,17,17,,89,89,,858.142,858.142,,,,,0.01,2.5,2.2,2.7,8.4,8.2,8.5,6.9,6.9,7,194.8,196.4,193.2,556.8389999999999,547.508,566.17,158.38799999999998,156.88,159.896,23.249,19.406,27.092,1.698,1.242,2.154,0.21899999999999997,0.086,0.352,0.08499999999999999,0.086,0.084,2.158,2.106,2.21,2.158,2.106,2.21,3.298,3.042,3.554,3.298,3.042,3.554,3.472,3.146,3.798,3.472,3.146,3.798
2023-06-26T09:00:00Z,971634,355,18176,17,17,,89,89,,858.064,858.064,,,,,0.01,2.5,2.4,2.5,8.5,8.7,8.2,7,7.2,6.9,193.4,190.3,196.5,564.914,582.826,547.002,157.816,166.104,149.528,22.912,21.614,24.21,1.2429999999999999,1.276,1.21,0.226,0.252,0.2,0.10800000000000001,0.202,0.014,2.2720000000000002,2.332,2.212,2.2720000000000002,2.332,2.212,3.248,3.224,3.272,3.248,3.224,3.272,3.452,3.47,3.434,3.452,3.47,3.434
2023-06-26T09:10:00Z,972234,350,17536,17,17,,89.6,89.6,,858.068,858.068,,,,,0.01,2.4,2.4,2.4,8.3,8.5,8.1,6.9,7.1,6.8,195.1,192.6,197.6,555.0070000000001,569.278,540.736,158.389,162.918,153.86,22.46,21.192,23.728,1.539,1.396,1.682,0.258,0.188,0.328,0.213,0.188,0.238,2.123,2.182,2.064,2.123,2.182,2.064,3.181,3.11,3.252,3.181,3.11,3.252,3.412,3.318,3.506,3.412,3.318,3.506
2023-06-26T09:20:00Z,972834,357,17536,17,17,,90,90,,858.084,858.084,,,,,0.01,2.2,2.1,2.4,7.7,7.8,7.6,6.6,6.6,6.5,202.2,201,203.4,516.12,522.506,509.734,144.499,147.974,141.024,20.361,17.48,23.242,1.181,1.044,1.318,0.133,0.048,0.218,0.069,0.048,0.09,1.8330000000000002,1.826,1.84,1.8330000000000002,1.826,1.84,2.835,2.582,3.088,2.835,2.582,3.088,2.969,2.67,3.268,2.969,2.67,3.268
2023-06-26T09:30:00Z,973434,352,17856,17,17,,90,90,,858.114,858.114,,,,,0.01,2.4,2.2,2.6,8.2,8.1,8.3,6.8,6.8,6.9,196.7,197.9,195.5,546.002,539.454,552.55,154.112,154.434,153.79,22.813000000000002,19.452,26.174,1.117,1.322,0.912,0.123,0.13,0.116,0.065,0.05,0.08,2.096,2.146,2.046,2.096,2.146,2.046,3.168,3.164,3.172,3.168,3.164,3.172,3.261,3.252,3.27,3.261,3.252,3.27
2023-06-26T09:40:00Z,974034,359,18176,17,17,,90,90,,858.154,858.154,,,,,0.01,2.5,2.2,2.7,8.1,8,8.2,6.8,6.7,6.8,198.3,199.6,197.1,537.002,530.17,543.834,151.66899999999998,151.446,151.892,23.708,20.082,27.334,1.24,1.302,1.178,0.10900000000000001,0.138,0.08,0.08700000000000001,0.138,0.036,2.176,2.14,2.212,2.176,2.14,2.212,3.1950000000000003,2.992,3.398,3.1950000000000003,2.992,3.398,3.307,3.138,3.476,3.307,3.138,3.476
2023-06-26T09:50:00Z,974634,362,17536,17,17,,90,90,,858.036,858.036,,,,,0.01,2.4,2.3,2.5,8.1,7.9,8.2,6.8,6.7,6.8,198.3,199.7,196.8,537.2860000000001,529.192,545.38,149.324,147.202,151.446,22.837,20.364,25.31,1.142,0.944,1.34,0.10800000000000001,0.168,0.048,0.084,0.168,0,2.033,1.892,2.174,2.033,1.892,2.174,3.11,2.88,3.34,3.11,2.88,3.34,3.2119999999999997,3.036,3.388,3.2119999999999997,3.036,3.388
2023-06-26T10:00:00Z,975234,354,18176,17,17,,90,90,,857.972,857.972,,,,,0.01,2.4,2.2,2.6,8.1,8,8.1,6.8,6.8,6.8,198,198.6,197.4,538.7909999999999,535.682,541.9,151.152,148.526,153.778,22.219,18.734,25.704,1.157,1.102,1.212,0.14700000000000002,0.128,0.166,0.124,0.128,0.12,2.102,2.006,2.198,2.102,2.006,2.198,3.127,2.944,3.31,3.127,2.944,3.31,3.238,3.05,3.426,3.238,3.05,3.426
2023-06-26T10:10:00Z,975834,361,17856,17,17,,90,90,,857.942,857.942,,,,,0.01,2.2,2,2.5,7.9,7.6,8.1,6.6,6.5,6.8,200.6,203.9,197.4,524.567,506.958,542.176,147.999,143.744,152.254,19.993,15.31,24.676,1.2349999999999999,0.708,1.762,0.14400000000000002,0.096,0.192,0.07300000000000001,0.096,0.05,1.929,1.734,2.124,1.929,1.734,2.124,2.891,2.436,3.346,2.891,2.436,3.346,2.998,2.53,3.466,2.998,2.53,3.466
2023-06-26T10:20:00Z,976434,356,18176,17,17,,90,90,,857.982,857.982,,,,,0.01,2.4,2.3,2.4,8,8,8,6.8,6.8,6.8,198.5,198.4,198.5,536.098,536.282,535.914,150.676,152.042,149.31,22.028,21.15,22.906,0.88,0.758,1.002,0.1,0.068,0.132,0.07400000000000001,0.068,0.08,2.013,2.006,2.02,2.013,2.006,2.02,2.968,2.896,3.04,2.968,2.896,3.04,3.077,2.982,3.172,3.077,2.982,3.172
2023-06-26T10:30:00Z,977034,355,17514,17,17,,90,90,,858.028,858.028,,,,,0.01,2.4,2.3,2.5,8.2,8.3,8.1,6.9,6.9,6.8,196.1,194.8,197.4,549.3389999999999,556.474,542.204,152.437,154.63,150.244,21.790999999999997,19.362,24.22,1.202,1.062,1.342,0.123,0.102,0.144,0.051,0.102,0,2.053,1.864,2.242,2.053,1.864,2.242,3.145,2.83,3.46,3.145,2.83,3.46,3.245,2.954,3.536,3.245,2.954,3.536
2023-06-26T10:40:00Z,977634,350,18176,17,17,,90,90,,858.028,858.028,,,,,0.01,2.3,2.3,2.4,8,8.1,7.8,6.7,6.8,6.6,199.1,197.2,201,532.75,543.254,522.246,149.28300000000002,151.29,147.276,22.082,20.988,23.176,1.369,1.466,1.272,0.11299999999999999,0.18,0.046,0.066,0.132,0,2.036,1.96,2.112,2.036,1.96,2.112,3.0549999999999997,2.96,3.15,3.0549999999999997,2.96,3.15,3.165,3.106,3.224,3.165,3.106,3.224
2023-06-26T10:50:00Z,978234,361,17536,17,17,,90,90,,858.082,858.082,,,,,0.01,2.4,2.2,2.6,8.2,8,8.3,6.8,6.7,6.9,197.2,198.9,195.5,543.338,533.722,552.954,152.47,150.14,154.8,21.976,18.982,24.97,1.0150000000000001,1.116,0.914,0.151,0.178,0.124,0.065,0.088,0.042,2.05,1.878,2.222,2.05,1.878,2.222,3.0949999999999998,2.884,3.306,3.0949999999999998,2.884,3.306,3.208,3.042,3.374,3.208,3.042,3.374
2023-06-26T11:00:00Z,978834,353,18176,17,17,,90,90,,858.268,858.268,,,,,0.01,2.4,2.2,2.6,8.3,8.3,8.3,6.9,6.9,6.9,195.4,195.5,195.3,553.2539999999999,552.824,553.684,155.506,155.026,155.986,21.802,17.958,25.646,1.127,1,1.254,0.11000000000000001,0.136,0.084,0.064,0.092,0.036,2.151,2.108,2.194,2.151,2.108,2.194,3.106,2.958,3.254,3.106,2.958,3.254,3.198,3.05,3.346,3.198,3.05,3.346
2023-06-26T11:10:00Z,979434,371,18210,17,17,,90,90,,858.458,858.458,,,,,0.01,2.5,2.4,2.7,8.8,8.7,9,7.2,7.1,7.3,189.1,191,187.3,589.951,578.59,601.312,164.954,161.42,168.488,23.732,22.29,25.174,1.627,1.834,1.42,0.126,0.152,0.1,0.027,0.054,0,2.354,2.128,2.58,2.354,2.128,2.58,3.5060000000000002,3.316,3.696,3.5060000000000002,3.316,3.696,3.589,3.436,3.742,3.589,3.436,3.742
2023-06-26T11:20:00Z,980034,353,17856,16.4,16.4,,90,90,,858.664,858.664,,,,,0.01,2.4,2.2,2.6,8.4,8.4,8.4,7,7,7,194.5,194.5,194.6,558.2049999999999,558.592,557.818,156.837,154.766,158.908,21.985999999999997,18.604,25.368,1.033,0.906,1.16,0.136,0.144,0.128,0.092,0.144,0.04,2.276,2.152,2.4,2.276,2.152,2.4,3.152,2.87,3.434,3.152,2.87,3.434,3.2560000000000002,3.008,3.504,3.2560000000000002,3.008,3.504
2023-06-26T11:30:00Z,980634,358,18176,16,16,,90,90,,858.718,858.718,,,,,0.01,2.4,2.3,2.5,8.5,8.5,8.5,7,7,7.1,192.9,193.1,192.6,567.934,566.644,569.224,161.648,162.39,160.906,20.625999999999998,18.636,22.616,0.956,0.95,0.962,0.173,0.086,0.26,0.061,0.086,0.036,2.43,2.374,2.486,2.43,2.374,2.486,3.226,3.194,3.258,3.226,3.194,3.258,3.396,3.318,3.474,3.396,3.318,3.474
2023-06-26T11:40:00Z,981234,353,17856,16,16,,90,90,,858.716,858.716,,,,,0.01,2.4,2.3,2.6,8.4,8.3,8.5,7,6.9,7,194.1,195.2,193.1,560.441,554.184,566.698,156.25,155.548,156.952,22.414,19.592,25.236,1.386,1.14,1.632,0.153,0.116,0.19,0.10200000000000001,0.116,0.088,2.209,2.068,2.35,2.209,2.068,2.35,3.201,2.914,3.488,3.201,2.914,3.488,3.333,3.042,3.624,3.333,3.042,3.624
2023-06-26T11:50:00Z,981834,355,18176,16,16,,90,90,,858.624,858.624,,,,,0.01,2.5,2.3,2.7,8.6,8.7,8.6,7.1,7.1,7.1,191.9,191.3,192.4,573.745,577.014,570.476,158.909,159.288,158.53,23.246,19.098,27.394,1.383,1.138,1.628,0.229,0.23,0.228,0.164,0.188,0.14,2.2510000000000003,2.164,2.338,2.2510000000000003,2.164,2.338,3.267,2.944,3.59,3.267,2.944,3.59,3.473,3.152,3.794,3.473,3.152,3.794
2023-06-26T12:00:00Z,982434,356,18176,16,16,,90,90,,858.486,858.486,,,,,0.01,2.5,2.4,2.7,8.5,8.6,8.5,7.1,7.1,7,192.7,192.2,193.1,569.096,571.686,566.506,159.875,160.276,159.474,24.025,21.672,26.378,1.333,1.13,1.536,0.133,0.042,0.224,0.133,0.042,0.224,2.301,2.21,2.392,2.301,2.21,2.392,3.482,3.302,3.662,3.482,3.302,3.662,3.5949999999999998,3.386,3.804,3.5949999999999998,3.386,3.804
2023-06-26T12:10:00Z,983034,371,17536,15,15,,90,90,,858.49,858.49,,,,,0.01,2.4,2.3,2.6,8.3,8.3,8.2,6.9,6.9,6.9,195.6,195,196.2,552.15,555.716,548.584,155.99,156.666,155.314,22.643,20.288,24.998,1.314,1.4,1.228,0.11,0.112,0.108,0.052000000000000005,0.068,0.036,2.136,2.022,2.25,2.136,2.022,2.25,3.1959999999999997,3.02,3.372,3.1959999999999997,3.02,3.372,3.338,3.164,3.512,3.338,3.164,3.512
2023-06-26T12:20:00Z,983634,368,18176,15,15,,90,90,,858.496,858.496,,,,,0.01,2.5,2.4,2.7,8.6,8.8,8.5,7.1,7.2,7,191.5,190.1,193,575.642,584.002,567.282,161.987,166.072,157.902,23.47,20.44,26.5,1.408,1.49,1.326,0.273,0.202,0.344,0.185,0.162,0.208,2.306,2.224,2.388,2.306,2.224,2.388,3.333,3.21,3.456,3.333,3.21,3.456,3.543,3.336,3.75,3.543,3.336,3.75
2023-06-26T12:30:00Z,984234,354,17536,15,15,,90,90,,858.62,858.62,,,,,0.01,2.6,2.5,2.7,8.9,8.9,8.8,7.2,7.3,7.2,188.9,188.1,189.8,591.2139999999999,596.606,585.822,165.744,168.858,162.63,24.779,22.652,26.906,1.254,1.25,1.258,0.22,0.102,0.338,0.077,0.05,0.104,2.375,2.242,2.508,2.375,2.242,2.508,3.416,3.28,3.552,3.416,3.28,3.552,3.588,3.378,3.798,3.588,3.378,3.798
2023-06-26T12:40:00Z,984834,370,18176,15.2,15.2,,90,90,,858.55,858.55,,,,,0.01,2.5,2.3,2.7,8.9,8.8,9,7.3,7.2,7.3,188.7,190,187.3,592.798,584.59,601.006,168.175,167.734,168.616,22.499000000000002,18.622,26.376,1.5979999999999999,1.486,1.71,0.267,0.316,0.218,0.143,0.236,0.05,2.373,2.264,2.482,2.373,2.264,2.482,3.4160000000000004,3.248,3.584,3.4160000000000004,3.248,3.584,3.638,3.46,3.816,3.638,3.46,3.816
2023-06-26T12:50:00Z,985434,365,18176,16,16,,90,90,,858.79,858.79,,,,,0.01,2.9,2.6,3.1,9.8,9.7,9.8,7.7,7.7,7.8,179.7,180.5,179,650.0029999999999,645.14,654.866,184.02800000000002,183.994,184.062,27.689,23.288,32.09,1.975,1.808,2.142,0.276,0.258,0.294,0.10200000000000001,0.13,0.074,2.725,2.616,2.834,2.725,2.616,2.834,4.061,3.748,4.374,4.061,3.748,4.374,4.291,3.966,4.616,4.291,3.966,4.616
2023-06-26T13:00:00Z,986034,359,18176,16,16,,90,90,,858.988,858.988,,,,,0.01,3.1,2.9,3.3,10.1,9.9,10.2,7.9,7.8,8,176.5,178.1,175,671.986,661.11,682.862,189.60399999999998,188.884,190.324,30.698999999999998,28.09,33.308,2.226,2.246,2.206,0.212,0.292,0.132,0.14500000000000002,0.198,0.092,2.92,2.792,3.048,2.92,2.792,3.048,4.351,4.016,4.686,4.351,4.016,4.686,4.571,4.33,4.812,4.571,4.33,4.812
2023-06-26T13:10:00Z,986634,353,18176,16,16,,90,90,,859.526,859.526,,,,,0.01,3.4,3.1,3.7,11,10.7,11.3,8.4,8.3,8.6,168.2,170.8,165.7,732.7729999999999,713.164,752.382,208.236,204.372,212.1,34.022000000000006,28.856,39.188,2.065,1.72,2.41,0.288,0.35,0.226,0.195,0.298,0.092,3.0999999999999996,2.936,3.264,3.0999999999999996,2.936,3.264,4.6850000000000005,4.328,5.042,4.6850000000000005,4.328,5.042,4.948,4.616,5.28,4.948,4.616,5.28
2023-06-26T13:20:00Z,987234,352,17216,16,16,,90,90,,859.888,859.888,,,,,0.01,3.7,3.5,3.9,11.8,11.8,11.9,8.8,8.8,8.9,161.1,161.6,160.7,789.049,785.13,792.968,222.57999999999998,224.49,220.67,37.179,33.18,41.178,2.217,2.112,2.322,0.379,0.36,0.398,0.203,0.308,0.098,3.691,3.524,3.858,3.691,3.524,3.858,5.397,5.18,5.614,5.397,5.18,5.614,5.697,5.468,5.926,5.697,5.468,5.926
2023-06-26T13:30:00Z,987834,355,17856,16,16,,90.2,90.2,,859.764,859.764,,,,,0.01,3.7,3.5,3.9,12.1,12.3,11.9,9,9.1,8.9,159,157.6,160.5,807.0409999999999,819.502,794.58,228.099,231.588,224.61,36.199,31.844,40.554,2.651,2.628,2.674,0.55,0.476,0.624,0.246,0.298,0.194,3.6470000000000002,3.508,3.786,3.6470000000000002,3.508,3.786,5.374,5.148,5.6,5.374,5.148,5.6,5.835,5.492,6.178,5.835,5.492,6.178
2023-06-26T13:40:00Z,988434,348,18176,16,16,,90,90,,858.986,858.986,,,,,0.01,3.4,3.2,3.7,11.1,11,11.2,8.5,8.4,8.5,167.2,168.3,166.1,740.02,731.524,748.516,206.227,205.56,206.894,33.293,29.194,37.392,1.486,1.462,1.51,0.059,0,0.118,0,0,0,3.258,3.028,3.488,3.258,3.028,3.488,4.824999999999999,4.536,5.114,4.824999999999999,4.536,5.114,4.894,4.57,5.218,4.894,4.57,5.218
2023-06-26T13:50:00Z,989034,347,17856,16,16,,90,90,,858.398,858.398,,,,,0.01,3.4,3.2,3.6,11.2,10.8,11.6,8.5,8.3,8.7,166.5,169.8,163.2,745.8900000000001,720.08,771.7,208.868,204.66,213.076,33.006,29.496,36.516,2.011,2.006,2.016,0.188,0.096,0.28,0.108,0.042,0.174,3.351,3.168,3.534,3.351,3.168,3.534,4.8469999999999995,4.5,5.194,4.8469999999999995,4.5,5.194,5.025,4.634,5.416,5.025,4.634,5.416
2023-06-26T14:00:00Z,989634,358,18176,16,16,,90,90,,859.026,859.026,,,,,0.01,3,2.8,3.2,10.1,9.9,10.3,7.9,7.9,8,176.1,177.9,174.4,674.569,662.55,686.588,189.062,187,191.124,29.054,25.214,32.894,1.952,1.764,2.14,0.28200000000000003,0.384,0.18,0.1,0.2,0,3.003,2.972,3.034,3.003,2.972,3.034,4.372999999999999,4.108,4.638,4.372999999999999,4.108,4.638,4.591,4.418,4.764,4.591,4.418,4.764
2023-06-26T14:10:00Z,990234,355,17856,16,16,,90,90,,859.724,859.724,,,,,0.01,3,2.9,3.1,9.9,9.8,10,7.9,7.8,7.9,177.9,178.9,176.9,662.52,655.576,669.464,187.413,186.004,188.822,28.561,26.492,30.63,1.6,1.532,1.668,0.134,0.16,0.108,0.115,0.16,0.07,2.984,2.966,3.002,2.984,2.966,3.002,4.289,4.2,4.378,4.289,4.2,4.378,4.471,4.368,4.574,4.471,4.368,4.574
2023-06-26T14:20:00Z,990834,352,17856,16,16,,90,90,,860.056,860.056,,,,,0.01,3,2.8,3.2,9.9,9.8,10,7.8,7.8,7.9,178.1,179.2,176.9,661.053,653.198,668.908,187.63,187.268,187.992,28.955,26.202,31.708,1.4380000000000002,1.862,1.014,0.17300000000000001,0.234,0.112,0.134,0.234,0.034,2.926,2.992,2.86,2.926,2.992,2.86,4.18,4.166,4.194,4.18,4.166,4.194,4.324,4.382,4.266,4.324,4.382,4.266
2023-06-26T14:30:00Z,991434,351,18176,16,16,,89.8,89.8,,860.222,860.222,,,,,0.01,3,2.8,3.1,10,10,10,7.9,7.9,7.9,177.5,177.6,177.4,665.267,664.714,665.82,187.12900000000002,187.154,187.104,28.433999999999997,25.5,31.368,1.863,1.612,2.114,0.273,0.124,0.422,0.067,0.026,0.108,2.826,2.798,2.854,2.826,2.798,2.854,4.18,4.084,4.276,4.18,4.084,4.276,4.35,4.142,4.558,4.35,4.142,4.558
2023-06-26T14:40:00Z,992034,352,17856,16,16,,90,90,,860.232,860.232,,,,,0.01,3,2.7,3.4,10.3,10,10.6,8.1,7.9,8.2,174.2,177.3,171.2,688.386,666.804,709.968,190.003,185.184,194.822,28.677,22.91,34.444,1.784,1.424,2.144,0.372,0.242,0.502,0.147,0.148,0.146,3.012,2.946,3.078,3.012,2.946,3.078,4.343,4.044,4.642,4.343,4.044,4.642,4.605,4.234,4.976,4.605,4.234,4.976
2023-06-26T14:50:00Z,992634,353,17856,16,16,,89,89,,860.522,860.522,,,,,0.01,2.9,2.7,3.1,9.8,9.8,9.9,7.8,7.7,7.8,179,179.7,178.4,654.576,650.288,658.864,185.374,185.892,184.856,27.657,23.852,31.462,1.8719999999999999,1.952,1.792,0.21200000000000002,0.258,0.166,0.081,0.05,0.112,2.998,2.954,3.042,2.998,2.954,3.042,4.284,4.162,4.406,4.284,4.162,4.406,4.468999999999999,4.362,4.576,4.468999999999999,4.362,4.576
2023-06-26T15:00:00Z,993234,347,17856,16,16,,89.2,89.2,,860.666,860.666,,,,,0.01,3.1,2.9,3.4,10.2,9.9,10.5,8,7.9,8.1,175.2,177.8,172.7,681.104,663.274,698.934,192.587,188.3,196.874,30.605,26.936,34.274,1.7890000000000001,1.832,1.746,0.434,0.388,0.48,0.21400000000000002,0.334,0.094,3.019,2.962,3.076,3.019,2.962,3.076,4.4239999999999995,4.248,4.6,4.4239999999999995,4.248,4.6,4.759,4.618,4.9,4.759,4.618,4.9
2023-06-26T15:10:00Z,993834,358,17856,16,16,,89,89,,860.838,860.838,,,,,0.01,3.1,2.9,3.3,10.2,10.3,10.2,8,8,8,175.3,174.8,175.7,680.7270000000001,684.018,677.436,192.916,193.34,192.492,30.02,26.076,33.964,1.974,2.008,1.94,0.24,0.13,0.35,0.069,0.104,0.034,3.1319999999999997,3.134,3.13,3.1319999999999997,3.134,3.13,4.502,4.382,4.622,4.502,4.382,4.622,4.681,4.53,4.832,4.681,4.53,4.832
2023-06-26T15:20:00Z,994434,355,17536,16,16,,89,89,,860.924,860.924,,,,,0.01,2.9,2.8,3.1,9.4,9.4,9.3,7.5,7.6,7.5,183.5,183,184,625.1769999999999,628.184,622.17,175.73,178.51,172.95,29.479,27.292,31.666,1.797,2.146,1.448,0.265,0.482,0.048,0.232,0.464,0,2.7089999999999996,2.764,2.654,2.7089999999999996,2.764,2.654,4.089,4.068,4.11,4.089,4.068,4.11,4.2509999999999994,4.358,4.144,4.2509999999999994,4.358,4.144
2023-06-26T15:30:00Z,995034,358,18176,16.6,16.6,,89,89,,861.134,861.134,,,,,0.01,2.8,2.5,3.1,9.4,9.2,9.6,7.5,7.4,7.6,183.7,185.7,181.7,624.0699999999999,611.204,636.936,177.01,173.72,180.3,27.527,22.704,32.35,1.6760000000000002,1.746,1.606,0.251,0.368,0.134,0.109,0.218,0,2.628,2.382,2.874,2.628,2.382,2.874,3.8789999999999996,3.472,4.286,3.8789999999999996,3.472,4.286,4.0920000000000005,3.736,4.448,4.0920000000000005,3.736,4.448
2023-06-26T15:40:00Z,995634,352,17856,17,17,,89,89,,860.858,860.858,,,,,0.01,3,2.7,3.2,9.8,9.6,10.1,7.8,7.6,7.9,178.8,181.5,176.2,656.031,638.152,673.91,186.87900000000002,182.806,190.952,28.374000000000002,24.316,32.432,1.748,1.696,1.8,0.262,0.292,0.232,0.148,0.246,0.05,2.838,2.572,3.104,2.838,2.572,3.104,4.17,3.742,4.598,4.17,3.742,4.598,4.354,3.956,4.752,4.354,3.956,4.752
2023-06-26T15:50:00Z,996234,356,17856,17,17,,89,89,,860.152,860.152,,,,,0.01,3.2,2.8,3.7,10.7,10.4,11.1,8.3,8.1,8.5,170.4,173.6,167.3,715.7950000000001,692.22,739.37,203.724,198.232,209.216,31.436,24.852,38.02,2.309,2.32,2.298,0.313,0.25,0.376,0.164,0.198,0.13,3.143,2.826,3.46,3.143,2.826,3.46,4.661,4.172,5.15,4.661,4.172,5.15,4.911,4.38,5.442,4.911,4.38,5.442
2023-06-26T16:00:00Z,996834,352,17856,17,17,,89,89,,860.186,860.186,,,,,0.01,3.2,3.1,3.3,10.4,10.5,10.3,8.1,8.2,8,173.5,172.6,174.5,692.969,700.078,685.86,197.192,201.042,193.342,31.076,29.266,32.886,2.215,2.366,2.064,0.379,0.344,0.414,0.259,0.344,0.174,2.981,2.902,3.06,2.981,2.902,3.06,4.526,4.414,4.638,4.526,4.414,4.638,4.859999999999999,4.708,5.012,4.859999999999999,4.708,5.012
2023-06-26T16:10:00Z,997434,368,17536,17,17,,89,89,,860.386,860.386,,,,,0.01,3.2,3,3.4,10.6,10.2,10.9,8.2,8,8.4,172,175,169,704.303,682.202,726.404,198.06400000000002,193.144,202.984,31.198999999999998,28.424,33.974,1.8219999999999998,2.01,1.634,0.36,0.34,0.38,0.14300000000000002,0.234,0.052,3.013,2.66,3.366,3.013,2.66,3.366,4.332,3.988,4.676,4.332,3.988,4.676,4.577999999999999,4.27,4.886,4.577999999999999,4.27,4.886
2023-06-26T16:20:00Z,998034,352,17856,17.8,17.8,,89,89,,860.258,860.258,,,,,0.01,3.2,3.1,3.4,10.7,10.5,10.8,8.2,8.2,8.3,171.2,172.3,170,710.3889999999999,702.132,718.646,200.23399999999998,199.232,201.236,31.573999999999998,28.982,34.166,2.271,2.458,2.084,0.176,0.19,0.162,0.116,0.19,0.042,3.04,2.85,3.23,3.04,2.85,3.23,4.573,4.352,4.794,4.573,4.352,4.794,4.702,4.52,4.884,4.702,4.52,4.884
2023-06-26T16:30:00Z,998634,370,17856,18,18,,89,89,,860.184,860.184,,,,,0.01,3.2,3,3.4,10.5,10.6,10.4,8.2,8.2,8.1,172.5,171.7,173.4,700.148,706.404,693.892,195.074,197.838,192.31,31.416000000000004,27.69,35.142,2.127,1.932,2.322,0.273,0.346,0.2,0.147,0.204,0.09,2.917,2.902,2.932,2.917,2.902,2.932,4.371,4.144,4.598,4.371,4.144,4.598,4.583,4.45,4.716,4.583,4.45,4.716
2023-06-26T16:40:00Z,999234,363,17856,18,18,,89,89,,860.06,860.06,,,,,0.01,3.1,2.8,3.4,10.2,9.9,10.5,8,7.8,8.2,175.3,178.2,172.5,680.486,660.544,700.428,192.715,187.728,197.702,30.115,25.226,35.004,1.867,2.014,1.72,0.308,0.39,0.226,0.158,0.258,0.058,2.972,2.796,3.148,2.972,2.796,3.148,4.448,3.994,4.902,4.448,3.994,4.902,4.682,4.358,5.006,4.682,4.358,5.006
2023-06-26T16:50:00Z,999834,365,17856,18,18,,89,89,,860.126,860.126,,,,,0.01,3.2,2.9,3.4,10.2,10,10.5,8,7.9,8.2,174.9,177.5,172.3,683.315,665.026,701.604,192.112,187.756,196.468,31.521,27.994,35.048,2.006,1.89,2.122,0.449,0.466,0.432,0.241,0.334,0.148,2.94,2.792,3.088,2.94,2.792,3.088,4.433,4.116,4.75,4.433,4.116,4.75,4.759,4.488,5.03,4.759,4.488,5.03
2023-06-26T17:00:00Z,1000434,358,18176,18,18,,89,89,,860.004,860.004,,,,,0.01,3.1,2.9,3.2,10.2,9.8,10.5,8,7.8,8.2,175.6,178.8,172.5,678.605,656.416,700.794,191.42200000000003,185.788,197.056,29.172,28.142,30.202,1.698,2.028,1.368,0.347,0.436,0.258,0.17400000000000002,0.27,0.078,3.041,2.912,3.17,3.041,2.912,3.17,4.41,4.288,4.532,4.41,4.288,4.532,4.678,4.652,4.704,4.678,4.652,4.704
2023-06-26T17:10:00Z,1001034,368,17536,18.4,18.4,,89,89,,859.83,859.83,,,,,0.01,2.7,2.4,2.9,9.1,8.9,9.3,7.4,7.3,7.5,186.7,188.8,184.6,605.106,592.034,618.178,171.034,167.402,174.666,25.099,21.492,28.706,1.321,1.376,1.266,0.126,0.086,0.166,0.061,0.036,0.086,2.575,2.418,2.732,2.575,2.418,2.732,3.737,3.468,4.006,3.737,3.468,4.006,3.8440000000000003,3.568,4.12,3.8440000000000003,3.568,4.12
2023-06-26T17:20:00Z,1001634,358,18176,19,19,,89,89,,859.764,859.764,,,,,0.01,2.6,2.4,2.7,8.9,8.9,8.9,7.3,7.2,7.3,188.8,189,188.6,592.0709999999999,591.106,593.036,166.80700000000002,169.372,164.242,24.091,21.82,26.362,1.62,1.954,1.286,0.108,0.164,0.052,0.082,0.164,0,2.45,2.394,2.506,2.45,2.394,2.506,3.553,3.526,3.58,3.553,3.526,3.58,3.67,3.71,3.63,3.67,3.71,3.63
2023-06-26T17:30:00Z,1002234,368,17856,19.4,19.4,,88.6,88.6,,859.692,859.692,,,,,0.01,2.4,2.1,2.6,8,7.9,8.2,6.7,6.6,6.8,198.7,200.6,196.8,534.9110000000001,524.63,545.192,150.563,147.57,153.556,22.001,17.652,26.35,1.176,0.848,1.504,0.193,0.228,0.158,0.144,0.146,0.142,2.199,1.952,2.446,2.199,1.952,2.446,3.1719999999999997,2.774,3.57,3.1719999999999997,2.774,3.57,3.346,2.932,3.76,3.346,2.932,3.76
2023-06-26T17:40:00Z,1002834,383,17856,20,20,,88,88,,859.548,859.548,,,,,0.01,2.2,2,2.4,7.5,7.2,7.8,6.4,6.2,6.6,205.3,209.7,201.1,499.71000000000004,477.614,521.806,141.051,134.884,147.218,20.490000000000002,17.348,23.632,0.931,0.682,1.18,0.198,0.16,0.236,0.039,0.078,0,1.764,1.558,1.97,1.764,1.558,1.97,2.641,2.288,2.994,2.641,2.288,2.994,2.783,2.448,3.118,2.783,2.448,3.118
2023-06-26T17:50:00Z,1003434,370,18176,20,20,,88,88,,859.454,859.454,,,,,0.01,2.2,2.2,2.2,7.3,7.4,7.3,6.3,6.3,6.3,207.6,206.9,208.4,487.931,491.532,484.33,138.761,140.2,137.322,20.23,20.126,20.334,0.944,1.202,0.686,0.044,0.088,0,0.044,0.088,0,1.906,1.694,2.118,1.906,1.694,2.118,2.7670000000000003,2.664,2.87,2.7670000000000003,2.664,2.87,2.798,2.726,2.87,2.798,2.726,2.87
2023-06-26T18:00:00Z,1004034,396,17536,20,20,,88,88,,859.502,859.502,,,,,0.01,2.1,2.1,2.1,7.2,7.2,7.1,6.2,6.3,6.2,209.3,208.6,210,479.644,483.074,476.214,132.827,135.11,130.544,19.778,18.78,20.776,0.971,0.796,1.146,0.16399999999999998,0.142,0.186,0.025,0.008,0.042,1.677,1.732,1.622,1.677,1.732,1.622,2.575,2.484,2.666,2.575,2.484,2.666,2.7009999999999996,2.61,2.792,2.7009999999999996,2.61,2.792
2023-06-26T18:10:00Z,1004634,357,17856,20.4,20.4,,88,88,,859.828,859.828,,,,,0.01,2.1,2.1,2.2,7.6,7.7,7.5,6.5,6.5,6.4,204.2,203,205.4,505.324,511.516,499.132,141.75799999999998,145.06,138.456,19.338,18.054,20.622,1.175,1.108,1.242,0.21100000000000002,0.228,0.194,0.112,0.192,0.032,1.887,1.806,1.968,1.887,1.806,1.968,2.708,2.598,2.818,2.708,2.598,2.818,2.875,2.774,2.976,2.875,2.774,2.976
2023-06-26T18:20:00Z,1005234,369,18176,21,21,,88,88,,860.62,860.62,,,,,0.01,2.3,2.1,2.5,8.1,7.9,8.4,6.8,6.6,7,197.3,200.8,193.9,542.8720000000001,523.618,562.126,153.651,148.634,158.668,21.285,17.44,25.13,1.589,1.108,2.07,0.134,0.078,0.19,0.024,0,0.048,2.197,2.12,2.274,2.197,2.12,2.274,3.234,2.976,3.492,3.234,2.976,3.492,3.3280000000000003,3.024,3.632,3.3280000000000003,3.024,3.632
2023-06-26T18:30:00Z,1005834,363,17536,21,21,,88,88,,860.402,860.402,,,,,0.01,2.5,2.4,2.7,8.7,8.6,8.8,7.1,7.1,7.2,190.8,191.8,189.8,579.95,573.996,585.904,162.89600000000002,162.106,163.686,23.741,21.154,26.328,1.526,1.61,1.442,0.243,0.134,0.352,0.092,0.134,0.05,2.303,2.186,2.42,2.303,2.186,2.42,3.531,3.402,3.66,3.531,3.402,3.66,3.678,3.512,3.844,3.678,3.512,3.844
2023-06-26T18:40:00Z,1006434,382,17856,21.4,21.4,,88,88,,859.764,859.764,,,,,0.01,2.6,2.4,2.8,8.8,8.7,8.9,7.2,7.2,7.2,189.6,190.3,188.9,587.3389999999999,583.294,591.384,164.171,166.004,162.338,25.076,21.598,28.554,1.836,1.532,2.14,0.202,0.182,0.222,0.08900000000000001,0.136,0.042,2.479,2.484,2.474,2.479,2.484,2.474,3.646,3.502,3.79,3.646,3.502,3.79,3.8049999999999997,3.666,3.944,3.8049999999999997,3.666,3.944
2023-06-26T18:50:00Z,1007034,353,18176,21.4,21.4,,88,88,,859.402,859.402,,,,,0.01,2.6,2.4,2.8,8.8,8.7,9,7.2,7.1,7.3,189.5,191.1,188,587.67,578.478,596.862,163.688,160.01,167.366,23.935,20.214,27.656,1.086,0.812,1.36,0.062,0,0.124,0.017,0,0.034,2.3609999999999998,2.19,2.532,2.3609999999999998,2.19,2.532,3.354,3.064,3.644,3.354,3.064,3.644,3.402,3.084,3.72,3.402,3.084,3.72
2023-06-26T19:00:00Z,1007634,348,17536,21.4,21.4,,88,88,,859.272,859.272,,,,,0.01,2.4,2.4,2.5,8.3,8.4,8.2,6.9,7,6.9,195,194,196,555.712,561.462,549.962,157.58800000000002,159.662,155.514,22.734,21.71,23.758,1.228,1.224,1.232,0.177,0.12,0.234,0.087,0.072,0.102,2.198,2.222,2.174,2.198,2.222,2.174,3.2270000000000003,3.208,3.246,3.2270000000000003,3.208,3.246,3.403,3.338,3.468,3.403,3.338,3.468
2023-06-26T19:10:00Z,1008234,352,18176,21.8,21.8,,88,88,,859.398,859.398,,,,,0.01,2.7,2.5,2.9,9,8.5,9.5,7.3,7.1,7.6,187.4,192.6,182.5,600.646,569.584,631.708,167.632,158.34,176.924,25.142,22.782,27.502,0.8820000000000001,1.086,0.678,0.107,0.088,0.126,0.045,0.05,0.04,2.379,1.896,2.862,2.379,1.896,2.862,3.392,2.924,3.86,3.392,2.924,3.86,3.484,2.986,3.982,3.484,2.986,3.982
2023-06-26T19:20:00Z,1008834,353,17536,21,21,,88,88,,859.524,859.524,,,,,0.01,2.5,2.4,2.6,8.6,8.4,8.7,7.1,7,7.1,192.3,193.7,190.9,571.298,563.288,579.308,161.062,162.298,159.826,22.944,21.528,24.36,1.2429999999999999,1.38,1.106,0.164,0.218,0.11,0.083,0.132,0.034,2.246,2.082,2.41,2.246,2.082,2.41,3.303,3.112,3.494,3.303,3.112,3.494,3.444,3.308,3.58,3.444,3.308,3.58
2023-06-26T19:30:00Z,1009434,352,17856,21,21,,88,88,,859.582,859.582,,,,,0.01,2.5,2.1,2.8,8.4,8,8.9,7,6.7,7.2,193.8,198.9,188.9,562.4100000000001,533.524,591.296,158.519,151.93,165.108,23.317999999999998,17.916,28.72,1.591,1.404,1.778,0.145,0.046,0.244,0.047,0,0.094,2.2729999999999997,2.142,2.404,2.2729999999999997,2.142,2.404,3.4400000000000004,2.998,3.882,3.4400000000000004,2.998,3.882,3.5469999999999997,3.066,4.028,3.5469999999999997,3.066,4.028
2023-06-26T19:40:00Z,1010034,353,18176,21,21,,88,88,,859.676,859.676,,,,,0.01,2.4,2.4,2.5,8.4,8.6,8.3,7,7.1,6.9,194.2,192.4,196,560.385,570.624,550.146,157.753,161.208,154.298,22.741999999999997,21.68,23.804,1.463,1.5,1.426,0.189,0.328,0.05,0.14,0.23,0.05,2.1799999999999997,2.006,2.354,2.1799999999999997,2.006,2.354,3.2409999999999997,3.082,3.4,3.2409999999999997,3.082,3.4,3.422,3.35,3.494,3.422,3.35,3.494
2023-06-26T19:50:00Z,1010634,356,18176,21,21,,88,88,,859.78,859.78,,,,,0.01,2.6,2.4,2.7,8.8,8.8,8.8,7.2,7.2,7.2,189.5,189.5,189.6,587.529,587.686,587.372,166.853,166.464,167.242,23.6,20.824,26.376,1.033,1.182,0.884,0.066,0.052,0.08,0.04,0,0.08,2.508,2.542,2.474,2.508,2.542,2.474,3.55,3.49,3.61,3.55,3.49,3.61,3.615,3.542,3.688,3.615,3.542,3.688
2023-06-26T20:00:00Z,1011234,353,17216,21,21,,88,88,,859.876,859.876,,,,,0.01,2.6,2.6,2.7,9.2,9.4,8.9,7.4,7.6,7.3,185.6,183,188.2,612.0070000000001,628.58,595.434,172.512,177.076,167.948,23.836,22.282,25.39,1.316,1.536,1.096,0.1,0.084,0.116,0.042,0.084,0,2.6109999999999998,2.702,2.52,2.6109999999999998,2.702,2.52,3.747,3.814,3.68,3.747,3.814,3.68,3.874,3.95,3.798,3.874,3.95,3.798
2023-06-26T20:10:00Z,1011834,354,18176,21,21,,88,88,,859.978,859.978,,,,,0.01,2.6,2.5,2.7,9.1,9.2,9.1,7.4,7.4,7.4,186,185.4,186.5,609.525,613.144,605.906,172.829,174.248,171.41,23.306,20.46,26.152,1.194,1.132,1.256,0.20900000000000002,0.144,0.274,0.11,0.094,0.126,2.508,2.388,2.628,2.508,2.388,2.628,3.545,3.318,3.772,3.545,3.318,3.772,3.736,3.474,3.998,3.736,3.474,3.998
2023-06-26T20:20:00Z,1012434,348,17856,21,21,,88,88,,860.13,860.13,,,,,0.01,2.7,2.4,2.9,9.3,9.2,9.4,7.5,7.4,7.5,184.4,185.3,183.6,619.144,614.026,624.262,173.64600000000002,172.212,175.08,24.218,20.128,28.308,1.225,0.93,1.52,0.161,0.322,0,0.121,0.242,0,2.707,2.59,2.824,2.707,2.59,2.824,3.74,3.492,3.988,3.74,3.492,3.988,3.872,3.73,4.014,3.872,3.73,4.014
2023-06-26T20:30:00Z,1013034,357,18176,21,21,,88,88,,860.26,860.26,,,,,0.01,2.7,2.3,3.1,9.3,9,9.6,7.5,7.3,7.7,184.5,187.7,181.3,619.09,598.738,639.442,174.60000000000002,170.65,178.55,24.854,18.93,30.778,1.3170000000000002,1.012,1.622,0.115,0.1,0.13,0.094,0.1,0.088,2.5620000000000003,2.274,2.85,2.5620000000000003,2.274,2.85,3.644,3.05,4.238,3.644,3.05,4.238,3.747,3.144,4.35,3.747,3.144,4.35
2023-06-26T20:40:00Z,1013634,349,18176,21,21,,88,88,,860.476,860.476,,,,,0.01,2.9,2.9,3,10.1,10.2,10,7.9,8,7.9,176.2,175.3,177.1,673.8399999999999,680.088,667.592,190.966,194.446,187.486,27.057,25.798,28.316,1.64,2.03,1.25,0.16799999999999998,0.206,0.13,0.078,0.118,0.038,2.963,3.008,2.918,2.963,3.008,2.918,4.225,4.276,4.174,4.225,4.276,4.174,4.385999999999999,4.486,4.286,4.385999999999999,4.486,4.286
2023-06-26T20:50:00Z,1014234,354,17216,21,21,,88,88,,860.668,860.668,,,,,0.01,3.6,3.4,3.8,12.7,12.7,12.7,9.3,9.3,9.3,154.4,154.5,154.3,847.751,846.76,848.742,236.725,235.624,237.826,32.482,28.17,36.794,1.585,1.2,1.97,0.161,0.092,0.23,0.024,0.048,0,4.105,4.084,4.126,4.105,4.084,4.126,5.439,5.118,5.76,5.439,5.118,5.76,5.6129999999999995,5.266,5.96,5.6129999999999995,5.266,5.96
2023-06-26T21:00:00Z,1014834,357,17856,21,21,,88,88,,860.76,860.76,,,,,0.01,3.3,3.1,3.5,11.5,11.4,11.7,8.7,8.6,8.8,163.7,164.9,162.5,767.72,757.974,777.466,215.06599999999997,211.652,218.48,29.463,26.636,32.29,1.524,1.758,1.29,0.265,0.348,0.182,0.133,0.134,0.132,3.5540000000000003,3.496,3.612,3.5540000000000003,3.496,3.612,4.879,4.684,5.074,4.879,4.684,5.074,5.054,4.88,5.228,5.054,4.88,5.228
2023-06-26T21:10:00Z,1015434,354,18176,21,21,,88,88,,860.872,860.872,,,,,0.01,2.9,2.7,3.1,9.8,9.6,9.9,7.8,7.7,7.8,179.5,180.8,178.3,651.4580000000001,643.046,659.87,183.072,181.628,184.516,27.380000000000003,24.736,30.024,1.692,1.758,1.626,0.244,0.106,0.382,0.094,0.052,0.136,2.815,2.806,2.824,2.815,2.806,2.824,4.109,4.028,4.19,4.109,4.028,4.19,4.254,4.092,4.416,4.254,4.092,4.416
2023-06-26T21:20:00Z,1016034,350,17856,21,21,,88,88,,861.26,861.26,,,,,0.01,2.8,2.6,3,9.3,9.3,9.2,7.5,7.5,7.5,184.4,183.9,185,619.26,622.59,615.93,174.37900000000002,175.964,172.794,26.803,22.416,31.19,1.831,1.604,2.058,0.266,0.224,0.308,0.127,0.138,0.116,2.672,2.616,2.728,2.672,2.616,2.728,3.92,3.656,4.184,3.92,3.656,4.184,4.161,3.896,4.426,4.161,3.896,4.426
2023-06-26T21:30:00Z,1016634,352,17856,22,22,,88,88,,861.672,861.672,,,,,0.01,2.2,2,2.4,7.5,7.5,7.6,6.4,6.4,6.5,204.7,205,204.4,502.85900000000004,501.166,504.552,139.531,139.638,139.424,21.249,17.592,24.906,1.357,1.028,1.686,0.221,0.226,0.216,0.061,0.088,0.034,1.8719999999999999,1.956,1.788,1.8719999999999999,1.956,1.788,2.915,2.718,3.112,2.915,2.718,3.112,3.052,2.884,3.22,3.052,2.884,3.22
2023-06-26T21:40:00Z,1017234,354,17856,22,22,,87.8,87.8,,861.74,861.74,,,,,0.01,2,1.8,2.1,6.5,6.3,6.7,5.8,5.6,5.9,219.4,222.1,216.8,431.80100000000004,419.906,443.696,120.374,117.164,123.584,19.206,16.494,21.918,1.401,1.258,1.544,0.15,0.174,0.126,0.068,0.048,0.088,1.4729999999999999,1.394,1.552,1.4729999999999999,1.394,1.552,2.415,2.194,2.636,2.415,2.194,2.636,2.549,2.34,2.758,2.549,2.34,2.758
2023-06-26T21:50:00Z,1017834,348,18176,22,22,,87,87,,861.736,861.736,,,,,0.01,1.5,1.4,1.7,5.6,5.3,5.8,5.1,5,5.3,233.8,237.7,230.1,371.081,356.126,386.036,103.94300000000001,100.302,107.584,13.882,11.232,16.532,0.992,0.732,1.252,0.108,0.04,0.176,0.02,0.04,0,1.011,0.83,1.192,1.011,0.83,1.192,1.6989999999999998,1.396,2.002,1.6989999999999998,1.396,2.002,1.8,1.452,2.148,1.8,1.452,2.148
2023-06-26T22:00:00Z,1018434,375,17536,22,22,,87,87,,861.772,861.772,,,,,0.01,1.6,1.4,1.8,5.5,5.3,5.8,5.1,4.9,5.3,234.5,238.9,230.3,368.413,351.414,385.412,102.218,96.992,107.444,14.824,11.666,17.982,0.948,1.056,0.84,0.14400000000000002,0.1,0.188,0.049,0.048,0.05,1.0070000000000001,0.916,1.098,1.0070000000000001,0.916,1.098,1.699,1.524,1.874,1.699,1.524,1.874,1.78,1.57,1.99,1.78,1.57,1.99
2023-06-26T22:10:00Z,1019034,353,17536,22,22,,87,87,,861.656,861.656,,,,,0.01,1.5,1.4,1.6,5.4,5.2,5.6,5,4.9,5.1,236.8,239.7,234,359.409,348.524,370.294,101.294,98.646,103.942,13.706,12.552,14.86,0.899,1.056,0.742,0.23099999999999998,0.302,0.16,0.149,0.256,0.042,0.96,0.824,1.096,0.96,0.824,1.096,1.583,1.524,1.642,1.583,1.524,1.642,1.755,1.732,1.778,1.755,1.732,1.778
2023-06-26T22:20:00Z,1019634,356,18176,21.6,21.6,,87,87,,861.446,861.446,,,,,0.01,1.5,1.3,1.6,5,4.9,5.2,4.7,4.6,4.8,243.4,246.2,240.7,334.601,324.578,344.624,94.72,91.668,97.772,13.785,11.794,15.776,0.887,0.894,0.88,0.10400000000000001,0.04,0.168,0.02,0.04,0,0.769,0.622,0.916,0.769,0.622,0.916,1.388,1.174,1.602,1.388,1.174,1.602,1.483,1.236,1.73,1.483,1.236,1.73
2023-06-26T22:30:00Z,1020234,351,18176,20.8,20.8,,87,87,,861.25,861.25,,,,,0.01,1.4,1.2,1.5,4.8,4.6,5,4.6,4.4,4.7,246.7,250.4,243,322.799,309.632,335.966,89.70400000000001,87.36,92.048,12.315000000000001,9.948,14.682,0.788,0.562,1.014,0.11,0.042,0.178,0.021,0.042,0,0.864,0.828,0.9,0.864,0.828,0.9,1.435,1.186,1.684,1.435,1.186,1.684,1.52,1.24,1.8,1.52,1.24,1.8
2023-06-26T22:40:00Z,1020834,352,18176,20.4,20.4,,87,87,,861.156,861.156,,,,,0.01,1.5,1.4,1.6,5.2,5,5.3,4.8,4.7,5,240.8,244.1,237.5,344.26800000000003,331.904,356.632,94.811,92.648,96.974,14.01,12.402,15.618,0.9239999999999999,0.866,0.982,0.132,0.088,0.176,0.087,0.088,0.086,0.688,0.632,0.744,0.688,0.632,0.744,1.359,1.176,1.542,1.359,1.176,1.542,1.494,1.292,1.696,1.494,1.292,1.696
2023-06-26T22:50:00Z,1021434,370,17536,21,21,,87,87,,860.88,860.88,,,,,0.01,1.7,1.6,1.8,5.9,5.9,5.8,5.3,5.3,5.3,228.9,228.5,229.3,391.015,392.782,389.248,109.805,111.176,108.434,15.695,14.228,17.162,1.192,1.222,1.162,0.15,0.092,0.208,0.088,0.092,0.084,1.134,0.958,1.31,1.134,0.958,1.31,1.935,1.728,2.142,1.935,1.728,2.142,2.066,1.876,2.256,2.066,1.876,2.256
2023-06-26T23:00:00Z,1022034,349,17856,20.2,20.2,,87,87,,860.928,860.928,,,,,0.01,1.8,1.7,2,6.2,6.2,6.2,5.6,5.5,5.6,223.6,224.1,223.1,413.456,411.354,415.558,116.008,115.624,116.392,17.894,15.324,20.464,1.517,1.29,1.744,0.248,0.284,0.212,0.1,0.154,0.046,1.197,1.024,1.37,1.197,1.024,1.37,2.148,1.852,2.444,2.148,1.852,2.444,2.309,2.042,2.576,2.309,2.042,2.576
2023-06-26T23:10:00Z,1022634,351,17536,20.8,20.8,,87,87,,861.112,861.112,,,,,0.01,2,2,2.1,6.9,6.9,7,6.1,6.1,6.1,212.7,212.7,212.6,463.28999999999996,463.094,463.486,129.848,131.582,128.114,19.305,18.556,20.054,1.413,1.514,1.312,0.127,0.156,0.098,0.078,0.156,0,1.566,1.52,1.612,1.566,1.52,1.612,2.541,2.4,2.682,2.541,2.4,2.682,2.616,2.528,2.704,2.616,2.528,2.704
2023-06-26T23:20:00Z,1023234,354,18176,21,21,,87,87,,861.288,861.288,,,,,0.01,2.6,2.3,2.8,8.6,8.2,8.9,7.1,6.9,7.3,192,196,188.1,573.0799999999999,549.79,596.37,161.255,157.132,165.378,24.740000000000002,21.418,28.062,1.815,1.912,1.718,0.246,0.218,0.274,0.159,0.18,0.138,2.425,2.188,2.662,2.425,2.188,2.662,3.632,3.362,3.902,3.632,3.362,3.902,3.809,3.552,4.066,3.809,3.552,4.066
2023-06-26T23:30:00Z,1023834,370,17536,21,21,,87,87,,861.62,861.62,,,,,0.01,2.6,2.4,2.9,9.4,9.1,9.8,7.6,7.4,7.8,182.8,186.9,178.9,629.624,603.846,655.402,175.865,169.856,181.874,23.828000000000003,20.178,27.478,1.9859999999999998,2.002,1.97,0.252,0.148,0.356,0.145,0.148,0.142,2.625,2.568,2.682,2.625,2.568,2.682,3.867,3.654,4.08,3.867,3.654,4.08,4.057,3.84,4.274,4.057,3.84,4.274
2023-06-26T23:40:00Z,1024434,357,17856,21,21,,87,87,,861.58,861.58,,,,,0.01,2.7,2.6,2.9,10,9.9,10.1,7.9,7.8,7.9,177,177.9,176.2,668.271,662.128,674.414,188.223,186.808,189.638,23.97,20.924,27.016,1.456,1.436,1.476,0.28700000000000003,0.196,0.378,0.151,0.196,0.106,2.959,2.974,2.944,2.959,2.974,2.944,3.9850000000000003,3.964,4.006,3.9850000000000003,3.964,4.006,4.241,4.158,4.324,4.241,4.158,4.324
2023-06-26T23:50:00Z,1025034,359,17536,21,21,,87,87,,861.574,861.574,,,,,0.01,2.8,2.6,2.9,9.8,9.7,9.8,7.8,7.7,7.8,179.6,180.3,178.9,650.826,645.95,655.702,182.08499999999998,180.464,183.706,25.448999999999998,22.568,28.33,1.744,1.784,1.704,0.21,0.242,0.178,0.11399999999999999,0.204,0.024,2.7030000000000003,2.54,2.866,2.7030000000000003,2.54,2.866,3.8009999999999997,3.518,4.084,3.8009999999999997,3.518,4.084,4.013999999999999,3.816,4.212,4.013999999999999,3.816,4.212
2023-06-27T00:00:00Z,1025634,359,17856,21,21,,87,87,,861.492,861.492,,,,,0.01,2.9,2.6,3.2,10.5,10.2,10.8,8.1,8,8.3,172.6,175.3,170.1,699.399,680.282,718.516,195.96300000000002,193.264,198.662,25.645,20.104,31.186,1.779,1.49,2.068,0.08800000000000001,0.038,0.138,0.044,0.038,0.05,3.022,2.776,3.268,3.022,2.776,3.268,4.301,3.856,4.746,4.301,3.856,4.746,4.397,3.912,4.882,4.397,3.912,4.882
2023-06-27T00:10:00Z,1026234,353,17856,21,21,,87,87,,861.524,861.524,,,,,0.01,2.8,2.6,2.9,9.5,9.6,9.5,7.6,7.7,7.6,181.9,181.4,182.3,635.874,638.964,632.784,178.015,179.666,176.364,25.481,22.804,28.158,1.495,1.534,1.456,0.127,0.128,0.126,0.068,0.042,0.094,2.66,2.532,2.788,2.66,2.532,2.788,3.752,3.546,3.958,3.752,3.546,3.958,3.8710000000000004,3.688,4.054,3.8710000000000004,3.688,4.054
2023-06-27T00:20:00Z,1026834,354,18176,21,21,,87,87,,861.456,861.456,,,,,0.01,2.7,2.5,2.8,9.4,9.3,9.4,7.5,7.5,7.6,183.6,184.2,182.9,624.826,620.576,629.076,174.998,174.764,175.232,24.323999999999998,21.208,27.44,1.411,1.342,1.48,0.071,0.106,0.036,0.053,0.106,0,2.5949999999999998,2.576,2.614,2.5949999999999998,2.576,2.614,3.786,3.602,3.97,3.786,3.602,3.97,3.8409999999999997,3.678,4.004,3.8409999999999997,3.678,4.004
2023-06-27T00:30:00Z,1027434,357,17856,21,21,,87,87,,861.542,861.542,,,,,0.01,2.6,2.5,2.7,9,9.1,9,7.3,7.4,7.3,187.3,186.6,187.9,601.302,605.282,597.322,167.928,170.668,165.188,23.793,20.896,26.69,1.0939999999999999,1.024,1.164,0.159,0.318,0,0.137,0.274,0,2.489,2.464,2.514,2.489,2.464,2.514,3.491,3.262,3.72,3.491,3.262,3.72,3.613,3.506,3.72,3.613,3.506,3.72
2023-06-27T00:40:00Z,1028034,353,18176,21,21,,87,87,,861.64,861.64,,,,,0.01,2.4,2.4,2.4,8.5,8.7,8.4,7,7.2,6.9,192.7,190.7,194.8,568.74,580.742,556.738,160.863,166.922,154.804,21.003,20.176,21.83,0.849,0.968,0.73,0.089,0.078,0.1,0.039,0.078,0,2.42,2.44,2.4,2.42,2.44,2.4,3.218,3.26,3.176,3.218,3.26,3.176,3.289,3.338,3.24,3.289,3.338,3.24
2023-06-27T00:50:00Z,1028634,354,17856,20.4,20.4,,87,87,,861.634,861.634,,,,,0.01,2.4,2.4,2.5,8.6,8.7,8.5,7.1,7.2,7,192.1,190.7,193.5,572.53,580.662,564.398,162.64800000000002,165.43,159.866,21.906,19.698,24.114,1.185,0.96,1.41,0.133,0.136,0.13,0.068,0.136,0,2.3129999999999997,2.26,2.366,2.3129999999999997,2.26,2.366,3.3070000000000004,3.172,3.442,3.3070000000000004,3.172,3.442,3.395,3.262,3.528,3.395,3.262,3.528
2023-06-27T01:00:00Z,1029234,379,17216,20,20,,87,87,,861.7,861.7,,,,,0.01,2.4,2.2,2.6,8.6,8.6,8.7,7.1,7.1,7.1,191.8,192.5,191.2,574.0070000000001,570.222,577.792,161.353,160.744,161.962,21.101,17.35,24.852,0.911,0.898,0.924,0.091,0.05,0.132,0.025,0,0.05,2.2990000000000004,2.108,2.49,2.2990000000000004,2.108,2.49,3.151,2.878,3.424,3.151,2.878,3.424,3.2030000000000003,2.894,3.512,3.2030000000000003,2.894,3.512
2023-06-27T01:10:00Z,1029834,347,18176,20,20,,87,87,,861.77,861.77,,,,,0.01,2.7,2.5,2.8,9.7,9.3,10,7.7,7.5,7.9,180.6,184.3,177.1,643.902,620.152,667.652,179.86,174.6,185.12,23.036,20.38,25.692,1.103,1.018,1.188,0.06,0.076,0.044,0.019,0.038,0,2.747,2.432,3.062,2.747,2.432,3.062,3.7439999999999998,3.344,4.144,3.7439999999999998,3.344,4.144,3.773,3.402,4.144,3.773,3.402,4.144
2023-06-27T01:20:00Z,1030434,353,18176,20.6,20.6,,87,87,,861.81,861.81,,,,,0.01,3,2.9,3,10.4,10.5,10.3,8.1,8.1,8.1,173.5,172.8,174.1,693.559,698.518,688.6,194.812,197.914,191.71,26.582,25.084,28.08,1.292,1.648,0.936,0.132,0.226,0.038,0.113,0.226,0,3.107,3.086,3.128,3.107,3.086,3.128,4.223,4.234,4.212,4.223,4.234,4.212,4.355,4.428,4.282,4.355,4.428,4.282
2023-06-27T01:30:00Z,1031034,354,17856,20.2,20.2,,87,87,,861.916,861.916,,,,,0.01,2.8,2.7,2.9,9.9,10,9.8,7.8,7.9,7.8,178.4,177.7,179.1,658.771,663.552,653.99,187.64600000000002,193.524,181.768,25.214,22.76,27.668,1.073,1.118,1.028,0.063,0.04,0.086,0.041,0.04,0.042,2.8529999999999998,2.88,2.826,2.8529999999999998,2.88,2.826,3.934,3.86,4.008,3.934,3.86,4.008,3.989,3.908,4.07,3.989,3.908,4.07
2023-06-27T01:40:00Z,1031634,373,17856,20,20,,87,87,,862.08,862.08,,,,,0.01,2.9,2.6,3.2,10.3,9.9,10.7,8,7.8,8.2,174.8,178.7,171.1,684.041,657.214,710.868,190.674,185.096,196.252,26.485,22.538,30.432,1.4140000000000001,1.348,1.48,0.255,0.27,0.24,0.167,0.224,0.11,2.866,2.516,3.216,2.866,2.516,3.216,4.022,3.66,4.384,4.022,3.66,4.384,4.238,3.882,4.594,4.238,3.882,4.594
2023-06-27T01:50:00Z,1032234,353,17856,20,20,,87.2,87.2,,862.118,862.118,,,,,0.01,2.7,2.6,2.9,9.7,9.7,9.8,7.7,7.7,7.7,180,180.4,179.7,647.853,645.42,650.286,182.385,182.35,182.42,23.93,21.088,26.772,1.028,1.106,0.95,0.155,0.132,0.178,0.047,0.094,0,2.771,2.734,2.808,2.771,2.734,2.808,3.7649999999999997,3.638,3.892,3.7649999999999997,3.638,3.892,3.879,3.74,4.018,3.879,3.74,4.018
2023-06-27T02:00:00Z,1032834,368,17536,20,20,,87.2,87.2,,862.146,862.146,,,,,0.01,2.5,2.3,2.6,8.5,8.5,8.4,7,7,7,193.5,192.8,194.2,564.255,568.092,560.418,161.332,164.128,158.536,22.461,19.672,25.25,1.095,1.214,0.976,0.129,0.084,0.174,0.066,0.084,0.048,2.385,2.412,2.358,2.385,2.412,2.358,3.3,3.314,3.286,3.3,3.314,3.286,3.424,3.396,3.452,3.424,3.396,3.452
2023-06-27T02:10:00Z,1033434,368,17856,19.6,19.6,,88,88,,862.142,862.142,,,,,0.01,2.2,2,2.3,8,7.9,8,6.7,6.6,6.8,199.5,200.6,198.4,530.452,524.394,536.51,149.53699999999998,146.69,152.384,18.316000000000003,15.276,21.356,0.9490000000000001,0.87,1.028,0.197,0.2,0.194,0.075,0.15,0,2.137,1.962,2.312,2.137,1.962,2.312,2.873,2.62,3.126,2.873,2.62,3.126,3.032,2.782,3.282,3.032,2.782,3.282
2023-06-27T02:20:00Z,1034034,354,17856,19,19,,88,88,,862.116,862.116,,,,,0.01,2,1.8,2.2,7.4,7.5,7.3,6.4,6.4,6.3,206.4,204.9,207.9,494.239,501.876,486.602,138.31799999999998,140.218,136.418,16.805,13.136,20.474,0.7230000000000001,0.326,1.12,0.05499999999999999,0.036,0.074,0.036,0.036,0.036,1.943,1.992,1.894,1.943,1.992,1.894,2.654,2.422,2.886,2.654,2.422,2.886,2.709,2.45,2.968,2.709,2.45,2.968
2023-06-27T02:30:00Z,1034634,372,17536,19,19,,88,88,,862.136,862.136,,,,,0.01,2,1.9,2,7.2,7.4,6.9,6.2,6.3,6.1,209.8,207,212.8,477.03999999999996,491.38,462.7,133.988,138.706,129.27,17.539,15.972,19.106,1.057,1.246,0.868,0.21400000000000002,0.23,0.198,0.14200000000000002,0.186,0.098,1.805,1.958,1.652,1.805,1.958,1.652,2.616,2.724,2.508,2.616,2.724,2.508,2.757,2.874,2.64,2.757,2.874,2.64
2023-06-27T02:40:00Z,1035234,352,17856,19,19,,88,88,,862.284,862.284,,,,,0.01,2.1,1.9,2.3,7.5,7.3,7.7,6.4,6.3,6.5,205.4,208.3,202.6,499.178,484.426,513.93,139.767,137.054,142.48,18.813000000000002,16.206,21.42,1.208,1.152,1.264,0.158,0.076,0.24,0.08,0.076,0.084,1.9709999999999999,1.892,2.05,1.9709999999999999,1.892,2.05,2.7990000000000004,2.652,2.946,2.7990000000000004,2.652,2.946,2.918,2.714,3.122,2.918,2.714,3.122
2023-06-27T02:50:00Z,1035834,360,18176,19,19,,88,88,,862.378,862.378,,,,,0.01,2,1.8,2.2,7.3,7.3,7.4,6.3,6.3,6.3,207.6,208.3,206.9,488.206,484.642,491.77,134.94,134.948,134.932,17.627,14.392,20.862,1.292,1.346,1.238,0.185,0.096,0.274,0.115,0.096,0.134,1.7690000000000001,1.734,1.804,1.7690000000000001,1.734,1.804,2.6399999999999997,2.484,2.796,2.6399999999999997,2.484,2.796,2.766,2.542,2.99,2.766,2.542,2.99
2023-06-27T03:00:00Z,1036434,369,17856,18.6,18.6,,88,88,,862.38,862.38,,,,,0.01,1.8,1.8,1.9,6.7,6.9,6.6,5.9,6,5.8,215.8,213.8,217.8,448.635,457.88,439.39,123.662,126.504,120.82,15.876999999999999,14.652,17.102,0.9450000000000001,1.304,0.586,0.16999999999999998,0.192,0.148,0.092,0.138,0.046,1.612,1.664,1.56,1.612,1.664,1.56,2.294,2.436,2.152,2.294,2.436,2.152,2.428,2.588,2.268,2.428,2.588,2.268
2023-06-27T03:10:00Z,1037034,350,17856,18,18,,88,88,,862.394,862.394,,,,,0.01,1.8,1.8,1.9,6.8,6.7,6.9,6,5.9,6.1,214.4,216.1,212.8,454.95799999999997,447.168,462.748,125.89699999999999,125.38,126.414,15.578,14.652,16.504,0.705,0.418,0.992,0.057,0,0.114,0.022,0,0.044,1.506,1.424,1.588,1.506,1.424,1.588,2.167,1.95,2.384,2.167,1.95,2.384,2.222,1.95,2.494,2.222,1.95,2.494
2023-06-27T03:20:00Z,1037634,443,17856,18,18,,88,88,,862.4,862.4,,,,,0.01,1.8,1.7,1.9,6.9,6.9,6.8,6,6,6,213.9,213.7,214.2,457.29100000000005,458.41,456.172,127.774,129.436,126.112,14.78,12.834,16.726,0.863,0.622,1.104,0.10200000000000001,0.05,0.154,0.025,0.05,0,1.5190000000000001,1.44,1.598,1.5190000000000001,1.44,1.598,2.067,1.884,2.25,2.067,1.884,2.25,2.19,1.974,2.406,2.19,1.974,2.406
2023-06-27T03:30:00Z,1038234,390,17536,18,18,,88,88,,862.368,862.368,,,,,0.01,1.8,1.7,1.9,6.4,6.4,6.5,5.7,5.7,5.8,220.1,221.3,218.9,429.036,423.62,434.452,118.66,117.412,119.908,16.13,14.764,17.496,0.8009999999999999,0.564,1.038,0.227,0.232,0.222,0.08499999999999999,0.086,0.084,1.298,1.302,1.294,1.298,1.302,1.294,2.035,1.982,2.088,2.035,1.982,2.088,2.1639999999999997,2.09,2.238,2.1639999999999997,2.09,2.238
2023-06-27T03:40:00Z,1038834,353,17856,17.6,17.6,,88,88,,862.432,862.432,,,,,0.01,1.5,1.4,1.5,5.7,5.7,5.7,5.2,5.2,5.2,232.3,232.4,232.2,377.293,376.898,377.688,106.83099999999999,105.868,107.794,12.44,11.354,13.526,0.948,0.932,0.964,0.14,0.192,0.088,0.1,0.16,0.04,1.1669999999999998,1.146,1.188,1.1669999999999998,1.146,1.188,1.6709999999999998,1.68,1.662,1.6709999999999998,1.68,1.662,1.782,1.822,1.742,1.782,1.822,1.742
2023-06-27T03:50:00Z,1039434,354,18176,17,17,,88,88,,862.6,862.6,,,,,0.01,1.6,1.5,1.7,5.8,5.8,5.8,5.3,5.3,5.2,230.3,229.9,230.7,385.125,386.71,383.54,106.62,106.872,106.368,13.736,12.534,14.938,0.401,0.358,0.444,0.092,0.054,0.13,0.025,0,0.05,1.178,1.144,1.212,1.178,1.144,1.212,1.7690000000000001,1.682,1.856,1.7690000000000001,1.682,1.856,1.841,1.724,1.958,1.841,1.724,1.958
2023-06-27T04:00:00Z,1040034,423,17856,17,17,,88,88,,862.7,862.7,,,,,0.01,1.7,1.5,1.9,6,5.7,6.2,5.4,5.2,5.6,227.2,230.8,223.8,397.88599999999997,383.13,412.642,109.74,105.258,114.222,14.901,12.168,17.634,0.597,0.458,0.736,0.14300000000000002,0.092,0.194,0.07,0.092,0.048,1.178,0.93,1.426,1.178,0.93,1.426,1.842,1.508,2.176,1.842,1.508,2.176,1.943,1.594,2.292,1.943,1.594,2.292
2023-06-27T04:10:00Z,1040634,357,17856,17,17,,88,88,,862.75,862.75,,,,,0.01,1.8,1.6,2,6.4,6.3,6.4,5.7,5.7,5.7,220.9,221.5,220.2,425.46500000000003,422.732,428.198,118.587,117.51,119.664,15.659,12.474,18.844,0.784,0.806,0.762,0.096,0.084,0.108,0.078,0.084,0.072,1.3319999999999999,1.226,1.438,1.3319999999999999,1.226,1.438,2.128,1.95,2.306,2.128,1.95,2.306,2.2169999999999996,2.058,2.376,2.2169999999999996,2.058,2.376
2023-06-27T04:20:00Z,1041234,357,17509,17,17,,87.8,87.8,,862.79,862.79,,,,,0.01,1.9,1.7,2.1,6.6,6.5,6.7,5.8,5.8,5.9,217.6,219.2,216,440.033,432.696,447.37,124.536,123.192,125.88,17.802,14.838,20.766,0.931,1.12,0.742,0.08700000000000001,0.136,0.038,0.068,0.136,0,1.516,1.414,1.618,1.516,1.414,1.618,2.3,2.092,2.508,2.3,2.092,2.508,2.37,2.19,2.55,2.37,2.19,2.55
2023-06-27T04:30:00Z,1041834,373,17856,17,17,,88,88,,862.826,862.826,,,,,0.01,1.8,1.8,1.9,6.6,6.8,6.4,5.8,6,5.7,218,215,221.2,438.241,452.386,424.096,122.40799999999999,128.766,116.05,16.211,14.87,17.552,0.99,1.134,0.846,0.2,0.202,0.198,0.162,0.202,0.122,1.599,1.814,1.384,1.599,1.814,1.384,2.301,2.418,2.184,2.301,2.418,2.184,2.476,2.606,2.346,2.476,2.606,2.346
2023-06-27T04:40:00Z,1042434,358,17536,17,17,,88,88,,862.758,862.758,,,,,0.01,2,1.8,2.2,6.8,6.7,6.9,6,5.9,6,214.9,215.9,213.8,452.815,447.968,457.662,127.399,126.522,128.276,18.109,14.736,21.482,1.037,1.21,0.864,0.15699999999999997,0.172,0.142,0.044,0.088,0,1.611,1.486,1.736,1.611,1.486,1.736,2.41,2.198,2.622,2.41,2.198,2.622,2.5170000000000003,2.334,2.7,2.5170000000000003,2.334,2.7
2023-06-27T04:50:00Z,1043034,368,17856,17,17,,88,88,,862.932,862.932,,,,,0.01,2,1.9,2,6.8,6.7,7,6,5.9,6.1,214.5,216.7,212.4,454.432,444.108,464.756,128.411,125.608,131.214,17.752,16.752,18.752,0.853,0.876,0.83,0.11200000000000002,0.14,0.084,0.046,0.092,0,1.42,1.138,1.702,1.42,1.138,1.702,2.21,1.874,2.546,2.21,1.874,2.546,2.311,1.98,2.642,2.311,1.98,2.642
2023-06-27T05:00:00Z,1043634,509,17856,17,17,,88,88,,862.922,862.922,,,,,0.01,2.2,1.9,2.5,7.2,7.2,7.3,6.2,6.2,6.3,208.8,209.2,208.3,482.315,480.02,484.61,135.173,134.536,135.81,21.017,16.95,25.084,0.927,1.314,0.54,0.223,0.314,0.132,0.182,0.314,0.05,1.808,1.592,2.024,1.808,1.592,2.024,2.659,2.374,2.944,2.659,2.374,2.944,2.835,2.632,3.038,2.835,2.632,3.038
2023-06-27T05:10:00Z,1044234,359,17536,17,17,,88,88,,862.774,862.774,,,,,0.01,2.1,1.9,2.3,7.7,7.4,8,6.5,6.3,6.7,202.9,206.7,199.3,512.104,492.676,531.532,142.154,137.496,146.812,18.514,16.064,20.964,0.784,0.746,0.822,0.108,0.178,0.038,0.021,0.042,0,1.916,1.798,2.034,1.916,1.798,2.034,2.7350000000000003,2.504,2.966,2.7350000000000003,2.504,2.966,2.806,2.618,2.994,2.806,2.618,2.994
2023-06-27T05:20:00Z,1044835,1098,17856,16.6,16.6,,88,88,,862.728,862.728,,,,,0.01,2.6,2.4,2.9,8.4,8.1,8.7,7,6.8,7.1,194.5,198.2,190.9,558.469,537.73,579.208,159.248,154.386,164.11,25.587,21.924,29.25,1.0030000000000001,0.708,1.298,0.12100000000000001,0.042,0.2,0.043,0.042,0.044,2.2880000000000003,2.19,2.386,2.2880000000000003,2.19,2.386,3.306,2.95,3.662,3.306,2.95,3.662,3.372,2.994,3.75,3.372,2.994,3.75
2023-06-27T05:30:00Z,1045434,371,17536,16.4,16.4,,88,88,,862.624,862.624,,,,,0.01,2.6,2.5,2.7,9,8.9,9.1,7.3,7.3,7.4,187.2,188.5,186,601.566,593.638,609.494,171.249,169.218,173.28,23.564999999999998,21.608,25.522,0.848,0.824,0.872,0.097,0.118,0.076,0.027,0,0.054,2.552,2.378,2.726,2.552,2.378,2.726,3.5170000000000003,3.302,3.732,3.5170000000000003,3.302,3.732,3.5940000000000003,3.382,3.806,3.5940000000000003,3.382,3.806
2023-06-27T05:40:00Z,1046034,370,17856,16,16,,88,88,,862.524,862.524,,,,,0.01,2.6,2.4,2.7,9,8.9,9.2,7.3,7.2,7.4,187.3,189,185.6,601.211,590.752,611.67,170.382,168.16,172.604,22.553,19.46,25.646,1,0.88,1.12,0.06,0.086,0.034,0.024,0.048,0,2.443,2.35,2.536,2.443,2.35,2.536,3.497,3.22,3.774,3.497,3.22,3.774,3.5279999999999996,3.264,3.792,3.5279999999999996,3.264,3.792
2023-06-27T05:50:00Z,1046634,366,17856,16.2,16.2,,88,88,,862.438,862.438,,,,,0.01,2.6,2.5,2.7,8.7,8.6,8.9,7.2,7.1,7.3,190.5,192.3,188.8,581.8409999999999,571.406,592.276,165.269,164.33,166.208,24.473,22.892,26.054,0.99,1.05,0.93,0.064,0.046,0.082,0.016,0,0.032,2.596,2.47,2.722,2.596,2.47,2.722,3.519,3.394,3.644,3.519,3.394,3.644,3.572,3.44,3.704,3.572,3.44,3.704
2023-06-27T06:00:00Z,1047234,351,17856,16.2,16.2,,88,88,,862.382,862.382,,,,,0.01,2.4,2.3,2.6,8.3,8.3,8.4,6.9,6.9,7,194.9,195.4,194.5,555.976,553.51,558.442,156.199,155.988,156.41,21.797,19.506,24.088,0.845,1.028,0.662,0.103,0.052,0.154,0.026,0.052,0,2.2039999999999997,2.086,2.322,2.2039999999999997,2.086,2.322,3.091,2.94,3.242,3.091,2.94,3.242,3.205,3.084,3.326,3.205,3.084,3.326
2023-06-27T06:10:00Z,1047834,350,17856,16,16,,88,88,,862.416,862.416,,,,,0.01,2.4,2.2,2.6,8.3,8.2,8.3,6.9,6.8,6.9,195.9,196.7,195.2,550.275,546.072,554.478,153.498,151.938,155.058,22.451,18.668,26.234,1.0010000000000001,0.89,1.112,0.098,0.066,0.13,0.098,0.066,0.13,2.157,2.152,2.162,2.157,2.152,2.162,3.1189999999999998,2.856,3.382,3.1189999999999998,2.856,3.382,3.248,2.978,3.518,3.248,2.978,3.518
2023-06-27T06:20:00Z,1048434,367,17856,16,16,,88,88,,862.446,862.446,,,,,0.01,2.4,2.2,2.5,8,8,8.1,6.7,6.7,6.8,198.6,199.4,197.8,535.453,531.11,539.796,151.66899999999998,149.924,153.414,22.128999999999998,19.828,24.43,1.13,0.982,1.278,0.224,0.228,0.22,0.114,0.228,0,2.04,1.896,2.184,2.04,1.896,2.184,3.01,2.794,3.226,3.01,2.794,3.226,3.173,2.986,3.36,3.173,2.986,3.36
2023-06-27T06:30:00Z,1049034,348,17536,16,16,,88,88,,862.508,862.508,,,,,0.01,2.1,2.1,2.2,7.3,7.6,7.1,6.3,6.5,6.2,207.5,204.6,210.6,488.395,503.492,473.298,138.29500000000002,144.614,131.976,19.349,17.642,21.056,1.0750000000000002,1.028,1.122,0.244,0.23,0.258,0.088,0.09,0.086,1.847,1.838,1.856,1.847,1.838,1.856,2.668,2.632,2.704,2.668,2.632,2.704,2.8449999999999998,2.782,2.908,2.8449999999999998,2.782,2.908
2023-06-27T06:40:00Z,1049634,624,17856,16,16,,88,88,,862.492,862.492,,,,,0.01,2.2,2.1,2.4,7.8,7.7,7.9,6.6,6.5,6.6,201.9,203.2,200.6,517.717,510.788,524.646,146.772,147.302,146.242,19.968,17.532,22.404,0.903,0.87,0.936,0.16,0.188,0.132,0.075,0.096,0.054,2.1180000000000003,2.016,2.22,2.1180000000000003,2.016,2.22,2.888,2.576,3.2,2.888,2.576,3.2,3.052,2.794,3.31,3.052,2.794,3.31
2023-06-27T06:50:00Z,1050234,359,16896,16,16,,88,88,,862.424,862.424,,,,,0.01,2.4,2.3,2.6,8.3,8.3,8.3,6.9,6.9,6.9,195.1,195.1,195.1,555.069,555.116,555.022,156.319,155.158,157.48,22.867,20.728,25.006,1.208,1.274,1.142,0.09000000000000001,0.138,0.042,0.047,0.094,0,2.301,2.274,2.328,2.301,2.274,2.328,3.334,3.236,3.432,3.334,3.236,3.432,3.423,3.384,3.462,3.423,3.384,3.462
2023-06-27T07:00:00Z,1050834,364,17856,16,16,,88,88,,862.51,862.51,,,,,0.01,2.5,2.4,2.7,8.3,8.3,8.3,6.9,6.9,6.9,195.4,195.1,195.7,553.4069999999999,555.054,551.76,158.023,158.256,157.79,24.374000000000002,21.488,27.26,1.177,0.882,1.472,0.264,0.176,0.352,0.177,0.176,0.178,2.23,2.206,2.254,2.23,2.206,2.254,3.284,3.248,3.32,3.284,3.248,3.32,3.497,3.366,3.628,3.497,3.366,3.628
2023-06-27T07:10:00Z,1051434,359,17856,16.2,16.2,,88,88,,862.53,862.53,,,,,0.01,2.6,2.4,2.8,8.4,8.4,8.4,7,7,7,194.1,194.2,194,560.752,560.156,561.348,159.798,160.716,158.88,25.154,20.534,29.774,1.377,0.948,1.806,0.14900000000000002,0.138,0.16,0.08499999999999999,0.086,0.084,2.443,2.464,2.422,2.443,2.464,2.422,3.51,3.27,3.75,3.51,3.27,3.75,3.626,3.38,3.872,3.626,3.38,3.872
2023-06-27T07:20:00Z,1052034,364,17856,16.8,16.8,,88,88,,862.588,862.588,,,,,0.01,2.8,2.6,2.9,8.5,8.5,8.5,7,7,7,193.5,193.5,193.6,563.9300000000001,564.404,563.456,162.454,165.808,159.1,27.61,23.51,31.71,1.23,0.852,1.608,0.074,0.052,0.096,0.026,0.052,0,2.409,2.43,2.388,2.409,2.43,2.388,3.572,3.452,3.692,3.572,3.452,3.692,3.615,3.496,3.734,3.615,3.496,3.734
2023-06-27T07:30:00Z,1052634,519,17216,17,17,,88,88,,862.66,862.66,,,,,0.01,2.7,2.5,2.9,8.7,8.8,8.6,7.1,7.2,7.1,190.8,189.8,191.9,579.8679999999999,585.944,573.792,164.45499999999998,165.748,163.162,25.485,21.836,29.134,1.1560000000000001,1.202,1.11,0.088,0.102,0.074,0.043,0.086,0,2.445,2.514,2.376,2.445,2.514,2.376,3.551,3.478,3.624,3.551,3.478,3.624,3.644,3.57,3.718,3.644,3.57,3.718
2023-06-27T07:40:00Z,1053234,354,17856,17,17,,88,88,,862.656,862.656,,,,,0.01,2.8,2.6,2.9,8.8,8.7,9,7.2,7.1,7.3,189.5,191.2,187.8,587.867,577.704,598.03,168.316,166.104,170.528,27.907,25.242,30.572,1.932,1.968,1.896,0.22999999999999998,0.22,0.24,0.107,0.09,0.124,2.4370000000000003,2.164,2.71,2.4370000000000003,2.164,2.71,3.745,3.372,4.118,3.745,3.372,4.118,3.9400000000000004,3.552,4.328,3.9400000000000004,3.552,4.328
2023-06-27T07:50:00Z,1053834,363,17536,17,17,,88,88,,862.634,862.634,,,,,0.01,2.9,2.7,3.2,9.2,9,9.4,7.5,7.3,7.6,185,187,183,615.738,602.976,628.5,180.106,177.838,182.374,28.525,23.848,33.202,1.105,0.878,1.332,0.125,0.09,0.16,0.044,0,0.088,2.714,2.572,2.856,2.714,2.572,2.856,3.968,3.574,4.362,3.968,3.574,4.362,4.037,3.624,4.45,4.037,3.624,4.45
2023-06-27T08:00:00Z,1054434,376,17856,17,17,,88.2,88.2,,862.702,862.702,,,,,0.01,3,2.8,3.3,9.5,9.5,9.5,7.6,7.6,7.6,182.5,182.7,182.2,631.823,630.338,633.308,182.08100000000002,183.342,180.82,30.019,25.48,34.558,1.258,1.384,1.132,0.19,0.164,0.216,0.068,0.126,0.01,2.734,2.812,2.656,2.734,2.812,2.656,4.015,3.938,4.092,4.015,3.938,4.092,4.176,4.126,4.226,4.176,4.126,4.226
2023-06-27T08:10:00Z,1055034,369,18176,17,17,,88.8,88.8,,862.682,862.682,,,,,0.01,3.2,2.9,3.4,9.8,9.6,9.9,7.7,7.7,7.8,179.7,181.1,178.3,650.116,640.578,659.654,188.344,188.274,188.414,31.407,27.04,35.774,1.402,1.166,1.638,0.28500000000000003,0.14,0.43,0.067,0.046,0.088,2.864,2.642,3.086,2.864,2.642,3.086,4.172000000000001,3.79,4.554,4.172000000000001,3.79,4.554,4.353,3.874,4.832,4.353,3.874,4.832
2023-06-27T08:20:00Z,1055634,373,17536,16.4,16.4,,89,89,,862.738,862.738,,,,,0.01,3.2,2.9,3.5,9.8,9.5,10.1,7.8,7.6,7.9,179.3,182.2,176.5,652.681,633.45,671.912,185.54899999999998,183.404,187.694,32.678,27.818,37.538,1.506,1.216,1.796,0.124,0.094,0.154,0.069,0.094,0.044,2.948,2.814,3.082,2.948,2.814,3.082,4.3100000000000005,3.918,4.702,4.3100000000000005,3.918,4.702,4.4239999999999995,4.036,4.812,4.4239999999999995,4.036,4.812
2023-06-27T08:30:00Z,1056234,389,17536,16,16,,89,89,,862.77,862.77,,,,,0.01,3,3,3.1,9.7,10,9.5,7.7,7.9,7.6,179.7,177.7,181.8,649.971,663.78,636.162,186.606,195.132,178.08,29.22,27.474,30.966,1.0699999999999998,0.988,1.152,0.17099999999999999,0.16,0.182,0.08,0.16,0,2.967,3.104,2.83,2.967,3.104,2.83,4.191,4.262,4.12,4.191,4.262,4.12,4.316000000000001,4.402,4.23,4.316000000000001,4.402,4.23
2023-06-27T08:40:00Z,1056834,427,17216,16,16,,89,89,,862.744,862.744,,,,,0.01,3.2,2.8,3.6,10,9.7,10.3,7.9,7.7,8.1,177.1,180.1,174.3,667.7719999999999,647.696,687.848,188.85700000000003,183.342,194.372,31.504,25.07,37.938,1.359,1.176,1.542,0.11599999999999999,0.11,0.122,0.054,0.064,0.044,2.927,2.714,3.14,2.927,2.714,3.14,4.219,3.77,4.668,4.219,3.77,4.668,4.336,3.894,4.778,4.336,3.894,4.778
2023-06-27T08:50:00Z,1057434,380,18176,16,16,,89,89,,862.752,862.752,,,,,0.01,3.3,3.1,3.6,10.3,10.3,10.3,8,8,8,174.5,174.4,174.6,686,686.924,685.076,196.233,196.928,195.538,33.282000000000004,28.882,37.682,1.23,1.418,1.042,0.132,0.1,0.164,0.085,0.1,0.07,3.2199999999999998,3.326,3.114,3.2199999999999998,3.326,3.114,4.643,4.614,4.672,4.643,4.614,4.672,4.74,4.69,4.79,4.74,4.69,4.79
2023-06-27T09:00:00Z,1058034,364,18176,16,16,,89,89,,862.804,862.804,,,,,0.01,3.3,3,3.5,10.2,9.8,10.6,8,7.7,8.2,175.5,179.7,171.5,679.0799999999999,650.312,707.848,194.005,187.848,200.162,32.354,28.38,36.328,1.4609999999999999,1.132,1.79,0.14900000000000002,0.136,0.162,0.044,0.088,0,2.98,2.948,3.012,2.98,2.948,3.012,4.494,4.208,4.78,4.494,4.208,4.78,4.602,4.33,4.874,4.602,4.33,4.874
2023-06-27T09:10:00Z,1058634,384,17536,16,16,,88.4,88.4,,862.852,862.852,,,,,0.01,3.5,3.1,3.8,10,9.9,10.1,7.9,7.8,7.9,177.6,178.7,176.6,664.3209999999999,657.034,671.608,191.39100000000002,190.964,191.818,36.174,30.936,41.412,1.4380000000000002,1.572,1.304,0.125,0.122,0.128,0.021,0.042,0,3.044,2.986,3.102,3.044,2.986,3.102,4.536,4.292,4.78,4.536,4.292,4.78,4.67,4.486,4.854,4.67,4.486,4.854
2023-06-27T09:20:00Z,1059234,384,18176,16,16,,89,89,,862.834,862.834,,,,,0.01,3.4,3.1,3.6,10.1,9.9,10.3,8,7.9,8.1,176.1,177.9,174.3,675.097,662.538,687.656,193.81,193.114,194.506,34.105999999999995,29.522,38.69,1.384,1.02,1.748,0.137,0.034,0.24,0.082,0.034,0.13,3.12,3.142,3.098,3.12,3.142,3.098,4.697,4.464,4.93,4.697,4.464,4.93,4.781000000000001,4.488,5.074,4.781000000000001,4.488,5.074
2023-06-27T09:30:00Z,1059834,381,17856,16.2,16.2,,89,89,,862.878,862.878,,,,,0.01,3.4,3.2,3.6,10.4,10.4,10.5,8.1,8.1,8.2,173,173.7,172.4,696.5360000000001,691.698,701.374,200.97899999999998,203.072,198.886,33.819,30.282,37.356,1.127,1.258,0.996,0.107,0.052,0.162,0.026,0.052,0,3.339,3.444,3.234,3.339,3.444,3.234,4.746,4.772,4.72,4.746,4.772,4.72,4.837,4.844,4.83,4.837,4.844,4.83
2023-06-27T09:40:00Z,1060434,383,17514,16.2,16.2,,89,89,,862.838,862.838,,,,,0.01,3.3,3,3.5,9.8,9.7,9.9,7.8,7.7,7.9,178.9,180,177.8,655.585,647.918,663.252,187.87,187.796,187.944,33.42,29.188,37.652,1.496,1.272,1.72,0.123,0.106,0.14,0.026,0.052,0,3.032,2.956,3.108,3.032,2.956,3.108,4.464,4.168,4.76,4.464,4.168,4.76,4.545999999999999,4.25,4.842,4.545999999999999,4.25,4.842
2023-06-27T09:50:00Z,1061034,366,17216,16,16,,89,89,,862.934,862.934,,,,,0.01,3.1,2.9,3.4,9.6,9.3,9.9,7.7,7.5,7.8,181.2,183.9,178.5,640.425,622.358,658.492,184.098,180.628,187.568,31.631999999999998,27.078,36.186,1.556,1.366,1.746,0.124,0.082,0.166,0.07600000000000001,0.082,0.07,3.016,2.986,3.046,3.016,2.986,3.046,4.391,4.178,4.604,4.391,4.178,4.604,4.515000000000001,4.298,4.732,4.515000000000001,4.298,4.732
2023-06-27T10:00:00Z,1061634,369,18176,16,16,,88.4,88.4,,863.028,863.028,,,,,0.01,3.1,2.8,3.3,9.4,9.3,9.5,7.6,7.5,7.6,183.2,184.4,182.1,626.902,619.68,634.124,181.507,181.068,181.946,30.543,25.54,35.546,1.451,1.472,1.43,0.111,0.132,0.09,0.051000000000000004,0.058,0.044,2.849,2.948,2.75,2.849,2.948,2.75,4.339,4.182,4.496,4.339,4.182,4.496,4.455,4.334,4.576,4.455,4.334,4.576
2023-06-27T10:10:00Z,1062234,366,18210,16,16,,88,88,,863.116,863.116,,,,,0.01,3.2,3,3.5,9.9,9.8,10,7.8,7.8,7.9,178.3,179.3,177.3,659.664,652.646,666.682,188.704,188.118,189.29,32.665,28.612,36.718,1.25,1.132,1.368,0.148,0.11,0.186,0.055,0.11,0,3.074,2.964,3.184,3.074,2.964,3.184,4.436,4.23,4.642,4.436,4.23,4.642,4.557,4.334,4.78,4.557,4.334,4.78
2023-06-27T10:20:00Z,1062834,448,17536,17,17,,87,87,,863.152,863.152,,,,,0.01,3.3,3,3.6,10.1,10,10.1,7.9,7.9,7.9,176.6,177.1,176.2,671.027,667.636,674.418,194.149,193.94,194.358,33.388999999999996,27.766,39.012,2.126,1.726,2.526,0.18,0.174,0.186,0.087,0.174,0,3.043,3.002,3.084,3.043,3.002,3.084,4.657,4.342,4.972,4.657,4.342,4.972,4.786,4.468,5.104,4.786,4.468,5.104
2023-06-27T10:30:00Z,1063434,357,18176,17,17,,87,87,,863.21,863.21,,,,,0.01,3.4,3.1,3.7,10.4,10.1,10.6,8.1,8,8.2,173.9,176,171.8,690.4300000000001,675.206,705.654,198.786,197.272,200.3,33.837,28.562,39.112,1.749,1.414,2.084,0.33799999999999997,0.314,0.362,0.181,0.274,0.088,3.226,3.242,3.21,3.226,3.242,3.21,4.692,4.47,4.914,4.692,4.47,4.914,4.98,4.704,5.256,4.98,4.704,5.256
2023-06-27T10:40:00Z,1064034,360,17856,17.2,17.2,,87,87,,863.326,863.326,,,,,0.01,3.2,3,3.3,10.2,10,10.3,8,7.9,8.1,175.4,176.8,174,679.616,669.676,689.556,192.732,192.618,192.846,30.737000000000002,28.716,32.758,1.5510000000000002,1.738,1.364,0.185,0.186,0.184,0.113,0.136,0.09,3.158,3.008,3.308,3.158,3.008,3.308,4.543,4.45,4.636,4.543,4.45,4.636,4.675,4.598,4.752,4.675,4.598,4.752
2023-06-27T10:50:00Z,1064634,359,18176,18,18,,87,87,,863.366,863.366,,,,,0.01,3.3,3.2,3.5,10.4,10.4,10.5,8.1,8.1,8.1,173.2,173.5,172.9,695.182,693.024,697.34,199.76,198.774,200.746,32.891999999999996,29.866,35.918,1.643,1.422,1.864,0.091,0.05,0.132,0.025,0.05,0,3.1180000000000003,3.036,3.2,3.1180000000000003,3.036,3.2,4.618,4.438,4.798,4.618,4.438,4.798,4.726,4.534,4.918,4.726,4.534,4.918
2023-06-27T11:00:00Z,1065234,358,17856,18,18,,87,87,,863.374,863.374,,,,,0.01,3.7,3.4,4.1,11.7,11.1,12.3,8.8,8.5,9.1,162.1,166.9,157.5,781.3389999999999,742.942,819.736,223.69,216.286,231.094,36.749,31.746,41.752,1.3439999999999999,1.392,1.296,0.212,0.188,0.236,0.101,0.088,0.114,3.838,3.572,4.104,3.838,3.572,4.104,5.271,4.886,5.656,5.271,4.886,5.656,5.47,5.074,5.866,5.47,5.074,5.866
2023-06-27T11:10:00Z,1065834,361,17856,18,18,,87,87,,863.43,863.43,,,,,0.01,3.8,3.4,4.1,11.6,11.2,12,8.7,8.5,8.9,162.9,166,159.9,774.324,749.358,799.29,223.34199999999998,218.158,228.526,37.326,32.65,42.002,1.661,1.814,1.508,0.244,0.23,0.258,0.144,0.146,0.142,3.681,3.58,3.782,3.681,3.58,3.782,5.279,4.996,5.562,5.279,4.996,5.562,5.4510000000000005,5.174,5.728,5.4510000000000005,5.174,5.728
2023-06-27T11:20:00Z,1066434,375,17856,18,18,,86.8,86.8,,863.544,863.544,,,,,0.01,3.7,3.4,4.1,11.7,11.7,11.7,8.8,8.8,8.8,162.1,162.1,162.1,781.188,781.17,781.206,221.945,222.148,221.742,36.974000000000004,30.186,43.762,1.5870000000000002,1.604,1.57,0.235,0.086,0.384,0.087,0.086,0.088,3.741,3.66,3.822,3.741,3.66,3.822,5.2059999999999995,4.898,5.514,5.2059999999999995,4.898,5.514,5.407,4.982,5.832,5.407,4.982,5.832
2023-06-27T11:30:00Z,1067034,372,18176,18,18,,86.8,86.8,,863.586,863.586,,,,,0.01,3.5,3.2,3.7,11.1,11,11.2,8.5,8.4,8.5,167,167.8,166.1,742.0540000000001,735.384,748.724,212.674,212.048,213.3,33.822,28.954,38.69,1.7229999999999999,1.126,2.32,0.128,0.03,0.226,0.045,0,0.09,3.464,3.426,3.502,3.464,3.426,3.502,4.974,4.608,5.34,4.974,4.608,5.34,5.09,4.66,5.52,5.09,4.66,5.52
2023-06-27T11:40:00Z,1067634,362,18176,18,18,,87,87,,863.55,863.55,,,,,0.01,3.5,3.2,3.7,11.3,11.3,11.3,8.6,8.5,8.6,165.5,165.9,165.1,753.338,750.128,756.548,214.89999999999998,216.504,213.296,33.347,29.134,37.56,1.518,1.472,1.564,0.28200000000000003,0.318,0.246,0.166,0.216,0.116,3.527,3.472,3.582,3.527,3.472,3.582,4.878,4.666,5.09,4.878,4.666,5.09,5.128,4.934,5.322,5.128,4.934,5.322
2023-06-27T11:50:00Z,1068234,357,17856,18,18,,87,87,,863.634,863.634,,,,,0.01,3.6,3.3,3.9,11.8,11.5,12.1,8.8,8.7,9,161.2,163.7,158.7,788.5840000000001,767.716,809.452,226.003,221.722,230.284,34.311,30.046,38.576,1.8519999999999999,1.938,1.766,0.152,0.184,0.12,0.065,0.13,0,3.75,3.67,3.83,3.75,3.67,3.83,5.325,5.16,5.49,5.325,5.16,5.49,5.441,5.27,5.612,5.441,5.27,5.612
2023-06-27T12:00:00Z,1068834,364,17536,18,18,,87,87,,863.61,863.61,,,,,0.01,3.6,3.3,3.8,11.6,11.9,11.4,8.7,8.9,8.6,162.7,160.7,164.9,775.844,793.042,758.646,221.268,227.842,214.694,34.222,29.2,39.244,1.596,1.512,1.68,0.39,0.242,0.538,0.178,0.192,0.164,3.71,3.754,3.666,3.71,3.754,3.666,5.12,5.034,5.206,5.12,5.034,5.206,5.385,5.226,5.544,5.385,5.226,5.544
2023-06-27T12:10:00Z,1069434,360,17536,18,18,,87,87,,863.708,863.708,,,,,0.01,3.4,3.1,3.8,11.2,11.2,11.2,8.5,8.5,8.5,166.1,166.3,166,748.7370000000001,747.552,749.922,212.685,213.834,211.536,32.846000000000004,26.524,39.168,1.704,1.758,1.65,0.261,0.19,0.332,0.09,0.098,0.082,3.505,3.438,3.572,3.505,3.438,3.572,4.899,4.66,5.138,4.899,4.66,5.138,5.077999999999999,4.822,5.334,5.077999999999999,4.822,5.334
2023-06-27T12:20:00Z,1070034,354,17856,18,18,,87,87,,863.71,863.71,,,,,0.01,3.3,3.1,3.6,11.1,11,11.2,8.5,8.4,8.5,167.2,168.1,166.3,740.2180000000001,733.08,747.356,210.77499999999998,210.808,210.742,31.099,26.894,35.304,1.213,1.366,1.06,0.17300000000000001,0.266,0.08,0.155,0.266,0.044,3.511,3.422,3.6,3.511,3.422,3.6,4.822,4.588,5.056,4.822,4.588,5.056,4.961,4.81,5.112,4.961,4.81,5.112
2023-06-27T12:30:00Z,1070634,353,17216,18,18,,87,87,,863.766,863.766,,,,,0.01,3.6,3.4,3.8,11.5,11.3,11.6,8.7,8.6,8.7,164.2,165.3,163,764.375,754.86,773.89,219.20100000000002,216.692,221.71,34.924,31.908,37.94,1.552,1.52,1.584,0.191,0.184,0.198,0.091,0.144,0.038,3.613,3.458,3.768,3.613,3.458,3.768,5.176,4.972,5.38,5.176,4.972,5.38,5.332,5.088,5.576,5.332,5.088,5.576
2023-06-27T12:40:00Z,1071234,350,17216,17.6,17.6,,87.2,87.2,,863.82,863.82,,,,,0.01,3.7,3.5,4,11.7,11.8,11.6,8.8,8.8,8.7,162.2,161.5,163,780.038,786.292,773.784,222.334,225.448,219.22,36.616,32.1,41.132,1.311,1.142,1.48,0.10400000000000001,0.084,0.124,0.067,0.084,0.05,3.662,3.644,3.68,3.662,3.644,3.68,5.186,5.012,5.36,5.186,5.012,5.36,5.292,5.122,5.462,5.292,5.122,5.462
2023-06-27T12:50:00Z,1071834,353,17536,17,17,,87.6,87.6,,863.922,863.922,,,,,0.01,3.7,3.3,4,12.1,12.2,12.1,9,9,9,158.7,158.6,158.8,809.537,810.176,808.898,228.413,231.616,225.21,34.734,27.678,41.79,1.5110000000000001,1.192,1.83,0.136,0.096,0.176,0.07,0.05,0.09,3.8,3.832,3.768,3.8,3.832,3.768,5.303,5.01,5.596,5.303,5.01,5.596,5.417999999999999,5.108,5.728,5.417999999999999,5.108,5.728
2023-06-27T13:00:00Z,1072434,364,18176,17.2,17.2,,87.4,87.4,,864.078,864.078,,,,,0.01,4,3.7,4.2,12.6,12.5,12.7,9.2,9.2,9.3,155.1,155.8,154.3,841.712,834.684,848.74,241.04,239.634,242.446,38.894,34.22,43.568,1.847,1.696,1.998,0.304,0.212,0.396,0.22499999999999998,0.212,0.238,4.1690000000000005,4.072,4.266,4.1690000000000005,4.072,4.266,5.742,5.438,6.046,5.742,5.438,6.046,5.991,5.61,6.372,5.991,5.61,6.372
2023-06-27T13:10:00Z,1073034,358,17536,17,17,,87,87,,864.16,864.16,,,,,0.01,4,3.6,4.4,13,12.8,13.3,9.4,9.3,9.5,152.1,153.9,150.3,869.181,852.068,886.294,247.736,245.1,250.372,38.150999999999996,31.664,44.638,1.7429999999999999,1.928,1.558,0.199,0.278,0.12,0.135,0.23,0.04,4.437,4.28,4.594,4.437,4.28,4.594,5.942,5.532,6.352,5.942,5.532,6.352,6.093999999999999,5.752,6.436,6.093999999999999,5.752,6.436
2023-06-27T13:20:00Z,1073634,360,18176,17,17,,87,87,,864.194,864.194,,,,,0.01,4,3.7,4.4,13,12.7,13.3,9.4,9.3,9.6,152.2,154.5,150.1,867.63,846.97,888.29,244.82999999999998,240.566,249.094,39.400000000000006,33.35,45.45,2.129,1.742,2.516,0.158,0.14,0.176,0.092,0.14,0.044,4.271000000000001,4.23,4.312,4.271000000000001,4.23,4.312,6.074,5.756,6.392,6.074,5.756,6.392,6.236000000000001,5.976,6.496,6.236000000000001,5.976,6.496
2023-06-27T13:30:00Z,1074234,358,17856,17,17,,87,87,,864.262,864.262,,,,,0.01,3.9,3.6,4.3,12.9,12.8,12.9,9.3,9.3,9.4,153.4,154,152.8,856.902,851.678,862.126,242.409,242.99,241.828,37.897,31.482,44.312,1.9609999999999999,1.96,1.962,0.21200000000000002,0.266,0.158,0.156,0.262,0.05,4.196,4.174,4.218,4.196,4.174,4.218,5.861000000000001,5.618,6.104,5.861000000000001,5.618,6.104,6.093,5.938,6.248,6.093,5.938,6.248
2023-06-27T13:40:00Z,1074834,351,17856,17.8,17.8,,87,87,,864.406,864.406,,,,,0.01,4.2,3.9,4.5,13.2,12.9,13.4,9.5,9.4,9.6,151.2,152.7,149.7,877.287,862.994,891.58,248.624,245.856,251.392,41.126000000000005,35.892,46.36,1.9739999999999998,1.696,2.252,0.23299999999999998,0.308,0.158,0.077,0.154,0,4.182,4.178,4.186,4.182,4.178,4.186,6.01,5.666,6.354,6.01,5.666,6.354,6.218,5.946,6.49,6.218,5.946,6.49
2023-06-27T13:50:00Z,1075434,348,18176,18,18,,87,87,,864.612,864.612,,,,,0.01,4.3,3.9,4.7,13.4,13.3,13.4,9.6,9.5,9.6,149.8,150.3,149.3,891.177,886.26,896.094,251.998,252.064,251.932,43.218,35.49,50.946,1.96,1.514,2.406,0.14400000000000002,0.1,0.188,0.093,0.086,0.1,4.355,4.304,4.406,4.355,4.304,4.406,6.269,5.828,6.71,6.269,5.828,6.71,6.405,5.878,6.932,6.405,5.878,6.932
2023-06-27T14:00:00Z,1076034,357,18176,18,18,,87,87,,864.62,864.62,,,,,0.01,4.5,4.2,4.8,13.7,13.5,13.9,9.7,9.6,9.8,147.5,149,146.1,912.979,898.272,927.686,263.78099999999995,259.496,268.066,46.168,39.964,52.372,2.67,1.894,3.446,0.255,0.146,0.364,0.089,0.146,0.032,4.5600000000000005,4.402,4.718,4.5600000000000005,4.402,4.718,6.589,6.03,7.148,6.589,6.03,7.148,6.809,6.202,7.416,6.809,6.202,7.416
2023-06-27T14:10:00Z,1076634,353,18176,18,18,,87,87,,864.61,864.61,,,,,0.01,4.4,4.3,4.5,13.9,14.1,13.6,9.8,9.9,9.7,146.5,145,148,923.592,938.598,908.586,264.98299999999995,270.292,259.674,43.424,40.99,45.858,1.854,1.812,1.896,0.17099999999999999,0.196,0.146,0.092,0.092,0.092,4.668,4.718,4.618,4.668,4.718,4.618,6.568,6.498,6.638,6.568,6.498,6.638,6.698,6.628,6.768,6.698,6.628,6.768
2023-06-27T14:20:00Z,1077234,353,17536,18,18,,87,87,,864.648,864.648,,,,,0.01,4.5,4.2,4.8,14.2,14,14.5,10,9.8,10.1,144.1,145.7,142.6,947.592,931.406,963.778,270.424,268.528,272.32,44.876,39.282,50.47,2.182,1.474,2.89,0.22,0.192,0.248,0.1,0.098,0.102,4.873,4.804,4.942,4.873,4.804,4.942,6.819,6.354,7.284,6.819,6.354,7.284,7.022,6.58,7.464,7.022,6.58,7.464
2023-06-27T14:30:00Z,1077834,362,18176,18,18,,87,87,,864.67,864.67,,,,,0.01,4.8,4.3,5.3,15.1,14.6,15.5,10.3,10.1,10.5,138.9,141.5,136.3,1004.565,975.582,1033.548,283.423,278.76,288.086,47.908,40.304,55.512,2.123,2.358,1.888,0.16699999999999998,0.172,0.162,0.083,0.082,0.084,5.062,4.91,5.214,5.062,4.91,5.214,7.2620000000000005,6.814,7.71,7.2620000000000005,6.814,7.71,7.404,6.99,7.818,7.404,6.99,7.818
2023-06-27T14:40:00Z,1078434,358,17856,18,18,,87,87,,864.682,864.682,,,,,0.01,4.8,4.2,5.4,15,14.5,15.5,10.3,10.1,10.5,139.5,142.6,136.5,997.8,964.212,1031.388,283.765,275.522,292.008,48.672,39.292,58.052,2.141,2.17,2.112,0.204,0.102,0.306,0.026,0,0.052,5.067,4.704,5.43,5.067,4.704,5.43,7.109,6.458,7.76,7.109,6.458,7.76,7.267,6.594,7.94,7.267,6.594,7.94
2023-06-27T14:50:00Z,1079034,359,18176,18,18,,87,87,,864.73,864.73,,,,,0.01,4.9,4.3,5.5,15.2,14.6,15.8,10.4,10.1,10.6,138,141.7,134.5,1014.199,973.394,1055.004,286.73199999999997,275.674,297.79,48.809,39.61,58.008,1.916,1.636,2.196,0.27999999999999997,0.216,0.344,0.10300000000000001,0.038,0.168,5.1240000000000006,4.892,5.356,5.1240000000000006,4.892,5.356,7.1370000000000005,6.514,7.76,7.1370000000000005,6.514,7.76,7.345000000000001,6.674,8.016,7.345000000000001,6.674,8.016
2023-06-27T15:00:00Z,1079634,354,17216,18,18,,87,87,,864.682,864.682,,,,,0.01,4.3,4.1,4.6,14,13.7,14.3,9.9,9.7,10,145.6,147.3,143.9,933.0029999999999,915.384,950.622,263.882,261.172,266.592,41.978,38.332,45.624,1.9009999999999998,1.89,1.912,0.155,0.09,0.22,0.135,0.09,0.18,4.522,4.358,4.686,4.522,4.358,4.686,6.4030000000000005,6.1,6.706,6.4030000000000005,6.1,6.706,6.511,6.176,6.846,6.511,6.176,6.846
2023-06-27T15:10:00Z,1080234,452,17536,18,18,,87,87,,864.664,864.664,,,,,0.01,4.3,4,4.6,13.5,13.3,13.7,9.6,9.5,9.7,148.8,150.2,147.4,900.544,886.754,914.334,256.111,255.348,256.874,42.227999999999994,36.982,47.474,1.775,1.884,1.666,0.209,0.378,0.04,0.155,0.27,0.04,4.525,4.336,4.714,4.525,4.336,4.714,6.255000000000001,5.868,6.642,6.255000000000001,5.868,6.642,6.4350000000000005,6.188,6.682,6.4350000000000005,6.188,6.682
2023-06-27T15:20:00Z,1080834,356,17856,18,18,,87,87,,864.704,864.704,,,,,0.01,4.2,3.8,4.5,12.8,12.5,13.1,9.3,9.2,9.5,153.6,155.8,151.4,855.287,834.906,875.668,242.664,239.578,245.75,41.971999999999994,37.056,46.888,2.059,2.182,1.936,0.251,0.424,0.078,0.19,0.336,0.044,4.227,4.108,4.346,4.227,4.108,4.346,6.004,5.708,6.3,6.004,5.708,6.3,6.274,6.13,6.418,6.274,6.13,6.418
2023-06-27T15:30:00Z,1081434,358,17536,18,18,,87,87,,864.8,864.8,,,,,0.01,3.9,3.5,4.3,12.5,12.3,12.6,9.2,9.1,9.2,156,157.1,154.9,833.1959999999999,823.26,843.132,236.642,236.086,237.198,37.922,31.32,44.524,1.7240000000000002,1.36,2.088,0.185,0.178,0.192,0.11399999999999999,0.178,0.05,4.056,4.05,4.062,4.056,4.05,4.062,5.718,5.37,6.066,5.718,5.37,6.066,5.859,5.514,6.204,5.859,5.514,6.204
2023-06-27T15:40:00Z,1082034,352,17856,18,18,,87,87,,864.816,864.816,,,,,0.01,4,3.7,4.3,13,12.7,13.2,9.4,9.3,9.5,152.6,154.4,150.8,864.639,847.894,881.384,246.385,245.292,247.478,38.272999999999996,33.05,43.496,1.605,1.57,1.64,0.29300000000000004,0.18,0.406,0.10400000000000001,0.096,0.112,4.35,4.236,4.464,4.35,4.236,4.464,5.981999999999999,5.632,6.332,5.981999999999999,5.632,6.332,6.186,5.774,6.598,6.186,5.774,6.598
2023-06-27T15:50:00Z,1082634,353,18176,18,18,,87,87,,864.884,864.884,,,,,0.01,4.4,4,4.7,13.6,13.2,14,9.7,9.5,9.9,148.1,150.7,145.5,907.639,881.952,933.326,258.404,254.226,262.582,43.237,37.582,48.892,1.768,1.948,1.588,0.28400000000000003,0.322,0.246,0.091,0.182,0,4.507,4.324,4.69,4.507,4.324,4.69,6.234999999999999,5.922,6.548,6.234999999999999,5.922,6.548,6.433,6.154,6.712,6.433,6.154,6.712
2023-06-27T16:00:00Z,1083234,356,18176,18,18,,87,87,,864.662,864.662,,,,,0.01,5.1,4.8,5.3,15.7,15.7,15.8,10.6,10.6,10.6,135.1,135.4,134.8,1048.036,1044.85,1051.222,297.363,300.372,294.354,50.441,44.956,55.926,2.2140000000000004,2.196,2.232,0.174,0.236,0.112,0.118,0.204,0.032,5.359999999999999,5.444,5.276,5.359999999999999,5.444,5.276,7.481,7.276,7.686,7.481,7.276,7.686,7.659,7.544,7.774,7.659,7.544,7.774
2023-06-27T16:10:00Z,1083834,350,18176,18,18,,87,87,,864.658,864.658,,,,,0.01,7.1,6.4,7.8,20.6,20.5,20.8,12.4,12.4,12.5,112.3,112.9,111.7,1373.627,1363.854,1383.4,395.371,393.836,396.906,75.07900000000001,64.274,85.884,3.592,4.2,2.984,0.595,0.816,0.374,0.401,0.626,0.176,7.411,7.476,7.346,7.411,7.476,7.346,10.702,10.454,10.95,10.702,10.454,10.95,11.228,11.234,11.222,11.228,11.234,11.222
2023-06-27T16:20:00Z,1084434,385,18176,18,18,,87,87,,864.678,864.678,,,,,0.01,6.8,6.3,7.2,20,20,20.1,12.2,12.2,12.3,114.6,114.8,114.3,1335.2939999999999,1331.184,1339.404,382.44,382.282,382.598,70.405,63.352,77.458,3.575,4.01,3.14,0.256,0.268,0.244,0.089,0.178,0,7.122,6.848,7.396,7.122,6.848,7.396,10.306999999999999,9.844,10.77,10.306999999999999,9.844,10.77,10.492,10.058,10.926,10.492,10.058,10.926
2023-06-27T16:30:00Z,1085034,359,18176,18,18,,87,87,,864.628,864.628,,,,,0.01,6.4,6,6.7,19.3,19.3,19.3,12,12,12,117.5,117.7,117.4,1287.892,1285.834,1289.95,365.46799999999996,365.816,365.12,66.036,59.622,72.45,3.6239999999999997,3.256,3.992,0.47100000000000003,0.27,0.672,0.218,0.218,0.218,6.729,6.69,6.768,6.729,6.69,6.768,9.812000000000001,9.506,10.118,9.812000000000001,9.506,10.118,10.179,9.742,10.616,10.179,9.742,10.616
2023-06-27T16:40:00Z,1085634,357,17856,18,18,,86.8,86.8,,864.59,864.59,,,,,0.01,6,5.5,6.6,18.5,17.9,19.2,11.7,11.5,11.9,120.9,123.9,118.1,1236.4769999999999,1193.24,1279.714,352.129,341.958,362.3,60.623999999999995,52.002,69.246,2.84,2.53,3.15,0.383,0.392,0.374,0.26,0.342,0.178,6.463,6.072,6.854,6.463,6.072,6.854,9.196000000000002,8.412,9.98,9.196000000000002,8.412,9.98,9.54,8.79,10.29,9.54,8.79,10.29
2023-06-27T16:50:00Z,1086234,355,17536,18,18,,86,86,,864.532,864.532,,,,,0.01,5.7,5.5,5.9,17.3,17.3,17.3,11.2,11.2,11.3,126.6,126.7,126.5,1155.421,1154.178,1156.664,331.122,333.026,329.218,57.896,55.188,60.604,2.806,3.408,2.204,0.29700000000000004,0.318,0.276,0.181,0.17,0.192,6.145,6.168,6.122,6.145,6.168,6.122,8.731000000000002,8.742,8.72,8.731000000000002,8.742,8.72,8.966000000000001,8.992,8.94,8.966000000000001,8.992,8.94
2023-06-27T17:00:00Z,1086834,359,17856,18,18,,86,86,,864.416,864.416,,,,,0.01,5.7,5.1,6.3,17.4,16.8,18.1,11.3,11,11.5,126.1,129.5,122.9,1162.289,1117.06,1207.518,331.168,321.226,341.11,57.358,48.518,66.198,2.4749999999999996,2.832,2.118,0.219,0.228,0.21,0.11299999999999999,0.178,0.048,6.092,5.858,6.326,6.092,5.858,6.326,8.613,8.134,9.092,8.613,8.134,9.092,8.785,8.312,9.258,8.785,8.312,9.258
2023-06-27T17:10:00Z,1087434,372,18176,18,18,,86,86,,864.468,864.468,,,,,0.01,5.6,5.1,6.1,16.8,16.5,17.2,11.1,10.9,11.2,129.1,131.1,127.2,1122.492,1097.52,1147.464,319.537,318.662,320.412,57.269999999999996,49.544,64.996,2.313,2.77,1.856,0.195,0.134,0.256,0.09,0.09,0.09,5.813,5.608,6.018,5.813,5.608,6.018,8.179,7.9,8.458,8.179,7.9,8.458,8.356,8.078,8.634,8.356,8.078,8.634
2023-06-27T17:20:00Z,1088034,356,17856,18,18,,86,86,,864.528,864.528,,,,,0.01,5.1,4.7,5.5,15.5,15.2,15.9,10.5,10.4,10.7,136.1,137.9,134.3,1036.576,1015.732,1057.42,294.36800000000005,290.708,298.028,52.447,44.762,60.132,2.713,2.112,3.314,0.244,0.078,0.41,0.043,0.036,0.05,5.254,4.976,5.532,5.254,4.976,5.532,7.609,7.082,8.136,7.609,7.082,8.136,7.807,7.2,8.414,7.807,7.2,8.414
2023-06-27T17:30:00Z,1088634,353,17536,18,18,,86,86,,864.498,864.498,,,,,0.01,4.7,4.3,5.2,14.1,13.9,14.4,9.9,9.8,10,144.6,146.4,142.8,942.8399999999999,923.91,961.77,268.631,262.196,275.066,48.519000000000005,41.444,55.594,2.091,2.436,1.746,0.26,0.33,0.19,0.142,0.24,0.044,4.816000000000001,4.66,4.972,4.816000000000001,4.66,4.972,6.891,6.6,7.182,6.891,6.6,7.182,7.125,6.892,7.358,7.125,6.892,7.358
2023-06-27T17:40:00Z,1089234,357,17856,18,18,,86,86,,864.502,864.502,,,,,0.01,4.3,4,4.7,13.4,13.1,13.7,9.6,9.4,9.7,149.6,151.7,147.6,892.755,872.716,912.794,254.54200000000003,252.58,256.504,42.869,37.158,48.58,1.788,1.75,1.826,0.241,0.222,0.26,0.066,0.132,0,4.54,4.352,4.728,4.54,4.352,4.728,6.392,6.086,6.698,6.392,6.086,6.698,6.587,6.312,6.862,6.587,6.312,6.862
2023-06-27T17:50:00Z,1089834,357,17856,18,18,,86,86,,864.53,864.53,,,,,0.01,4.3,3.8,4.9,13.5,12.9,14.1,9.6,9.4,9.9,148.7,152.8,144.8,901.511,862.452,940.57,256.209,248.926,263.492,43.225,35.11,51.34,1.717,1.566,1.868,0.207,0.124,0.29,0.061,0.082,0.04,4.587,4.392,4.782,4.587,4.392,4.782,6.426,5.886,6.966,6.426,5.886,6.966,6.6259999999999994,6.04,7.212,6.6259999999999994,6.04,7.212
2023-06-27T18:00:00Z,1090434,350,17856,18,18,,86,86,,864.488,864.488,,,,,0.01,4.4,3.9,4.9,13.1,12.4,13.8,9.4,9.1,9.8,151.6,156.4,147,873.781,829.55,918.012,248.025,237.64,258.41,45.144999999999996,37.86,52.43,2.043,1.666,2.42,0.273,0.248,0.298,0.151,0.124,0.178,4.286,4.146,4.426,4.286,4.146,4.426,6.329,5.85,6.808,6.329,5.85,6.808,6.527,6.064,6.99,6.527,6.064,6.99
2023-06-27T18:10:00Z,1091034,367,18176,18,18,,86,86,,864.516,864.516,,,,,0.01,4.2,3.8,4.6,13,12.8,13.3,9.4,9.3,9.5,152,153.9,150.2,869.7,852.61,886.79,250.263,248.258,252.268,42.620000000000005,36.002,49.238,1.964,1.988,1.94,0.287,0.366,0.208,0.223,0.318,0.128,4.361,4.358,4.364,4.361,4.358,4.364,6.173,5.842,6.504,6.173,5.842,6.504,6.399,6.106,6.692,6.399,6.106,6.692
2023-06-27T18:20:00Z,1091634,358,18176,18,18,,86,86,,864.57,864.57,,,,,0.01,4.4,4,4.8,13.5,13.2,13.8,9.6,9.5,9.8,148.8,151.1,146.7,900.19,878.59,921.79,254.68200000000002,251.158,258.206,44.727000000000004,38.744,50.71,2.3600000000000003,2.25,2.47,0.249,0.278,0.22,0.161,0.234,0.088,4.464,4.382,4.546,4.464,4.382,4.546,6.496,6.166,6.826,6.496,6.166,6.826,6.724,6.414,7.034,6.724,6.414,7.034
2023-06-27T18:30:00Z,1092234,356,17536,18,18,,86,86,,864.564,864.564,,,,,0.01,4.3,4.1,4.5,13.7,13.6,13.7,9.7,9.7,9.7,147.6,148.1,147.2,912.03,907.41,916.65,262.491,265.94,259.042,42.022,37.948,46.096,2.109,2.342,1.876,0.151,0.124,0.178,0.109,0.088,0.13,4.632,4.568,4.696,4.632,4.568,4.696,6.567,6.456,6.678,6.567,6.456,6.678,6.712999999999999,6.608,6.818,6.712999999999999,6.608,6.818
2023-06-27T18:40:00Z,1092834,357,17856,18,18,,86,86,,864.74,864.74,,,,,0.01,4.2,3.9,4.4,13.1,12.6,13.5,9.4,9.2,9.6,151.8,155,148.7,871.952,842.46,901.444,247.704,241.346,254.062,41.863,38.192,45.534,2.099,1.782,2.416,0.152,0.146,0.158,0.067,0.05,0.084,4.164,3.994,4.334,4.164,3.994,4.334,6.027,5.642,6.412,6.027,5.642,6.412,6.166,5.76,6.572,6.166,5.76,6.572
2023-06-27T18:50:00Z,1093434,362,18176,18,18,,86,86,,864.926,864.926,,,,,0.01,4,3.8,4.2,12.5,12.3,12.8,9.2,9.1,9.3,155.8,157.7,154,834.844,818.134,851.554,239.255,237.576,240.934,40.182,37.184,43.18,1.77,1.682,1.858,0.048,0,0.096,0.026,0,0.052,4.197,4.12,4.274,4.197,4.12,4.274,5.936999999999999,5.79,6.084,5.936999999999999,5.79,6.084,6.018000000000001,5.822,6.214,6.018000000000001,5.822,6.214
2023-06-27T19:00:00Z,1094034,358,18176,18,18,,86,86,,864.868,864.868,,,,,0.01,4.1,3.6,4.5,12.4,11.9,12.9,9.1,8.9,9.4,156.7,160.6,153.1,826.9580000000001,793.826,860.09,236.377,230.55,242.204,40.86,34.166,47.554,1.595,1.452,1.738,0.20800000000000002,0.27,0.146,0.048,0.096,0,4.178,3.99,4.366,4.178,3.99,4.366,5.864,5.476,6.252,5.864,5.476,6.252,6.011,5.67,6.352,6.011,5.67,6.352
2023-06-27T19:10:00Z,1094634,355,18176,18,18,,85.4,85.4,,864.794,864.794,,,,,0.01,4,3.6,4.3,12.4,12,12.9,9.1,8.9,9.3,156.5,159.8,153.3,828.69,799.998,857.382,236.971,229.24,244.702,39.19,33.086,45.294,1.906,1.524,2.288,0.238,0.172,0.304,0.086,0.172,0,4.1,3.888,4.312,4.1,3.888,4.312,5.818,5.372,6.264,5.818,5.372,6.264,6.005000000000001,5.522,6.488,6.005000000000001,5.522,6.488
2023-06-27T19:20:00Z,1095234,356,18176,18,18,,85,85,,864.868,864.868,,,,,0.01,3.9,3.5,4.3,12.4,12,12.8,9.1,8.9,9.3,156.7,159.9,153.7,826.725,799.378,854.072,235.574,230.51,240.638,39.03,32.34,45.72,1.9859999999999998,1.676,2.296,0.267,0.264,0.27,0.157,0.138,0.176,3.9610000000000003,3.802,4.12,3.9610000000000003,3.802,4.12,5.761,5.264,6.258,5.761,5.264,6.258,5.952999999999999,5.468,6.438,5.952999999999999,5.468,6.438
2023-06-27T19:30:00Z,1095834,358,17856,18,18,,85,85,,864.948,864.948,,,,,0.01,4.1,3.7,4.4,12.7,12.6,12.8,9.3,9.2,9.3,154.5,155.4,153.5,847.049,838.322,855.776,242.298,240.558,244.038,39.949,33.538,46.36,1.461,1.07,1.852,0.252,0.136,0.368,0.154,0.136,0.172,4.218999999999999,4.278,4.16,4.218999999999999,4.278,4.16,5.898,5.65,6.146,5.898,5.65,6.146,6.096,5.808,6.384,6.096,5.808,6.384
2023-06-27T19:40:00Z,1096434,367,17536,18,18,,85,85,,865.008,865.008,,,,,0.01,4.2,3.7,4.7,13.2,13,13.5,9.5,9.4,9.6,150.8,152.7,148.9,881.364,863.608,899.12,248.041,245.004,251.078,41.667,33.43,49.904,2.2009999999999996,2.058,2.344,0.239,0.226,0.252,0.14900000000000002,0.17,0.128,4.2509999999999994,4.27,4.232,4.2509999999999994,4.27,4.232,6.119,5.746,6.492,6.119,5.746,6.492,6.297000000000001,5.94,6.654,6.297000000000001,5.94,6.654
2023-06-27T19:50:00Z,1097034,355,18176,18,18,,85,85,,864.9,864.9,,,,,0.01,4.6,4.2,5,14,13.6,14.4,9.9,9.7,10,145.4,147.9,142.9,935.077,909.668,960.486,268.104,264.666,271.542,46.649,40.876,52.422,2.169,2.54,1.798,0.291,0.374,0.208,0.20800000000000002,0.248,0.168,4.6899999999999995,4.556,4.824,4.6899999999999995,4.556,4.824,6.688000000000001,6.426,6.95,6.688000000000001,6.426,6.95,6.909000000000001,6.7,7.118,6.909000000000001,6.7,7.118
2023-06-27T20:00:00Z,1097634,353,17536,18,18,,85,85,,864.844,864.844,,,,,0.01,4.5,4,5,13.9,13.4,14.3,9.8,9.6,10,146.5,149.7,143.4,923.465,891.926,955.004,264.70799999999997,258.302,271.114,45.945,37.484,54.406,2.474,2.424,2.524,0.263,0.202,0.324,0.14900000000000002,0.202,0.096,4.615,4.522,4.708,4.615,4.522,4.708,6.760999999999999,6.374,7.148,6.760999999999999,6.374,7.148,6.97,6.528,7.412,6.97,6.528,7.412
2023-06-27T20:10:00Z,1098234,357,18176,18,18,,85,85,,864.746,864.746,,,,,0.01,4.5,4.1,4.9,13.9,13.8,14,9.8,9.8,9.9,146.1,146.5,145.6,927.7719999999999,923.284,932.26,264.265,265.756,262.774,45.471000000000004,37.69,53.252,2.722,2.36,3.084,0.154,0.246,0.062,0.116,0.17,0.062,4.833,4.882,4.784,4.833,4.882,4.784,6.96,6.662,7.258,6.96,6.662,7.258,7.096,6.838,7.354,7.096,6.838,7.354
2023-06-27T20:20:00Z,1098834,356,18176,18,18,,85,85,,864.72,864.72,,,,,0.01,4.2,3.7,4.7,13.1,12.8,13.5,9.5,9.3,9.6,151.4,153.8,149,875.7149999999999,853.242,898.188,249.048,243.112,254.984,41.827,33.698,49.956,2.189,1.762,2.616,0.188,0.152,0.224,0.105,0.152,0.058,4.444,4.264,4.624,4.444,4.264,4.624,6.3629999999999995,5.814,6.912,6.3629999999999995,5.814,6.912,6.511,5.956,7.066,6.511,5.956,7.066
2023-06-27T20:30:00Z,1099434,356,18176,18.2,18.2,,85,85,,864.656,864.656,,,,,0.01,3.8,3.5,4.2,12.3,11.8,12.7,9,8.8,9.3,157.9,161.8,154.2,816.874,783.752,849.996,231.567,226.506,236.628,37.859,31.426,44.292,2.3689999999999998,1.436,3.302,0.244,0.256,0.232,0.15200000000000002,0.164,0.14,3.952,3.914,3.99,3.952,3.914,3.99,5.702,5.21,6.194,5.702,5.21,6.194,5.926,5.476,6.376,5.926,5.476,6.376
2023-06-27T20:40:00Z,1100034,355,17856,18.6,18.6,,85,85,,864.644,864.644,,,,,0.01,3.7,3.3,4,11.7,11.5,12,8.8,8.7,8.9,161.9,163.9,159.9,782.735,766.106,799.364,221.21800000000002,216.12,226.316,35.49,29.7,41.28,1.48,1.242,1.718,0.244,0.154,0.334,0.128,0.088,0.168,3.734,3.732,3.736,3.734,3.732,3.736,5.2170000000000005,5.042,5.392,5.2170000000000005,5.042,5.392,5.407,5.244,5.57,5.407,5.244,5.57
2023-06-27T20:50:00Z,1100634,356,17536,19,19,,85,85,,864.728,864.728,,,,,0.01,3.4,3.2,3.7,11.2,11.2,11.1,8.5,8.5,8.5,166.5,166,166.9,746.001,749.578,742.424,212.13,216.11,208.15,32.783,27.758,37.808,1.7730000000000001,1.688,1.858,0.159,0.088,0.23,0.11499999999999999,0.088,0.142,3.487,3.632,3.342,3.487,3.632,3.342,4.9830000000000005,4.776,5.19,4.9830000000000005,4.776,5.19,5.135,4.912,5.358,5.135,4.912,5.358
2023-06-27T21:00:00Z,1101234,357,18176,19,19,,85,85,,864.846,864.846,,,,,0.01,3.4,3.3,3.5,11,11.1,10.9,8.4,8.4,8.4,168.4,167.6,169.2,731.283,737.26,725.306,208.37099999999998,211.974,204.768,32.816,30.238,35.394,1.347,1.348,1.346,0.056,0,0.112,0.039,0,0.078,3.498,3.552,3.444,3.498,3.552,3.444,4.901999999999999,4.954,4.85,4.901999999999999,4.954,4.85,4.971,5.006,4.936,4.971,5.006,4.936
2023-06-27T21:10:00Z,1101834,355,17536,19,19,,85,85,,865.002,865.002,,,,,0.01,3.3,3.1,3.4,10.8,10.8,10.9,8.3,8.3,8.4,169.6,170.2,169,721.915,717.356,726.474,204.865,204.632,205.098,31.194,28.262,34.126,1.258,0.982,1.534,0.176,0.132,0.22,0.11299999999999999,0.046,0.18,3.3369999999999997,3.378,3.296,3.3369999999999997,3.378,3.296,4.638999999999999,4.5,4.778,4.638999999999999,4.5,4.778,4.773,4.612,4.934,4.773,4.612,4.934
2023-06-27T21:20:00Z,1102434,353,17856,19,19,,85,85,,865.084,865.084,,,,,0.01,3.4,3.1,3.6,10.9,11,10.9,8.4,8.4,8.4,168.6,168.5,168.8,729.421,730.452,728.39,208.303,208.466,208.14,32.033,28.136,35.93,1.437,1.526,1.348,0.262,0.262,0.262,0.11699999999999999,0.182,0.052,3.558,3.56,3.556,3.558,3.56,3.556,4.776,4.658,4.894,4.776,4.658,4.894,4.989,4.862,5.116,4.989,4.862,5.116
2023-06-27T21:30:00Z,1103034,354,18176,18.4,18.4,,85,85,,865.048,865.048,,,,,0.01,3.6,3.3,3.9,11.8,11.7,11.9,8.8,8.8,8.9,161.3,162.2,160.3,787.976,779.942,796.01,223.16899999999998,222.672,223.666,35.105000000000004,28.39,41.82,2.307,1.48,3.134,0.175,0.202,0.148,0.126,0.168,0.084,3.813,3.926,3.7,3.813,3.926,3.7,5.373,5.022,5.724,5.373,5.022,5.724,5.5280000000000005,5.168,5.888,5.5280000000000005,5.168,5.888
2023-06-27T21:40:00Z,1103634,358,17856,18.2,18.2,,85,85,,865.012,865.012,,,,,0.01,3.8,3.4,4.2,12.6,12.4,12.8,9.2,9.1,9.3,155.5,156.9,154.1,837.767,825.288,850.246,236.731,236.086,237.376,37.081,29.506,44.656,2.104,1.586,2.622,0.21599999999999997,0.148,0.284,0.074,0.148,0,4.115,4.216,4.014,4.115,4.216,4.014,5.697,5.484,5.91,5.697,5.484,5.91,5.8629999999999995,5.616,6.11,5.8629999999999995,5.616,6.11
2023-06-27T21:50:00Z,1104234,351,18176,18.6,18.6,,85,85,,864.98,864.98,,,,,0.01,3.9,3.5,4.3,12.9,12.8,13,9.4,9.3,9.4,152.9,153.7,152,861.6,853.748,869.452,245.937,246.24,245.634,38.084,31.34,44.828,2.726,2.57,2.882,0.281,0.262,0.3,0.133,0.082,0.184,4.148,4.25,4.046,4.148,4.25,4.046,6.0280000000000005,5.85,6.206,6.0280000000000005,5.85,6.206,6.241,6.058,6.424,6.241,6.058,6.424
2023-06-27T22:00:00Z,1104834,351,17856,18.8,18.8,,85,85,,865.176,865.176,,,,,0.01,4.2,4,4.5,13.6,13.4,13.8,9.7,9.6,9.8,148.3,149.6,147,905.539,893.16,917.918,255.683,256.01,255.356,42.281000000000006,37.59,46.972,2.584,2.766,2.402,0.267,0.354,0.18,0.179,0.226,0.132,4.505000000000001,4.424,4.586,4.505000000000001,4.424,4.586,6.454000000000001,6.274,6.634,6.454000000000001,6.274,6.634,6.655,6.514,6.796,6.655,6.514,6.796
2023-06-27T22:10:00Z,1105434,356,18176,18.2,18.2,,85,85,,865.234,865.234,,,,,0.01,4.5,4.3,4.7,14.1,14.1,14,9.9,9.9,9.9,145,144.6,145.3,939.0889999999999,942.956,935.222,267.147,271.072,263.222,44.387,40.226,48.548,1.767,1.73,1.804,0.26,0.182,0.338,0.139,0.134,0.144,4.787,4.808,4.766,4.787,4.808,4.766,6.657,6.58,6.734,6.657,6.58,6.734,6.85,6.704,6.996,6.85,6.704,6.996
2023-06-27T22:20:00Z,1106034,353,18176,18,18,,85,85,,865.222,865.222,,,,,0.01,4.4,4,4.8,14.2,13.6,14.8,9.9,9.7,10.2,144.2,148,140.6,947.014,908.212,985.816,268.513,259.424,277.602,43.495,38.556,48.434,2.718,2.672,2.764,0.38,0.374,0.386,0.155,0.184,0.126,4.721,4.572,4.87,4.721,4.572,4.87,6.788,6.518,7.058,6.788,6.518,7.058,7.05,6.776,7.324,7.05,6.776,7.324
2023-06-27T22:30:00Z,1106634,354,17856,18,18,,85,85,,865.284,865.284,,,,,0.01,4.3,3.7,4.8,14.4,13.7,15.1,10,9.7,10.3,142.8,147.2,138.6,962.033,915.936,1008.13,275.281,263.416,287.146,40.694,31.898,49.49,2.553,1.826,3.28,0.287,0.218,0.356,0.194,0.218,0.17,4.932,4.768,5.096,4.932,4.768,5.096,6.821,6.162,7.48,6.821,6.162,7.48,7.024,6.324,7.724,7.024,6.324,7.724
2023-06-27T22:40:00Z,1107234,355,17856,18,18,,85,85,,865.252,865.252,,,,,0.01,3.7,3.3,4.1,12.8,12.5,13,9.3,9.2,9.4,154,156.1,152,851.3679999999999,832.806,869.93,240.959,238.304,243.614,33.838,27.13,40.546,1.69,1.764,1.616,0.225,0.132,0.318,0.114,0.132,0.096,4.217,4.156,4.278,4.22,4.156,4.284,5.627000000000001,5.314,5.94,5.627000000000001,5.314,5.94,5.823,5.466,6.18,5.823,5.466,6.18
2023-06-27T22:50:00Z,1107834,355,18176,18,18,,85,85,,865.172,865.172,,,,,0.01,3.7,3.3,4.1,12.1,11.8,12.3,8.9,8.8,9.1,159.4,161.1,157.7,804.015,789.554,818.476,227.572,226.138,229.006,36.016999999999996,29.028,43.006,1.776,1.574,1.978,0.193,0.22,0.166,0.079,0.14,0.018,3.879,3.824,3.934,3.879,3.824,3.934,5.527,5.146,5.908,5.527,5.146,5.908,5.693,5.342,6.044,5.693,5.342,6.044
2023-06-27T23:00:00Z,1108434,362,17856,18.2,18.2,,85,85,,865.164,865.164,,,,,0.01,3.6,3.5,3.8,11.7,11.7,11.8,8.8,8.8,8.8,162.1,162.5,161.7,780.9780000000001,777.784,784.172,220.645,222.3,218.99,34.593,31.772,37.414,1.093,0.902,1.284,0.194,0.198,0.19,0.096,0.152,0.04,3.814,3.844,3.784,3.814,3.844,3.784,5.220000000000001,5.112,5.328,5.220000000000001,5.112,5.328,5.3580000000000005,5.268,5.448,5.3580000000000005,5.268,5.448
2023-06-27T23:10:00Z,1109034,352,17216,19,19,,85,85,,865.192,865.192,,,,,0.01,3.8,3.2,4.3,12.2,12.1,12.4,9,9,9.1,157.9,159.2,156.7,816.4780000000001,805.424,827.532,232.904,229.218,236.59,36.786,27.452,46.12,2.126,1.662,2.59,0.439,0.392,0.486,0.14200000000000002,0.186,0.098,3.992,3.988,3.996,3.992,3.988,3.996,5.534000000000001,5.118,5.95,5.534000000000001,5.118,5.95,5.828,5.384,6.272,5.828,5.384,6.272
2023-06-27T23:20:00Z,1109634,352,17856,19,19,,85,85,,865.266,865.266,,,,,0.01,3.9,3.7,4.2,13.2,12.9,13.4,9.5,9.4,9.6,151.2,152.7,149.6,877.599,862.892,892.306,249.951,247.678,252.224,36.676,32.044,41.308,1.668,1.44,1.896,0.10500000000000001,0.096,0.114,0.041,0.048,0.034,4.327999999999999,4.362,4.294,4.327999999999999,4.362,4.294,5.851,5.698,6.004,5.851,5.698,6.004,5.976,5.81,6.142,5.976,5.81,6.142
2023-06-27T23:30:00Z,1110234,368,18176,19,19,,85,85,,865.23,865.23,,,,,0.01,4.4,3.9,4.9,14.6,14.3,14.9,10.1,10,10.3,141.7,143.6,139.8,973.915,953.768,994.062,275.21799999999996,271.962,278.474,41.936,33.224,50.648,2.432,1.982,2.882,0.318,0.12,0.516,0.14,0.12,0.16,4.841,4.742,4.94,4.841,4.742,4.94,6.661,6.122,7.2,6.661,6.122,7.2,6.929,6.28,7.578,6.929,6.28,7.578
2023-06-27T23:40:00Z,1110834,358,17856,19,19,,85,85,,865.264,865.264,,,,,0.01,5.3,4.7,5.8,16.7,16,17.3,11,10.7,11.2,130,133.6,126.6,1111.0990000000002,1066.726,1155.472,316.577,306.372,326.782,51.357,42.874,59.84,2.149,1.99,2.308,0.353,0.392,0.314,0.159,0.318,0,5.811,5.592,6.03,5.811,5.592,6.03,7.923,7.446,8.4,7.923,7.446,8.4,8.195,7.782,8.608,8.195,7.782,8.608
2023-06-27T23:50:00Z,1111434,356,17536,19,19,,85,85,,865.294,865.294,,,,,0.01,5.2,4.8,5.7,16.8,16.7,16.9,11,11,11.1,129.3,130.1,128.6,1119.5259999999998,1110.062,1128.99,318.956,315.554,322.358,51.947,44.528,59.366,3.448,3.33,3.566,0.523,0.27,0.776,0.201,0.17,0.232,5.881,5.774,5.988,5.881,5.774,5.988,8.199,7.812,8.586,8.199,7.812,8.586,8.655000000000001,8.09,9.22,8.655000000000001,8.09,9.22
2023-06-28T00:00:00Z,1112034,359,18176,19,19,,85,85,,865.34,865.34,,,,,0.01,5.2,4.7,5.7,16.6,16.1,17.2,11,10.7,11.2,130.1,133.3,127.1,1109.591,1070.248,1148.934,312.699,300.418,324.98,51.405,43.82,58.99,2.729,2.374,3.084,0.452,0.258,0.646,0.252,0.258,0.246,5.609,5.386,5.832,5.609,5.386,5.832,7.958,7.4,8.516,7.958,7.4,8.516,8.276,7.638,8.914,8.276,7.638,8.914
2023-06-28T00:10:00Z,1112634,358,17536,19,19,,85,85,,865.404,865.404,,,,,0.01,4.5,4,4.9,14.7,14.5,14.9,10.2,10.1,10.3,141.1,142.5,139.7,980.087,965.134,995.04,276.522,275.614,277.43,42.539,35.214,49.864,2.101,2.094,2.108,0.235,0.218,0.252,0.095,0.14,0.05,5.087,5.012,5.162,5.087,5.012,5.162,6.894,6.566,7.222,6.894,6.566,7.222,7.085,6.758,7.412,7.085,6.758,7.412
2023-06-28T00:20:00Z,1113234,368,18176,19,19,,85,85,,865.594,865.594,,,,,0.01,4.1,3.7,4.5,13.5,13.4,13.5,9.6,9.6,9.7,149,149.4,148.6,898.447,894.212,902.682,254.714,254.896,254.532,39.141000000000005,31.722,46.56,2.409,1.914,2.904,0.446,0.522,0.37,0.211,0.348,0.074,4.401,4.332,4.47,4.401,4.332,4.47,6.1370000000000005,5.62,6.654,6.1370000000000005,5.62,6.654,6.449,6.058,6.84,6.449,6.058,6.84
2023-06-28T00:30:00Z,1113834,365,17856,18.2,18.2,,85,85,,865.55,865.55,,,,,0.01,3.7,3.5,4,12.5,12.7,12.3,9.2,9.2,9.1,156.1,154.8,157.4,832.5509999999999,843.89,821.212,234.68,237.972,231.388,35.49,31.14,39.84,1.81,1.702,1.918,0.308,0.218,0.398,0.175,0.17,0.18,3.997,4.008,3.986,4.005,4.024,3.986,5.4079999999999995,5.258,5.558,5.4079999999999995,5.258,5.558,5.705,5.516,5.894,5.705,5.516,5.894
2023-06-28T00:40:00Z,1114434,374,17536,18,18,,85,85,,865.538,865.538,,,,,0.01,3.1,2.8,3.4,10.3,10.3,10.4,8.1,8.1,8.1,174,174.3,173.6,689.79,687.292,692.288,196.531,195.792,197.27,29.701999999999998,24.492,34.912,1.7799999999999998,1.478,2.082,0.197,0.192,0.202,0.052,0.104,0,3.172,3.176,3.168,3.172,3.176,3.168,4.523,4.286,4.76,4.523,4.286,4.76,4.704,4.47,4.938,4.704,4.47,4.938
2023-06-28T00:50:00Z,1115034,366,17856,17.2,17.2,,85,85,,865.57,865.57,,,,,0.01,2.5,2.3,2.6,8.8,9,8.7,7.2,7.3,7.1,189.6,188,191.2,587.3340000000001,596.992,577.676,167.356,169.298,165.414,21.436,18.234,24.638,1.116,1.316,0.916,0.163,0.132,0.194,0.021,0.042,0,2.561,2.488,2.634,2.561,2.488,2.634,3.535,3.42,3.65,3.535,3.42,3.65,3.647,3.518,3.776,3.647,3.518,3.776
2023-06-28T01:00:00Z,1115634,360,17856,18,18,,84.2,84.2,,865.634,865.634,,,,,0.01,2.8,2.7,2.9,9.8,9.9,9.6,7.7,7.9,7.6,179.7,177.8,181.6,650.2170000000001,662.902,637.532,186.232,190.14,182.324,25.485999999999997,23.36,27.612,1.255,1.136,1.374,0.116,0.132,0.1,0.042,0.084,0,2.934,3.09,2.778,2.934,3.09,2.778,4.130000000000001,4.134,4.126,4.130000000000001,4.134,4.126,4.231,4.266,4.196,4.231,4.266,4.196
2023-06-28T01:10:00Z,1116234,369,17216,19,19,,84,84,,865.588,865.588,,,,,0.01,3.2,3,3.5,10.7,10.6,10.7,8.2,8.2,8.2,171.2,171.2,171.1,710.357,709.994,710.72,202.108,202.91,201.306,30.707,26.006,35.408,1.3130000000000002,1.278,1.348,0.059000000000000004,0.084,0.034,0.042,0.084,0,3.246,3.382,3.11,3.246,3.382,3.11,4.55,4.492,4.608,4.55,4.492,4.608,4.6259999999999994,4.576,4.676,4.6259999999999994,4.576,4.676
2023-06-28T01:20:00Z,1116834,364,17536,19,19,,84.4,84.4,,865.604,865.604,,,,,0.01,3.4,3.1,3.7,11.4,11.4,11.4,8.6,8.6,8.6,164.5,164.5,164.5,761.3820000000001,761.394,761.37,216.652,218.442,214.862,31.807000000000002,27.19,36.424,1.499,1.612,1.386,0.2,0.122,0.278,0.06,0.076,0.044,3.618,3.784,3.452,3.618,3.784,3.452,4.997,5.01,4.984,4.997,5.01,4.984,5.136,5.114,5.158,5.136,5.114,5.158
2023-06-28T01:30:00Z,1117434,362,17536,18.4,18.4,,85,85,,865.588,865.588,,,,,0.01,3.2,3.1,3.4,11,11,10.9,8.4,8.4,8.4,168.4,168,168.8,731.28,734.452,728.108,206.35399999999998,208.28,204.428,29.942,26.956,32.928,1.2440000000000002,1.368,1.12,0.22000000000000003,0.16,0.28,0.038,0.076,0,3.322,3.328,3.316,3.322,3.328,3.316,4.568,4.568,4.568,4.568,4.568,4.568,4.754,4.712,4.796,4.754,4.712,4.796
2023-06-28T01:40:00Z,1118034,387,17216,17.6,17.6,,85,85,,865.57,865.57,,,,,0.01,3.3,3,3.5,10.8,10.7,11,8.3,8.2,8.4,169.7,171,168.4,721.3879999999999,711.462,731.314,204.64499999999998,203.206,206.084,30.576999999999998,25.666,35.488,1.3170000000000002,1.05,1.584,0.22499999999999998,0.142,0.308,0.07200000000000001,0.094,0.05,3.295,3.292,3.298,3.295,3.292,3.298,4.566000000000001,4.352,4.78,4.566000000000001,4.352,4.78,4.705,4.446,4.964,4.705,4.446,4.964
2023-06-28T01:50:00Z,1118634,384,17216,16.8,16.8,,85,85,,865.59,865.59,,,,,0.01,3.2,2.9,3.5,10.9,10.7,11,8.4,8.3,8.4,169.2,170.3,168.1,724.947,716.434,733.46,202.749,201.884,203.614,29.354999999999997,23.422,35.288,1.361,1.03,1.692,0.16899999999999998,0.156,0.182,0.08399999999999999,0.086,0.082,3.3179999999999996,3.288,3.348,3.3179999999999996,3.288,3.348,4.541,4.222,4.86,4.541,4.222,4.86,4.701,4.366,5.036,4.701,4.366,5.036
2023-06-28T02:00:00Z,1119234,358,17856,16,16,,86,86,,865.56,865.56,,,,,0.01,3.1,2.8,3.3,10.6,10.7,10.5,8.2,8.3,8.2,171.4,170.7,172.1,708.352,713.558,703.146,201.08100000000002,204.626,197.536,28.173000000000002,23.428,32.918,1.361,1.346,1.376,0.1,0.034,0.166,0.042,0.034,0.05,3.34,3.46,3.22,3.34,3.46,3.22,4.497999999999999,4.35,4.646,4.497999999999999,4.35,4.646,4.616,4.478,4.754,4.616,4.478,4.754
2023-06-28T02:10:00Z,1119834,358,17856,15.2,15.2,,86,86,,865.484,865.484,,,,,0.01,3,2.7,3.3,10.6,10.6,10.7,8.2,8.2,8.2,171.5,172,170.9,708.163,704.432,711.894,200.461,200.178,200.744,27.111,22.016,32.206,1.4609999999999999,1.142,1.78,0.11699999999999999,0.106,0.128,0.052000000000000005,0.056,0.048,3.2110000000000003,3.196,3.226,3.2110000000000003,3.196,3.226,4.433,4.228,4.638,4.433,4.228,4.638,4.536,4.314,4.758,4.536,4.314,4.758
2023-06-28T02:20:00Z,1120434,361,17856,15,15,,86,86,,865.436,865.436,,,,,0.01,3.2,3,3.4,10.9,10.7,11.1,8.4,8.3,8.5,169,170.7,167.4,726.22,714.004,738.436,205.961,205.432,206.49,28.830000000000002,25.448,32.212,1.186,1.13,1.242,0.146,0.218,0.074,0.058,0.082,0.034,3.372,3.264,3.48,3.372,3.264,3.48,4.531,4.254,4.808,4.531,4.254,4.808,4.666,4.482,4.85,4.666,4.482,4.85
2023-06-28T02:30:00Z,1121034,475,17216,15,15,,86,86,,865.412,865.412,,,,,0.01,3.1,2.9,3.2,10.5,10.7,10.3,8.2,8.3,8.1,172.3,170.4,174.3,701.85,716.196,687.504,197.22,201.41,193.03,28.058,24.18,31.936,1.48,1.122,1.838,0.164,0.05,0.278,0.05,0.05,0.05,3.151,3.164,3.138,3.151,3.164,3.138,4.381,4.228,4.534,4.381,4.228,4.534,4.522,4.274,4.77,4.522,4.274,4.77
2023-06-28T02:40:00Z,1121634,559,17536,14.8,14.8,,86.2,86.2,,865.35,865.35,,,,,0.01,3.1,3.1,3.1,10.9,11.1,10.6,8.4,8.5,8.2,169.2,166.9,171.5,725.347,742.724,707.97,205.152,212.318,197.986,26.48,25.594,27.366,0.8360000000000001,0.792,0.88,0.106,0.094,0.118,0.047,0.094,0,3.4459999999999997,3.608,3.284,3.4459999999999997,3.608,3.284,4.5440000000000005,4.656,4.432,4.5440000000000005,4.656,4.432,4.631,4.756,4.506,4.631,4.756,4.506
2023-06-28T02:50:00Z,1122234,476,17536,15,15,,86.8,86.8,,865.394,865.394,,,,,0.01,3.5,3.2,3.9,11.6,11.5,11.7,8.7,8.7,8.8,163.1,163.9,162.3,772.995,766.554,779.436,219.348,219.156,219.54,33.339,27.194,39.484,1.46,1.142,1.778,0.068,0.096,0.04,0.024,0.048,0,3.6470000000000002,3.652,3.642,3.6470000000000002,3.652,3.642,4.9990000000000006,4.774,5.224,4.9990000000000006,4.774,5.224,5.08,4.842,5.318,5.08,4.842,5.318
2023-06-28T03:00:00Z,1122834,497,17856,15,15,,87,87,,865.36,865.36,,,,,0.01,3.6,3.3,3.8,12.3,12.4,12.2,9.1,9.1,9,157.7,157.1,158.3,818.159,823.568,812.75,232.341,235.776,228.906,32.175,27.218,37.132,1.3860000000000001,0.804,1.968,0.127,0,0.254,0.056,0,0.112,3.874,3.914,3.834,3.874,3.914,3.834,5.196,4.934,5.458,5.196,4.934,5.458,5.3100000000000005,5.006,5.614,5.3100000000000005,5.006,5.614
2023-06-28T03:10:00Z,1123434,382,18176,15.2,15.2,,87,87,,865.36,865.36,,,,,0.01,4.2,3.9,4.4,13.6,13.7,13.5,9.7,9.7,9.6,148.3,147.8,148.9,904.969,910.648,899.29,259.627,261.492,257.762,39.065,34.578,43.552,1.344,1.324,1.364,0.199,0.1,0.298,0.064,0.062,0.066,4.603,4.53,4.676,4.603,4.53,4.676,6.107,5.958,6.256,6.107,5.958,6.256,6.2509999999999994,6.042,6.46,6.2509999999999994,6.042,6.46
2023-06-28T03:20:00Z,1124034,354,16896,15,15,,86.8,86.8,,865.252,865.252,,,,,0.01,4.1,3.7,4.4,13.6,13.6,13.6,9.7,9.7,9.7,148.2,148.5,147.9,906.6600000000001,903.528,909.792,254.41899999999998,254.16,254.678,38.285,32.122,44.448,1.5699999999999998,1.47,1.67,0.265,0.288,0.242,0.16299999999999998,0.288,0.038,4.369999999999999,4.406,4.334,4.369999999999999,4.406,4.334,5.9559999999999995,5.812,6.1,5.9559999999999995,5.812,6.1,6.189,6.06,6.318,6.189,6.06,6.318
2023-06-28T03:30:00Z,1124634,416,16896,14.8,14.8,,86,86,,865.196,865.196,,,,,0.01,4,3.8,4.2,13,13.2,12.9,9.4,9.5,9.3,152,150.9,153.2,869.596,880.182,859.01,243.96300000000002,247.716,240.21,38.533,35.14,41.926,1.926,1.966,1.886,0.204,0.122,0.286,0.14,0.084,0.196,4.382,4.34,4.424,4.382,4.34,4.424,5.944,5.86,6.028,5.944,5.86,6.028,6.112,5.994,6.23,6.112,5.994,6.23
2023-06-28T03:40:00Z,1125234,367,17216,14.8,14.8,,86,86,,865.14,865.14,,,,,0.01,4,3.8,4.3,13.7,13.7,13.7,9.7,9.7,9.7,147.4,147.3,147.4,914.425,914.938,913.912,258.62,259.97,257.27,36.556,31.33,41.782,1.098,0.67,1.526,0.157,0.048,0.266,0.047,0.048,0.046,4.534,4.686,4.382,4.534,4.686,4.382,5.97,5.93,6.01,5.97,5.93,6.01,6.08,5.976,6.184,6.08,5.976,6.184
2023-06-28T03:50:00Z,1125834,409,17216,14.6,14.6,,86,86,,865.086,865.086,,,,,0.01,4.2,3.8,4.6,13.8,13.5,14,9.8,9.6,9.9,147.1,149,145.2,917.409,898.624,936.194,259.015,252.726,265.304,40.226,34.376,46.076,1.6629999999999998,1.696,1.63,0.256,0.228,0.284,0.198,0.228,0.168,4.574999999999999,4.486,4.664,4.574999999999999,4.486,4.664,6.252,5.944,6.56,6.252,5.944,6.56,6.52,6.214,6.826,6.52,6.214,6.826
2023-06-28T04:00:00Z,1126434,372,17216,14.8,14.8,,86,86,,864.944,864.944,,,,,0.01,4.4,3.9,4.9,14.2,13.9,14.6,10,9.8,10.1,144,146.2,141.8,949.392,926.612,972.172,266.74199999999996,263.392,270.092,42.821,34.474,51.168,2.17,1.648,2.692,0.299,0.204,0.394,0.175,0.162,0.188,4.724,4.644,4.804,4.724,4.644,4.804,6.563000000000001,6.04,7.086,6.563000000000001,6.04,7.086,6.82,6.254,7.386,6.82,6.254,7.386
2023-06-28T04:10:00Z,1127034,417,17856,14.8,14.8,,86,86,,864.962,864.962,,,,,0.01,4.3,4,4.6,13.9,13.8,14.1,9.8,9.7,9.9,145.9,147.1,144.7,929.404,917.062,941.746,263.105,262.378,263.832,41.888,36.866,46.91,1.869,1.904,1.834,0.195,0.226,0.164,0.11099999999999999,0.178,0.044,4.6690000000000005,4.586,4.752,4.6690000000000005,4.586,4.752,6.548,6.226,6.87,6.548,6.226,6.87,6.708,6.438,6.978,6.708,6.438,6.978
2023-06-28T04:20:00Z,1127634,701,18176,15,15,,86,86,,864.832,864.832,,,,,0.01,4.4,4.1,4.7,14.3,14.2,14.4,10,10,10,143.6,144,143.2,953.145,948.628,957.662,270.20799999999997,269.144,271.272,42.161,36.788,47.534,1.5110000000000001,1.484,1.538,0.16999999999999998,0.254,0.086,0.151,0.216,0.086,4.693,4.694,4.692,4.693,4.694,4.692,6.452999999999999,6.284,6.622,6.452999999999999,6.284,6.622,6.602,6.474,6.73,6.602,6.474,6.73
2023-06-28T04:30:00Z,1128234,454,17536,15,15,,86,86,,864.86,864.86,,,,,0.01,4.5,4.2,4.8,14.5,14.5,14.5,10.1,10.1,10.1,142.3,142.1,142.6,966.5740000000001,969.682,963.466,274.13599999999997,275.75,272.522,43.867000000000004,38.464,49.27,2.0380000000000003,2.232,1.844,0.268,0.228,0.308,0.199,0.228,0.17,4.718999999999999,4.614,4.824,4.718999999999999,4.614,4.824,6.593999999999999,6.362,6.826,6.593999999999999,6.362,6.826,6.824,6.596,7.052,6.824,6.596,7.052
2023-06-28T04:40:00Z,1128834,578,18176,14.2,14.2,,86,86,,864.808,864.808,,,,,0.01,4.2,4,4.4,13.2,13.1,13.3,9.5,9.4,9.6,150.9,151.8,150.1,879.952,871.54,888.364,249.671,248.498,250.844,41.833,39.292,44.374,2.036,2.188,1.884,0.38,0.36,0.4,0.22799999999999998,0.284,0.172,4.37,4.408,4.332,4.37,4.408,4.332,6.162,6.076,6.248,6.162,6.076,6.248,6.465,6.334,6.596,6.465,6.334,6.596
2023-06-28T04:50:00Z,1129435,1279,17890,13.4,13.4,,86,86,,864.642,864.642,,,,,0.01,4.1,3.7,4.6,13.6,13.4,13.8,9.7,9.6,9.8,148.1,149.6,146.7,907.486,893.222,921.75,255.46099999999998,253.164,257.758,39.067,31.812,46.322,1.675,1.84,1.51,0.225,0.174,0.276,0.064,0.094,0.034,4.587,4.506,4.668,4.587,4.506,4.668,6.236,5.978,6.494,6.236,5.978,6.494,6.366,6.076,6.656,6.366,6.076,6.656
2023-06-28T05:00:00Z,1130034,433,17536,13.6,13.6,,86,86,,864.58,864.58,,,,,0.01,3.8,3.4,4.2,13,12.9,13.1,9.4,9.4,9.4,152.3,152.9,151.7,867.153,861.482,872.824,241.82299999999998,239.534,244.112,35.37,29.026,41.714,1.8439999999999999,1.698,1.99,0.14500000000000002,0.134,0.156,0.076,0.09,0.062,4.234,4.13,4.338,4.234,4.13,4.338,5.82,5.47,6.17,5.82,5.47,6.17,5.915,5.532,6.298,5.915,5.532,6.298
2023-06-28T05:10:00Z,1130634,369,17216,13.4,13.4,,87,87,,864.552,864.552,,,,,0.01,3.5,3.2,3.7,11.6,11.4,11.8,8.7,8.6,8.8,163,164.4,161.8,773.287,762.724,783.85,219.724,217.228,222.22,32.104,27.416,36.792,1.365,1.346,1.384,0.131,0.196,0.066,0.076,0.152,0,3.605,3.73,3.48,3.605,3.73,3.48,4.975,4.82,5.13,4.975,4.82,5.13,5.087,5.008,5.166,5.087,5.008,5.166
2023-06-28T05:20:00Z,1131234,375,17856,13,13,,87,87,,864.496,864.496,,,,,0.01,3.6,3.3,3.9,11.8,11.7,11.9,8.8,8.8,8.9,161.4,162.1,160.7,786.7149999999999,780.694,792.736,223.025,221.662,224.388,34.233000000000004,29.388,39.078,1.529,1.242,1.816,0.251,0.126,0.376,0.131,0.126,0.136,3.771,3.664,3.878,3.771,3.664,3.878,5.199,4.994,5.404,5.199,4.994,5.404,5.384,5.118,5.65,5.384,5.118,5.65
2023-06-28T05:30:00Z,1131834,373,17536,13,13,,87,87,,864.468,864.468,,,,,0.01,3.2,3,3.5,10.7,10.5,11,8.3,8.1,8.4,170.4,172.7,168.1,716.318,699.332,733.304,200.877,196.064,205.69,30.974000000000004,27.138,34.81,1.439,1.264,1.614,0.22199999999999998,0.092,0.352,0.116,0.092,0.14,3.318,3.226,3.41,3.318,3.226,3.41,4.657,4.324,4.99,4.657,4.324,4.99,4.825,4.426,5.224,4.825,4.426,5.224
2023-06-28T05:40:00Z,1132434,377,18176,13,13,,88,88,,864.374,864.374,,,,,0.01,3,2.8,3.3,10.3,10,10.7,8.1,7.9,8.2,174,177,171,689.967,668.756,711.178,193.12099999999998,189.802,196.44,28.762999999999998,24.434,33.092,1.7239999999999998,1.386,2.062,0.333,0.406,0.26,0.183,0.18,0.186,3.113,2.992,3.234,3.113,2.992,3.234,4.349,3.96,4.738,4.349,3.96,4.738,4.609,4.258,4.96,4.609,4.258,4.96
2023-06-28T05:50:00Z,1133034,373,17536,13,13,,88,88,,864.286,864.286,,,,,0.01,3.2,2.9,3.6,10.6,10.2,11.1,8.2,8,8.4,171.6,175.7,167.6,707.255,677.336,737.174,200.54500000000002,193.282,207.808,30.323999999999998,25.156,35.492,1.349,1.278,1.42,0.20700000000000002,0.234,0.18,0.1,0.158,0.042,3.1580000000000004,2.966,3.35,3.1580000000000004,2.966,3.35,4.420999999999999,4.04,4.802,4.420999999999999,4.04,4.802,4.621,4.282,4.96,4.621,4.282,4.96
2023-06-28T06:00:00Z,1133634,428,17536,13,13,,88,88,,864.226,864.226,,,,,0.01,3.1,2.9,3.3,10.9,10.7,11.1,8.4,8.3,8.5,169.1,170.7,167.5,726.059,713.91,738.208,206.992,203.302,210.682,28.399,25.01,31.788,1.637,1.448,1.826,0.184,0.132,0.236,0.10500000000000001,0.132,0.078,3.215,2.868,3.562,3.215,2.868,3.562,4.441,3.996,4.886,4.441,3.996,4.886,4.577999999999999,4.152,5.004,4.577999999999999,4.152,5.004
2023-06-28T06:10:00Z,1134234,361,17216,12.2,12.2,,88,88,,864.098,864.098,,,,,0.01,3.2,3.1,3.4,10.9,10.6,11.1,8.3,8.2,8.5,169.3,171.4,167.2,724.423,708.682,740.164,204.79,202.362,207.218,31.18,28.426,33.934,2.171,1.382,2.96,0.28500000000000003,0.118,0.452,0.06,0.078,0.042,3.2359999999999998,3.154,3.318,3.2359999999999998,3.154,3.318,4.621,4.388,4.854,4.621,4.388,4.854,4.83,4.5,5.16,4.83,4.5,5.16
2023-06-28T06:20:00Z,1134834,403,17856,12,12,,88,88,,864.05,864.05,,,,,0.01,3.1,2.9,3.3,10.3,10.2,10.4,8.1,8,8.1,174.3,175,173.6,687.557,682.39,692.724,195.339,194.092,196.586,29.236,25.402,33.07,1.4060000000000001,0.962,1.85,0.092,0.09,0.094,0.07,0.09,0.05,3.0949999999999998,2.984,3.206,3.0949999999999998,2.984,3.206,4.324,3.996,4.652,4.324,3.996,4.652,4.383,4.068,4.698,4.383,4.068,4.698
2023-06-28T06:30:00Z,1135434,367,17536,12,12,,88,88,,864.002,864.002,,,,,0.01,3,2.8,3.2,10.2,10.1,10.2,8,7.9,8,175.8,176.5,175.1,676.766,671.8,681.732,189.55700000000002,187.118,191.996,28.070999999999998,24.072,32.07,1.271,1.094,1.448,0.159,0.048,0.27,0.089,0.048,0.13,2.815,2.774,2.856,2.815,2.774,2.856,4.118,3.894,4.342,4.118,3.894,4.342,4.231,3.934,4.528,4.231,3.934,4.528
2023-06-28T06:40:00Z,1136034,387,17216,12.2,12.2,,89,89,,863.786,863.786,,,,,0.01,3,2.7,3.3,10.4,10.2,10.6,8.1,8,8.2,173.5,175.3,171.8,693.1099999999999,680.704,705.516,194.44,192.466,196.414,27.118000000000002,21.96,32.276,1.3889999999999998,1.15,1.628,0.122,0.05,0.194,0.05,0.05,0.05,3.0700000000000003,2.954,3.186,3.0700000000000003,2.954,3.186,4.3,3.912,4.688,4.3,3.912,4.688,4.423,3.982,4.864,4.423,3.982,4.864
2023-06-28T06:50:00Z,1136634,377,16896,12,12,,89,89,,863.664,863.664,,,,,0.01,3,2.7,3.2,10.1,10,10.2,7.9,7.9,8,176.3,177,175.6,673.537,668.486,678.588,192.03300000000002,190.696,193.37,26.799,22.342,31.256,1.143,1.07,1.216,0.109,0.092,0.126,0.023,0.046,0,2.965,2.872,3.058,2.965,2.872,3.058,4.183,3.958,4.408,4.183,3.958,4.408,4.276999999999999,4.052,4.502,4.276999999999999,4.052,4.502
2023-06-28T07:00:00Z,1137234,363,17216,12,12,,88.8,88.8,,863.674,863.674,,,,,0.01,2.8,2.5,3.1,9.6,9.5,9.7,7.7,7.6,7.7,181.2,182.6,179.9,639.9069999999999,631.038,648.776,182.053,178.492,185.614,25.47,20.736,30.204,1.1440000000000001,1.018,1.27,0.088,0.092,0.084,0.022,0.044,0,2.8739999999999997,2.776,2.972,2.8739999999999997,2.776,2.972,3.991,3.742,4.24,3.991,3.742,4.24,4.044,3.788,4.3,4.044,3.788,4.3
2023-06-28T07:10:00Z,1137834,368,17856,12,12,,89,89,,863.606,863.606,,,,,0.01,2.7,2.6,2.9,9.4,9.6,9.3,7.6,7.6,7.5,182.8,181.7,183.9,629.893,637.174,622.612,178.776,181.166,176.386,24.375,20.998,27.752,1.188,0.886,1.49,0.156,0.09,0.222,0.138,0.09,0.186,2.608,2.62,2.596,2.608,2.62,2.596,3.6769999999999996,3.558,3.796,3.6769999999999996,3.558,3.796,3.83,3.7,3.96,3.83,3.7,3.96
2023-06-28T07:20:00Z,1138434,406,17216,12,12,,89,89,,863.696,863.696,,,,,0.01,2.7,2.4,2.9,9.4,9,9.8,7.6,7.4,7.8,183.1,187,179.3,627.951,603.162,652.74,174.852,169.612,180.092,23.546,20.402,26.69,0.874,0.828,0.92,0.185,0.142,0.228,0.12,0.142,0.098,2.586,2.316,2.856,2.586,2.316,2.856,3.619,3.248,3.99,3.619,3.248,3.99,3.7299999999999995,3.36,4.1,3.7299999999999995,3.36,4.1
2023-06-28T07:30:00Z,1139034,372,18176,12,12,,88.8,88.8,,863.612,863.612,,,,,0.01,2.6,2.6,2.6,9.1,9.2,9,7.4,7.4,7.3,186.7,185.4,188,604.954,612.922,596.986,171.67899999999997,175.194,168.164,23.240000000000002,22.064,24.416,1.136,0.846,1.426,0.116,0.098,0.134,0.047,0.05,0.044,2.659,2.702,2.616,2.659,2.702,2.616,3.63,3.536,3.724,3.63,3.536,3.724,3.742,3.634,3.85,3.742,3.634,3.85
2023-06-28T07:40:00Z,1139634,409,18176,12,12,,89,89,,863.528,863.528,,,,,0.01,2.6,2.4,2.8,9.1,9,9.2,7.4,7.3,7.4,186.2,187.1,185.2,608.3,602.226,614.374,171.732,171.724,171.74,24.36,20.752,27.968,1.4020000000000001,1.27,1.534,0.145,0.078,0.212,0.098,0.078,0.118,2.408,2.25,2.566,2.408,2.25,2.566,3.5300000000000002,3.104,3.956,3.5300000000000002,3.104,3.956,3.657,3.222,4.092,3.657,3.222,4.092
2023-06-28T07:50:00Z,1140234,381,17536,11.2,11.2,,89,89,,863.434,863.434,,,,,0.01,2.5,2.4,2.6,9,8.9,9.1,7.3,7.3,7.4,187.5,188.3,186.7,600.116,595.124,605.108,168.827,168.148,169.506,21.71,19.306,24.114,0.919,0.88,0.958,0.111,0.04,0.182,0.038,0,0.076,2.5789999999999997,2.476,2.682,2.5789999999999997,2.476,2.682,3.379,3.214,3.544,3.379,3.214,3.544,3.488,3.28,3.696,3.488,3.28,3.696
2023-06-28T08:00:00Z,1140834,374,17856,11,11,,89,89,,863.432,863.432,,,,,0.01,2.7,2.4,3,9.1,8.8,9.3,7.4,7.2,7.5,186.9,189.7,184.3,603.499,586.86,620.138,170.036,166.436,173.636,24.994,20.356,29.632,1.183,0.912,1.454,0.194,0.238,0.15,0.049,0.05,0.048,2.6079999999999997,2.44,2.776,2.6079999999999997,2.44,2.776,3.675,3.342,4.008,3.675,3.342,4.008,3.83,3.504,4.156,3.83,3.504,4.156
2023-06-28T08:10:00Z,1141434,372,17536,11,11,,89,89,,863.392,863.392,,,,,0.01,2.4,2.2,2.5,8.4,8.3,8.5,7,6.9,7,194.5,195.4,193.6,558.5640000000001,553.412,563.716,156.574,154.624,158.524,21.112000000000002,18.494,23.73,1.2309999999999999,1.264,1.198,0.202,0.138,0.266,0.069,0.042,0.096,2.198,2.07,2.326,2.198,2.07,2.326,3.164,2.878,3.45,3.164,2.878,3.45,3.291,2.964,3.618,3.291,2.964,3.618
2023-06-28T08:20:00Z,1142034,375,17856,11,11,,89,89,,863.312,863.312,,,,,0.01,2.3,2.1,2.5,8.2,7.9,8.5,6.9,6.7,7,196.4,199.7,193.1,547.8900000000001,529.306,566.474,154.227,148.918,159.536,20.442,16.606,24.278,1.0510000000000002,0.79,1.312,0.116,0.096,0.136,0.094,0.096,0.092,2.208,2.098,2.318,2.208,2.098,2.318,3.16,2.898,3.422,3.16,2.898,3.422,3.253,2.948,3.558,3.253,2.948,3.558
2023-06-28T08:30:00Z,1142634,369,17536,11,11,,89,89,,863.274,863.274,,,,,0.01,2.4,2.2,2.6,8.2,8.1,8.2,6.8,6.8,6.9,196.7,197.4,196,545.991,542.184,549.798,155.301,154.502,156.1,22.08,18.45,25.71,1.313,0.92,1.706,0.263,0.186,0.34,0.14100000000000001,0.186,0.096,2.239,2.196,2.282,2.239,2.196,2.282,3.246,2.96,3.532,3.246,2.96,3.532,3.4299999999999997,3.086,3.774,3.4299999999999997,3.086,3.774
2023-06-28T08:40:00Z,1143234,381,17216,11,11,,89,89,,863.21,863.21,,,,,0.01,2.2,2,2.4,8,7.6,8.4,6.7,6.5,7,199,203.8,194.3,533.4929999999999,507.318,559.668,151.03199999999998,145.988,156.076,19.121,16.816,21.426,0.8029999999999999,0.826,0.78,0.026,0.052,0,0.026,0.052,0,2.089,1.934,2.244,2.089,1.934,2.244,2.894,2.642,3.146,2.894,2.642,3.146,2.946,2.716,3.176,2.946,2.716,3.176
2023-06-28T08:50:00Z,1143834,423,17536,11,11,,89,89,,863.17,863.17,,,,,0.01,2.3,2.1,2.4,7.9,7.7,8.1,6.7,6.6,6.8,199.8,202.3,197.4,528.73,515.326,542.134,147.985,144.572,151.398,19.995,18.28,21.71,0.71,0.77,0.65,0,0,0,0,0,0,2.089,1.964,2.214,2.089,1.964,2.214,2.855,2.67,3.04,2.855,2.67,3.04,2.912,2.764,3.06,2.912,2.764,3.06
2023-06-28T09:00:00Z,1144434,366,17856,11,11,,89,89,,863.146,863.146,,,,,0.01,2.3,2.1,2.4,8,7.8,8.1,6.7,6.6,6.8,199.2,201.1,197.4,532,522,542,150.41199999999998,147.158,153.666,19.831,17.098,22.564,0.825,0.706,0.944,0.16499999999999998,0.044,0.286,0.07200000000000001,0.044,0.1,2.014,1.716,2.312,2.014,1.716,2.312,2.833,2.538,3.128,2.833,2.538,3.128,2.9379999999999997,2.588,3.288,2.9379999999999997,2.588,3.288
2023-06-28T09:10:00Z,1145034,367,17536,11,11,,89,89,,863.066,863.066,,,,,0.01,2.4,2.1,2.6,8.1,7.9,8.4,6.8,6.6,7,197.3,200.8,194,542.505,523.654,561.356,152.536,147.408,157.664,21.697,17.59,25.804,0.9810000000000001,0.664,1.298,0.063,0,0.126,0,0,0,2.2009999999999996,2.066,2.336,2.2009999999999996,2.066,2.336,3.0620000000000003,2.702,3.422,3.0620000000000003,2.702,3.422,3.127,2.752,3.502,3.127,2.752,3.502
2023-06-28T09:20:00Z,1145634,400,17216,11,11,,89,89,,862.992,862.992,,,,,0.01,2.4,2.2,2.6,8.3,8.2,8.5,6.9,6.9,7,195,196.4,193.6,555.611,547.382,563.84,158.136,156.554,159.718,21.515,17.772,25.258,1.124,1.236,1.012,0.16299999999999998,0.12,0.206,0.062,0.048,0.076,2.318,2.23,2.406,2.318,2.23,2.406,3.184,2.962,3.406,3.184,2.962,3.406,3.3019999999999996,3.046,3.558,3.3019999999999996,3.046,3.558
2023-06-28T09:30:00Z,1146234,427,17536,11,11,,89,89,,862.928,862.928,,,,,0.01,2.6,2.4,2.9,8.7,8.4,9.1,7.2,7,7.4,190.3,194.4,186.4,582.751,558.92,606.582,166.29399999999998,160.97,171.618,24.776000000000003,20.946,28.606,1.395,1.39,1.4,0.058,0.116,0,0.02,0.04,0,2.392,2.234,2.55,2.392,2.234,2.55,3.524,3.178,3.87,3.524,3.178,3.87,3.567,3.26,3.874,3.567,3.26,3.874
2023-06-28T09:40:00Z,1146834,356,17216,11,11,,89,89,,862.826,862.826,,,,,0.01,2.7,2.4,2.9,9.1,8.9,9.3,7.4,7.3,7.5,186.6,188.7,184.5,605.5740000000001,592.664,618.484,169.13400000000001,166.67,171.598,25.065,20.722,29.408,1.426,1.468,1.384,0.145,0.05,0.24,0.051000000000000004,0.05,0.052,2.476,2.39,2.562,2.476,2.39,2.562,3.6470000000000002,3.378,3.916,3.6470000000000002,3.378,3.916,3.766,3.458,4.074,3.766,3.458,4.074
2023-06-28T09:50:00Z,1147434,360,17856,11,11,,89,89,,862.788,862.788,,,,,0.01,2.5,2.3,2.6,8.6,8.6,8.5,7.1,7.1,7.1,192.3,192,192.7,571.0999999999999,573.174,569.026,161.02100000000002,162.946,159.096,22.335,19.644,25.026,1.27,0.942,1.598,0.207,0.044,0.37,0.082,0,0.164,2.32,2.332,2.308,2.32,2.332,2.308,3.253,3.168,3.338,3.253,3.168,3.338,3.455,3.232,3.678,3.455,3.232,3.678
2023-06-28T10:00:00Z,1148034,357,18176,11,11,,89,89,,862.706,862.706,,,,,0.01,2.6,2.5,2.7,9.1,9,9.2,7.4,7.3,7.4,186.5,187.6,185.4,606.1990000000001,599.24,613.158,169.41500000000002,170.312,168.518,23.387,21.234,25.54,1.7129999999999999,1.396,2.03,0.212,0.186,0.238,0.16399999999999998,0.186,0.142,2.481,2.432,2.53,2.481,2.432,2.53,3.5060000000000002,3.216,3.796,3.5060000000000002,3.216,3.796,3.731,3.478,3.984,3.731,3.478,3.984
2023-06-28T10:10:00Z,1148634,360,18176,11,11,,89,89,,862.566,862.566,,,,,0.01,2.8,2.7,3,9.3,9.6,9,7.5,7.7,7.3,183.9,180.8,187,622.705,642.556,602.854,178.096,183.836,172.356,26.079,22.9,29.258,1.047,1.228,0.866,0.29300000000000004,0.306,0.28,0.166,0.264,0.068,2.705,2.78,2.63,2.705,2.78,2.63,3.763,3.722,3.804,3.763,3.722,3.804,3.9959999999999996,3.988,4.004,3.9959999999999996,3.988,4.004
2023-06-28T10:20:00Z,1149234,448,18176,11,11,,89,89,,862.558,862.558,,,,,0.01,2.6,2.4,2.9,9.1,8.9,9.3,7.4,7.3,7.5,186.2,188.5,183.9,608.3109999999999,594.14,622.482,171.286,169.696,172.876,23.564999999999998,19.438,27.692,1.115,0.904,1.326,0.17099999999999999,0.048,0.294,0.09,0.048,0.132,2.393,2.218,2.568,2.393,2.218,2.568,3.426,3.066,3.786,3.426,3.066,3.786,3.55,3.11,3.99,3.55,3.11,3.99
2023-06-28T10:30:00Z,1149834,358,18176,11,11,,89,89,,862.532,862.532,,,,,0.01,2.4,2.1,2.6,8.5,8.3,8.8,7,6.9,7.2,192.8,195.7,190.1,568.044,551.794,584.294,160.563,156.134,164.992,21.391,17.268,25.514,1.353,1.144,1.562,0.21,0.376,0.044,0.193,0.342,0.044,2.427,2.27,2.584,2.427,2.27,2.584,3.453,3.114,3.792,3.453,3.114,3.792,3.601,3.36,3.842,3.601,3.36,3.842
2023-06-28T10:40:00Z,1150434,370,18176,10.2,10.2,,89,89,,862.514,862.514,,,,,0.01,2.6,2.4,2.8,8.9,8.8,9.1,7.3,7.2,7.4,188.1,189.9,186.4,596.095,585.114,607.076,169.09199999999998,166.486,171.698,22.933999999999997,19.962,25.906,0.835,0.786,0.884,0.118,0.186,0.05,0.096,0.142,0.05,2.541,2.532,2.55,2.541,2.532,2.55,3.4450000000000003,3.224,3.666,3.4450000000000003,3.224,3.666,3.5540000000000003,3.402,3.706,3.5540000000000003,3.402,3.706
2023-06-28T10:50:00Z,1151034,384,17856,10.2,10.2,,89,89,,862.458,862.458,,,,,0.01,2.5,2.2,2.9,8.6,8,9.2,7.1,6.7,7.4,192.3,199.3,185.8,571.2339999999999,531.822,610.646,161.997,151.906,172.088,23.616,18.446,28.786,1.373,1.126,1.62,0.11,0.178,0.042,0.08700000000000001,0.132,0.042,2.286,1.966,2.606,2.286,1.966,2.606,3.352,2.8,3.904,3.352,2.8,3.904,3.4770000000000003,3.032,3.922,3.4770000000000003,3.032,3.922
2023-06-28T11:00:00Z,1151634,353,17856,10,10,,89,89,,862.432,862.432,,,,,0.01,2.4,2.3,2.6,8.6,8.5,8.7,7.1,7,7.1,191.8,192.9,190.8,573.924,567.918,579.93,161.579,161.17,161.988,21.766,19.028,24.504,1.239,1.11,1.368,0.29800000000000004,0.322,0.274,0.14,0.184,0.096,2.452,2.406,2.498,2.452,2.406,2.498,3.2969999999999997,3.138,3.456,3.2969999999999997,3.138,3.456,3.5,3.368,3.632,3.5,3.368,3.632
2023-06-28T11:10:00Z,1152234,358,18176,10.6,10.6,,89,89,,862.34,862.34,,,,,0.01,3.1,2.8,3.4,10,9.6,10.3,7.9,7.7,8.1,177.4,180.9,174.2,665.48,642.45,688.51,188.085,182.454,193.716,29.279,24.606,33.952,1.1720000000000002,1.124,1.22,0.168,0.2,0.136,0.094,0.148,0.04,2.9210000000000003,2.754,3.088,2.9210000000000003,2.754,3.088,4.129,3.82,4.438,4.129,3.82,4.438,4.269,3.982,4.556,4.269,3.982,4.556
2023-06-28T11:20:00Z,1152834,361,17856,10.2,10.2,,89,89,,862.236,862.236,,,,,0.01,2.9,2.5,3.3,9.6,9.2,10.1,7.7,7.4,7.9,180.9,185.7,176.4,641.973,611.12,672.826,179.953,172.122,187.784,27.33,21.848,32.812,1.061,0.932,1.19,0.16999999999999998,0.128,0.212,0.131,0.09,0.172,2.762,2.504,3.02,2.762,2.504,3.02,3.878,3.468,4.288,3.878,3.468,4.288,4.042,3.574,4.51,4.042,3.574,4.51
2023-06-28T11:30:00Z,1153434,357,17536,10,10,,89,89,,862.222,862.222,,,,,0.01,2.3,2.1,2.6,8.2,7.9,8.5,6.8,6.6,7,197,200.7,193.5,544.0419999999999,523.75,564.334,153,146.51,159.49,20.826,17.192,24.46,0.9970000000000001,0.878,1.116,0.116,0.094,0.138,0.044,0.054,0.034,2.2590000000000003,2.048,2.47,2.2590000000000003,2.048,2.47,3.192,2.856,3.528,3.192,2.856,3.528,3.267,2.896,3.638,3.267,2.896,3.638
2023-06-28T11:40:00Z,1154034,360,17536,10.6,10.6,,89,89,,862.162,862.162,,,,,0.01,2.6,2.4,2.9,9.1,8.8,9.3,7.4,7.2,7.5,186.9,189.6,184.3,603.702,587.12,620.284,170.611,167.236,173.986,24.453,20.904,28.002,1.456,1.366,1.546,0.16499999999999998,0.148,0.182,0.051000000000000004,0.05,0.052,2.456,2.158,2.754,2.456,2.158,2.754,3.569,3.222,3.916,3.569,3.222,3.916,3.706,3.348,4.064,3.706,3.348,4.064
2023-06-28T11:50:00Z,1154634,364,18176,10,10,,89,89,,862.104,862.104,,,,,0.01,2.6,2.2,2.9,8.9,8.4,9.3,7.3,7,7.5,188.7,193.9,183.8,592.443,561.618,623.268,167.027,157.928,176.126,24.122,19.086,29.158,1.679,1.546,1.812,0.377,0.292,0.462,0.155,0.222,0.088,2.461,2.154,2.768,2.461,2.154,2.768,3.662,3.176,4.148,3.662,3.176,4.148,3.9160000000000004,3.406,4.426,3.9160000000000004,3.406,4.426
2023-06-28T12:00:00Z,1155234,373,17856,10.4,10.4,,89,89,,862.094,862.094,,,,,0.01,2.6,2.2,3,8.6,8.2,9,7.1,6.9,7.3,191.8,196.1,187.8,573.809,549.248,598.37,162.914,156.564,169.264,25.198999999999998,18.63,31.768,1.713,1.034,2.392,0.247,0.308,0.186,0.11599999999999999,0.188,0.044,2.238,1.984,2.492,2.238,1.984,2.492,3.4779999999999998,2.824,4.132,3.4779999999999998,2.824,4.132,3.674,3.066,4.282,3.674,3.066,4.282
2023-06-28T12:10:00Z,1155834,369,18176,11,11,,89,89,,862.042,862.042,,,,,0.01,2.5,2.2,2.9,8.6,8.2,9.1,7.1,6.8,7.4,191.7,197.1,186.5,574.951,543.61,606.292,163.18599999999998,154.994,171.378,23.741999999999997,18.276,29.208,1.908,1.538,2.278,0.25,0.156,0.344,0.09899999999999999,0.052,0.146,2.254,1.864,2.644,2.254,1.864,2.644,3.373,2.794,3.952,3.373,2.794,3.952,3.5500000000000003,2.894,4.206,3.5500000000000003,2.894,4.206
2023-06-28T12:20:00Z,1156434,360,18176,10.6,10.6,,89,89,,862.04,862.04,,,,,0.01,2.5,2.2,2.8,8.4,7.8,9,7,6.6,7.3,194.4,202,187.3,559.1179999999999,517.064,601.172,158.027,147.718,168.336,23.162,19.694,26.63,1.303,1.526,1.08,0.174,0.182,0.166,0.022,0.044,0,2.3499999999999996,2.118,2.582,2.3499999999999996,2.118,2.582,3.372,3.01,3.734,3.372,3.01,3.734,3.518,3.196,3.84,3.518,3.196,3.84
2023-06-28T12:30:00Z,1157034,368,17856,11,11,,89,89,,862.14,862.14,,,,,0.01,3.2,2.8,3.7,10.8,10.3,11.3,8.3,8.1,8.5,170,174.3,165.9,719.1659999999999,687.612,750.72,202.003,190.406,213.6,31.109,24.416,37.802,2.023,1.552,2.494,0.269,0.188,0.35,0.101,0.138,0.064,3.186,2.89,3.482,3.186,2.89,3.482,4.691000000000001,4.078,5.304,4.691000000000001,4.078,5.304,4.895,4.24,5.55,4.895,4.24,5.55
2023-06-28T12:40:00Z,1157634,437,18176,11,11,,89,89,,862.258,862.258,,,,,0.01,3.2,2.9,3.6,10.5,10.1,11,8.2,7.9,8.4,172.3,176.4,168.3,702.303,672.768,731.838,196.63799999999998,187.932,205.344,32.071,26.532,37.61,2.2800000000000002,1.888,2.672,0.481,0.224,0.738,0.25,0.224,0.276,3.096,2.76,3.432,3.096,2.76,3.432,4.5280000000000005,4.014,5.042,4.5280000000000005,4.014,5.042,4.893000000000001,4.214,5.572,4.893000000000001,4.214,5.572
2023-06-28T12:50:00Z,1158234,355,18176,11,11,,89,89,,862.274,862.274,,,,,0.01,3,2.6,3.4,10.1,9.6,10.6,8,7.7,8.2,176,180.9,171.3,675.798,642.348,709.248,191.46800000000002,181.618,201.318,28.995,23.17,34.82,2.104,1.818,2.39,0.44299999999999995,0.308,0.578,0.23900000000000002,0.202,0.276,2.916,2.654,3.178,2.916,2.654,3.178,4.252,3.6,4.904,4.252,3.6,4.904,4.605,3.922,5.288,4.605,3.922,5.288
2023-06-28T13:00:00Z,1158834,365,17216,11,11,,89,89,,862.318,862.318,,,,,0.01,3.3,2.9,3.6,11.1,10.7,11.6,8.5,8.3,8.7,166.9,170.8,163.2,742.583,712.93,772.236,207.673,201.436,213.91,30.995,25.942,36.048,2.263,2.186,2.34,0.5740000000000001,0.682,0.466,0.377,0.634,0.12,3.332,3.05,3.614,3.332,3.05,3.614,4.795,4.34,5.25,4.795,4.34,5.25,5.242,4.872,5.612,5.242,4.872,5.612
2023-06-28T13:10:00Z,1159434,356,17216,11,11,,89,89,,862.406,862.406,,,,,0.01,4.1,3.6,4.6,13.3,12.9,13.8,9.6,9.3,9.8,150,153.4,146.8,888.68,857.156,920.204,251.416,244.324,258.508,40.544,32.844,48.244,2.7750000000000004,2.326,3.224,0.34199999999999997,0.324,0.36,0.169,0.324,0.014,4.128,3.746,4.51,4.128,3.746,4.51,6.084,5.472,6.696,6.084,5.472,6.696,6.341,5.732,6.95,6.341,5.732,6.95
2023-06-28T13:20:00Z,1160034,377,17536,11,11,,89,89,,862.428,862.428,,,,,0.01,5.8,5.1,6.4,17.6,16.7,18.5,11.4,11,11.7,125.1,129.6,121,1175.8780000000002,1116.652,1235.104,333.859,318.116,349.602,60.211,50.828,69.594,4.359999999999999,3.694,5.026,0.757,0.672,0.842,0.327,0.376,0.278,5.994,5.614,6.374,5.994,5.614,6.374,8.801,7.988,9.614,8.801,7.988,9.614,9.437999999999999,8.61,10.266,9.437999999999999,8.61,10.266
2023-06-28T13:30:00Z,1160634,351,17536,11,11,,89,89,,862.562,862.562,,,,,0.01,6.3,5.7,6.9,19.3,18.6,20,12,11.7,12.2,117.6,120.7,114.6,1287.0149999999999,1239.018,1335.012,364.632,352.49,376.774,66.105,56.966,75.244,5.158,4.836,5.48,0.8220000000000001,0.664,0.98,0.332,0.328,0.336,6.615,6.202,7.028,6.615,6.202,7.028,9.818000000000001,8.954,10.682,9.818000000000001,8.954,10.682,10.481,9.564,11.398,10.481,9.564,11.398
2023-06-28T13:40:00Z,1161234,373,18176,11,11,,89,89,,862.584,862.584,,,,,0.01,6.5,5.6,7.3,19.6,18.3,20.8,12.1,11.6,12.5,116.5,122,111.5,1303.695,1219.994,1387.396,365.85699999999997,343.206,388.508,68.77,55.93,81.61,4.909,3.874,5.944,0.832,0.718,0.946,0.359,0.346,0.372,6.814,6.254,7.374,6.814,6.254,7.374,10.122,8.848,11.396,10.122,8.848,11.396,10.699,9.376,12.022,10.699,9.376,12.022
2023-06-28T13:50:00Z,1161834,351,17856,11,11,,89,89,,862.58,862.58,,,,,0.01,5.9,5.2,6.6,18.4,17.4,19.4,11.7,11.3,12,121.5,126.1,117.2,1227.2939999999999,1162.118,1292.47,347.55,328.118,366.982,60.768,50.174,71.362,4.044,3.602,4.486,0.652,0.652,0.652,0.292,0.38,0.204,6.314,5.854,6.774,6.314,5.854,6.774,9.166,8.188,10.144,9.166,8.188,10.144,9.748,8.86,10.636,9.748,8.86,10.636
2023-06-28T14:00:00Z,1162434,369,17856,11.6,11.6,,89,89,,862.66,862.66,,,,,0.01,5.8,5.2,6.4,18,17.1,18.9,11.5,11.2,11.8,123.4,127.8,119.3,1200.5729999999999,1140.296,1260.85,339.308,324.466,354.15,58.412,49.128,67.696,3.151,2.758,3.544,0.46099999999999997,0.45,0.472,0.359,0.412,0.306,6.176,5.896,6.456,6.176,5.896,6.456,8.806,8.088,9.524,8.806,8.088,9.524,9.209,8.544,9.874,9.209,8.544,9.874
2023-06-28T14:10:00Z,1163035,1519,17890,12,12,,88.8,88.8,,862.606,862.606,,,,,0.01,6.9,6,7.8,21.4,20.3,22.5,12.7,12.4,13.1,109.2,113.4,105.3,1428.754,1355.106,1502.402,405.37699999999995,387.364,423.39,71.206,57.724,84.688,4.843999999999999,4.55,5.138,1.0110000000000001,1.228,0.794,0.539,0.806,0.272,7.41,6.818,8.002,7.41,6.818,8.002,10.782,9.612,11.952,10.782,9.612,11.952,11.564,10.558,12.57,11.564,10.558,12.57
2023-06-28T14:20:00Z,1163634,370,18176,12,12,,88,88,,862.704,862.704,,,,,0.01,8.5,7.8,9.2,25.4,24.1,26.8,14,13.6,14.4,96.3,100.2,92.6,1695.076,1605.772,1784.38,479.12,457.566,500.674,91.108,81.11,101.106,6.215999999999999,5.438,6.994,0.78,0.392,1.168,0.378,0.288,0.468,8.925,8.384,9.466,8.925,8.384,9.466,13.472000000000001,12.58,14.364,13.472000000000001,12.58,14.364,14.103000000000002,12.996,15.21,14.103000000000002,12.996,15.21
2023-06-28T14:30:00Z,1164234,370,17856,12,12,,88,88,,862.64,862.64,,,,,0.01,9.9,8.7,11.1,28.8,27.4,30.2,14.9,14.6,15.3,87.5,90.9,84.3,1921.8,1828.068,2015.532,550.133,525.908,574.358,108.197,90.044,126.35,8.415000000000001,7.546,9.284,1.133,1.048,1.218,0.58,0.746,0.414,10.577,10.058,11.096,10.577,10.058,11.096,16.112000000000002,14.646,17.578,16.112000000000002,14.646,17.578,17.034,15.668,18.4,17.034,15.668,18.4
2023-06-28T14:40:00Z,1164834,383,17536,12,12,,88,88,,862.51,862.51,,,,,0.01,9.1,8.1,10.1,27,25.9,28.1,14.4,14.1,14.8,92,95,89.2,1799.34,1725.406,1873.274,510.46,491.106,529.814,98.996,81.38,116.612,7.707,5.218,10.196,1.08,0.65,1.51,0.438,0.434,0.442,9.73,9.366,10.094,9.73,9.366,10.094,14.653,13.256,16.05,14.653,13.256,16.05,15.427,13.754,17.1,15.427,13.754,17.1
2023-06-28T14:50:00Z,1165434,368,17216,12,12,,88,88,,862.666,862.666,,,,,0.01,6.5,5.8,7.3,20.1,18.9,21.4,12.3,11.8,12.7,114.2,119.5,109.4,1341.28,1257.288,1425.272,379.483,355.678,403.288,67.01,56.98,77.04,4.242,4.264,4.22,0.6990000000000001,0.638,0.76,0.384,0.6,0.168,6.938000000000001,6.232,7.644,6.938000000000001,6.232,7.644,10.056000000000001,8.906,11.206,10.056000000000001,8.906,11.206,10.586,9.5,11.672,10.586,9.5,11.672
2023-06-28T15:00:00Z,1166034,360,17536,12,12,,88,88,,862.648,862.648,,,,,0.01,5.6,5.1,6.1,17.3,16.7,17.9,11.2,11,11.5,126.8,130.1,123.7,1152.909,1110.022,1195.796,325.195,315.352,335.038,57.155,49.636,64.674,3.2439999999999998,3.116,3.372,0.531,0.386,0.676,0.246,0.286,0.206,5.749,5.512,5.986,5.749,5.512,5.986,8.411,7.924,8.898,8.411,7.924,8.898,8.818,8.26,9.376,8.818,8.26,9.376
2023-06-28T15:10:00Z,1166634,354,17856,13,13,,88,88,,862.586,862.586,,,,,0.01,7.1,6.4,7.9,21.8,20.6,23,12.9,12.4,13.3,107.8,112.4,103.6,1453.846,1371.984,1535.708,412.811,391.388,434.234,74.824,65.458,84.19,5.25,5.28,5.22,0.512,0.562,0.462,0.282,0.47,0.094,7.827,7.292,8.362,7.827,7.292,8.362,11.411999999999999,10.566,12.258,11.411999999999999,10.566,12.258,11.919,11.174,12.664,11.919,11.174,12.664
2023-06-28T15:20:00Z,1167234,359,17536,13,13,,88,88,,862.504,862.504,,,,,0.01,9.4,8.4,10.4,27.9,26.2,29.7,14.7,14.2,15.2,89.6,94.2,85.4,1862.612,1744.82,1980.404,528.616,496.802,560.43,100.887,85.644,116.13,7.074999999999999,4.938,9.212,0.9,0.76,1.04,0.448,0.626,0.27,10.176,9.612,10.74,10.176,9.612,10.74,15.227,13.728,16.726,15.227,13.728,16.726,15.905,14.36,17.45,15.905,14.36,17.45
2023-06-28T15:30:00Z,1167834,361,17536,13,13,,88,88,,862.434,862.434,,,,,0.01,9.1,8.2,10,26.7,25.3,28.2,14.4,14,14.8,92.7,96.5,89.1,1782.8539999999998,1688.706,1877.002,507.18100000000004,486.47,527.892,97.89099999999999,84.194,111.588,6.691000000000001,5.974,7.408,0.892,1.016,0.768,0.534,0.748,0.32,9.822,9.442,10.202,9.822,9.442,10.202,14.536,13.53,15.542,14.536,13.53,15.542,15.271,14.38,16.162,15.271,14.38,16.162
2023-06-28T15:40:00Z,1168434,360,17536,13,13,,88,88,,862.484,862.484,,,,,0.01,9.4,8.5,10.3,27.2,25.8,28.5,14.5,14.1,14.9,91.6,95.2,88.1,1811.056,1719.646,1902.466,516.13,494.55,537.71,102.757,89.358,116.156,7.078,6.328,7.828,0.721,0.858,0.584,0.5,0.704,0.296,9.828,9.352,10.304,9.828,9.352,10.304,15.067,13.874,16.26,15.067,13.874,16.26,15.644000000000002,14.592,16.696,15.644000000000002,14.592,16.696
2023-06-28T15:50:00Z,1169034,358,16896,13,13,,87.2,87.2,,862.506,862.506,,,,,0.01,8.9,8.1,9.8,26.6,25.2,28,14.3,13.9,14.7,93.1,97,89.5,1771.87,1678.134,1865.606,503.51800000000003,482.232,524.804,94.967,82.938,106.996,6.523,6.2,6.846,0.758,0.872,0.644,0.498,0.666,0.33,9.758,9.336,10.18,9.758,9.336,10.18,14.502,13.55,15.454,14.502,13.55,15.454,15.17,14.322,16.018,15.17,14.322,16.018
2023-06-28T16:00:00Z,1169634,364,17216,13,13,,87,87,,862.424,862.424,,,,,0.01,8.8,7.7,9.9,25.9,24,27.8,14.1,13.6,14.7,94.9,100.4,90.1,1726.567,1602.982,1850.152,492.553,459.924,525.182,93.263,77.33,109.196,5.5280000000000005,4.548,6.508,0.827,0.712,0.942,0.446,0.644,0.248,9.405000000000001,8.68,10.13,9.405000000000001,8.68,10.13,13.802,12.368,15.236,13.802,12.368,15.236,14.495000000000001,13.02,15.97,14.495000000000001,13.02,15.97
2023-06-28T16:10:00Z,1170234,360,17216,13.4,13.4,,87,87,,862.412,862.412,,,,,0.01,8.9,8.1,9.8,26.3,25,27.6,14.3,13.9,14.6,93.8,97.4,90.4,1755.49,1669.798,1841.182,497.842,477.864,517.82,98.352,85.222,111.482,8.665000000000001,7.658,9.672,0.756,0.792,0.72,0.45099999999999996,0.576,0.326,9.415,8.858,9.972,9.415,8.858,9.972,14.708,13.354,16.062,14.708,13.354,16.062,15.417000000000002,14.092,16.742,15.417000000000002,14.092,16.742
2023-06-28T16:20:00Z,1170834,357,17536,14,14,,87,87,,862.402,862.402,,,,,0.01,9,8,9.9,26.6,25.2,28,14.3,13.9,14.7,93,96.9,89.5,1773.4650000000001,1680.502,1866.428,503.11299999999994,479.056,527.17,97.636,84.326,110.946,8.356000000000002,8.428,8.284,0.884,0.716,1.052,0.34600000000000003,0.53,0.162,9.495000000000001,8.984,10.006,9.495000000000001,8.984,10.006,14.637,13.71,15.564,14.637,13.71,15.564,15.378,14.344,16.412,15.378,14.344,16.412
2023-06-28T16:30:00Z,1171434,362,17536,14,14,,87,87,,862.276,862.276,,,,,0.01,9.4,8.4,10.4,27.5,26,29,14.6,14.2,15,90.7,94.6,87.1,1833.8029999999999,1735.648,1931.958,522.246,501.758,542.734,101.652,85.538,117.766,7.301,5.974,8.628,0.8210000000000001,0.558,1.084,0.46799999999999997,0.44,0.496,10.07,9.588,10.552,10.07,9.588,10.552,15.225999999999999,13.874,16.578,15.225999999999999,13.874,16.578,15.9,14.422,17.378,15.9,14.422,17.378
2023-06-28T16:40:00Z,1172034,362,17856,14,14,,87,87,,862.23,862.23,,,,,0.01,9.4,8.6,10.3,27.3,25.9,28.7,14.5,14.1,14.9,91.2,95,87.8,1818.904,1725.404,1912.404,521.178,498.232,544.124,102.718,90.12,115.316,7.345000000000001,6.36,8.33,0.7869999999999999,0.83,0.744,0.364,0.63,0.098,9.942,9.622,10.262,9.942,9.622,10.262,15.068999999999999,13.822,16.316,15.068999999999999,13.822,16.316,15.821,14.71,16.932,15.821,14.71,16.932
2023-06-28T16:50:00Z,1172634,363,17216,14,14,,87,87,,862.268,862.268,,,,,0.01,9.2,8.3,10.1,27.2,25.6,28.8,14.5,14,14.9,91.4,95.8,87.5,1814.249,1706.646,1921.852,517.2,490.984,543.416,99.78999999999999,86.566,113.014,7.449,6.51,8.388,0.904,0.902,0.906,0.41500000000000004,0.456,0.374,9.847000000000001,9.326,10.368,9.847000000000001,9.326,10.368,14.942,13.74,16.144,14.942,13.74,16.144,15.69,14.576,16.804,15.69,14.576,16.804
2023-06-28T17:00:00Z,1173234,355,17856,14,14,,86.8,86.8,,862.33,862.33,,,,,0.01,9.7,8.6,10.8,27.9,26.2,29.5,14.7,14.2,15.1,89.8,94,85.9,1857.973,1749.294,1966.652,527.115,498.816,555.414,107.231,92.094,122.368,7.861000000000001,7.958,7.764,1.0310000000000001,1.006,1.056,0.591,0.764,0.418,10.212,9.528,10.896,10.212,9.528,10.896,15.48,14.046,16.914,15.48,14.046,16.914,16.322,14.97,17.674,16.322,14.97,17.674
2023-06-28T17:10:00Z,1173834,364,17856,14,14,,86,86,,862.406,862.406,,,,,0.01,9.8,8.6,10.9,28.5,26.9,30.1,14.9,14.4,15.3,88.2,92.2,84.6,1901.2469999999998,1795.55,2006.944,544.904,518.876,570.932,105.37100000000001,88.132,122.61,7.287,6.592,7.982,0.996,0.876,1.116,0.494,0.646,0.342,10.61,10.158,11.062,10.61,10.158,11.062,15.93,14.418,17.442,15.93,14.418,17.442,16.694,15.232,18.156,16.694,15.232,18.156
2023-06-28T17:20:00Z,1174434,361,17536,14,14,,86,86,,862.444,862.444,,,,,0.01,9.5,8.6,10.4,27.1,25.8,28.3,14.5,14.1,14.8,91.8,95.2,88.7,1804.404,1721.172,1887.636,513.959,493.868,534.05,105.72399999999999,91.752,119.696,7.824,6.492,9.156,0.925,0.772,1.078,0.487,0.678,0.296,9.780999999999999,9.232,10.33,9.780999999999999,9.232,10.33,15.204999999999998,13.998,16.412,15.204999999999998,13.998,16.412,15.962,14.746,17.178,15.962,14.746,17.178
2023-06-28T17:30:00Z,1175034,357,17856,14,14,,86,86,,862.336,862.336,,,,,0.01,8.6,7.8,9.3,25,23.7,26.4,13.9,13.5,14.3,97.4,101.4,93.7,1669.5059999999999,1582.116,1756.896,476.727,454.394,499.06,92.08500000000001,81.016,103.154,6.03,4.908,7.152,0.899,0.578,1.22,0.403,0.528,0.278,9.09,8.696,9.484,9.09,8.696,9.484,13.541,12.516,14.566,13.541,12.516,14.566,14.295,13.17,15.42,14.295,13.17,15.42
2023-06-28T17:40:00Z,1175634,381,17536,14,14,,86,86,,862.256,862.256,,,,,0.01,8.5,7.8,9.2,24.7,23.4,26,13.8,13.4,14.2,98.5,102.6,94.7,1645.036,1557.008,1733.064,470.928,451.56,490.296,92.428,81.6,103.256,6.781000000000001,5.572,7.99,0.6890000000000001,0.62,0.758,0.317,0.384,0.25,8.940000000000001,8.596,9.284,8.940000000000001,8.596,9.284,13.58,12.478,14.682,13.58,12.478,14.682,14.184000000000001,13.112,15.256,14.184000000000001,13.112,15.256
2023-06-28T17:50:00Z,1176234,358,16896,14,14,,86,86,,862.148,862.148,,,,,0.01,8.2,7.4,9.1,24,22.8,25.2,13.6,13.2,13.9,100.4,104.2,96.8,1602.929,1523.204,1682.654,460.369,443.02,477.718,89.31200000000001,77.9,100.724,6.587,6.886,6.288,0.763,0.866,0.66,0.302,0.462,0.142,8.725,8.29,9.16,8.725,8.29,9.16,13.329,12.516,14.142,13.329,12.516,14.142,13.876000000000001,13.204,14.548,13.876000000000001,13.204,14.548
2023-06-28T18:00:00Z,1176834,362,17536,14,14,,86,86,,862.18,862.18,,,,,0.01,7.7,7.1,8.3,22.2,21.1,23.2,13,12.6,13.3,106.6,110.5,103,1476.9699999999998,1405.37,1548.57,419.707,402.028,437.386,83.58699999999999,74.8,92.374,5.52,4.73,6.31,0.637,0.722,0.552,0.367,0.596,0.138,7.845000000000001,7.466,8.224,7.845000000000001,7.466,8.224,12.033000000000001,11.23,12.836,12.033000000000001,11.23,12.836,12.573,11.858,13.288,12.573,11.858,13.288
2023-06-28T18:10:00Z,1177434,359,17536,14,14,,86,86,,862.034,862.034,,,,,0.01,7.1,6.2,8,21.3,20.1,22.5,12.7,12.3,13.1,109.8,114.4,105.6,1417.85,1338.896,1496.804,403.799,385.592,422.006,76.349,62.206,90.492,5.607,4.716,6.498,0.627,0.744,0.51,0.394,0.506,0.282,7.392,7.134,7.65,7.392,7.134,7.65,11.236,10.214,12.258,11.236,10.214,12.258,11.77,10.822,12.718,11.77,10.822,12.718
2023-06-28T18:20:00Z,1178034,356,18176,14,14,,85.2,85.2,,861.986,861.986,,,,,0.01,6.8,6.1,7.6,20.3,19.2,21.4,12.3,11.9,12.7,113.6,118.2,109.3,1352.073,1278.178,1425.968,384.773,364.686,404.86,72.733,61.866,83.6,5.212,4.678,5.746,0.439,0.504,0.374,0.259,0.424,0.094,7.086,6.706,7.466,7.086,6.706,7.466,10.716999999999999,9.856,11.578,10.716999999999999,9.856,11.578,11.104,10.302,11.906,11.104,10.302,11.906
2023-06-28T18:30:00Z,1178634,357,17856,14,14,,85,85,,861.858,861.858,,,,,0.01,6.7,6,7.3,20.3,19.5,21.2,12.4,12.1,12.7,113.4,116.9,110,1355.908,1298.33,1413.486,388.856,373.952,403.76,68.303,58.044,78.562,3.7859999999999996,3.456,4.116,0.526,0.44,0.612,0.176,0.262,0.09,7.233,6.81,7.656,7.233,6.81,7.656,10.459,9.72,11.198,10.459,9.72,11.198,10.818,10.08,11.556,10.818,10.08,11.556
2023-06-28T18:40:00Z,1179234,361,17536,14,14,,85,85,,861.768,861.768,,,,,0.01,6.5,5.9,7.1,19.5,18.6,20.4,12.1,11.7,12.4,116.7,120.5,113.1,1301.226,1241.84,1360.612,368.04,354.79,381.29,67.281,58.778,75.784,3.6660000000000004,3.87,3.462,0.542,0.63,0.454,0.26,0.452,0.068,6.813,6.592,7.034,6.813,6.592,7.034,9.896999999999998,9.456,10.338,9.896999999999998,9.456,10.338,10.318,9.988,10.648,10.318,9.988,10.648
2023-06-28T18:50:00Z,1179834,354,17536,14,14,,85,85,,861.786,861.786,,,,,0.01,6.2,5.6,6.8,18.9,17.7,20.2,11.9,11.4,12.3,119.1,124.7,114.1,1263.1100000000001,1182.59,1343.63,358.08500000000004,336.232,379.938,64.11,56.45,71.77,3.234,3.196,3.272,0.634,0.66,0.608,0.355,0.44,0.27,6.699999999999999,6.27,7.13,6.699999999999999,6.27,7.13,9.562,8.79,10.334,9.562,8.79,10.334,10.039000000000001,9.268,10.81,10.039000000000001,9.268,10.81
2023-06-28T19:00:00Z,1180434,351,18176,14,14,,85,85,,861.8,861.8,,,,,0.01,6.1,5.3,6.8,17.8,17,18.7,11.4,11.1,11.8,124.2,128.4,120.2,1189.2,1131.766,1246.634,340.26800000000003,325.468,355.068,64.182,53.082,75.282,3.7329999999999997,3.642,3.824,0.501,0.504,0.498,0.317,0.386,0.248,6.213,5.84,6.586,6.213,5.84,6.586,9.362,8.536,10.188,9.362,8.536,10.188,9.733,8.93,10.536,9.733,8.93,10.536
2023-06-28T19:10:00Z,1181034,350,17536,14.2,14.2,,85,85,,861.852,861.852,,,,,0.01,5.4,4.9,6,16.9,16.1,17.7,11.1,10.7,11.4,128.9,133.2,124.8,1125.604,1070.726,1180.482,316.315,306.46,326.17,55.888999999999996,47.872,63.906,3.636,3.266,4.006,0.365,0.348,0.382,0.257,0.348,0.166,5.696,5.528,5.864,5.696,5.528,5.864,8.43,7.95,8.91,8.43,7.95,8.91,8.74,8.256,9.224,8.74,8.256,9.224
2023-06-28T19:20:00Z,1181634,352,18176,14.2,14.2,,85,85,,861.822,861.822,,,,,0.01,5.4,4.9,5.9,16.6,15.8,17.5,11,10.6,11.3,130.3,134.8,126,1107.8249999999998,1051.376,1164.274,313.504,297.378,329.63,55.524,48.752,62.296,3.106,2.76,3.452,0.328,0.112,0.544,0.108,0.112,0.104,5.7010000000000005,5.48,5.922,5.7010000000000005,5.48,5.922,8.253,7.784,8.722,8.253,7.784,8.722,8.561,8.012,9.11,8.561,8.012,9.11
2023-06-28T19:30:00Z,1182234,357,17216,14.6,14.6,,85,85,,861.812,861.812,,,,,0.01,5.7,4.9,6.4,16.8,15.6,17.9,11,10.6,11.5,129.4,135.6,123.7,1118.9920000000002,1042.248,1195.736,319.658,299.328,339.988,59.900999999999996,49.4,70.402,3.751,3.306,4.196,0.499,0.308,0.69,0.25,0.274,0.226,5.733,5.374,6.092,5.733,5.374,6.092,8.744,7.91,9.578,8.744,7.91,9.578,9.112,8.196,10.028,9.112,8.196,10.028
2023-06-28T19:40:00Z,1182834,362,17536,15,15,,84,84,,861.808,861.808,,,,,0.01,5.5,5,6.1,16.9,16,17.8,11.1,10.7,11.4,128.8,133.4,124.5,1126.219,1068.136,1184.302,323.304,309.568,337.04,57.563,50.112,65.014,3.802,3.556,4.048,0.475,0.478,0.472,0.195,0.308,0.082,5.939,5.668,6.21,5.939,5.668,6.21,8.786999999999999,8.126,9.448,8.786999999999999,8.126,9.448,9.124,8.496,9.752,9.124,8.496,9.752
2023-06-28T19:50:00Z,1183434,356,17216,15,15,,84,84,,861.792,861.792,,,,,0.01,5.3,4.8,5.8,16.2,15.5,16.8,10.8,10.5,11.1,132.6,136.3,129.1,1078.427,1033.6,1123.254,307.389,295.14,319.638,54.94799999999999,47.66,62.236,3.314,2.814,3.814,0.392,0.18,0.604,0.10200000000000001,0.078,0.126,5.587,5.406,5.768,5.587,5.406,5.768,8.103,7.628,8.578,8.103,7.628,8.578,8.414,7.778,9.05,8.414,7.778,9.05
2023-06-28T20:00:00Z,1184034,354,17856,15,15,,84,84,,861.822,861.822,,,,,0.01,5,4.4,5.6,15.3,14.7,16,10.4,10.2,10.7,137.4,141.2,133.8,1021.472,978.724,1064.22,289.39,277.45,301.33,51.468,41.506,61.43,3.1470000000000002,2.388,3.906,0.481,0.286,0.676,0.31799999999999995,0.286,0.35,5.077999999999999,4.976,5.18,5.077999999999999,4.976,5.18,7.345000000000001,6.734,7.956,7.345000000000001,6.734,7.956,7.734,7.046,8.422,7.734,7.046,8.422
2023-06-28T20:10:00Z,1184634,357,18176,15,15,,84,84,,861.844,861.844,,,,,0.01,4.4,3.8,4.9,13.9,13.1,14.7,9.8,9.5,10.2,146.2,151.4,141.3,926.611,875.228,977.994,261.276,247.302,275.25,43.888999999999996,36.506,51.272,3.037,2.978,3.096,0.471,0.434,0.508,0.23099999999999998,0.25,0.212,4.66,4.366,4.954,4.66,4.366,4.954,6.5169999999999995,6.04,6.994,6.5169999999999995,6.04,6.994,6.9030000000000005,6.434,7.372,6.9030000000000005,6.434,7.372
2023-06-28T20:20:00Z,1185234,357,17856,15,15,,84,84,,861.85,861.85,,,,,0.01,4.1,3.5,4.7,13.3,12.7,13.9,9.5,9.2,9.8,150.3,154.7,146.3,885.5830000000001,845.336,925.83,250.214,236.896,263.532,39.971,30.322,49.62,2.549,1.718,3.38,0.267,0.212,0.322,0.15200000000000002,0.164,0.14,4.343,4.104,4.582,4.343,4.104,4.582,6.263,5.486,7.04,6.263,5.486,7.04,6.49,5.698,7.282,6.49,5.698,7.282
2023-06-28T20:30:00Z,1185834,357,17536,15,15,,84,84,,861.91,861.91,,,,,0.01,3.8,3.5,4.2,12.2,11.8,12.6,9,8.8,9.2,158.3,161.2,155.4,813.289,788.33,838.248,231.06,225.664,236.456,38.198,32.984,43.412,2.162,1.922,2.402,0.216,0.224,0.208,0.074,0.09,0.058,3.9000000000000004,3.608,4.192,3.9000000000000004,3.608,4.192,5.614,5.09,6.138,5.614,5.09,6.138,5.77,5.306,6.234,5.77,5.306,6.234
2023-06-28T20:40:00Z,1186434,356,17856,15,15,,84,84,,861.896,861.896,,,,,0.01,3.8,3.5,4.1,12,11.8,12.3,8.9,8.8,9.1,159.6,161.8,157.4,802.3420000000001,783.638,821.046,228.477,223.574,233.38,38.604,34.314,42.894,2.274,2.628,1.92,0.14300000000000002,0.162,0.124,0.061,0.122,0,3.886,3.764,4.008,3.886,3.764,4.008,5.754,5.496,6.012,5.754,5.496,6.012,5.85,5.626,6.074,5.85,5.626,6.074
2023-06-28T20:50:00Z,1187034,349,18176,15,15,,84,84,,861.888,861.888,,,,,0.01,3.8,3.4,4.1,12.1,11.3,12.9,9,8.6,9.3,159,165.1,153.4,806.863,756.546,857.18,227.519,216.628,238.41,36.904,31.364,42.444,2.02,1.802,2.238,0.307,0.19,0.424,0.23,0.19,0.27,3.7800000000000002,3.426,4.134,3.7800000000000002,3.426,4.134,5.375,4.814,5.936,5.375,4.814,5.936,5.638999999999999,5.044,6.234,5.638999999999999,5.044,6.234
2023-06-28T21:00:00Z,1187634,397,17216,15,15,,83.8,83.8,,861.85,861.85,,,,,0.01,4.1,3.7,4.5,13,12.4,13.5,9.4,9.1,9.7,152.5,156.7,148.5,865.065,826.906,903.224,244.293,236.408,252.178,41.45,35.92,46.98,2.868,2.646,3.09,0.354,0.32,0.388,0.164,0.188,0.14,4.311999999999999,4.066,4.558,4.311999999999999,4.066,4.558,6.232,5.766,6.698,6.232,5.766,6.698,6.510999999999999,6.036,6.986,6.510999999999999,6.036,6.986
2023-06-28T21:10:00Z,1188234,354,18176,15,15,,83.2,83.2,,861.88,861.88,,,,,0.01,4.4,3.9,4.8,13.7,13,14.4,9.7,9.4,10,147.7,152.7,143,911.733,863.61,959.856,259.269,247.94,270.598,44.098,37.194,51.002,2.5380000000000003,2.164,2.912,0.292,0.176,0.408,0.113,0.136,0.09,4.55,4.31,4.79,4.55,4.31,4.79,6.571999999999999,6.116,7.028,6.571999999999999,6.116,7.028,6.814,6.286,7.342,6.814,6.286,7.342
2023-06-28T21:20:00Z,1188834,355,17536,15,15,,83,83,,861.922,861.922,,,,,0.01,4.2,3.9,4.5,13.6,12.9,14.2,9.7,9.3,10,148.4,153.2,144,904.013,858.796,949.23,255.09300000000002,245.288,264.898,41.120000000000005,37.06,45.18,2.551,2.576,2.526,0.261,0.21,0.312,0.153,0.164,0.142,4.492,4.254,4.73,4.492,4.254,4.73,6.426,6.034,6.818,6.426,6.034,6.818,6.617,6.208,7.026,6.617,6.208,7.026
2023-06-28T21:30:00Z,1189434,357,17856,15,15,,83,83,,861.946,861.946,,,,,0.01,3.7,3.4,4.1,12.1,11.7,12.5,9,8.8,9.2,159.2,162.4,156.1,805.472,778.346,832.598,228.29399999999998,221.632,234.956,36.266999999999996,30.246,42.288,1.831,1.302,2.36,0.258,0.232,0.284,0.20400000000000001,0.158,0.25,3.707,3.66,3.754,3.707,3.66,3.754,5.339,4.982,5.696,5.339,4.982,5.696,5.574999999999999,5.172,5.978,5.574999999999999,5.172,5.978
2023-06-28T21:40:00Z,1190034,352,17536,15,15,,83,83,,861.898,861.898,,,,,0.01,3.6,3.2,4,11.5,10.9,12.1,8.7,8.3,9,164.2,169.3,159.3,764.1800000000001,724.016,804.344,217.622,207.32,227.924,35.535,29.194,41.876,1.66,1.31,2.01,0.158,0.218,0.098,0.151,0.218,0.084,3.625,3.334,3.916,3.625,3.334,3.916,5.184,4.628,5.74,5.184,4.628,5.74,5.377000000000001,4.878,5.876,5.377000000000001,4.878,5.876
2023-06-28T21:50:00Z,1190634,359,18176,15.8,15.8,,83,83,,861.916,861.916,,,,,0.01,3.7,3.2,4.2,12.2,11.4,13,9,8.6,9.4,158.2,164.8,152.2,813.787,759.454,868.12,229.876,215.244,244.508,35.679,29.816,41.542,2.128,2.31,1.946,0.21600000000000003,0.276,0.156,0.124,0.2,0.048,3.8440000000000003,3.578,4.11,3.8440000000000003,3.578,4.11,5.506,4.986,6.026,5.506,4.986,6.026,5.679,5.218,6.14,5.679,5.218,6.14
2023-06-28T22:00:00Z,1191234,355,18176,16,16,,83,83,,861.916,861.916,,,,,0.01,4.2,3.5,4.8,13.3,12.6,14.1,9.6,9.2,9.9,150,155.3,145.2,888.4259999999999,839.826,937.026,252.766,239.534,265.998,41.412,31.702,51.122,2.547,2.442,2.652,0.401,0.314,0.488,0.183,0.272,0.094,4.343999999999999,4.058,4.63,4.343999999999999,4.058,4.63,6.356,5.746,6.966,6.356,5.746,6.966,6.632,5.98,7.284,6.632,5.98,7.284
2023-06-28T22:10:00Z,1191834,352,17536,16,16,,83,83,,861.862,861.862,,,,,0.01,4.7,4.3,5.1,14.3,13.8,14.8,10,9.8,10.2,143.4,146.6,140.2,955.78,922.07,989.49,268.025,260.468,275.582,48.016,42.686,53.346,2.445,2.948,1.942,0.394,0.374,0.414,0.22999999999999998,0.282,0.178,4.729,4.65,4.808,4.729,4.65,4.808,6.849,6.69,7.008,6.849,6.69,7.008,7.140000000000001,7.022,7.258,7.140000000000001,7.022,7.258
2023-06-28T22:20:00Z,1192434,349,17856,16,16,,83,83,,861.854,861.854,,,,,0.01,4.8,4.2,5.3,15.5,14.8,16.2,10.5,10.2,10.8,136.4,140.5,132.6,1032.66,986.716,1078.604,288.28700000000003,276.914,299.66,47.189,38.742,55.636,3.1239999999999997,3.194,3.054,0.533,0.448,0.618,0.228,0.258,0.198,5.144,4.874,5.414,5.144,4.874,5.414,7.521,7.032,8.01,7.521,7.032,8.01,7.862,7.368,8.356,7.862,7.368,8.356
2023-06-28T22:30:00Z,1193034,352,18176,16,16,,83,83,,861.894,861.894,,,,,0.01,5.1,4.6,5.7,15.7,14.8,16.7,10.6,10.2,11,135,140.6,129.8,1049.475,985.212,1113.738,295.506,280.304,310.708,53.623999999999995,44.79,62.458,3.577,2.616,4.538,0.507,0.468,0.546,0.28400000000000003,0.37,0.198,5.295999999999999,5,5.592,5.295999999999999,5,5.592,7.81,7.106,8.514,7.81,7.106,8.514,8.273,7.548,8.998,8.273,7.548,8.998
2023-06-28T22:40:00Z,1193634,355,18176,16,16,,83,83,,861.85,861.85,,,,,0.01,4.6,4,5.1,14.8,14.2,15.5,10.2,9.9,10.5,140.3,144.4,136.4,988.9390000000001,944.688,1033.19,279.911,268.914,290.908,45.844,38.496,53.192,3.346,3.932,2.76,0.601,0.71,0.492,0.41,0.576,0.244,4.819000000000001,4.432,5.206,4.819000000000001,4.432,5.206,7.093,6.516,7.67,7.093,6.516,7.67,7.607,7.164,8.05,7.607,7.164,8.05
2023-06-28T22:50:00Z,1194234,354,17856,16,16,,83,83,,861.708,861.708,,,,,0.01,5.5,4.8,6.1,17.5,16.8,18.3,11.3,11,11.6,125.7,129.4,122.2,1168.2669999999998,1118.838,1217.696,330.001,318.774,341.228,55.714,45.408,66.02,4.127,3.71,4.544,0.494,0.55,0.438,0.305,0.5,0.11,6.022,5.776,6.268,6.022,5.776,6.268,8.675,7.94,9.41,8.675,7.94,9.41,9.116,8.498,9.734,9.116,8.498,9.734
2023-06-28T23:00:00Z,1194834,361,18176,16,16,,83,83,,861.648,861.648,,,,,0.01,5.3,4.8,5.8,16.9,16.2,17.6,11.1,10.8,11.3,129,132.6,125.5,1124.54,1078.65,1170.43,315.387,305.572,325.202,52.851,45.4,60.302,3.159,3.234,3.084,0.365,0.506,0.224,0.23199999999999998,0.354,0.11,5.8420000000000005,5.594,6.09,5.8420000000000005,5.594,6.09,8.138,7.68,8.596,8.138,7.68,8.596,8.460999999999999,8.1,8.822,8.460999999999999,8.1,8.822
2023-06-28T23:10:00Z,1195434,357,17856,16,16,,83,83,,861.552,861.552,,,,,0.01,4.8,4.1,5.4,15.7,15.2,16.3,10.6,10.4,10.8,135.1,138.4,132.1,1047.7,1010.496,1084.904,293.084,284.744,301.424,46.206,36.66,55.752,2.705,2.718,2.692,0.391,0.342,0.44,0.16899999999999998,0.3,0.038,5.131,5.014,5.248,5.131,5.014,5.248,7.329000000000001,6.846,7.812,7.329000000000001,6.846,7.812,7.616,7.13,8.102,7.616,7.13,8.102
2023-06-28T23:20:00Z,1196034,355,18176,16,16,,83,83,,861.46,861.46,,,,,0.01,4.2,3.8,4.6,14,13.4,14.5,9.8,9.6,10.1,145.7,149.4,142.2,931.187,894.26,968.114,260.867,252.242,269.492,41.637,35.356,47.918,3.154,2.464,3.844,0.507,0.438,0.576,0.366,0.392,0.34,4.585,4.394,4.776,4.585,4.394,4.776,6.545999999999999,6.076,7.016,6.545999999999999,6.076,7.016,6.979,6.41,7.548,6.979,6.41,7.548
2023-06-28T23:30:00Z,1196634,355,18176,16,16,,83,83,,861.27,861.27,,,,,0.01,4.1,3.7,4.5,13.3,12.7,13.8,9.5,9.3,9.8,150.4,154.5,146.6,884.6220000000001,846.712,922.532,248.884,238.44,259.328,40.228,33.276,47.18,2.588,1.734,3.442,0.529,0.208,0.85,0.32,0.208,0.432,4.164,3.99,4.338,4.164,3.99,4.338,6.129,5.592,6.666,6.129,5.592,6.666,6.513,5.764,7.262,6.513,5.764,7.262
2023-06-28T23:40:00Z,1197234,358,18176,16,16,,83,83,,861.29,861.29,,,,,0.01,4.1,3.6,4.6,13.8,13.1,14.4,9.8,9.5,10,147.1,151.5,142.9,917.8140000000001,874.73,960.898,256.447,246.78,266.114,39.977999999999994,32.48,47.476,2.737,2.694,2.78,0.506,0.392,0.62,0.305,0.302,0.308,4.449,4.26,4.638,4.449,4.26,4.638,6.261,5.812,6.71,6.261,5.812,6.71,6.729,6.218,7.24,6.729,6.218,7.24
2023-06-28T23:50:00Z,1197834,357,18176,16,16,,83.6,83.6,,861.322,861.322,,,,,0.01,4.5,4.1,5,15.3,14.8,15.8,10.4,10.2,10.6,137.5,140.5,134.7,1020.175,986.978,1053.372,286.646,280.374,292.918,43.456,36.202,50.71,3.011,2.44,3.582,0.38,0.432,0.328,0.257,0.316,0.198,5.2379999999999995,4.994,5.482,5.2379999999999995,4.994,5.482,7.286,6.766,7.806,7.286,6.766,7.806,7.606,7.132,8.08,7.606,7.132,8.08
2023-06-29T00:00:00Z,1198434,360,18176,16,16,,84,84,,861.296,861.296,,,,,0.01,5.8,4.9,6.7,18.5,17.4,19.6,11.7,11.3,12.1,121.1,126.4,116.2,1233.302,1158.09,1308.514,347.56899999999996,328.616,366.522,58.715,44.378,73.052,4.506,2.992,6.02,1.0150000000000001,0.776,1.254,0.504,0.538,0.47,6.388,6.052,6.724,6.388,6.052,6.724,9.155000000000001,8.028,10.282,9.155000000000001,8.028,10.282,9.905000000000001,8.698,11.112,9.905000000000001,8.698,11.112
2023-06-29T00:10:00Z,1199034,355,17536,16,16,,84,84,,861.236,861.236,,,,,0.01,6.2,5.4,6.9,20.1,19.3,20.9,12.3,12,12.6,114.2,117.4,111.2,1341.771,1289.838,1393.704,374.661,358.09,391.232,61.842,49.63,74.054,4.585,3.578,5.592,0.825,0.66,0.99,0.45899999999999996,0.448,0.47,6.832,6.592,7.072,6.832,6.592,7.072,9.799,8.932,10.666,9.799,8.932,10.666,10.384,9.398,11.37,10.384,9.398,11.37
2023-06-29T00:20:00Z,1199634,349,17856,16,16,,84,84,,861.132,861.132,,,,,0.01,6.9,5.9,7.8,21.2,20,22.3,12.6,12.3,13,110.1,114.5,105.9,1412.79,1335.934,1489.646,399.201,377.446,420.956,73.068,57.898,88.238,6.5920000000000005,5.744,7.44,0.848,0.978,0.718,0.579,0.78,0.378,7.3309999999999995,6.926,7.736,7.3309999999999995,6.926,7.736,11.138,9.922,12.354,11.138,9.922,12.354,11.825,10.778,12.872,11.825,10.778,12.872
2023-06-29T00:30:00Z,1200234,358,17856,16,16,,84,84,,860.998,860.998,,,,,0.01,6.4,5.6,7.2,20.1,19.2,21,12.3,12,12.6,114.2,118,110.7,1341.0349999999999,1281.222,1400.848,379.034,363.666,394.402,66.786,53.644,79.928,5.856999999999999,4.85,6.864,0.7949999999999999,0.628,0.962,0.558,0.59,0.526,7.048,6.786,7.31,7.048,6.786,7.31,10.440999999999999,9.468,11.414,10.440999999999999,9.468,11.414,11.146,10.188,12.104,11.146,10.188,12.104
2023-06-29T00:40:00Z,1200834,363,17856,16,16,,84,84,,860.89,860.89,,,,,0.01,6.5,5.7,7.2,19.7,18.8,20.5,12.1,11.8,12.4,116,119.7,112.6,1311.768,1254.282,1369.254,370.486,357.924,383.048,69.399,57.89,80.908,6.212,6.138,6.286,1.033,1.028,1.038,0.534,0.756,0.312,6.862,6.548,7.176,6.862,6.548,7.176,10.384,9.612,11.156,10.384,9.612,11.156,11.278,10.63,11.926,11.278,10.63,11.926
2023-06-29T00:50:00Z,1201434,355,17536,16,16,,84.6,84.6,,860.84,860.84,,,,,0.01,6.7,5.9,7.6,20.2,18.6,21.9,12.3,11.7,12.9,113.7,120.6,107.5,1349.893,1240.77,1459.016,381.206,351.756,410.656,72.98599999999999,62.146,83.826,6.725,6.758,6.692,1.375,1.482,1.268,0.606,0.9,0.312,6.878,6.174,7.582,6.878,6.174,7.582,10.745000000000001,9.686,11.804,10.745000000000001,9.686,11.804,11.878,11.042,12.714,11.878,11.042,12.714
2023-06-29T01:00:00Z,1202034,355,18176,16,16,,85,85,,860.794,860.794,,,,,0.01,7.4,6.6,8.2,20.8,19.5,22.1,12.5,12.1,12.9,111.5,116.6,106.9,1387.198,1302.9,1471.496,394.799,372.056,417.542,87.289,75.18,99.398,10.323,9.574,11.072,1.8519999999999999,1.558,2.146,0.8220000000000001,0.924,0.72,6.958,6.404,7.512,6.958,6.404,7.512,12.024999999999999,10.898,13.152,12.024999999999999,10.898,13.152,13.393,12.192,14.594,13.393,12.192,14.594
2023-06-29T01:10:00Z,1202634,354,17536,16,16,,85,85,,860.748,860.748,,,,,0.01,6.6,5.5,7.6,18.4,16.8,20.1,11.7,11,12.3,121.3,129.5,114.2,1229.9969999999998,1118.154,1341.84,348.50300000000004,318.762,378.244,78.26400000000001,64.602,91.926,9.298,10.098,8.498,1.69,1.99,1.39,1.096,1.508,0.684,6.072,5.428,6.716,6.072,5.428,6.716,10.49,9.458,11.522,10.49,9.458,11.522,11.870999999999999,11.216,12.526,11.870999999999999,11.216,12.526
2023-06-29T01:20:00Z,1203234,361,17856,16,16,,85,85,,860.71,860.71,,,,,0.01,6.5,5.6,7.5,19,17.5,20.5,11.9,11.3,12.4,119,126,112.7,1265.145,1163.704,1366.586,357.063,331.842,382.284,74.84899999999999,59.294,90.404,8.068,6.38,9.756,1.429,1.32,1.538,0.772,0.966,0.578,6.241,5.69,6.792,6.241,5.69,6.792,10.508,9.086,11.93,10.508,9.086,11.93,11.687999999999999,10.248,13.128,11.687999999999999,10.248,13.128
2023-06-29T01:30:00Z,1203834,353,17216,16,16,,85,85,,860.692,860.692,,,,,0.01,7,6.3,7.7,20.2,19.1,21.3,12.3,11.9,12.7,113.8,118.3,109.6,1348.863,1276.584,1421.142,383.46,363.604,403.316,79.83099999999999,71.356,88.306,8.522,9.754,7.29,1.472,1.426,1.518,0.827,1.008,0.646,6.809,6.248,7.37,6.809,6.248,7.37,11.3,10.66,11.94,11.3,10.66,11.94,12.581,12.07,13.092,12.581,12.07,13.092
2023-06-29T01:40:00Z,1204434,366,17536,16,16,,85.8,85.8,,860.608,860.608,,,,,0.01,7,6.1,7.9,20.1,18.6,21.6,12.3,11.7,12.8,114.3,120.6,108.7,1339.359,1241.498,1437.22,380.51700000000005,355.672,405.362,80.18799999999999,67.556,92.82,8.979,8.778,9.18,1.333,1.386,1.28,0.784,0.99,0.578,6.724,6.158,7.29,6.724,6.158,7.29,11.321,10.16,12.482,11.321,10.16,12.482,12.439,11.406,13.472,12.439,11.406,13.472
2023-06-29T01:50:00Z,1205034,450,17536,15.4,15.4,,86,86,,860.56,860.56,,,,,0.01,6.8,6.2,7.4,19.9,18.9,20.9,12.2,11.8,12.5,115.2,119.5,111.2,1324.679,1257.346,1392.012,376.158,357.57,394.746,77.098,66.242,87.954,8.565000000000001,6.336,10.794,1.583,1.108,2.058,0.95,0.932,0.968,6.771,6.278,7.264,6.771,6.278,7.264,11.113,9.806,12.42,11.113,9.806,12.42,12.4,10.888,13.912,12.4,10.888,13.912
2023-06-29T02:00:00Z,1205634,387,17536,15,15,,86,86,,860.574,860.574,,,,,0.01,6.8,5.8,7.8,20.2,18.5,21.9,12.3,11.7,12.9,114,121.2,107.7,1344.683,1232.38,1456.986,378.778,348.584,408.972,77.908,63.594,92.222,9.245000000000001,8.22,10.27,1.461,1.058,1.864,0.773,0.778,0.768,6.771,6.05,7.492,6.771,6.05,7.492,11.222999999999999,9.824,12.622,11.222999999999999,9.824,12.622,12.434999999999999,10.898,13.972,12.434999999999999,10.898,13.972
2023-06-29T02:10:00Z,1206234,373,18176,15,15,,86,86,,860.57,860.57,,,,,0.01,6.7,5.8,7.6,19.2,17.9,20.5,11.9,11.5,12.4,118.1,123.8,112.8,1279.574,1194.428,1364.72,362.22900000000004,337.846,386.612,77.92099999999999,62.66,93.182,8.64,6.67,10.61,1.688,1.166,2.21,0.842,0.82,0.864,6.5,5.968,7.032,6.5,5.968,7.032,10.83,9.448,12.212,10.83,9.448,12.212,12.15,10.55,13.75,12.15,10.55,13.75
2023-06-29T02:20:00Z,1206834,362,17536,15,15,,86,86,,860.528,860.528,,,,,0.01,6.6,5.6,7.6,18.9,17.1,20.7,11.8,11.2,12.5,119.4,127.9,112,1258.943,1138.732,1379.154,358.748,326.9,390.596,76.698,62.346,91.05,8.969,7.874,10.064,1.2719999999999998,1.412,1.132,0.724,1.046,0.402,6.462,5.804,7.12,6.462,5.804,7.12,10.927,9.444,12.41,10.927,9.444,12.41,11.928,10.668,13.188,11.928,10.668,13.188
2023-06-29T02:30:00Z,1207434,360,16896,15,15,,86.6,86.6,,860.418,860.418,,,,,0.01,6.3,5.3,7.3,18.4,17,19.8,11.7,11.1,12.2,121.6,128.1,115.7,1226.076,1135.23,1316.922,348.462,321.438,375.486,70.40899999999999,54.822,85.996,6.858,5.676,8.04,1.258,1.13,1.386,0.7080000000000001,1.082,0.334,6.226,5.69,6.762,6.226,5.69,6.762,10.099,8.678,11.52,10.099,8.678,11.52,11.129,9.758,12.5,11.129,9.758,12.5
2023-06-29T02:40:00Z,1208035,1090,17822,15,15,,87,87,,860.384,860.384,,,,,0.01,6,5.2,6.7,17.7,16.7,18.8,11.4,11,11.8,124.7,129.9,119.9,1181.7269999999999,1112.008,1251.446,332.765,311.49,354.04,66.6,55.422,77.778,6.827,5.864,7.79,1.115,1.058,1.172,0.608,0.768,0.448,5.881,5.336,6.426,5.881,5.336,6.426,9.486,8.396,10.576,9.486,8.396,10.576,10.349,9.298,11.4,10.349,9.298,11.4
2023-06-29T02:50:00Z,1208634,557,17536,15,15,,87,87,,860.38,860.38,,,,,0.01,5.9,5.3,6.5,17.2,15.9,18.5,11.2,10.7,11.7,127.1,134,121,1148.6080000000002,1061.64,1235.576,325.595,302.304,348.886,66.195,58.03,74.36,6.574,6.478,6.67,1.022,0.718,1.326,0.43300000000000005,0.54,0.326,5.768,5.148,6.388,5.768,5.148,6.388,9.361,8.544,10.178,9.361,8.544,10.178,10.182,9.294,11.07,10.182,9.294,11.07
2023-06-29T03:00:00Z,1209234,456,18176,15,15,,87,87,,860.264,860.264,,,,,0.01,5.6,4.7,6.4,16.5,15.4,17.5,10.9,10.5,11.3,131,136.8,125.6,1098.8919999999998,1028.79,1168.994,311.83799999999997,293.534,330.142,62.263999999999996,47.984,76.544,6.617,5.384,7.85,1.01,0.896,1.124,0.591,0.76,0.422,5.454,5.082,5.826,5.454,5.082,5.826,8.859,7.652,10.066,8.859,7.652,10.066,9.626000000000001,8.342,10.91,9.626000000000001,8.342,10.91
2023-06-29T03:10:00Z,1209834,484,17536,15,15,,87,87,,860.126,860.126,,,,,0.01,5.2,4.4,5.9,15.5,14.2,16.8,10.5,10,11,136.3,144,129.3,1034.422,948.884,1119.96,291.60900000000004,268.228,314.99,57.400000000000006,47.436,67.364,6.170999999999999,5.52,6.822,0.937,0.972,0.902,0.543,0.77,0.316,5.041,4.598,5.484,5.041,4.598,5.484,8.265,7.244,9.286,8.265,7.244,9.286,9.007,8.024,9.99,9.007,8.024,9.99
2023-06-29T03:20:00Z,1210434,460,17856,14.2,14.2,,87.6,87.6,,859.864,859.864,,,,,0.01,5,4.4,5.6,15.1,14,16.2,10.3,9.9,10.8,138.7,145.4,132.6,1006.355,934.15,1078.56,285.823,265.696,305.95,55.132,46.232,64.032,5.146,4.258,6.034,0.87,0.802,0.938,0.54,0.624,0.456,4.824999999999999,4.536,5.114,4.824999999999999,4.536,5.114,7.8420000000000005,7.008,8.676,7.8420000000000005,7.008,8.676,8.538,7.746,9.33,8.538,7.746,9.33
2023-06-29T03:30:00Z,1211034,360,17536,14,14,,88,88,,859.814,859.814,,,,,0.01,4.8,4.4,5.3,14.5,13.7,15.2,10.1,9.7,10.4,142.4,147.3,137.9,965.5229999999999,914.906,1016.14,271.89300000000003,259.354,284.432,53.415000000000006,47.45,59.38,5.345,5.18,5.51,1.008,1.272,0.744,0.638,1,0.276,4.552,4.366,4.738,4.552,4.366,4.738,7.516,6.926,8.106,7.516,6.926,8.106,8.293,7.942,8.644,8.293,7.942,8.644
2023-06-29T03:40:00Z,1211634,398,17216,14,14,,88,88,,859.694,859.694,,,,,0.01,4.7,4.2,5.2,14.2,13.4,14.9,9.9,9.6,10.3,144.5,149.5,139.8,943.9100000000001,893.662,994.158,267.222,252.924,281.52,50.699,42.17,59.228,4.7379999999999995,3.558,5.918,0.895,0.64,1.15,0.398,0.64,0.156,4.562,4.206,4.918,4.562,4.206,4.918,7.203,6.472,7.934,7.203,6.472,7.934,7.872,7.074,8.67,7.872,7.074,8.67
2023-06-29T03:50:00Z,1212234,383,17856,14,14,,88,88,,859.576,859.576,,,,,0.01,4.5,3.9,5,13.8,13,14.5,9.8,9.4,10.1,146.9,152,142.1,919.441,869.958,968.924,260.071,247.812,272.33,47.918,39.156,56.68,4.572,3.906,5.238,0.868,0.938,0.798,0.559,0.778,0.34,4.461,4.25,4.672,4.461,4.25,4.672,6.892,6.142,7.642,6.892,6.142,7.642,7.601,7.026,8.176,7.601,7.026,8.176
2023-06-29T04:00:00Z,1212834,368,18176,14,14,,88,88,,859.416,859.416,,,,,0.01,4.3,3.8,4.8,13.3,12.3,14.2,9.5,9.1,9.9,150.6,157.2,144.5,883.564,823.122,944.006,250.478,234.766,266.19,45.317,36.158,54.476,3.774,2.13,5.418,0.73,0.344,1.116,0.40299999999999997,0.218,0.588,4.256,3.952,4.56,4.256,3.952,4.56,6.454,5.614,7.294,6.454,5.614,7.294,7.045,5.93,8.16,7.045,5.93,8.16
2023-06-29T04:10:00Z,1213434,362,17856,14,14,,88,88,,859.24,859.24,,,,,0.01,5,4.5,5.6,14.6,13.9,15.2,10.1,9.8,10.4,142,145.9,138.3,970.6379999999999,929.674,1011.602,276.619,266.6,286.638,57.086,48.576,65.596,5.692,5.592,5.792,0.9390000000000001,0.83,1.048,0.548,0.586,0.51,4.664,4.436,4.892,4.664,4.436,4.892,7.739,7.228,8.25,7.739,7.228,8.25,8.533999999999999,8.054,9.014,8.533999999999999,8.054,9.014
2023-06-29T04:20:00Z,1214034,447,17536,14.4,14.4,,88,88,,859.204,859.204,,,,,0.01,6.2,5.8,6.7,16.8,16.1,17.6,11.1,10.8,11.3,129.2,133.1,125.5,1122.059,1072.638,1171.48,321.224,309.918,332.53,74.939,69.55,80.328,8.405999999999999,8.946,7.866,1.486,1.302,1.67,0.626,0.742,0.51,5.571,5.168,5.974,5.571,5.168,5.974,9.863,9.384,10.342,9.863,9.384,10.342,11.033999999999999,10.548,11.52,11.033999999999999,10.548,11.52
2023-06-29T04:30:00Z,1214634,563,17856,14,14,,88.4,88.4,,859.042,859.042,,,,,0.01,5.5,4.9,6,15.4,14.5,16.3,10.5,10.1,10.8,136.9,142.3,131.8,1027.3029999999999,966.78,1087.826,294.08,277.092,311.068,63.28399999999999,55.254,71.314,6.791,6.156,7.426,0.977,0.788,1.166,0.549,0.554,0.544,4.956,4.464,5.448,4.956,4.464,5.448,8.585,7.738,9.432,8.585,7.738,9.432,9.381,8.42,10.342,9.381,8.42,10.342
2023-06-29T04:40:00Z,1215234,363,17536,13.8,13.8,,89,89,,858.956,858.956,,,,,0.01,4.4,4,4.9,13.4,12.9,14,9.6,9.4,9.8,149.2,152.9,145.7,896.406,861.692,931.12,256.07,246.156,265.984,47.789,41.492,54.086,4.161,4.072,4.25,0.743,0.862,0.624,0.516,0.72,0.312,4.244,4.098,4.39,4.244,4.098,4.39,6.733,6.27,7.196,6.733,6.27,7.196,7.291,6.974,7.608,7.291,6.974,7.608
2023-06-29T04:50:00Z,1215834,483,18176,13.4,13.4,,88.8,88.8,,858.824,858.824,,,,,0.01,5.4,4.9,5.9,15.3,14.5,16,10.4,10.1,10.7,137.6,142.1,133.4,1018.9960000000001,969.532,1068.46,290.66999999999996,278.88,302.46,63.755,56.078,71.432,7.106999999999999,6.656,7.558,1.605,1.482,1.728,0.945,1.168,0.722,4.945,4.48,5.41,4.945,4.48,5.41,8.401,7.724,9.078,8.401,7.724,9.078,9.625,8.948,10.302,9.625,8.948,10.302
2023-06-29T05:00:00Z,1216434,390,17856,13.6,13.6,,89,89,,858.884,858.884,,,,,0.01,5.3,4.8,5.8,15.3,14.8,15.8,10.4,10.2,10.6,137.6,140.6,134.7,1019.468,985.904,1053.032,289.168,280.364,297.972,59.349000000000004,50.96,67.738,5.704,5.228,6.18,0.9099999999999999,1.006,0.814,0.636,0.804,0.468,4.833,4.574,5.092,4.833,4.574,5.092,8.025,7.306,8.744,8.025,7.306,8.744,8.846,8.244,9.448,8.846,8.244,9.448
2023-06-29T05:10:00Z,1217034,371,17856,13,13,,89,89,,858.738,858.738,,,,,0.01,4.5,3.9,5.1,13.4,13.1,13.6,9.6,9.5,9.7,149.7,151.5,148,891.538,874.72,908.356,254.664,249.97,259.358,47.702,36.492,58.912,3.444,2.514,4.374,0.586,0.482,0.69,0.314,0.444,0.184,4.246,4.076,4.416,4.246,4.076,4.416,6.598,5.762,7.434,6.598,5.762,7.434,7.025,6.152,7.898,7.025,6.152,7.898
2023-06-29T05:20:00Z,1217634,358,17216,11.4,11.4,,89,89,,858.726,858.726,,,,,0.01,3.4,3.3,3.6,11.1,11.2,11.1,8.5,8.5,8.5,167.1,166.6,167.5,741.447,745.112,737.782,207.985,210.684,205.286,34.647000000000006,31.408,37.886,2.55,2.482,2.618,0.45799999999999996,0.486,0.43,0.28400000000000003,0.39,0.178,3.261,3.362,3.16,3.261,3.362,3.16,4.942,4.914,4.97,4.942,4.914,4.97,5.334,5.334,5.334,5.334,5.334,5.334
2023-06-29T05:30:00Z,1218234,352,17536,11,11,,89,89,,858.626,858.626,,,,,0.01,3.3,3,3.7,10.4,10.1,10.7,8.1,7.9,8.3,173.2,176.3,170.3,695.0799999999999,673.526,716.634,197.628,191.932,203.324,33.798,28.288,39.308,1.9929999999999999,1.832,2.154,0.26,0.32,0.2,0.184,0.27,0.098,3.096,2.804,3.388,3.096,2.804,3.388,4.623,4.08,5.166,4.623,4.08,5.166,4.813,4.342,5.284,4.813,4.342,5.284
2023-06-29T05:40:00Z,1218834,361,17216,11.4,11.4,,89,89,,858.538,858.538,,,,,0.01,3.7,3.2,4.1,11.5,11.2,11.7,8.7,8.5,8.8,164.1,166.3,161.9,765.1510000000001,747.402,782.9,215.982,210.478,221.486,37.659,29.726,45.592,2.708,2.164,3.252,0.496,0.326,0.666,0.244,0.286,0.202,3.472,3.338,3.606,3.472,3.338,3.606,5.295,4.778,5.812,5.295,4.778,5.812,5.657,5.064,6.25,5.657,5.064,6.25
2023-06-29T05:50:00Z,1219434,472,16576,12,12,,89,89,,858.454,858.454,,,,,0.01,3.5,3.2,3.8,10.9,10.7,11.1,8.4,8.3,8.5,168.6,170.5,166.8,729.1949999999999,715.318,743.072,206.723,203.294,210.152,35.475,29.57,41.38,2.23,1.634,2.826,0.433,0.208,0.658,0.246,0.164,0.328,3.425,3.182,3.668,3.425,3.182,3.668,4.944,4.524,5.364,4.944,4.524,5.364,5.3,4.718,5.882,5.3,4.718,5.882
2023-06-29T06:00:00Z,1220034,373,17536,11.6,11.6,,89,89,,858.376,858.376,,,,,0.01,3.1,2.9,3.2,10.3,10.4,10.1,8,8.1,7.9,174.9,173.6,176.1,683.519,692.564,674.474,193.147,197.542,188.752,29.912999999999997,26.566,33.26,2.503,2.432,2.574,0.43500000000000005,0.404,0.466,0.20099999999999998,0.36,0.042,2.846,2.734,2.958,2.846,2.734,2.958,4.356,4.164,4.548,4.356,4.164,4.548,4.672000000000001,4.492,4.852,4.672000000000001,4.492,4.852
2023-06-29T06:10:00Z,1220634,370,17216,11,11,,88.4,88.4,,858.312,858.312,,,,,0.01,2.7,2.6,2.8,9,9.1,8.9,7.3,7.4,7.3,187.5,186.5,188.4,600.287,606.378,594.196,171.22199999999998,174.868,167.576,25.596,23.69,27.502,1.347,1.616,1.078,0.14400000000000002,0.09,0.198,0.026,0.052,0,2.5359999999999996,2.514,2.558,2.5359999999999996,2.514,2.558,3.673,3.644,3.702,3.673,3.644,3.702,3.7729999999999997,3.726,3.82,3.7729999999999997,3.726,3.82
2023-06-29T06:20:00Z,1221234,360,17856,11.4,11.4,,88,88,,858.306,858.306,,,,,0.01,2.9,2.6,3.1,9.4,9.1,9.6,7.5,7.4,7.7,183.7,186.4,181,623.928,606.53,641.326,176.81799999999998,170.992,182.644,28.314999999999998,24.382,32.248,1.719,1.572,1.866,0.28200000000000003,0.14,0.424,0.14,0.14,0.14,2.623,2.358,2.888,2.623,2.358,2.888,3.811,3.496,4.126,3.811,3.496,4.126,4.026,3.626,4.426,4.026,3.626,4.426
2023-06-29T06:30:00Z,1221834,429,17536,12.4,12.4,,88,88,,858.192,858.192,,,,,0.01,2.9,2.8,3.1,9.7,9.6,9.8,7.7,7.7,7.8,180,181.2,178.8,648.423,640.306,656.54,183.88400000000001,182.144,185.624,27.881999999999998,25.102,30.662,1.727,1.582,1.872,0.106,0.118,0.094,0.106,0.118,0.094,2.893,2.872,2.914,2.893,2.872,2.914,4.208,4.1,4.316,4.208,4.1,4.316,4.3260000000000005,4.214,4.438,4.3260000000000005,4.214,4.438
2023-06-29T06:40:00Z,1222434,358,17536,12.8,12.8,,88,88,,858.15,858.15,,,,,0.01,3.8,3.5,4.1,11.8,11.6,12,8.8,8.7,8.9,161.3,163,159.7,787.419,773.326,801.512,223.49200000000002,220.202,226.782,39.262,33.88,44.644,2.556,2.326,2.786,0.348,0.334,0.362,0.172,0.29,0.054,3.585,3.446,3.724,3.585,3.446,3.724,5.552,5.092,6.012,5.552,5.092,6.012,5.872999999999999,5.504,6.242,5.872999999999999,5.504,6.242
2023-06-29T06:50:00Z,1223034,369,17536,11.8,11.8,,88,88,,858.1,858.1,,,,,0.01,3.3,3.1,3.5,10.7,10.8,10.7,8.3,8.3,8.3,170.5,170.2,170.8,715.139,717.518,712.76,201.817,202.928,200.706,32.622,29.536,35.708,1.9,1.892,1.908,0.33899999999999997,0.36,0.318,0.20299999999999999,0.284,0.122,3.339,3.306,3.372,3.339,3.306,3.372,4.829000000000001,4.636,5.022,4.829000000000001,4.636,5.022,5.073,4.96,5.186,5.073,4.96,5.186
2023-06-29T07:00:00Z,1223634,357,16896,12,12,,88,88,,858.104,858.104,,,,,0.01,3.9,3.6,4.2,12,12.3,11.7,8.9,9.1,8.8,159.7,157.3,162.2,801.024,821.532,780.516,227.777,236.08,219.474,40.108000000000004,33.674,46.542,2.35,2.128,2.572,0.21000000000000002,0.234,0.186,0.09,0.18,0,3.739,3.992,3.486,3.739,3.992,3.486,5.631,5.634,5.628,5.631,5.634,5.628,5.824,5.83,5.818,5.824,5.83,5.818
2023-06-29T07:10:00Z,1224234,418,18176,11.2,11.2,,88,88,,858.108,858.108,,,,,0.01,3.3,3.1,3.6,10.8,10.8,10.8,8.3,8.3,8.3,169.7,169.9,169.5,721.451,719.852,723.05,202.553,204.71,200.396,32.65,27.782,37.518,1.704,1.688,1.72,0.253,0.17,0.336,0.136,0.134,0.138,3.332,3.474,3.19,3.332,3.474,3.19,4.822,4.722,4.922,4.822,4.722,4.922,5.034000000000001,4.844,5.224,5.034000000000001,4.844,5.224
2023-06-29T07:20:00Z,1224834,461,17536,11.2,11.2,,88,88,,858.164,858.164,,,,,0.01,3.1,2.9,3.3,10.2,10,10.4,8,7.9,8.1,175.4,177.3,173.5,679.799,666.272,693.326,192.962,190.494,195.43,30.521,26.706,34.336,2.2279999999999998,2.268,2.188,0.41400000000000003,0.462,0.366,0.284,0.412,0.156,2.9530000000000003,2.77,3.136,2.9530000000000003,2.77,3.136,4.455,4.246,4.664,4.455,4.246,4.664,4.78,4.604,4.956,4.78,4.604,4.956
2023-06-29T07:30:00Z,1225434,389,17216,11.2,11.2,,88.6,88.6,,858.194,858.194,,,,,0.01,3.1,2.9,3.3,10.8,10.7,10.9,8.3,8.2,8.3,170.1,171,169.3,717.869,711.306,724.432,200.77999999999997,199.896,201.664,29.247,25.168,33.326,1.941,1.374,2.508,0.267,0.142,0.392,0.07500000000000001,0.1,0.05,3.161,3.162,3.16,3.161,3.162,3.16,4.593,4.318,4.868,4.593,4.318,4.868,4.7829999999999995,4.47,5.096,4.7829999999999995,4.47,5.096
2023-06-29T07:40:00Z,1226034,357,17536,11,11,,88.8,88.8,,858.15,858.15,,,,,0.01,3.2,2.9,3.4,10.6,10.5,10.8,8.2,8.1,8.3,171.6,173,170.3,706.933,697.16,716.706,199.797,198.21,201.384,30.759999999999998,26.868,34.652,2.37,2.434,2.306,0.44899999999999995,0.576,0.322,0.24,0.48,0,3.235,3.198,3.272,3.235,3.198,3.272,4.728,4.534,4.922,4.728,4.534,4.922,5.076,5.06,5.092,5.076,5.06,5.092
2023-06-29T07:50:00Z,1226634,360,17856,11,11,,89,89,,858.14,858.14,,,,,0.01,3.5,3.1,3.9,10.8,10.7,10.9,8.3,8.3,8.3,170.1,170.9,169.2,718.484,712.306,724.662,204.76,203.282,206.238,36.249,28.822,43.676,2.5309999999999997,1.674,3.388,0.306,0.258,0.354,0.14,0.164,0.116,3.316,3.214,3.418,3.316,3.214,3.418,5.1129999999999995,4.634,5.592,5.1129999999999995,4.634,5.592,5.356999999999999,4.842,5.872,5.356999999999999,4.842,5.872
2023-06-29T08:00:00Z,1227234,404,17536,11,11,,89,89,,858.086,858.086,,,,,0.01,3.2,3,3.5,10.1,9.9,10.4,8,7.8,8.1,176,178,173.9,675.691,661.362,690.02,193.981,191.046,196.916,32.297,28.174,36.42,2.134,1.892,2.376,0.397,0.322,0.472,0.222,0.188,0.256,2.9989999999999997,2.864,3.134,2.9989999999999997,2.864,3.134,4.554,4.216,4.892,4.554,4.216,4.892,4.875,4.518,5.232,4.875,4.518,5.232
2023-06-29T08:10:00Z,1227834,368,17536,10.4,10.4,,89,89,,858.032,858.032,,,,,0.01,3,2.8,3.2,9.6,9.3,9.8,7.6,7.5,7.8,181.5,183.9,179.2,638.113,622.728,653.498,179.555,173.334,185.776,30.35,26.352,34.348,2.0789999999999997,1.592,2.566,0.29800000000000004,0.336,0.26,0.15,0.284,0.016,2.584,2.482,2.686,2.584,2.482,2.686,4.021,3.622,4.42,4.021,3.622,4.42,4.301,3.948,4.654,4.301,3.948,4.654
2023-06-29T08:20:00Z,1228434,463,17856,11,11,,89,89,,857.922,857.922,,,,,0.01,2.9,2.6,3.3,9.5,9.2,9.7,7.6,7.4,7.7,182.7,185.8,179.8,630.038,610.434,649.642,179.536,173.794,185.278,29.219,23.792,34.646,1.829,1.732,1.926,0.40700000000000003,0.348,0.466,0.189,0.16,0.218,2.811,2.658,2.964,2.811,2.658,2.964,4.091,3.684,4.498,4.091,3.684,4.498,4.41,3.958,4.862,4.41,3.958,4.862
2023-06-29T08:30:00Z,1229034,356,17216,10.4,10.4,,89,89,,857.854,857.854,,,,,0.01,2.6,2.4,2.9,8.7,8.4,8.9,7.1,7,7.3,191,193.9,188.2,578.8040000000001,561.998,595.61,162.563,160.04,165.086,25.606,21.572,29.64,1.7559999999999998,1.634,1.878,0.221,0.172,0.27,0.042,0.084,0,2.427,2.442,2.412,2.427,2.442,2.412,3.552,3.394,3.71,3.552,3.394,3.71,3.727,3.538,3.916,3.727,3.538,3.916
2023-06-29T08:40:00Z,1229634,351,17856,10.2,10.2,,89,89,,857.902,857.902,,,,,0.01,2.5,2.3,2.6,8.5,8.3,8.6,7,6.9,7.1,193.6,195.3,191.9,563.627,553.62,573.634,158.863,156.93,160.796,22.831,19.86,25.802,1.1680000000000001,1.034,1.302,0.198,0.146,0.25,0.044,0.056,0.032,2.3040000000000003,2.16,2.448,2.3040000000000003,2.16,2.448,3.3659999999999997,3.11,3.622,3.3659999999999997,3.11,3.622,3.518,3.236,3.8,3.518,3.236,3.8
2023-06-29T08:50:00Z,1230234,357,17216,10.2,10.2,,89,89,,857.88,857.88,,,,,0.01,2.5,2.3,2.7,8.3,8.1,8.5,6.9,6.8,7,195.4,197.5,193.3,553.383,541.322,565.444,156.612,155.576,157.648,24.123,20.542,27.704,1.67,1.822,1.518,0.178,0.164,0.192,0.10200000000000001,0.11,0.094,2.175,2.012,2.338,2.175,2.012,2.338,3.372,3.092,3.652,3.372,3.092,3.652,3.5,3.246,3.754,3.5,3.246,3.754
2023-06-29T09:00:00Z,1230834,395,17536,11,11,,89,89,,857.882,857.882,,,,,0.01,2.6,2.5,2.8,8.6,8.6,8.6,7.1,7.1,7.1,191.8,191.6,192,574.279,575.47,573.088,163.37099999999998,165.314,161.428,25.484,22.522,28.446,1.448,1.282,1.614,0.216,0.218,0.214,0.11499999999999999,0.18,0.05,2.4850000000000003,2.382,2.588,2.484,2.382,2.586,3.612,3.392,3.832,3.612,3.392,3.832,3.803,3.6,4.006,3.803,3.6,4.006
2023-06-29T09:10:00Z,1231434,375,17856,11,11,,89,89,,857.81,857.81,,,,,0.01,2.5,2.2,2.7,8.3,8,8.6,6.9,6.8,7.1,195.3,198.5,192.3,553.6469999999999,536.144,571.15,155.24099999999999,150.716,159.766,24.261000000000003,19.768,28.754,1.629,0.99,2.268,0.171,0.11,0.232,0.076,0.11,0.042,2.195,2.118,2.272,2.195,2.118,2.272,3.3280000000000003,2.968,3.688,3.3280000000000003,2.968,3.688,3.4379999999999997,3.052,3.824,3.4379999999999997,3.052,3.824
2023-06-29T09:20:00Z,1232034,353,17536,11,11,,89,89,,857.694,857.694,,,,,0.01,2.8,2.6,3,8.6,8.4,8.9,7.1,6.9,7.3,191.4,194.8,188.2,576.329,556.842,595.816,164.115,161.364,166.866,28.087,25.39,30.784,1.8619999999999999,2.058,1.666,0.305,0.366,0.244,0.217,0.314,0.12,2.351,2.21,2.492,2.351,2.21,2.492,3.62,3.462,3.778,3.62,3.462,3.778,3.886,3.754,4.018,3.886,3.754,4.018
2023-06-29T09:30:00Z,1232634,377,17856,11,11,,89.4,89.4,,857.82,857.82,,,,,0.01,2.6,2.4,2.8,8.5,8.3,8.8,7.1,6.9,7.2,192.7,195.5,190,568.819,552.618,585.02,159.718,155.534,163.902,25.225,23.038,27.412,1.404,1.35,1.458,0.167,0,0.334,0.052,0,0.104,2.1630000000000003,2.036,2.29,2.1630000000000003,2.036,2.29,3.387,3.09,3.684,3.387,3.09,3.684,3.507,3.144,3.87,3.507,3.144,3.87
2023-06-29T09:40:00Z,1233234,363,17856,11,11,,90,90,,857.84,857.84,,,,,0.01,2.5,2.2,2.8,8.5,8.1,9,7,6.8,7.3,192.7,198,187.7,568.793,538.65,598.936,162.73000000000002,154.93,170.53,22.835,18.196,27.474,1.1840000000000002,0.776,1.592,0.203,0.126,0.28,0.037,0.074,0,2.401,2.05,2.752,2.401,2.05,2.752,3.385,2.906,3.864,3.385,2.906,3.864,3.529,2.976,4.082,3.529,2.976,4.082
2023-06-29T09:50:00Z,1233834,370,17856,11,11,,90,90,,857.78,857.78,,,,,0.01,2.5,2.4,2.7,8.3,8.1,8.5,6.9,6.8,7,195.5,198,193.1,552.431,538.644,566.218,155.602,153.234,157.97,24.624,21.83,27.418,1.213,1.102,1.324,0.085,0.034,0.136,0.024,0.034,0.014,2.168,2.028,2.308,2.168,2.028,2.308,3.333,3.056,3.61,3.333,3.056,3.61,3.412,3.138,3.686,3.412,3.138,3.686
2023-06-29T10:00:00Z,1234434,364,17536,11,11,,90,90,,857.824,857.824,,,,,0.01,2.4,2.2,2.6,8.2,8.2,8.3,6.9,6.8,6.9,196.1,196.7,195.6,549.171,546.186,552.156,153.36,153.46,153.26,23.12,19.42,26.82,1.363,1.228,1.498,0.119,0.084,0.154,0.05499999999999999,0.036,0.074,2.149,2.218,2.08,2.149,2.218,2.08,3.2110000000000003,3.12,3.302,3.2110000000000003,3.12,3.302,3.326,3.222,3.43,3.326,3.222,3.43
2023-06-29T10:10:00Z,1235034,369,17856,11,11,,90,90,,857.836,857.836,,,,,0.01,2.6,2.5,2.7,8.6,8.6,8.5,7.1,7.1,7.1,192.5,192.4,192.5,570.2570000000001,570.542,569.972,159.959,161.89,158.028,24.317,21.89,26.744,0.935,0.818,1.052,0.08299999999999999,0.086,0.08,0.06,0.086,0.034,2.371,2.346,2.396,2.371,2.346,2.396,3.4080000000000004,3.236,3.58,3.4080000000000004,3.236,3.58,3.468,3.332,3.604,3.468,3.332,3.604
2023-06-29T10:20:00Z,1235634,362,17856,11,11,,90,90,,857.828,857.828,,,,,0.01,2.7,2.4,2.9,8.8,8.5,9.1,7.2,7.1,7.4,189.5,192.6,186.5,588.0450000000001,569.63,606.46,166.09199999999998,160.552,171.632,25.218,21.374,29.062,1.291,0.948,1.634,0.224,0.182,0.266,0.115,0.092,0.138,2.503,2.346,2.66,2.503,2.346,2.66,3.625,3.278,3.972,3.625,3.278,3.972,3.803,3.444,4.162,3.803,3.444,4.162
2023-06-29T10:30:00Z,1236234,355,17856,11,11,,90,90,,857.91,857.91,,,,,0.01,2.6,2.5,2.8,8.8,8.5,9,7.2,7.1,7.3,190.2,192.6,187.8,583.758,569.174,598.342,166.553,165.218,167.888,24.85,23.144,26.556,1.159,1.232,1.086,0.177,0.166,0.188,0.10400000000000001,0.166,0.042,2.4130000000000003,2.282,2.544,2.4130000000000003,2.282,2.544,3.474,3.358,3.59,3.474,3.358,3.59,3.606,3.514,3.698,3.606,3.514,3.698
2023-06-29T10:40:00Z,1236834,376,17536,11.4,11.4,,90,90,,857.982,857.982,,,,,0.01,2.8,2.5,3.1,9.2,8.9,9.4,7.4,7.3,7.6,185.5,188.3,182.8,612.227,595.054,629.4,175.622,172.09,179.154,26.707,22.532,30.882,1.5619999999999998,1.498,1.626,0.161,0.098,0.224,0.022,0.044,0,2.6020000000000003,2.41,2.794,2.6020000000000003,2.41,2.794,3.9,3.55,4.25,3.9,3.55,4.25,3.988,3.628,4.348,3.988,3.628,4.348
2023-06-29T10:50:00Z,1237434,358,17856,12,12,,90,90,,858.066,858.066,,,,,0.01,2.6,2.4,2.8,8.9,8.8,9,7.3,7.2,7.3,188.6,189.4,187.8,593.472,588.702,598.242,167.39499999999998,166.75,168.04,24.07,20.298,27.842,1.445,1.536,1.354,0.267,0.348,0.186,0.126,0.252,0,2.423,2.402,2.444,2.423,2.402,2.444,3.508,3.324,3.692,3.508,3.324,3.692,3.747,3.674,3.82,3.747,3.674,3.82
2023-06-29T11:00:00Z,1238034,374,17856,12,12,,90,90,,858.086,858.086,,,,,0.01,2.8,2.5,3.1,9.6,9.3,9.9,7.6,7.5,7.8,181.5,184.5,178.6,638.2529999999999,618.726,657.78,179.5,175.552,183.448,26.728,21.712,31.744,1.778,1.642,1.914,0.263,0.222,0.304,0.08600000000000001,0.132,0.04,2.76,2.644,2.876,2.76,2.644,2.876,3.981,3.672,4.29,3.981,3.672,4.29,4.196,3.912,4.48,4.196,3.912,4.48
2023-06-29T11:10:00Z,1238634,367,18176,12,12,,90,90,,858.112,858.112,,,,,0.01,2.9,2.7,3.1,9.7,9.5,9.9,7.7,7.6,7.8,180.4,182.4,178.5,645.46,632.566,658.354,180.549,178.174,182.924,26.774,24.154,29.394,1.024,1.308,0.74,0.091,0.136,0.046,0.068,0.136,0,2.7350000000000003,2.596,2.874,2.7350000000000003,2.596,2.874,3.7990000000000004,3.648,3.95,3.7990000000000004,3.648,3.95,3.8899999999999997,3.764,4.016,3.8899999999999997,3.764,4.016
2023-06-29T11:20:00Z,1239417,3026,15168,12,12,,90,90,,858.175,858.175,,,,,0.01,2.8,2.6,2.9,9.2,9.2,9.2,7.5,7.4,7.5,185.1,185.3,184.9,614.8125,613.51,616.115,170.8475,172.945,168.75,26.247500000000002,23.645,28.85,1.3050000000000002,1.365,1.245,0.11,0.11,0.11,0,0,0,2.5125,2.495,2.53,2.5125,2.495,2.53,3.73,3.515,3.945,3.73,3.515,3.945,3.7975000000000003,3.615,3.98,3.7975000000000003,3.615,3.98
2023-06-29T11:30:00Z,1239714,580,18120,12,12,,90,90,,858.187,858.187,,,,,0.01,2.7,2.6,2.7,9.2,9.5,9,7.5,7.6,7.3,185.1,182.8,187.6,614.8165,630.01,599.623,173.647,178.937,168.357,24.673000000000002,23.463,25.883,1.5114999999999998,1.763,1.26,0.22349999999999998,0.24,0.207,0.1885,0.17,0.207,2.5285,2.547,2.51,2.5285,2.547,2.51,3.6915,3.763,3.62,3.6915,3.763,3.62,3.875,3.957,3.793,3.875,3.957,3.793
2023-06-29T11:40:00Z,1240494,352,17380,11.75,11.75,,90,90,,858.253,858.253,,,,,0.01,2.9,2.6,3.2,9.7,9.6,9.9,7.7,7.6,7.8,179.9,181.5,178.3,648.8325,638.31,659.355,183.853,183.523,184.183,27.204,22.84,31.568,1.256,1.427,1.085,0.215,0.323,0.107,0.0825,0.165,0,2.8825000000000003,2.825,2.94,2.8825000000000003,2.825,2.94,4.055,3.8,4.31,4.055,3.8,4.31,4.2475000000000005,4.07,4.425,4.2475000000000005,4.07,4.425
2023-06-29T11:50:00Z,1241034,362,17800,11.4,11.4,,90,90,,858.308,858.308,,,,,0.01,3,2.8,3.1,9.9,9.8,10.1,7.9,7.8,7.9,177.8,179.2,176.3,663.262,653.462,673.062,187.792,186.078,189.506,28.365000000000002,25.946,30.784,1.613,1.596,1.63,0.28200000000000003,0.194,0.37,0.094,0.09,0.098,2.894,2.848,2.94,2.894,2.848,2.94,4.128,3.994,4.262,4.128,3.994,4.262,4.329000000000001,4.144,4.514,4.329000000000001,4.144,4.514
2023-06-29T12:00:00Z,1241634,363,17480,12,12,,90,90,,858.342,858.342,,,,,0.01,3.4,3.1,3.7,10.9,10.3,11.5,8.4,8,8.7,169.1,174.7,163.8,725.7819999999999,684.61,766.954,207.012,197.924,216.1,33.26,29.322,37.198,1.567,1.442,1.692,0.28099999999999997,0.346,0.216,0.11,0.22,0,3.341,3.05,3.632,3.341,3.05,3.632,4.848,4.342,5.354,4.848,4.342,5.354,5.029,4.588,5.47,5.029,4.588,5.47
2023-06-29T12:10:00Z,1241994,366,18120,12,12,,90,90,,858.37,858.37,,,,,0.01,3.8,3.3,4.3,12.1,11.5,12.7,9,8.7,9.2,159,163.6,154.7,807.0550000000001,768.78,845.33,224.685,215.76,233.61,37.905,29.72,46.09,1.54,1.15,1.93,0.045,0,0.09,0.045,0,0.09,3.4450000000000003,3.35,3.54,3.4450000000000003,3.35,3.54,5.29,4.89,5.69,5.29,4.89,5.69,5.38,4.89,5.87,5.38,4.89,5.87
2023-06-29T12:20:00Z,1242834,363,11416,12,12,,90,90,,858.42,858.42,,,,,0.01,3.7,3.3,4.1,12,11.2,12.7,8.9,8.5,9.3,160.1,166.3,154.4,797.7750000000001,747.6,847.95,225.57999999999998,209.42,241.74,36.339999999999996,30.45,42.23,1.99,1.44,2.54,0.5,0.58,0.42,0.11,0.22,0,3.72,3.16,4.28,3.72,3.16,4.28,5.285,4.45,6.12,5.285,4.45,6.12,5.675,5.02,6.33,5.675,5.02,6.33
2023-06-29T12:30:00Z,1243434,370,17530,12,12,,90,90,,858.478,858.478,,,,,0.01,3.1,2.8,3.4,10.6,10.5,10.6,8.2,8.1,8.2,172.1,173,171.2,703.5250000000001,697.09,709.96,199.123,199.436,198.81,28.586000000000002,23.524,33.648,1.202,1.18,1.224,0.157,0.138,0.176,0.092,0.094,0.09,3.202,3.116,3.288,3.202,3.116,3.288,4.433,4.152,4.714,4.433,4.152,4.714,4.556,4.258,4.854,4.556,4.258,4.854
2023-06-29T12:40:00Z,1244034,361,17298,12,12,,90,90,,858.43,858.43,,,,,0.01,3.6,3.4,3.8,11.6,11.4,11.8,8.7,8.6,8.8,162.9,164.6,161.2,774.715,760.758,788.672,219.869,217.376,222.362,35.269,31.55,38.988,1.9729999999999999,1.896,2.05,0.39,0.454,0.326,0.29700000000000004,0.454,0.14,3.6020000000000003,3.58,3.624,3.6020000000000003,3.58,3.624,5.183,5.016,5.35,5.183,5.016,5.35,5.49,5.39,5.59,5.49,5.39,5.59
2023-06-29T12:50:00Z,1244634,354,18120,12,12,,90,90,,858.396,858.396,,,,,0.01,3.5,3.1,4,11.9,11.6,12.3,8.9,8.7,9,160.5,163.2,157.8,794.7429999999999,771.784,817.702,223.723,217.832,229.614,33.223,25.818,40.628,2.2030000000000003,1.96,2.446,0.421,0.352,0.49,0.248,0.352,0.144,3.843,3.716,3.97,3.843,3.716,3.97,5.3309999999999995,4.95,5.712,5.3309999999999995,4.95,5.712,5.643000000000001,5.23,6.056,5.643000000000001,5.23,6.056
2023-06-29T13:00:00Z,1245234,361,17480,12,12,,90,90,,858.48,858.48,,,,,0.01,4,3.7,4.3,12.9,12.6,13.2,9.4,9.2,9.5,153,155,151,860.8689999999999,842.334,879.404,242.623,238.466,246.78,39.025,33.744,44.306,1.893,1.944,1.842,0.274,0.236,0.312,0.126,0.144,0.108,4.057,3.962,4.152,4.057,3.962,4.152,5.74,5.482,5.998,5.74,5.482,5.998,5.966,5.682,6.25,5.966,5.682,6.25
2023-06-29T13:10:00Z,1245834,363,18120,12,12,,90,90,,858.5,858.5,,,,,0.01,4.2,4,4.5,13.5,12.9,14.2,9.7,9.4,9.9,148.6,152.9,144.4,902.953,861.404,944.502,254.31799999999998,244.224,264.412,42.221000000000004,38.694,45.748,2.291,1.974,2.608,0.275,0.286,0.264,0.091,0.056,0.126,4.2059999999999995,3.75,4.662,4.2059999999999995,3.75,4.662,6.253,5.592,6.914,6.253,5.592,6.914,6.444,5.816,7.072,6.444,5.816,7.072
2023-06-29T13:20:00Z,1246434,369,17800,12,12,,90,90,,858.552,858.552,,,,,0.01,4.3,4.1,4.6,14,13.6,14.3,9.8,9.7,10,145.8,148.2,143.5,930.162,906.222,954.102,263.106,257.784,268.428,42.359,38.454,46.264,2.285,1.946,2.624,0.326,0.26,0.392,0.174,0.26,0.088,4.559,4.296,4.822,4.559,4.296,4.822,6.385,6.044,6.726,6.385,6.044,6.726,6.631,6.274,6.988,6.631,6.274,6.988
2023-06-29T13:30:00Z,1247034,357,17480,12,12,,90,90,,858.564,858.564,,,,,0.01,5,4.4,5.6,16.2,15.5,16.8,10.8,10.5,11,132.7,136.3,129.2,1077.591,1033.706,1121.476,303.921,291.702,316.14,49.855000000000004,40.222,59.488,4.207,3.53,4.884,0.5700000000000001,0.512,0.628,0.323,0.316,0.33,5.529999999999999,5.286,5.774,5.529999999999999,5.286,5.774,8.007000000000001,7.336,8.678,8.007000000000001,7.336,8.678,8.438,7.706,9.17,8.438,7.706,9.17
2023-06-29T13:40:00Z,1247634,352,17800,12,12,,90,90,,858.688,858.688,,,,,0.01,7.5,6.6,8.5,23.1,22.1,24.1,13.3,13,13.6,103.4,106.7,100.2,1540.64,1474.236,1607.044,435.784,417.306,454.262,79.49,64.904,94.076,6.17,5.442,6.898,1.021,0.87,1.172,0.502,0.582,0.422,8.241,7.828,8.654,8.241,7.828,8.654,12.157,11.066,13.248,12.157,11.066,13.248,13.077,11.964,14.19,13.077,11.964,14.19
2023-06-29T13:50:00Z,1248234,352,18120,12,12,,90,90,,858.744,858.744,,,,,0.01,7.5,6.7,8.3,23,21.5,24.4,13.2,12.8,13.7,103.9,108.8,99.4,1530.315,1436.45,1624.18,436.18600000000004,414.082,458.29,79.31299999999999,66.606,92.02,6.4079999999999995,4.936,7.88,0.937,0.986,0.888,0.521,0.764,0.278,8.225,7.904,8.546,8.225,7.904,8.546,12.144,10.99,13.298,12.144,10.99,13.298,12.951,11.918,13.984,12.951,11.918,13.984
2023-06-29T14:00:00Z,1248834,357,18120,12,12,,90,90,,858.75,858.75,,,,,0.01,8.1,7.4,8.8,24.6,23.7,25.5,13.8,13.5,14,98.6,101.4,95.9,1642.701,1582.168,1703.234,463.44100000000003,446.246,480.636,85.32,73.95,96.69,6.718,5.456,7.98,0.883,0.878,0.888,0.503,0.68,0.326,8.714,8.406,9.022,8.714,8.406,9.022,13.241,12.164,14.318,13.241,12.164,14.318,13.919,12.878,14.96,13.919,12.878,14.96
2023-06-29T14:10:00Z,1249434,349,18120,12,12,,90,90,,858.816,858.816,,,,,0.01,9.1,8.1,10,27.2,25.9,28.5,14.5,14.1,14.9,91.5,94.9,88.3,1813.211,1727.01,1899.412,513.755,496.062,531.448,98.056,81.24,114.872,8.531,6.014,11.048,0.9650000000000001,0.896,1.034,0.562,0.608,0.516,9.555,9.4,9.71,9.555,9.4,9.71,14.858,13.55,16.166,14.858,13.55,16.166,15.611,14.24,16.982,15.611,14.24,16.982
2023-06-29T14:20:00Z,1250034,349,17800,12,12,,90,90,,858.834,858.834,,,,,0.01,9.8,8.6,11,28.6,27.3,30,14.9,14.5,15.3,87.9,91.3,84.8,1908.6309999999999,1817.558,1999.704,543.876,518.852,568.9,108.126,87.036,129.216,9.886,6.768,13.004,1.095,0.708,1.482,0.455,0.55,0.36,10.388,9.884,10.892,10.388,9.884,10.892,16.117,14.172,18.062,16.117,14.172,18.062,16.965,14.838,19.092,16.965,14.838,19.092
2023-06-29T14:30:00Z,1250634,354,17480,13,13,,90,90,,858.88,858.88,,,,,0.01,10.6,9.5,11.6,30.5,29,32,15.4,15,15.8,83.7,87.1,80.5,2033.3229999999999,1930.812,2135.834,579.1500000000001,554.158,604.142,115.59,99.756,131.424,8.344000000000001,7.458,9.23,0.758,0.968,0.548,0.482,0.75,0.214,10.955,10.522,11.388,10.955,10.522,11.388,16.988,15.634,18.342,16.988,15.634,18.342,17.673000000000002,16.508,18.838,17.673000000000002,16.508,18.838
2023-06-29T14:40:00Z,1251234,356,17480,13,13,,90,90,,858.934,858.934,,,,,0.01,10.5,9.4,11.5,31,29.3,32.7,15.5,15.1,15.9,82.6,86.3,79.2,2068.4480000000003,1955.46,2181.436,588.419,558.206,618.632,114.078,97.256,130.9,9.81,7.684,11.936,1.2109999999999999,1.008,1.414,0.623,0.662,0.584,11.33,10.574,12.086,11.33,10.574,12.086,17.479,15.562,19.396,17.479,15.562,19.396,18.433,16.362,20.504,18.433,16.362,20.504
2023-06-29T14:50:00Z,1251834,354,17800,13,13,,90,90,,858.908,858.908,,,,,0.01,10.3,9.2,11.5,30,28.4,31.6,15.3,14.8,15.7,84.7,88.4,81.4,2001.315,1896.502,2106.128,568.927,540.288,597.566,112.047,94.744,129.35,7.537000000000001,6.322,8.752,0.9209999999999999,0.694,1.148,0.345,0.39,0.3,11.011,10.38,11.642,11.011,10.38,11.642,16.498,14.934,18.062,16.498,14.934,18.062,17.29,15.59,18.99,17.29,15.59,18.99
2023-06-29T15:00:00Z,1252434,363,18120,13,13,,90,90,,858.904,858.904,,,,,0.01,9.5,8.4,10.6,28.1,26.5,29.7,14.8,14.3,15.2,89.2,93.4,85.4,1874.0430000000001,1765.106,1982.98,532.505,505.906,559.104,102.745,86.186,119.304,7.338,6.35,8.326,0.96,0.856,1.064,0.492,0.526,0.458,10.259,9.698,10.82,10.259,9.698,10.82,15.357,13.982,16.732,15.357,13.982,16.732,16.158,14.748,17.568,16.158,14.748,17.568
2023-06-29T15:10:00Z,1253034,351,17800,13.6,13.6,,89.4,89.4,,858.874,858.874,,,,,0.01,9.4,8.3,10.4,27.4,26,28.8,14.6,14.2,15,90.9,94.7,87.4,1827.245,1732.222,1922.268,519.851,496.234,543.468,101.767,85.478,118.056,7.234,6.01,8.458,1,0.62,1.38,0.538,0.464,0.612,9.957,9.246,10.668,9.957,9.246,10.668,14.963999999999999,13.542,16.386,14.963999999999999,13.542,16.386,15.747,14.184,17.31,15.747,14.184,17.31
2023-06-29T15:20:00Z,1253634,363,17480,14,14,,89,89,,858.902,858.902,,,,,0.01,8.6,7.7,9.4,26.1,24.8,27.3,14.2,13.8,14.5,94.5,98.2,91.1,1737.467,1651.834,1823.1,491.64,469.86,513.42,89.701,76.37,103.032,6.099,4.986,7.212,0.8460000000000001,0.63,1.062,0.358,0.442,0.274,9.363,8.772,9.954,9.363,8.772,9.954,13.809999999999999,12.526,15.094,13.809999999999999,12.526,15.094,14.458,13.1,15.816,14.458,13.1,15.816
2023-06-29T15:30:00Z,1254234,354,17800,14,14,,89,89,,858.97,858.97,,,,,0.01,8.8,7.8,9.8,26,24.7,27.4,14.2,13.8,14.6,94.5,98.5,90.9,1736.0259999999998,1644.264,1827.788,493.387,467.798,518.976,93.26599999999999,78.538,107.994,5.734,5.156,6.312,0.658,0.66,0.656,0.42300000000000004,0.528,0.318,9.405999999999999,8.86,9.952,9.405999999999999,8.86,9.952,13.986,12.674,15.298,13.986,12.674,15.298,14.536999999999999,13.19,15.884,14.536999999999999,13.19,15.884
2023-06-29T15:40:00Z,1254834,353,17800,14,14,,89,89,,859.086,859.086,,,,,0.01,8.3,7.3,9.4,25,23.7,26.3,13.9,13.5,14.3,97.5,101.5,93.8,1666.6660000000002,1578.122,1755.21,470.22400000000005,449.004,491.444,88.14500000000001,70.694,105.596,5.9799999999999995,3.876,8.084,0.905,0.644,1.166,0.33499999999999996,0.41,0.26,8.872,8.504,9.24,8.872,8.504,9.24,13.190000000000001,11.656,14.724,13.190000000000001,11.656,14.724,13.887,12.264,15.51,13.887,12.264,15.51
2023-06-29T15:50:00Z,1255434,358,18120,14,14,,89,89,,858.958,858.958,,,,,0.01,7.8,7.2,8.5,23.3,22.3,24.4,13.4,13,13.7,102.6,106.1,99.3,1556.3519999999999,1485.594,1627.11,441.12,428.198,454.042,82.922,73.364,92.48,5.055,4.398,5.712,0.685,0.762,0.608,0.32499999999999996,0.586,0.064,8.063,7.62,8.506,8.063,7.62,8.506,12.12,11.136,13.104,12.12,11.136,13.104,12.687,11.786,13.588,12.687,11.786,13.588
2023-06-29T16:00:00Z,1256034,355,18120,14,14,,89,89,,858.982,858.982,,,,,0.01,7.5,6.6,8.3,22.6,21.4,23.8,13.1,12.7,13.5,105,109.2,101.1,1508.1370000000002,1427.958,1588.316,428.841,408.528,449.154,78.533,65.14,91.926,5.428,4.224,6.632,0.5409999999999999,0.368,0.714,0.179,0.15,0.208,8.042,7.56,8.524,8.042,7.56,8.524,11.936,10.762,13.11,11.936,10.762,13.11,12.369,11.136,13.602,12.369,11.136,13.602
2023-06-29T16:10:00Z,1256634,360,17800,14,14,,89,89,,859.116,859.116,,,,,0.01,7.3,6.6,8.1,22.2,21.3,23.2,13,12.7,13.3,106.3,109.7,103.1,1481.958,1418.698,1545.218,418.525,402.602,434.448,77.63,65.868,89.392,5.558,5.084,6.032,0.7849999999999999,0.732,0.838,0.41400000000000003,0.536,0.292,7.84,7.308,8.372,7.84,7.308,8.372,11.690999999999999,10.708,12.674,11.690999999999999,10.708,12.674,12.293,11.362,13.224,12.293,11.362,13.224
2023-06-29T16:20:00Z,1257234,354,17800,14,14,,89,89,,859.21,859.21,,,,,0.01,7.8,6.8,8.8,23.2,21.7,24.6,13.3,12.8,13.8,103.2,108.4,98.5,1543.466,1443.818,1643.114,439.77099999999996,411.14,468.402,82.09100000000001,67.908,96.274,4.898,4.91,4.886,0.524,0.368,0.68,0.27,0.24,0.3,8.151,7.358,8.944,8.151,7.358,8.944,12.08,10.684,13.476,12.08,10.684,13.476,12.559999999999999,11.072,14.048,12.559999999999999,11.072,14.048
2023-06-29T16:30:00Z,1257834,356,17480,14.6,14.6,,88,88,,859.188,859.188,,,,,0.01,8.3,7.2,9.3,24.3,22.9,25.7,13.6,13.2,14.1,99.7,104.1,95.6,1618.1309999999999,1526.204,1710.058,455.84299999999996,430.178,481.508,89.274,72.72,105.828,5.943,4.534,7.352,0.8599999999999999,0.578,1.142,0.338,0.442,0.234,8.579,7.928,9.23,8.579,7.928,9.23,12.835,11.402,14.268,12.835,11.402,14.268,13.481,11.924,15.038,13.481,11.924,15.038
2023-06-29T16:40:00Z,1258434,352,17480,15,15,,88,88,,859.24,859.24,,,,,0.01,8.6,7.6,9.6,25.3,23.6,26.9,13.9,13.4,14.4,96.8,101.8,92.2,1683.523,1573.6,1793.446,480.266,453.636,506.896,91.52000000000001,76.29,106.75,5.897,4.336,7.458,0.62,0.398,0.842,0.30100000000000005,0.322,0.28,9.067,8.496,9.638,9.067,8.496,9.638,13.588000000000001,12.122,15.054,13.588000000000001,12.122,15.054,14.166,12.654,15.678,14.166,12.654,15.678
2023-06-29T16:50:00Z,1259034,359,18120,15,15,,88,88,,859.242,859.242,,,,,0.01,8.8,7.7,10,25.5,24,27,14,13.6,14.4,96.1,100.6,92,1699.356,1598.474,1800.238,480.256,457.678,502.834,95.436,77.768,113.104,5.927,5.164,6.69,0.607,0.504,0.71,0.32,0.36,0.28,9.053,8.588,9.518,9.053,8.588,9.518,13.722000000000001,12.486,14.958,13.722000000000001,12.486,14.958,14.264,12.994,15.534,14.264,12.994,15.534
2023-06-29T17:00:00Z,1259634,355,18120,15,15,,88,88,,859.208,859.208,,,,,0.01,10,8.7,11.2,29.3,27.3,31.2,15.1,14.5,15.6,86.5,91.2,82.2,1950.086,1821.306,2078.866,556.729,525.268,588.19,107.81700000000001,89.304,126.33,7.7410000000000005,6.522,8.96,0.789,0.646,0.932,0.392,0.5,0.284,10.82,10.164,11.476,10.82,10.164,11.476,16.223,14.66,17.786,16.223,14.66,17.786,16.863,15.228,18.498,16.863,15.228,18.498
2023-06-29T17:10:00Z,1260234,354,18120,15,15,,88,88,,859.23,859.23,,,,,0.01,9.3,8.2,10.4,26.8,25.4,28.2,14.4,14,14.8,92.4,96.3,88.9,1788.2199999999998,1695.014,1881.426,507.128,485.366,528.89,99.995,82.512,117.478,5.572,4.292,6.852,0.628,0.486,0.77,0.294,0.344,0.244,9.806999999999999,9.126,10.488,9.806999999999999,9.126,10.488,14.484,13.026,15.942,14.484,13.026,15.942,14.996,13.494,16.498,14.996,13.494,16.498
2023-06-29T17:20:00Z,1260834,360,17800,15,15,,88,88,,859.274,859.274,,,,,0.01,8.4,7.4,9.4,24.6,22.8,26.3,13.7,13.2,14.2,98.8,104.2,93.9,1637.3850000000002,1522.784,1751.986,468.979,440.9,497.058,91.525,75.574,107.476,7.116,5.098,9.134,0.9590000000000001,0.68,1.238,0.465,0.544,0.386,8.734,8.256,9.212,8.734,8.256,9.212,13.496,12.054,14.938,13.496,12.054,14.938,14.218,12.636,15.8,14.218,12.636,15.8
2023-06-29T17:30:00Z,1261434,360,17480,15,15,,88,88,,859.298,859.298,,,,,0.01,7.5,6.6,8.4,22.5,21.2,23.7,13.1,12.7,13.5,105.5,110,101.4,1497.944,1413.838,1582.05,423.515,400.51,446.52,78.343,65.004,91.682,4.809,4.198,5.42,0.446,0.22,0.672,0.22999999999999998,0.21,0.25,8.118,7.544,8.692,8.118,7.544,8.692,11.838000000000001,10.69,12.986,11.838000000000001,10.69,12.986,12.202,11,13.404,12.202,11,13.404
2023-06-29T17:40:00Z,1262034,356,18120,15,15,,87.8,87.8,,859.256,859.256,,,,,0.01,7.3,6.3,8.4,21.7,19.9,23.5,12.8,12.2,13.4,108.4,115.3,102.2,1443.716,1323.988,1563.444,408.581,377.792,439.37,78.416,63.812,93.02,4.898,4.836,4.96,0.577,0.406,0.748,0.297,0.348,0.246,7.707,6.98,8.434,7.707,6.98,8.434,11.445,10.31,12.58,11.445,10.31,12.58,11.921,10.69,13.152,11.921,10.69,13.152
2023-06-29T17:50:00Z,1262634,352,18120,15,15,,87,87,,859.296,859.296,,,,,0.01,6.7,5.8,7.7,20.2,18.9,21.6,12.3,11.8,12.8,113.7,119.4,108.5,1349.9899999999998,1258.36,1441.62,383.155,360.606,405.704,71.044,56.238,85.85,4.73,3.7,5.76,0.8719999999999999,0.586,1.158,0.319,0.38,0.258,7.17,6.896,7.444,7.17,6.896,7.444,10.586,9.526,11.646,10.586,9.526,11.646,11.201,9.966,12.436,11.201,9.966,12.436
2023-06-29T18:00:00Z,1263234,355,17160,15,15,,87,87,,859.378,859.378,,,,,0.01,6.8,6.1,7.6,20.7,19.5,21.9,12.5,12,12.9,112,116.9,107.4,1379.65,1297.734,1461.566,394.971,372.86,417.082,70.888,60.598,81.178,4.025,3.566,4.484,0.536,0.412,0.66,0.281,0.262,0.3,7.291,6.684,7.898,7.291,6.684,7.898,10.608,9.442,11.774,10.608,9.442,11.774,11.046,9.8,12.292,11.046,9.8,12.292
2023-06-29T18:10:00Z,1263834,361,17800,15,15,,87,87,,859.47,859.47,,,,,0.01,6.7,5.9,7.6,20.4,19.2,21.7,12.4,11.9,12.8,113,118.2,108.2,1362.4679999999998,1277.916,1447.02,388.94399999999996,365.7,412.188,70.023,56.852,83.194,4.457000000000001,3.168,5.746,0.479,0.178,0.78,0.195,0.178,0.212,7.191,6.616,7.766,7.191,6.616,7.766,10.658000000000001,9.362,11.954,10.658000000000001,9.362,11.954,11.059999999999999,9.548,12.572,11.059999999999999,9.548,12.572
2023-06-29T18:20:00Z,1264434,363,18154,15,15,,87,87,,859.64,859.64,,,,,0.01,6.5,5.7,7.3,19.7,18.4,21,12.1,11.7,12.6,115.8,121.4,110.7,1315.461,1229.08,1401.842,374.76300000000003,351.594,397.932,67.30600000000001,54.84,79.772,4.006,3.074,4.938,0.564,0.298,0.83,0.223,0.216,0.23,6.864,6.326,7.402,6.864,6.326,7.402,10.096,9.034,11.158,10.096,9.034,11.158,10.564,9.288,11.84,10.564,9.288,11.84
2023-06-29T18:30:00Z,1265034,354,17800,15,15,,87,87,,859.654,859.654,,,,,0.01,6.4,5.5,7.3,19.2,17.7,20.7,12,11.4,12.5,118,124.9,111.8,1280.569,1178.882,1382.256,363.7,335.06,392.34,67.808,55.654,79.962,4.466,3.952,4.98,0.625,0.486,0.764,0.354,0.398,0.31,6.593999999999999,5.946,7.242,6.593999999999999,5.946,7.242,9.788,8.518,11.058,9.788,8.518,11.058,10.311,8.974,11.648,10.311,8.974,11.648
2023-06-29T18:40:00Z,1265634,354,17480,15,15,,87,87,,859.56,859.56,,,,,0.01,6.4,5.5,7.3,19.7,18.5,21,12.1,11.7,12.6,115.8,121.2,110.9,1314.777,1232.062,1397.492,371.212,346.876,395.548,66.632,53.682,79.582,4.699999999999999,3.832,5.568,0.741,0.688,0.794,0.314,0.384,0.244,6.85,6.146,7.554,6.85,6.146,7.554,10.108,8.818,11.398,10.108,8.818,11.398,10.71,9.35,12.07,10.71,9.35,12.07
2023-06-29T18:50:00Z,1266234,358,17800,15,15,,87,87,,859.612,859.612,,,,,0.01,6.5,5.7,7.3,19.9,18.7,21.2,12.2,11.8,12.6,115,120.3,110.2,1328.186,1246.224,1410.148,376.85699999999997,353.344,400.37,67.227,56.458,77.996,4.377000000000001,4.182,4.572,0.404,0.362,0.446,0.16699999999999998,0.212,0.122,7.008,6.494,7.522,7.008,6.494,7.522,10.362,9.34,11.384,10.362,9.34,11.384,10.739999999999998,9.748,11.732,10.739999999999998,9.748,11.732
2023-06-29T19:00:00Z,1266834,355,17800,15.4,15.4,,87,87,,859.736,859.736,,,,,0.01,6.2,5.6,6.8,18.7,17.5,19.8,11.8,11.3,12.2,120.3,125.6,115.5,1245.0500000000002,1169.22,1320.88,356.10900000000004,335.704,376.514,63.659000000000006,54.892,72.426,3.121,2.432,3.81,0.435,0.348,0.522,0.257,0.348,0.166,6.67,6.216,7.124,6.67,6.216,7.124,9.518,8.59,10.446,9.518,8.59,10.446,9.891,8.928,10.854,9.891,8.928,10.854
2023-06-29T19:10:00Z,1267434,354,17800,16,16,,87,87,,859.768,859.768,,,,,0.01,5.9,5,6.9,18.6,17.1,20,11.7,11.2,12.2,120.8,127.7,114.7,1237.472,1141.354,1333.59,350.55100000000004,322.136,378.966,61.129,48.458,73.8,4.244,3.922,4.566,0.46499999999999997,0.694,0.236,0.328,0.518,0.138,6.395,5.758,7.032,6.395,5.758,7.032,9.399000000000001,8.182,10.616,9.399000000000001,8.182,10.616,9.791,8.718,10.864,9.791,8.718,10.864
2023-06-29T19:20:00Z,1268034,351,18120,16,16,,86.6,86.6,,859.836,859.836,,,,,0.01,5.8,5.1,6.4,17.9,16.6,19.2,11.5,10.9,11.9,124.1,130.5,118.2,1190.846,1104.85,1276.842,337.924,315.112,360.736,59.107,49.486,68.728,3.352,2.252,4.452,0.6890000000000001,0.474,0.904,0.41500000000000004,0.434,0.396,6.273,5.812,6.734,6.273,5.812,6.734,8.974,7.898,10.05,8.974,7.898,10.05,9.495999999999999,8.328,10.664,9.495999999999999,8.328,10.664
2023-06-29T19:30:00Z,1268634,355,17480,16,16,,86,86,,859.83,859.83,,,,,0.01,5.5,4.9,6,17.1,16.2,18.1,11.2,10.8,11.5,127.6,132.3,123.1,1143.045,1082.07,1204.02,324.299,309.2,339.398,55.351,48.198,62.504,3.1950000000000003,3.444,2.946,0.36,0.38,0.34,0.253,0.334,0.172,5.793,5.41,6.176,5.793,5.41,6.176,8.383,7.858,8.908,8.383,7.858,8.908,8.696,8.192,9.2,8.696,8.192,9.2
2023-06-29T19:40:00Z,1269234,352,17800,16,16,,86,86,,859.7,859.7,,,,,0.01,5.6,4.7,6.4,17.2,15.9,18.5,11.2,10.7,11.7,127.4,134.2,121.2,1145.487,1058.962,1232.012,324.16700000000003,302.844,345.49,57.768,44.952,70.584,3.54,2.64,4.44,0.5369999999999999,0.358,0.716,0.182,0.22,0.144,5.96,5.528,6.392,5.96,5.528,6.392,8.698,7.658,9.738,8.698,7.658,9.738,9.079,7.988,10.17,9.079,7.988,10.17
2023-06-29T19:50:00Z,1269834,352,18120,16,16,,86,86,,859.726,859.726,,,,,0.01,5.8,5.1,6.4,18.2,17,19.4,11.6,11.1,12,122.4,128.1,117.1,1215.295,1135.812,1294.778,341.483,320.29,362.676,58.637,49.424,67.85,3.7859999999999996,3.028,4.544,0.5589999999999999,0.4,0.718,0.312,0.334,0.29,6.211,5.718,6.704,6.211,5.718,6.704,8.989,8.148,9.83,8.989,8.148,9.83,9.442,8.552,10.332,9.442,8.552,10.332
2023-06-29T20:00:00Z,1270434,390,17480,16,16,,86,86,,859.72,859.72,,,,,0.01,5.5,4.7,6.3,17.4,15.9,18.8,11.3,10.7,11.8,126.5,134.1,119.7,1157.012,1059.75,1254.274,324.964,299.962,349.966,55.693,44.302,67.084,3.107,2.294,3.92,0.489,0.262,0.716,0.268,0.262,0.274,5.968,5.56,6.376,5.968,5.56,6.376,8.491,7.518,9.464,8.491,7.518,9.464,8.858,7.79,9.926,8.858,7.79,9.926
2023-06-29T20:10:00Z,1271034,353,18120,16,16,,86,86,,859.772,859.772,,,,,0.01,5.8,5,6.5,18.3,17.1,19.6,11.6,11.2,12.1,121.8,127.8,116.4,1222.8899999999999,1139.862,1305.918,346.428,326.466,366.39,57.272,46.11,68.434,3.076,2.588,3.564,0.34400000000000003,0.228,0.46,0.134,0.088,0.18,6.429,5.978,6.88,6.429,5.978,6.88,9.088000000000001,8.116,10.06,9.088000000000001,8.116,10.06,9.361,8.352,10.37,9.361,8.352,10.37
2023-06-29T20:20:00Z,1271634,369,17800,16,16,,86,86,,859.884,859.884,,,,,0.01,5.8,5.1,6.5,17.9,16.6,19.1,11.5,11,11.9,123.9,130.2,118.3,1192.695,1109.118,1276.272,339.43899999999996,320.572,358.306,59.095,49.68,68.51,3.724,3.712,3.736,0.534,0.358,0.71,0.21600000000000003,0.274,0.158,6.26,5.9,6.62,6.26,5.9,6.62,8.959,8.234,9.684,8.959,8.234,9.684,9.377,8.598,10.156,9.377,8.598,10.156
2023-06-29T20:30:00Z,1272054,352,18120,16,16,,86,86,,859.92,859.92,,,,,0.01,5.7,5.1,6.2,17.5,16.8,18.2,11.3,11,11.6,125.9,129.2,122.7,1165.9,1121.325,1210.475,328.41999999999996,316.75,340.09,58.5275,50.59,66.465,3.4525,3.47,3.435,0.37,0.19,0.55,0.1925,0.19,0.195,5.9475,5.495,6.4,5.9475,5.495,6.4,8.835,8.215,9.455,8.835,8.215,9.455,9.105,8.375,9.835,9.105,8.375,9.835
2023-06-29T20:40:00Z,1272954,552,15400,16,16,,86,86,,859.963,859.963,,,,,0.01,4.6,3.9,5.2,14.5,13.6,15.3,10.1,9.7,10.4,142.6,148.2,137.5,963.502,906.307,1020.697,272.75350000000003,254.88,290.627,45.3015,35.94,54.663,2.117,2.027,2.207,0.27349999999999997,0.07,0.477,0.035,0.07,0,4.906499999999999,4.52,5.293,4.906499999999999,4.52,5.293,6.92,6.297,7.543,6.92,6.297,7.543,7.148,6.423,7.873,7.148,6.423,7.873
2023-06-29T20:50:00Z,1273434,352,18120,16,16,,86,86,,859.96,859.96,,,,,0.01,4.8,4.2,5.4,15.2,14.5,16,10.4,10.1,10.7,137.9,142.4,133.6,1016.038,966.15,1065.926,285.578,272.104,299.052,47.772999999999996,39.156,56.39,2.3499999999999996,2.07,2.63,0.355,0.172,0.538,0.182,0.104,0.26,5.112,4.784,5.44,5.112,4.784,5.44,7.29,6.648,7.932,7.29,6.648,7.932,7.545,6.782,8.308,7.545,6.782,8.308
2023-06-29T21:00:00Z,1274094,354,16962,16,16,,85.25,85.25,,859.97,859.97,,,,,0.01,5,4.4,5.6,15.9,15.2,16.6,10.7,10.4,10.9,134.2,138.2,130.5,1058.532,1012.237,1104.827,298.243,286.433,310.053,49.68,41.5,57.86,2.5915,2.495,2.688,0.2375,0.3,0.175,0.175,0.3,0.05,5.3285,5.112,5.545,5.3285,5.112,5.545,7.574,7.003,8.145,7.574,7.003,8.145,7.834,7.348,8.32,7.834,7.348,8.32
2023-06-29T21:10:00Z,1274634,351,18120,16,16,,85,85,,860.02,860.02,,,,,0.01,5.4,4.7,6,17.2,15.9,18.4,11.2,10.7,11.7,127.3,133.9,121.4,1146.1460000000002,1062.458,1229.834,324.10900000000004,302.086,346.132,53.466,44.97,61.962,3.2960000000000003,2.906,3.686,0.504,0.46,0.548,0.253,0.29,0.216,6.024,5.51,6.538,6.024,5.51,6.538,8.439,7.56,9.318,8.439,7.56,9.318,8.803,7.898,9.708,8.803,7.898,9.708
2023-06-29T21:20:00Z,1275234,366,16840,16,16,,85,85,,860.08,860.08,,,,,0.01,5.6,4.9,6.2,17.7,16.9,18.5,11.4,11.1,11.7,124.9,128.9,121,1179.726,1124.772,1234.68,334.45500000000004,319.348,349.562,55.669,46.202,65.136,3.198,3.122,3.274,0.475,0.628,0.322,0.199,0.398,0,6.155,5.9,6.41,6.155,5.9,6.41,8.757,8.016,9.498,8.757,8.016,9.498,9.112,8.568,9.656,9.112,8.568,9.656
2023-06-29T21:30:00Z,1275834,358,17800,16.8,16.8,,85,85,,860.164,860.164,,,,,0.01,5.7,5,6.5,17.6,16.3,18.9,11.3,10.8,11.8,125.5,132,119.5,1171.268,1085.504,1257.032,329.36800000000005,308.982,349.754,59.358000000000004,47.748,70.968,3.481,2.76,4.202,0.49,0.522,0.458,0.354,0.406,0.302,5.984,5.488,6.48,5.984,5.488,6.48,8.704,7.53,9.878,8.704,7.53,9.878,9.114,8.014,10.214,9.114,8.014,10.214
2023-06-29T21:40:00Z,1276434,353,17800,17,17,,85,85,,860.104,860.104,,,,,0.01,5.6,4.8,6.3,17.1,15.7,18.6,11.2,10.6,11.7,127.6,135.3,120.7,1142.9569999999999,1045.988,1239.926,323.681,297.828,349.534,57.089999999999996,46.196,67.984,3.481,2.622,4.34,0.41800000000000004,0.3,0.536,0.138,0.17,0.106,5.917,5.402,6.432,5.917,5.402,6.432,8.65,7.688,9.612,8.65,7.688,9.612,8.961,7.956,9.966,8.961,7.956,9.966
2023-06-29T21:50:00Z,1277034,353,17480,17,17,,85,85,,860.148,860.148,,,,,0.01,5.5,4.9,6.1,17.1,16,18.1,11.1,10.7,11.5,128,133.3,123,1137.739,1069.638,1205.84,322.877,307.04,338.714,56.025999999999996,46.848,65.204,3.384,3.178,3.59,0.45799999999999996,0.58,0.336,0.226,0.37,0.082,5.897,5.584,6.21,5.897,5.584,6.21,8.561,7.808,9.314,8.561,7.808,9.314,8.95,8.292,9.608,8.95,8.292,9.608
2023-06-29T22:00:00Z,1277634,374,18120,17,17,,85,85,,860.254,860.254,,,,,0.01,5.7,5.1,6.2,17.7,16.7,18.7,11.4,11,11.8,124.8,129.8,120.1,1180.854,1113.092,1248.616,332.106,316.98,347.232,58.623000000000005,51.278,65.968,4.13,3.982,4.278,0.5369999999999999,0.496,0.578,0.22499999999999998,0.284,0.166,6.1240000000000006,5.824,6.424,6.1240000000000006,5.824,6.424,8.937000000000001,8.262,9.612,8.937000000000001,8.262,9.612,9.393,8.74,10.046,9.393,8.74,10.046
2023-06-29T22:10:00Z,1278234,354,17480,17,17,,85,85,,860.34,860.34,,,,,0.01,5.4,4.6,6.2,16.8,15.4,18.2,11,10.5,11.6,129.3,136.7,122.5,1120.719,1028.884,1212.554,317.21299999999997,291.988,342.438,54.877,44.33,65.424,2.6959999999999997,2.546,2.846,0.559,0.448,0.67,0.293,0.356,0.23,5.837,5.23,6.444,5.837,5.23,6.444,8.283999999999999,7.256,9.312,8.283999999999999,7.256,9.312,8.705,7.644,9.766,8.705,7.644,9.766
2023-06-29T22:20:00Z,1278834,354,17800,17,17,,85,85,,860.404,860.404,,,,,0.01,5.7,5.1,6.3,17.6,16.8,18.4,11.4,11.1,11.7,125.1,129.1,121.4,1176.409,1122.934,1229.884,335.514,325.002,346.026,57.586,47.946,67.226,3.176,2.436,3.916,0.5569999999999999,0.514,0.6,0.381,0.472,0.29,6.165,5.936,6.394,6.165,5.936,6.394,8.783999999999999,8.096,9.472,8.783999999999999,8.096,9.472,9.193999999999999,8.498,9.89,9.193999999999999,8.498,9.89
2023-06-29T22:30:00Z,1279434,357,17800,17,17,,85,85,,860.56,860.56,,,,,0.01,6.4,5.5,7.3,19.2,17.8,20.6,12,11.4,12.5,118,124.4,112.2,1280.773,1186.158,1375.388,362.385,337.15,387.62,67.327,53.764,80.89,4.402,3.064,5.74,0.553,0.43,0.676,0.22,0.3,0.14,6.508,5.942,7.074,6.508,5.942,7.074,9.849,8.544,11.154,9.849,8.544,11.154,10.299,8.93,11.668,10.299,8.93,11.668
2023-06-29T22:40:00Z,1280034,352,18120,17,17,,85,85,,860.64,860.64,,,,,0.01,6.3,5.4,7.2,19.5,18.3,20.6,12,11.6,12.4,116.9,121.8,112.4,1297.4029999999998,1222.908,1371.898,365.805,347.266,384.344,65.417,53.37,77.464,4.3020000000000005,5.174,3.43,0.51,0.634,0.386,0.29400000000000004,0.452,0.136,6.8759999999999994,6.42,7.332,6.8759999999999994,6.42,7.332,10.032,9.188,10.876,10.032,9.188,10.876,10.432,9.736,11.128,10.432,9.736,11.128
2023-06-29T22:50:00Z,1280634,355,17480,17,17,,85,85,,860.712,860.712,,,,,0.01,6.3,5.3,7.3,19.3,17.9,20.6,12,11.5,12.4,117.8,123.7,112.4,1283.99,1196.412,1371.568,360.89599999999996,337.364,384.428,66.664,51.864,81.464,4.915,4.16,5.67,0.685,0.522,0.848,0.301,0.346,0.256,6.584,6.044,7.124,6.584,6.044,7.124,9.873999999999999,8.66,11.088,9.873999999999999,8.66,11.088,10.415,9.178,11.652,10.415,9.178,11.652
2023-06-29T23:00:00Z,1281234,367,18120,17,17,,85,85,,860.7,860.7,,,,,0.01,6.1,5.4,6.8,19.1,17.9,20.3,11.9,11.5,12.3,118.5,123.8,113.7,1272.347,1194.372,1350.322,357.116,336.582,377.65,63.088,52.28,73.896,4.138,2.738,5.538,0.65,0.376,0.924,0.361,0.33,0.392,6.372,5.844,6.9,6.372,5.844,6.9,9.453,8.3,10.606,9.453,8.3,10.606,9.988,8.752,11.224,9.988,8.752,11.224
2023-06-29T23:10:00Z,1281834,351,17800,17,17,,85,85,,860.732,860.732,,,,,0.01,5.9,5.2,6.6,18.7,17.4,20.1,11.8,11.3,12.3,120,126.2,114.4,1249.641,1160.83,1338.452,354.359,330.794,377.924,58.681,48.252,69.11,3.253,2.672,3.834,0.546,0.514,0.578,0.264,0.338,0.19,6.587999999999999,6.052,7.124,6.587999999999999,6.052,7.124,9.247,8.208,10.286,9.247,8.208,10.286,9.745999999999999,8.652,10.84,9.745999999999999,8.652,10.84
2023-06-29T23:20:00Z,1282434,352,17800,17,17,,85,85,,860.79,860.79,,,,,0.01,5.5,5,6.1,18.1,17.1,19,11.5,11.2,11.9,123.1,127.8,118.8,1203.88,1140.078,1267.682,338.748,326.534,350.962,54.462,46.4,62.524,3.2800000000000002,2.82,3.74,0.433,0.428,0.438,0.192,0.298,0.086,6.305,6.034,6.576,6.305,6.034,6.576,8.748999999999999,8.058,9.44,8.748999999999999,8.058,9.44,9.126999999999999,8.508,9.746,9.126999999999999,8.508,9.746
2023-06-29T23:30:00Z,1283034,354,17800,17,17,,85,85,,860.922,860.922,,,,,0.01,5.6,5,6.3,17.9,17.1,18.7,11.5,11.2,11.8,123.8,127.8,120.1,1194.1,1139.464,1248.736,335.58799999999997,321.216,349.96,56.863,46.792,66.934,3.539,3.212,3.866,0.454,0.442,0.466,0.29,0.358,0.222,6.083,5.722,6.444,6.083,5.722,6.444,8.762,7.992,9.532,8.762,7.992,9.532,9.120999999999999,8.382,9.86,9.120999999999999,8.382,9.86
2023-06-29T23:40:00Z,1283634,356,18120,17,17,,85,85,,860.872,860.872,,,,,0.01,5.7,4.9,6.6,17.9,16.9,18.9,11.5,11.1,11.8,123.9,128.9,119.3,1193.117,1124.962,1261.272,337.845,317.332,358.358,58.647000000000006,45.898,71.396,3.735,2.678,4.792,0.44999999999999996,0.204,0.696,0.209,0.128,0.29,6.2829999999999995,5.944,6.622,6.2829999999999995,5.944,6.622,8.945,8.006,9.884,8.945,8.006,9.884,9.286999999999999,8.214,10.36,9.286999999999999,8.214,10.36
2023-06-29T23:50:00Z,1284234,356,18120,17,17,,85,85,,860.99,860.99,,,,,0.01,5.8,5,6.5,18.5,17.4,19.6,11.7,11.3,12.1,121,126.2,116.3,1235.051,1161.872,1308.23,349.223,330.336,368.11,58.001999999999995,46.772,69.232,3.745,3.06,4.43,0.596,0.59,0.602,0.271,0.418,0.124,6.476,6.05,6.902,6.476,6.05,6.902,9.118,8.17,10.066,9.118,8.17,10.066,9.597000000000001,8.74,10.454,9.597000000000001,8.74,10.454
2023-06-30T00:00:00Z,1284834,356,18120,17,17,,85.6,85.6,,860.984,860.984,,,,,0.01,5.8,5,6.7,19.3,18.2,20.3,12,11.6,12.4,117.8,122.6,113.4,1283.65,1212.22,1355.08,359.279,341.67,376.888,56.189,43.672,68.706,3.291,3.126,3.456,0.336,0.212,0.46,0.22699999999999998,0.16,0.294,6.677,6.23,7.124,6.677,6.23,7.124,9.254999999999999,8.502,10.008,9.254999999999999,8.502,10.008,9.581,8.74,10.422,9.581,8.74,10.422
2023-06-30T00:10:00Z,1285434,357,17800,17,17,,86,86,,860.97,860.97,,,,,0.01,5.8,5.3,6.4,19.5,18.8,20.2,12.1,11.8,12.3,116.8,119.9,113.8,1299.841,1251.83,1347.852,363.22400000000005,351.732,374.716,55.555,46.708,64.402,2.825,2.2,3.45,0.515,0.278,0.752,0.248,0.244,0.252,6.683,6.482,6.884,6.683,6.482,6.884,9.117,8.448,9.786,9.117,8.448,9.786,9.516,8.744,10.288,9.516,8.744,10.288
2023-06-30T00:20:00Z,1286034,837,18154,17,17,,86,86,,860.998,860.998,,,,,0.01,5.8,5.1,6.5,18.6,17.4,19.9,11.7,11.3,12.2,120.6,126.5,115.3,1240.527,1156.866,1324.188,350.56399999999996,328.14,372.988,56.931000000000004,47.426,66.436,3.182,2.782,3.582,0.515,0.412,0.618,0.22699999999999998,0.284,0.17,6.577999999999999,6.024,7.132,6.577999999999999,6.024,7.132,9.065,8.152,9.978,9.065,8.152,9.978,9.457,8.522,10.392,9.457,8.522,10.392
2023-06-30T00:30:00Z,1286454,357,18120,17,17,,86,86,,860.935,860.935,,,,,0.01,5.5,4.7,6.2,17.6,16.5,18.7,11.3,10.9,11.8,125.5,131,120.4,1171.175,1098.03,1244.32,330.03,309.925,350.135,55.1325,44.47,65.795,4.07,3.37,4.77,0.76,0.585,0.935,0.2825,0.445,0.12,6.015,5.555,6.475,6.015,5.555,6.475,8.695,7.665,9.725,8.695,7.665,9.725,9.245000000000001,8.14,10.35,9.245000000000001,8.14,10.35
2023-06-30T01:10:00Z,1324,5118,16086,16,16,,87,87,,860.934,860.934,,,,,0.01,5.2,4.8,5.6,16.9,16.6,17.2,11.1,10.9,11.2,129,130.5,127.5,1124.337,1104.316,1144.358,316.918,314.474,319.362,51.688,44.2,59.176,3.2039999999999997,2.502,3.906,0.375,0.482,0.268,0.197,0.32,0.074,5.707,5.76,5.654,5.707,5.76,5.654,8.169,7.768,8.57,8.169,7.768,8.57,8.45,8.124,8.776,8.45,8.124,8.776
2023-06-30T01:20:00Z,1920,359,17542,16,16,,87,87,,860.904,860.904,,,,,0.01,5.5,4.8,6.1,17.4,16.7,18.1,11.3,11,11.6,126.1,129.6,122.8,1162.518,1116.472,1208.564,328.97,317.138,340.802,53.626000000000005,43.378,63.874,2.546,1.93,3.162,0.302,0.316,0.288,0.242,0.316,0.168,6.077,5.86,6.294,6.077,5.86,6.294,8.514,7.752,9.276,8.514,7.752,9.276,8.75,8.03,9.47,8.75,8.03,9.47
2023-06-30T01:30:00Z,2520,359,17840,16,16,,87,87,,860.894,860.894,,,,,0.01,5.2,4.5,5.9,16.8,16.1,17.5,11,10.8,11.3,129.2,133.1,125.6,1120.9630000000002,1072.304,1169.622,315.544,302.798,328.29,51.408,40.576,62.24,3.374,2.982,3.766,0.579,0.656,0.502,0.396,0.5,0.292,5.699,5.442,5.956,5.699,5.442,5.956,8.053999999999998,7.35,8.758,8.053999999999998,7.35,8.758,8.484,7.878,9.09,8.484,7.878,9.09
2023-06-30T01:40:00Z,3127,359,15264,15.5,15.5,,87.5,87.5,,860.845,860.845,,,,,0.01,4.9,4.6,5.2,16.4,15.4,17.4,10.9,10.5,11.3,131.4,137,126.3,1093.3049999999998,1026.225,1160.385,307.8375,290.195,325.48,46.95,44.575,49.325,2.2925,2.655,1.93,0.3625,0.3,0.425,0.24,0.3,0.18,5.6075,5.185,6.03,5.6075,5.185,6.03,7.7325,7.27,8.195,7.7325,7.27,8.195,8.0775,7.655,8.5,8.0775,7.655,8.5
2023-06-30T01:50:00Z,3720,3314,17160,15,15,,88,88,,860.778,860.778,,,,,0.01,4.4,4,4.7,14,13.6,14.4,9.9,9.7,10.1,145.4,148.2,142.7,934.6,906.772,962.428,264.637,256.764,272.51,42.693,37.626,47.76,2.2,2.05,2.35,0.179,0.046,0.312,0.034,0,0.068,4.638,4.478,4.798,4.638,4.478,4.798,6.479,6.054,6.904,6.479,6.054,6.904,6.636,6.166,7.106,6.636,6.166,7.106
2023-06-30T02:00:00Z,4320,358,17480,15,15,,88,88,,860.69,860.69,,,,,0.01,3.7,3.4,4,12.6,12.2,12.9,9.2,9,9.4,155.5,158.1,152.9,837.8689999999999,814.516,861.222,236.18400000000003,232.58,239.788,34.599,30.13,39.068,1.746,1.68,1.812,0.198,0.166,0.23,0.089,0.098,0.08,3.926,3.834,4.018,3.926,3.834,4.018,5.468,5.222,5.714,5.468,5.222,5.714,5.621,5.366,5.876,5.621,5.366,5.876
2023-06-30T02:10:00Z,4920,397,18120,14.4,14.4,,88,88,,860.58,860.58,,,,,0.01,3.6,3.3,4,12,11.5,12.5,8.9,8.7,9.2,159.7,163.6,156,800.981,769.018,832.944,224.838,215.54,234.136,35.34,29.998,40.682,2.13,2.024,2.236,0.123,0.096,0.15,0.10400000000000001,0.076,0.132,3.819,3.622,4.016,3.819,3.622,4.016,5.445,5.024,5.866,5.445,5.024,5.866,5.557,5.128,5.986,5.557,5.128,5.986
2023-06-30T02:20:00Z,5520,361,17480,14.2,14.2,,88.2,88.2,,860.482,860.482,,,,,0.01,3.5,3.1,3.9,11.8,11.3,12.3,8.8,8.6,9.1,161.6,165.6,157.8,785.233,752.598,817.868,221.761,212.838,230.684,33.025,27.126,38.924,1.423,1.174,1.672,0.118,0.102,0.134,0.053,0.06,0.046,3.681,3.366,3.996,3.681,3.366,3.996,5.1080000000000005,4.468,5.748,5.1080000000000005,4.468,5.748,5.214,4.538,5.89,5.214,4.538,5.89
2023-06-30T02:30:00Z,6120,433,17480,14,14,,89,89,,860.352,860.352,,,,,0.01,3.6,3.2,4.1,11.6,11.1,12.1,8.7,8.5,9,163,166.9,159.3,773.4069999999999,742.544,804.27,220.421,213.264,227.578,36.066,28.758,43.374,2.034,1.488,2.58,0.253,0.122,0.384,0.098,0.122,0.074,3.553,3.244,3.862,3.553,3.244,3.862,5.228,4.678,5.778,5.228,4.678,5.778,5.4030000000000005,4.79,6.016,5.4030000000000005,4.79,6.016
2023-06-30T02:40:00Z,6720,353,18120,14,14,,89,89,,860.244,860.244,,,,,0.01,3.3,3,3.7,11.1,10.9,11.3,8.5,8.3,8.6,167.3,169.4,165.2,739.852,723.688,756.016,208.868,205.474,212.262,31.378,26.61,36.146,1.218,1.384,1.052,0.20900000000000002,0.196,0.222,0.064,0.086,0.042,3.207,2.956,3.458,3.207,2.956,3.458,4.557,4.158,4.956,4.557,4.158,4.956,4.727,4.38,5.074,4.727,4.38,5.074
2023-06-30T02:50:00Z,7320,361,17800,14,14,,89,89,,860.168,860.168,,,,,0.01,3.4,3.1,3.7,11.4,10.9,11.9,8.6,8.4,8.9,164.6,169.1,160.3,760.701,725.576,795.826,213.18099999999998,204.898,221.464,31.653000000000002,27.53,35.776,1.3199999999999998,1.254,1.386,0.146,0.104,0.188,0,0,0,3.3920000000000003,3.084,3.7,3.3920000000000003,3.084,3.7,4.807,4.298,5.316,4.807,4.298,5.316,4.907,4.37,5.444,4.907,4.37,5.444
2023-06-30T03:00:00Z,7920,359,18120,14,14,,89,89,,860.11,860.11,,,,,0.01,3.7,3.4,4.1,12,11.4,12.7,8.9,8.6,9.2,159.6,164.7,154.8,802.0640000000001,760.36,843.768,226.404,215.372,237.436,35.924,31.232,40.616,1.6829999999999998,1.712,1.654,0.17,0.084,0.256,0.069,0.05,0.088,3.7720000000000002,3.44,4.104,3.7720000000000002,3.44,4.104,5.353,4.994,5.712,5.353,4.994,5.712,5.5009999999999994,5.104,5.898,5.5009999999999994,5.104,5.898
2023-06-30T03:10:00Z,8520,363,18120,14,14,,90,90,,860.11,860.11,,,,,0.01,4,3.6,4.4,13,12.6,13.3,9.4,9.2,9.6,152.6,155.3,150,864.236,839.502,888.97,243.94299999999998,239.946,247.94,38.409,31.652,45.166,2.136,1.788,2.484,0.308,0.368,0.248,0.185,0.286,0.084,4.133,3.98,4.286,4.133,3.98,4.286,5.9,5.344,6.456,5.9,5.344,6.456,6.128,5.62,6.636,6.128,5.62,6.636
2023-06-30T03:20:00Z,9120,462,17800,14,14,,90,90,,860.062,860.062,,,,,0.01,4.1,3.5,4.7,13.1,12.3,14,9.5,9,9.9,151.3,157.9,145.3,876.091,816.854,935.328,245.904,231.1,260.708,39.848,30.97,48.726,2.106,1.658,2.554,0.23399999999999999,0.16,0.308,0.12,0.16,0.08,4.272,3.932,4.612,4.272,3.932,4.612,6.013999999999999,5.316,6.712,6.013999999999999,5.316,6.712,6.186,5.408,6.964,6.186,5.408,6.964
2023-06-30T03:30:00Z,9720,365,17480,14,14,,90,90,,860.052,860.052,,,,,0.01,3.9,3.5,4.2,12.8,12.5,13,9.3,9.2,9.4,154.1,155.8,152.4,850.46,834.88,866.04,240.282,237.538,243.026,36.726,31.014,42.438,1.851,1.616,2.086,0.21400000000000002,0.228,0.2,0.151,0.228,0.074,4.026,3.8,4.252,4.026,3.8,4.252,5.679,5.196,6.162,5.679,5.196,6.162,5.8469999999999995,5.35,6.344,5.8469999999999995,5.35,6.344
2023-06-30T03:40:00Z,10320,383,16520,14.2,14.2,,90,90,,860.06,860.06,,,,,0.01,3.9,3.3,4.4,12.6,12,13.3,9.2,8.9,9.5,154.9,159.9,150.2,843.149,799.514,886.784,237.098,225.922,248.274,38.14,29.118,47.162,2.263,1.348,3.178,0.22899999999999998,0.208,0.25,0.123,0.156,0.09,3.96,3.636,4.284,3.96,3.636,4.284,5.726,4.858,6.594,5.726,4.858,6.594,5.916,5.056,6.776,5.916,5.056,6.776
2023-06-30T03:50:00Z,10920,377,17160,14.8,14.8,,90,90,,860.062,860.062,,,,,0.01,3.7,3.5,4,12.5,11.9,13.1,9.2,8.9,9.5,155.8,160.3,151.5,835.509,796.26,874.758,236.348,227.436,245.26,35.774,31.554,39.994,2.15,1.8,2.5,0.268,0.132,0.404,0.136,0.088,0.184,4.036,3.724,4.348,4.036,3.724,4.348,5.648,5.194,6.102,5.648,5.194,6.102,5.837,5.304,6.37,5.837,5.304,6.37
2023-06-30T04:00:00Z,11520,374,17160,15,15,,90,90,,860.07,860.07,,,,,0.01,3.7,3.3,4.1,12.2,11.6,12.8,9,8.7,9.3,158.3,163.1,153.9,812.7909999999999,773.234,852.348,228.073,216.548,239.598,36.510000000000005,31.466,41.554,2.002,2.44,1.564,0.288,0.366,0.21,0.186,0.284,0.088,3.7249999999999996,3.376,4.074,3.7249999999999996,3.376,4.074,5.372,4.952,5.792,5.372,4.952,5.792,5.616,5.25,5.982,5.616,5.25,5.982
2023-06-30T04:10:00Z,12120,363,17800,15,15,,90,90,,860.072,860.072,,,,,0.01,3.7,3.4,4,12,11.5,12.4,8.9,8.7,9.1,160,163.7,156.5,798.416,768.344,828.488,226.889,220.606,233.172,35.862,31.2,40.524,1.978,1.948,2.008,0.28700000000000003,0.386,0.188,0.21200000000000002,0.338,0.086,3.8449999999999998,3.654,4.036,3.8449999999999998,3.654,4.036,5.446,5.078,5.814,5.446,5.078,5.814,5.677,5.374,5.98,5.677,5.374,5.98
2023-06-30T04:20:00Z,12720,355,17800,15,15,,90,90,,860.068,860.068,,,,,0.01,3.6,3.1,4,12,11.5,12.5,8.9,8.7,9.2,160.1,164.2,156.2,797.756,763.962,831.55,225.68099999999998,215.424,235.938,34.158,27.554,40.762,2.157,2.064,2.25,0.371,0.428,0.314,0.146,0.292,0,3.768,3.428,4.108,3.768,3.428,4.108,5.385999999999999,4.834,5.938,5.385999999999999,4.834,5.938,5.643000000000001,5.152,6.134,5.643000000000001,5.152,6.134
2023-06-30T04:30:00Z,13320,363,18120,15,15,,90,90,,860.09,860.09,,,,,0.01,3.7,3.3,4.1,11.7,11.1,12.4,8.8,8.5,9.1,162,167.3,157,781.7950000000001,739.142,824.448,220.512,209.732,231.292,35.723,29.726,41.72,1.319,1.098,1.54,0.151,0.096,0.206,0.092,0.096,0.088,3.571,3.208,3.934,3.571,3.208,3.934,5.107,4.54,5.674,5.107,4.54,5.674,5.26,4.636,5.884,5.26,4.636,5.884
2023-06-30T04:40:00Z,13920,364,17800,14.6,14.6,,90,90,,860.028,860.028,,,,,0.01,3.4,3,3.9,11.3,10.8,11.8,8.6,8.3,8.8,165.3,169.5,161.3,754.972,722.422,787.522,212.066,203.334,220.798,32.832,25.904,39.76,1.6869999999999998,1.63,1.744,0.22899999999999998,0.156,0.302,0.053,0.106,0,3.3440000000000003,3.096,3.592,3.3440000000000003,3.096,3.592,4.861000000000001,4.296,5.426,4.861000000000001,4.296,5.426,5.029,4.462,5.596,5.029,4.462,5.596
2023-06-30T04:50:00Z,14520,363,17160,14.8,14.8,,90,90,,860.112,860.112,,,,,0.01,3.5,3,4,11.6,11,12.3,8.7,8.4,9,162.8,168.1,157.8,775.293,733.1,817.486,218.073,206.032,230.114,33.439,26.772,40.106,2.004,2.078,1.93,0.16799999999999998,0.132,0.204,0.13,0.132,0.128,3.512,3.148,3.876,3.512,3.148,3.876,5.003,4.34,5.666,5.003,4.34,5.666,5.191000000000001,4.57,5.812,5.191000000000001,4.57,5.812
2023-06-30T05:00:00Z,15120,361,18120,15,15,,90,90,,860.056,860.056,,,,,0.01,3.4,3.1,3.7,11.5,10.9,12,8.7,8.4,8.9,164.2,168.7,159.9,764.239,728.624,799.854,217.405,208.794,226.016,32.826,28.416,37.236,2.027,1.632,2.422,0.219,0.066,0.372,0.098,0.014,0.182,3.444,3.186,3.702,3.444,3.186,3.702,5.01,4.526,5.494,5.01,4.526,5.494,5.191,4.612,5.77,5.191,4.612,5.77
2023-06-30T05:10:00Z,15720,416,16840,14.8,14.8,,90,90,,860.036,860.036,,,,,0.01,3.3,3.1,3.6,11,10.5,11.4,8.4,8.2,8.6,168.4,172.5,164.5,730.931,700.382,761.48,206.12,199.314,212.926,32.385000000000005,28.164,36.606,1.8639999999999999,1.458,2.27,0.107,0,0.214,0.059,0,0.118,3.31,3.166,3.454,3.31,3.166,3.454,4.82,4.432,5.208,4.82,4.432,5.208,4.933,4.482,5.384,4.933,4.482,5.384
2023-06-30T05:20:00Z,16320,363,17480,14.4,14.4,,90,90,,860.014,860.014,,,,,0.01,3.4,3,3.8,11.3,10.8,11.7,8.5,8.3,8.8,165.9,169.8,162.3,750.0989999999999,720.802,779.396,209.466,201.494,217.438,32.754,26.9,38.608,1.7289999999999999,1.412,2.046,0.21100000000000002,0.158,0.264,0.066,0.056,0.076,3.412,3.244,3.58,3.412,3.244,3.58,4.899,4.546,5.252,4.899,4.546,5.252,5.067,4.72,5.414,5.067,4.72,5.414
2023-06-30T05:30:00Z,16920,389,18120,14,14,,90,90,,859.996,859.996,,,,,0.01,3.5,3.2,3.8,11.3,11,11.5,8.5,8.4,8.7,165.9,167.8,164.1,750.24,735.838,764.642,212.052,208.326,215.778,33.844,29.414,38.274,1.6829999999999998,1.98,1.386,0.224,0.268,0.18,0.139,0.186,0.092,3.512,3.372,3.652,3.512,3.372,3.652,4.963,4.684,5.242,4.963,4.684,5.242,5.144,4.956,5.332,5.144,4.956,5.332
2023-06-30T05:40:00Z,17520,364,17480,14,14,,90,90,,859.934,859.934,,,,,0.01,3.6,3.3,3.8,11.5,11.1,11.8,8.7,8.5,8.8,164.1,166.9,161.3,764.9,742.288,787.512,218.305,213.154,223.456,34.602999999999994,30.086,39.12,1.8769999999999998,1.394,2.36,0.164,0.102,0.226,0.093,0.102,0.084,3.4400000000000004,3.386,3.494,3.4400000000000004,3.386,3.494,5.004,4.692,5.316,5.004,4.692,5.316,5.139,4.82,5.458,5.139,4.82,5.458
2023-06-30T05:50:00Z,18121,992,16813,14,14,,90.2,90.2,,859.888,859.888,,,,,0.01,3.5,3.1,3.8,11.2,10.7,11.7,8.5,8.3,8.7,166.4,170.4,162.6,746.63,716.306,776.954,211.015,203.956,218.074,33.778,28.672,38.884,1.7160000000000002,1.606,1.826,0.205,0.122,0.288,0.135,0.122,0.148,3.584,3.498,3.67,3.584,3.498,3.67,5.086,4.74,5.432,5.086,4.74,5.432,5.253,4.846,5.66,5.253,4.846,5.66
2023-06-30T06:10:00Z,19441,778,14164,14,14,,90,90,,859.72,859.72,,,,,0.01,3.2,2.9,3.5,10,9.9,10.1,7.9,7.8,8,177.2,178.6,175.9,666.9875,657.76,676.215,189.9475,188.235,191.66,31.8,26.845,36.755,1.5425,1.105,1.98,0.1875,0.125,0.25,0,0,0,2.9575,2.86,3.055,2.9575,2.86,3.055,4.335,3.975,4.695,4.335,3.975,4.695,4.545,4.075,5.015,4.545,4.075,5.015
2023-06-30T06:20:00Z,19920,395,17816,13.8,13.8,,90,90,,859.724,859.724,,,,,0.01,3.1,2.8,3.3,9.9,9.7,10.2,7.8,7.7,8,178,180.7,175.3,661.954,643.772,680.136,186.928,184.162,189.694,30.046,26.178,33.914,1.255,1.356,1.154,0.195,0.216,0.174,0.118,0.142,0.094,2.938,2.93,2.946,2.938,2.93,2.946,4.131,4.04,4.222,4.131,4.04,4.222,4.339,4.224,4.454,4.339,4.224,4.454
2023-06-30T06:30:00Z,20520,455,17298,14,14,,90.8,90.8,,859.806,859.806,,,,,0.01,3.1,2.9,3.3,10.1,10.1,10.1,8,7.9,8,176.1,176.3,175.9,674.825,673.464,676.186,190.94299999999998,190.1,191.786,30.453000000000003,26.264,34.642,1.676,1.422,1.93,0.292,0.092,0.492,0.08399999999999999,0.092,0.076,2.963,2.87,3.056,2.963,2.87,3.056,4.3629999999999995,4.126,4.6,4.3629999999999995,4.126,4.6,4.552,4.198,4.906,4.552,4.198,4.906
2023-06-30T06:40:00Z,21120,463,18120,14,14,,90.8,90.8,,859.808,859.808,,,,,0.01,3.2,2.8,3.6,10.6,9.9,11.3,8.2,7.9,8.6,171.4,177.8,165.4,708.7280000000001,663.056,754.4,200.953,190.466,211.44,29.814,24.564,35.064,1.455,1.542,1.368,0.22899999999999998,0.3,0.158,0.077,0.11,0.044,3.302,3.096,3.508,3.302,3.096,3.508,4.587,4.176,4.998,4.587,4.176,4.998,4.7379999999999995,4.386,5.09,4.7379999999999995,4.386,5.09
2023-06-30T06:50:00Z,21720,362,18120,14,14,,91,91,,859.822,859.822,,,,,0.01,3.2,2.9,3.6,10.5,10.1,10.8,8.1,8,8.3,172.9,176.1,169.8,697.695,674.902,720.488,199.52300000000002,194.092,204.954,30.973,25.616,36.33,1.258,1.396,1.12,0.22899999999999998,0.282,0.176,0.111,0.184,0.038,3.1399999999999997,3.022,3.258,3.1399999999999997,3.022,3.258,4.573,4.304,4.842,4.573,4.304,4.842,4.724,4.496,4.952,4.724,4.496,4.952
2023-06-30T07:00:00Z,22320,349,18120,14,14,,91,91,,859.756,859.756,,,,,0.01,3.1,2.9,3.3,10,10.1,10,7.9,7.9,7.9,177.1,176.7,177.5,668.062,670.778,665.346,189.124,189.73,188.518,30.137,26.95,33.324,1.287,1.264,1.31,0.097,0.046,0.148,0.078,0.046,0.11,2.849,2.842,2.856,2.849,2.842,2.856,4.246,4.092,4.4,4.246,4.092,4.4,4.356999999999999,4.156,4.558,4.356999999999999,4.156,4.558
2023-06-30T07:10:00Z,22920,702,17480,14,14,,91,91,,859.702,859.702,,,,,0.01,3.2,2.9,3.4,10.3,10,10.6,8,7.9,8.2,174.6,177.3,172.1,685.027,666.388,703.666,194.765,188.564,200.966,30.384999999999998,26.252,34.518,1.197,1.018,1.376,0.176,0.254,0.098,0.097,0.18,0.014,3.001,2.768,3.234,3.001,2.768,3.234,4.277,3.852,4.702,4.277,3.852,4.702,4.458,4.106,4.81,4.458,4.106,4.81
2023-06-30T07:20:00Z,23522,1633,15836,14,14,,90.5,90.5,,859.72,859.72,,,,,0.01,3.2,2.9,3.4,10.2,9.8,10.6,8,7.8,8.2,175.3,179.4,171.5,680.0899999999999,652.42,707.76,192.625,187.745,197.505,30.5075,27.195,33.82,1.405,1.725,1.085,0.31,0.11,0.51,0.0725,0.02,0.125,3.01,2.585,3.435,3.01,2.585,3.435,4.22,3.82,4.62,4.22,3.82,4.62,4.43,3.955,4.905,4.43,3.955,4.905
2023-06-30T07:30:00Z,24120,378,18120,14.4,14.4,,90.8,90.8,,859.558,859.558,,,,,0.01,3.3,3.1,3.6,10.6,10.5,10.7,8.2,8.1,8.2,172,172.9,171.1,704.015,697.252,710.778,199.623,199.618,199.628,32.593,28.522,36.664,1.291,1.244,1.338,0.113,0.184,0.042,0.092,0.184,0,3.2199999999999998,3.124,3.316,3.2199999999999998,3.124,3.316,4.604,4.284,4.924,4.604,4.284,4.924,4.721,4.464,4.978,4.721,4.464,4.978
2023-06-30T07:40:00Z,24720,354,18120,15,15,,90,90,,859.572,859.572,,,,,0.01,3.5,3.2,3.7,11.3,10.9,11.7,8.6,8.4,8.8,165.4,168.9,162.1,754.104,727.046,781.162,212.503,205.976,219.03,33.488,29.018,37.958,1.838,1.59,2.086,0.246,0.3,0.192,0.166,0.268,0.064,3.474,3.328,3.62,3.474,3.328,3.62,4.946,4.6,5.292,4.946,4.6,5.292,5.1739999999999995,4.846,5.502,5.1739999999999995,4.846,5.502
2023-06-30T07:50:00Z,25320,363,17800,15,15,,90,90,,859.55,859.55,,,,,0.01,3.6,3.1,4,11.3,10.8,11.9,8.6,8.3,8.9,165.2,170.3,160.5,755.806,716.934,794.678,213.971,202.664,225.278,35.379999999999995,28.698,42.062,1.849,1.408,2.29,0.292,0.222,0.362,0.162,0.222,0.102,3.465,3.21,3.72,3.465,3.21,3.72,5.047000000000001,4.506,5.588,5.047000000000001,4.506,5.588,5.287,4.688,5.886,5.287,4.688,5.886
2023-06-30T08:20:00Z,414,453,16326,16,16,,91,91,,859.503,859.503,,,,,0.01,3.4,3.1,3.6,11.3,10.9,11.8,8.6,8.4,8.8,165.3,168.9,161.8,755.254,726.928,783.58,213.9305,206.048,221.813,31.211,26.752,35.67,1.31,0.765,1.855,0.1175,0.063,0.172,0.03,0,0.06,3.5999999999999996,3.397,3.803,3.5999999999999996,3.397,3.803,5.0065,4.518,5.495,5.0065,4.518,5.495,5.0875,4.563,5.612,5.0875,4.563,5.612
2023-06-30T08:30:00Z,914,385,16925,16,16,,90.667,90.667,,859.503,859.503,,,,,0.01,3.6,3.4,3.9,12,11.7,12.2,8.9,8.8,9,160.1,162.1,158.1,797.8085,780.79,814.827,225.9665,224.033,227.9,34.9685,30.957,38.98,1.988,1.873,2.103,0.327,0.387,0.267,0.2,0.327,0.073,3.868,3.713,4.023,3.868,3.713,4.023,5.358499999999999,5.047,5.67,5.358499999999999,5.047,5.67,5.6715,5.39,5.953,5.6715,5.39,5.953
2023-06-30T08:40:00Z,1554,356,16906,16,16,,90,90,,859.492,859.492,,,,,0.01,3.8,3.4,4.1,11.8,11.5,12.1,8.8,8.7,9,161.4,163.6,159.2,787.236,769.216,805.256,223.08800000000002,217.406,228.77,37.167,30.888,43.446,1.678,1.128,2.228,0.279,0.17,0.388,0.156,0.128,0.184,3.724,3.62,3.828,3.724,3.62,3.828,5.308,4.936,5.68,5.308,4.936,5.68,5.4670000000000005,5.062,5.872,5.4670000000000005,5.062,5.872
2023-06-30T08:50:00Z,2154,354,17496,16,16,,90,90,,859.484,859.484,,,,,0.01,3.5,3.2,3.8,11.4,11.2,11.6,8.6,8.5,8.7,164.5,166.3,162.7,761.8900000000001,747.69,776.09,216.247,215.952,216.542,33.748,28.538,38.958,1.4929999999999999,1.54,1.446,0.256,0.236,0.276,0.148,0.108,0.188,3.459,3.488,3.43,3.459,3.488,3.43,4.955,4.788,5.122,4.955,4.788,5.122,5.149,4.92,5.378,5.149,4.92,5.378
2023-06-30T09:00:00Z,2754,359,17480,16,16,,90,90,,859.472,859.472,,,,,0.01,3.5,3.3,3.8,11.6,11.2,12,8.7,8.5,8.9,162.9,166.1,159.8,774.567,748.952,800.182,221.022,215.566,226.478,33.724999999999994,29.784,37.666,1.65,1.554,1.746,0.227,0.118,0.336,0.098,0.09,0.106,3.798,3.612,3.984,3.798,3.612,3.984,5.237,4.918,5.556,5.237,4.918,5.556,5.3919999999999995,5.032,5.752,5.3919999999999995,5.032,5.752
2023-06-30T09:10:00Z,3354,359,17480,16.4,16.4,,90,90,,859.378,859.378,,,,,0.01,3.9,3.6,4.2,12.1,11.7,12.5,9,8.8,9.1,159.2,162.4,156.2,805.025,778.694,831.356,227.15800000000002,220.028,234.288,39.907,35.4,44.414,2.36,2.69,2.03,0.179,0.224,0.134,0.11699999999999999,0.142,0.092,3.762,3.594,3.93,3.762,3.594,3.93,5.59,5.252,5.928,5.59,5.252,5.928,5.768,5.468,6.068,5.768,5.468,6.068
2023-06-30T09:20:00Z,3954,380,17480,17,17,,90,90,,859.366,859.366,,,,,0.01,3.7,3.3,4,12,11.8,12.3,8.9,8.8,9.1,159.5,161.3,157.7,803.201,787.918,818.484,228.027,227.716,228.338,35.592,30.316,40.868,2.431,2.424,2.438,0.313,0.272,0.354,0.20500000000000002,0.272,0.138,3.862,3.692,4.032,3.862,3.692,4.032,5.574,5.324,5.824,5.574,5.324,5.824,5.8309999999999995,5.568,6.094,5.8309999999999995,5.568,6.094
2023-06-30T09:30:00Z,4554,356,17800,17,17,,90,90,,859.31,859.31,,,,,0.01,4,3.7,4.3,12.5,12.3,12.8,9.2,9.1,9.3,155.7,157.5,153.9,836.336,820.39,852.282,237.039,232.976,241.102,39.596999999999994,34.458,44.736,2.1069999999999998,1.898,2.316,0.276,0.33,0.222,0.163,0.28,0.046,3.926,3.71,4.142,3.926,3.71,4.142,5.675,5.17,6.18,5.675,5.17,6.18,5.978,5.53,6.426,5.978,5.53,6.426
2023-06-30T09:40:00Z,5154,428,17480,17.2,17.2,,90,90,,859.276,859.276,,,,,0.01,4,3.6,4.4,12.9,12.8,12.9,9.3,9.3,9.4,153.4,154.1,152.7,856.9100000000001,850.744,863.076,242.822,242.636,243.008,39.191,32.118,46.264,1.8249999999999997,1.386,2.264,0.246,0.258,0.234,0.146,0.172,0.12,4.051,3.996,4.106,4.051,3.996,4.106,5.792,5.316,6.268,5.792,5.316,6.268,5.964,5.506,6.422,5.964,5.506,6.422
2023-06-30T09:50:00Z,5754,357,17800,17.2,17.2,,90,90,,859.282,859.282,,,,,0.01,3.8,3.6,4,12.6,12.6,12.5,9.2,9.2,9.2,155.4,155,155.9,838.505,842.456,834.554,237.11,240.338,233.882,37.169,33.368,40.97,2.254,2.41,2.098,0.2,0.188,0.212,0.094,0.188,0,4.0600000000000005,4.018,4.102,4.0600000000000005,4.018,4.102,5.787,5.688,5.886,5.787,5.688,5.886,5.941,5.88,6.002,5.941,5.88,6.002
2023-06-30T10:00:00Z,6354,353,17800,18,18,,90,90,,859.286,859.286,,,,,0.01,4.2,3.8,4.6,13.6,13.7,13.6,9.7,9.7,9.7,147.9,147.6,148.2,909.594,912.542,906.646,257.89599999999996,256.59,259.202,41.297,34.91,47.684,2.496,2.664,2.328,0.30200000000000005,0.266,0.338,0.148,0.214,0.082,4.529,4.504,4.554,4.529,4.504,4.554,6.428,6.2,6.656,6.428,6.2,6.656,6.682,6.468,6.896,6.682,6.468,6.896
2023-06-30T10:10:00Z,6954,356,17800,18,18,,90,90,,859.228,859.228,,,,,0.01,4.4,4.1,4.8,14.5,14.2,14.8,10.1,10,10.2,142.3,143.9,140.7,967.11,949.69,984.53,273.56899999999996,270.822,276.316,42.339,36.592,48.086,1.9209999999999998,1.832,2.01,0.42399999999999993,0.284,0.564,0.32,0.2,0.44,4.779999999999999,4.598,4.962,4.779999999999999,4.598,4.962,6.617,6.23,7.004,6.617,6.23,7.004,6.9350000000000005,6.438,7.432,6.9350000000000005,6.438,7.432
2023-06-30T10:20:00Z,7554,355,17834,18,18,,90,90,,859.294,859.294,,,,,0.01,4.3,3.9,4.6,13.9,13.5,14.3,9.8,9.6,10,146.3,149,143.7,925.547,898.378,952.716,259.88599999999997,253.714,266.058,41.843999999999994,36.376,47.312,2.176,2.244,2.108,0.222,0.186,0.258,0.128,0.086,0.17,4.448,4.252,4.644,4.448,4.252,4.644,6.273,5.902,6.644,6.273,5.902,6.644,6.526,6.142,6.91,6.526,6.142,6.91
2023-06-30T10:30:00Z,8154,349,18154,17.2,17.2,,90.4,90.4,,859.316,859.316,,,,,0.01,4.1,3.6,4.6,13.3,12.6,13.9,9.5,9.2,9.8,150.3,155,145.9,885.909,842.548,929.27,252.272,241.644,262.9,39.158,31.048,47.268,1.492,1.188,1.796,0.20800000000000002,0.228,0.188,0.115,0.19,0.04,4.247,3.79,4.704,4.247,3.79,4.704,5.971,5.208,6.734,5.971,5.208,6.734,6.131,5.394,6.868,6.131,5.394,6.868
2023-06-30T10:40:00Z,8754,359,17834,17,17,,91,91,,859.284,859.284,,,,,0.01,3.8,3.4,4.2,12.8,12.4,13.3,9.3,9.1,9.5,153.6,156.8,150.5,855.432,826.342,884.522,240.745,233.844,247.646,35.884,29.26,42.508,2.06,1.556,2.564,0.245,0.27,0.22,0.15,0.216,0.084,4.009,3.74,4.278,4.009,3.74,4.278,5.71,5.148,6.272,5.71,5.148,6.272,5.947,5.414,6.48,5.947,5.414,6.48
2023-06-30T10:50:00Z,9354,369,17834,17,17,,91,91,,859.456,859.456,,,,,0.01,3.8,3.3,4.2,12.1,11.7,12.6,9,8.8,9.2,158.8,162.3,155.5,808.883,779.72,838.046,230.827,223.024,238.63,36.821,29.782,43.86,1.896,2.14,1.652,0.157,0.054,0.26,0.026,0.008,0.044,3.913,3.806,4.02,3.913,3.806,4.02,5.586,5.304,5.868,5.586,5.304,5.868,5.7379999999999995,5.388,6.088,5.7379999999999995,5.388,6.088
2023-06-30T11:00:00Z,9954,359,17480,16,16,,91,91,,859.44,859.44,,,,,0.01,3.6,3.3,3.9,11.7,11.4,12,8.8,8.6,8.9,162.2,164.6,159.9,779.9480000000001,760.464,799.432,219.535,216.26,222.81,34.781,29.37,40.192,1.604,0.874,2.334,0.08499999999999999,0.078,0.092,0.062,0.078,0.046,3.577,3.54,3.614,3.577,3.54,3.614,5.077999999999999,4.702,5.454,5.077999999999999,4.702,5.454,5.157,4.774,5.54,5.157,4.774,5.54
2023-06-30T11:10:00Z,10554,354,17800,16,16,,91,91,,859.506,859.506,,,,,0.01,3.5,3.2,3.8,12.1,11.5,12.7,9,8.7,9.3,159.1,164,154.5,806.36,765.49,847.23,228.482,218.29,238.674,31.803,27.344,36.262,1.73,1.558,1.902,0.26,0.222,0.298,0.10799999999999998,0.172,0.044,3.742,3.514,3.97,3.742,3.514,3.97,5.243,4.792,5.694,5.243,4.792,5.694,5.436999999999999,4.994,5.88,5.436999999999999,4.994,5.88
2023-06-30T11:20:00Z,11154,358,18120,16,16,,91,91,,859.592,859.592,,,,,0.01,3.8,3.3,4.2,12.1,11.4,12.8,9,8.6,9.3,158.8,164.4,153.6,808.452,762.17,854.734,230.92200000000003,220.61,241.234,36.582,30,43.164,1.57,1.61,1.53,0.305,0.36,0.25,0.146,0.242,0.05,3.894,3.594,4.194,3.894,3.594,4.194,5.436999999999999,4.87,6.004,5.436999999999999,4.87,6.004,5.652,5.166,6.138,5.652,5.166,6.138
2023-06-30T11:30:00Z,11754,355,17480,16,16,,91,91,,859.528,859.528,,,,,0.01,4.1,3.7,4.5,12.9,12.5,13.2,9.3,9.2,9.5,153.4,156.2,150.7,857.001,831.86,882.142,241.82299999999998,236.296,247.35,40.722,33.978,47.466,1.62,1.386,1.854,0.28800000000000003,0.192,0.384,0.163,0.192,0.134,4.0329999999999995,3.854,4.212,4.0329999999999995,3.854,4.212,5.793,5.336,6.25,5.793,5.336,6.25,6.009,5.522,6.496,6.009,5.522,6.496
2023-06-30T11:40:00Z,12354,356,17800,16,16,,91,91,,859.506,859.506,,,,,0.01,3.8,3.3,4.3,12.4,11.8,13.1,9.1,8.8,9.4,156.6,161.5,152,827.893,785.662,870.124,233.28699999999998,221.886,244.688,36.43,28.426,44.434,1.833,1.19,2.476,0.301,0.282,0.32,0.14,0.23,0.05,3.9130000000000003,3.486,4.34,3.9130000000000003,3.486,4.34,5.586,4.854,6.318,5.586,4.854,6.318,5.808,5.052,6.564,5.808,5.052,6.564
2023-06-30T11:50:00Z,12954,379,18120,16,16,,91,91,,859.484,859.484,,,,,0.01,3.8,3.6,4.1,12.5,12.1,12.8,9.1,9,9.3,156.2,158.7,153.8,831.414,809.604,853.224,235.463,231.814,239.112,36.897000000000006,32.908,40.886,1.7999999999999998,1.934,1.666,0.23399999999999999,0.256,0.212,0.118,0.112,0.124,3.935,3.718,4.152,3.935,3.718,4.152,5.574,5.218,5.93,5.574,5.218,5.93,5.766,5.456,6.076,5.766,5.456,6.076
2023-06-30T12:00:00Z,13554,353,17800,16,16,,91,91,,859.586,859.586,,,,,0.01,4,3.6,4.4,13.1,12.4,13.7,9.4,9.1,9.7,151.8,156.4,147.4,871.963,829.544,914.382,246.16899999999998,238.054,254.284,38.185,32.066,44.304,1.5470000000000002,1.224,1.87,0.216,0.104,0.328,0.101,0.104,0.098,4.343999999999999,4.048,4.64,4.343999999999999,4.048,4.64,5.837999999999999,5.294,6.382,5.837999999999999,5.294,6.382,6.016,5.394,6.638,6.016,5.394,6.638
2023-06-30T12:10:00Z,14154,355,18120,16,16,,91,91,,859.804,859.804,,,,,0.01,4.1,3.7,4.5,13.3,12.8,13.9,9.6,9.3,9.8,149.9,153.7,146.3,889.399,853.702,925.096,251.375,242.892,259.858,39.965,34.358,45.572,2.126,1.882,2.37,0.33399999999999996,0.252,0.416,0.21100000000000002,0.252,0.17,4.4,4.046,4.754,4.4,4.046,4.754,6.192,5.744,6.64,6.192,5.744,6.64,6.4559999999999995,5.978,6.934,6.4559999999999995,5.978,6.934
2023-06-30T12:20:00Z,14754,357,18120,16,16,,91,91,,860.074,860.074,,,,,0.01,4.4,3.8,5,14,13.5,14.5,9.9,9.6,10.1,145.2,148.6,142,936.249,902.54,969.958,263.39,255.648,271.132,43.266000000000005,33.468,53.064,2.37,1.678,3.062,0.22899999999999998,0.174,0.284,0.14,0.122,0.158,4.606,4.418,4.794,4.606,4.418,4.794,6.537,5.834,7.24,6.537,5.834,7.24,6.6850000000000005,5.928,7.442,6.6850000000000005,5.928,7.442
2023-06-30T12:30:00Z,15354,363,18120,16,16,,91,91,,860.536,860.536,,,,,0.01,4.4,4,4.8,14.5,13.7,15.2,10.1,9.7,10.4,142.6,147.2,138.3,963.7090000000001,916.14,1011.278,272.851,259.288,286.414,43.206,37.268,49.144,2.839,2.646,3.032,0.483,0.176,0.79,0.109,0.092,0.126,4.754,4.348,5.16,4.754,4.348,5.16,6.786,6.22,7.352,6.786,6.22,7.352,7.167,6.444,7.89,7.167,6.444,7.89
2023-06-30T12:40:00Z,15954,357,18120,16,16,,91,91,,860.9,860.9,,,,,0.01,4.6,4.1,5,14.8,14.1,15.4,10.2,9.9,10.5,140.7,144.7,137,984.012,942.246,1025.778,278.89599999999996,268.678,289.114,44.706999999999994,37.864,51.55,2.481,1.986,2.976,0.46399999999999997,0.292,0.636,0.187,0.126,0.248,5.0280000000000005,4.834,5.222,5.0280000000000005,4.834,5.222,6.9510000000000005,6.422,7.48,6.9510000000000005,6.422,7.48,7.308,6.612,8.004,7.308,6.612,8.004
2023-06-30T12:50:00Z,16554,356,18120,16,16,,91,91,,861.222,861.222,,,,,0.01,4.5,4.1,4.9,14.7,14.3,15.1,10.2,10,10.3,141,143.4,138.7,981.302,955.832,1006.772,274.651,269.494,279.808,43.507000000000005,36.822,50.192,2.715,2.132,3.298,0.265,0.316,0.214,0.195,0.266,0.124,4.712999999999999,4.648,4.778,4.712999999999999,4.648,4.778,6.862,6.402,7.322,6.862,6.402,7.322,7.1129999999999995,6.67,7.556,7.1129999999999995,6.67,7.556
2023-06-30T13:00:00Z,17154,355,17800,16,16,,91,91,,861.158,861.158,,,,,0.01,4.7,4.2,5.2,15.1,14.4,15.7,10.3,10,10.6,138.9,142.8,135.2,1004.105,961.602,1046.608,284.32399999999996,274.866,293.782,46.379999999999995,38.75,54.01,2.487,2.126,2.848,0.41600000000000004,0.338,0.494,0.131,0.172,0.09,5.07,4.852,5.288,5.07,4.852,5.288,7.117,6.518,7.716,7.117,6.518,7.716,7.417,6.778,8.056,7.417,6.778,8.056
2023-06-30T13:10:00Z,17754,356,17480,16,16,,91,91,,861.08,861.08,,,,,0.01,5,4.4,5.6,15.6,15,16.2,10.5,10.3,10.8,135.9,139.4,132.6,1038.632,998.644,1078.62,294.92,281.574,308.266,50.44,41.014,59.866,2.496,2.414,2.578,0.273,0.178,0.368,0.193,0.178,0.208,5.271,4.802,5.74,5.271,4.802,5.74,7.481,6.764,8.198,7.481,6.764,8.198,7.779999999999999,6.976,8.584,7.779999999999999,6.976,8.584
2023-06-30T13:20:00Z,18354,354,17514,16,16,,91,91,,861.014,861.014,,,,,0.01,4.9,4.3,5.5,16,14.8,17.1,10.7,10.2,11.2,133.7,140.4,127.6,1065.045,987.216,1142.874,302.073,281.272,322.874,47.423,38.93,55.916,2.5469999999999997,1.96,3.134,0.44,0.498,0.382,0.22199999999999998,0.356,0.088,5.459,5.014,5.904,5.459,5.014,5.904,7.6129999999999995,6.762,8.464,7.6129999999999995,6.762,8.464,7.901,7.07,8.732,7.901,7.07,8.732
2023-06-30T13:30:00Z,18954,352,18120,16,16,,91,91,,861.124,861.124,,,,,0.01,5.3,4.6,6.1,16.9,16,17.9,11.1,10.7,11.5,128.6,133.8,123.8,1129.4650000000001,1064.04,1194.89,318.334,302.312,334.356,53.551,42.214,64.888,2.995,2.41,3.58,0.494,0.19,0.798,0.132,0.138,0.126,5.749,5.454,6.044,5.749,5.454,6.044,8.13,7.38,8.88,8.13,7.38,8.88,8.495000000000001,7.612,9.378,8.495000000000001,7.612,9.378
2023-06-30T13:40:00Z,19554,350,17800,15.8,15.8,,91,91,,861.19,861.19,,,,,0.01,4.9,4.4,5.5,16.4,15.5,17.2,10.9,10.5,11.2,131.6,136.2,127.3,1090.3,1034.692,1145.908,305.586,291.096,320.076,47.021,39.562,54.48,2.24,2.208,2.272,0.334,0.332,0.336,0.14,0.17,0.11,5.545,5.174,5.916,5.545,5.174,5.916,7.651,6.944,8.358,7.651,6.944,8.358,7.898,7.206,8.59,7.898,7.206,8.59
2023-06-30T13:50:00Z,20154,353,17800,15,15,,91,91,,861.278,861.278,,,,,0.01,4.8,4.4,5.2,15.3,14.7,15.8,10.4,10.2,10.6,137.7,141,134.5,1018.01,980.938,1055.082,287.113,276.97,297.256,48.1,40.7,55.5,2.911,2.012,3.81,0.311,0.172,0.45,0.13,0.128,0.132,5.041,4.79,5.292,5.041,4.79,5.292,7.345000000000001,6.692,7.998,7.345000000000001,6.692,7.998,7.548,6.81,8.286,7.548,6.81,8.286
2023-06-30T14:00:00Z,20754,355,18120,15,15,,91,91,,861.326,861.326,,,,,0.01,4.6,4,5.3,15.2,14,16.3,10.4,9.9,10.9,138.3,145.6,131.7,1011.036,932.154,1089.918,284.757,263.238,306.276,44.655,36.4,52.91,2.484,2.622,2.346,0.307,0.448,0.166,0.183,0.366,0,5.055,4.376,5.734,5.055,4.376,5.734,7.068,6.15,7.986,7.068,6.15,7.986,7.282,6.48,8.084,7.282,6.48,8.084
2023-06-30T14:10:00Z,21354,353,17800,15,15,,91,91,,861.272,861.272,,,,,0.01,4.5,4,5,14.2,13.5,14.9,9.9,9.6,10.2,144.3,149,140,945.643,898.71,992.576,267.893,255.768,280.018,45.214,36.704,53.724,2.41,1.672,3.148,0.374,0.228,0.52,0.187,0.228,0.146,4.577999999999999,4.29,4.866,4.577999999999999,4.29,4.866,6.609999999999999,5.878,7.342,6.609999999999999,5.878,7.342,6.846,6.066,7.626,6.846,6.066,7.626
2023-06-30T14:20:00Z,21954,351,18120,15,15,,91,91,,861.312,861.312,,,,,0.01,4.3,3.9,4.7,14,13.5,14.5,9.9,9.7,10.1,145.4,148.6,142.3,934.663,902.674,966.652,261.647,256.44,266.854,40.964,34.898,47.03,1.817,1.592,2.042,0.14400000000000002,0.14,0.148,0.049,0.098,0,4.475,4.494,4.456,4.475,4.494,4.456,6.324,6.076,6.572,6.324,6.076,6.572,6.425,6.186,6.664,6.425,6.186,6.664
2023-06-30T14:30:00Z,22554,385,17800,15,15,,91,91,,861.44,861.44,,,,,0.01,4,3.6,4.4,13.3,12.6,14.1,9.6,9.2,9.9,149.9,155.4,144.9,889.454,839.144,939.764,249.424,236.144,262.704,38.595,33.714,43.476,2.238,2.196,2.28,0.22399999999999998,0.162,0.286,0.10999999999999999,0.118,0.102,4.297,3.884,4.71,4.297,3.884,4.71,6.042,5.448,6.636,6.042,5.448,6.636,6.236000000000001,5.652,6.82,6.236000000000001,5.652,6.82
2023-06-30T14:40:00Z,23154,361,17480,14.8,14.8,,91,91,,861.772,861.772,,,,,0.01,4.3,3.8,4.8,13.6,12.9,14.4,9.7,9.3,10,147.9,153.1,143,909.717,859.382,960.052,255.538,243.12,267.956,42.547,35.056,50.038,2.466,1.888,3.044,0.347,0.36,0.334,0.21100000000000002,0.322,0.1,4.442,4.2,4.684,4.442,4.2,4.684,6.502000000000001,5.836,7.168,6.502000000000001,5.836,7.168,6.739,6.082,7.396,6.739,6.082,7.396
2023-06-30T14:50:00Z,23754,360,18120,14,14,,91,91,,862.032,862.032,,,,,0.01,4.2,3.8,4.5,13.3,12.9,13.8,9.6,9.3,9.8,150,153.3,146.9,888.579,857.776,919.382,251.49400000000003,244.366,258.622,41.546,35.586,47.506,2.5220000000000002,2.222,2.822,0.326,0.378,0.274,0.13,0.26,0,4.375,4.224,4.526,4.375,4.224,4.526,6.269,5.824,6.714,6.269,5.824,6.714,6.525,6.144,6.906,6.525,6.144,6.906
2023-06-30T15:00:00Z,24354,356,17160,14,14,,91,91,,861.826,861.826,,,,,0.01,4.1,3.4,4.7,12.5,11.5,13.5,9.2,8.7,9.6,156,163.6,149.1,833.144,768.79,897.498,234.156,217.806,250.506,41.434,31.982,50.886,1.661,1.146,2.176,0.22799999999999998,0.174,0.282,0.061,0.076,0.046,4.111,3.71,4.512,4.111,3.71,4.512,5.835,5.07,6.6,5.835,5.07,6.6,6.010999999999999,5.18,6.842,6.010999999999999,5.18,6.842
2023-06-30T15:10:00Z,25014,357,17720,13.75,13.75,,91,91,,861.44,861.44,,,,,0.01,3.6,3.4,3.9,11.6,11.5,11.7,8.7,8.7,8.8,162.9,163.6,162.1,774.886,769.072,780.7,218.3615,216.978,219.745,35.841,31.587,40.095,1.925,1.455,2.395,0.1485,0.052,0.245,0.0785,0.052,0.105,3.5445,3.482,3.607,3.5445,3.482,3.607,5.3065,4.975,5.638,5.3065,4.975,5.638,5.4515,5.083,5.82,5.4515,5.083,5.82
2023-06-30T15:20:00Z,25554,362,17480,14,14,,91,91,,861.328,861.328,,,,,0.01,3.6,3.2,4.1,11.5,11.1,11.8,8.6,8.5,8.8,164.3,167.2,161.4,763.482,740.206,786.758,216.16899999999998,211.208,221.13,36.247,28.534,43.96,1.717,1.1,2.334,0.205,0.128,0.282,0.08199999999999999,0.076,0.088,3.742,3.6,3.884,3.742,3.6,3.884,5.254,4.756,5.752,5.254,4.756,5.752,5.42,4.876,5.964,5.42,4.876,5.964
2023-06-30T15:30:00Z,26154,358,17800,14,14,,90.6,90.6,,861.126,861.126,,,,,0.01,3.5,3.1,3.8,11.6,11.1,12.1,8.7,8.5,9,163.1,167.2,159.3,772.742,740.528,804.956,218.428,211.96,224.896,33.807,28.972,38.642,2.269,2.528,2.01,0.25,0.344,0.156,0.151,0.302,0,3.6790000000000003,3.448,3.91,3.6790000000000003,3.448,3.91,5.203,4.876,5.53,5.203,4.876,5.53,5.426,5.174,5.678,5.426,5.174,5.678
2023-06-30T15:40:00Z,26754,364,17800,14.8,14.8,,90.4,90.4,,861.13,861.13,,,,,0.01,3.3,2.9,3.6,10.4,10,10.8,8.1,7.9,8.3,173.7,177.4,170.3,691.466,665.95,716.982,195.665,187.498,203.832,32.357,27.572,37.142,1.443,1.5,1.386,0.135,0.136,0.134,0.066,0.096,0.036,3.136,2.922,3.35,3.136,2.922,3.35,4.524,4.154,4.894,4.524,4.154,4.894,4.683999999999999,4.27,5.098,4.683999999999999,4.27,5.098
2023-06-30T15:50:00Z,27354,352,17800,15,15,,90.2,90.2,,861.14,861.14,,,,,0.01,3.2,2.8,3.6,10.3,9.8,10.9,8.1,7.8,8.4,174,179.5,168.9,689.4929999999999,651.696,727.29,195.83300000000003,188.348,203.318,31.409,25.138,37.68,1.851,1.346,2.356,0.199,0.122,0.276,0.11499999999999999,0.074,0.156,3.067,2.804,3.33,3.067,2.804,3.33,4.558,4.066,5.05,4.558,4.066,5.05,4.728,4.238,5.218,4.728,4.238,5.218
2023-06-30T16:00:00Z,27954,354,17800,15,15,,90,90,,861.288,861.288,,,,,0.01,3.2,2.8,3.6,10.4,9.8,11,8.1,7.8,8.4,173.3,179.3,167.7,694.551,652.57,736.532,196.938,186.518,207.358,30.95,25.778,36.122,1.6920000000000002,1.772,1.612,0.182,0.224,0.14,0.159,0.178,0.14,3.183,2.968,3.398,3.183,2.968,3.398,4.577999999999999,4.226,4.93,4.577999999999999,4.226,4.93,4.76,4.434,5.086,4.76,4.434,5.086
2023-06-30T16:10:00Z,28554,351,17800,15,15,,90,90,,861.358,861.358,,,,,0.01,3.1,2.6,3.5,10,9.4,10.5,7.9,7.5,8.2,177.7,183.7,172.1,663.4639999999999,623.63,703.298,186.31,175.424,197.196,30.201,23.972,36.43,1.603,1.554,1.652,0.281,0.292,0.27,0.19,0.24,0.14,2.854,2.52,3.188,2.854,2.52,3.188,4.203,3.626,4.78,4.203,3.626,4.78,4.405,3.854,4.956,4.405,3.854,4.956
2023-06-30T16:20:00Z,29154,352,17800,15,15,,90,90,,861.586,861.586,,,,,0.01,3.1,2.7,3.4,10.2,9.6,10.8,8,7.7,8.3,175.2,180.9,169.8,681.088,641.838,720.338,192.401,184.408,200.394,29.151,23.726,34.576,1.621,1.416,1.826,0.253,0.256,0.25,0.16299999999999998,0.204,0.122,2.99,2.86,3.12,2.99,2.86,3.12,4.344,3.942,4.746,4.344,3.942,4.746,4.555,4.208,4.902,4.555,4.208,4.902
2023-06-30T16:30:00Z,29754,362,17480,15,15,,90,90,,861.846,861.846,,,,,0.01,2.9,2.7,3.2,10,9.4,10.6,7.9,7.5,8.2,177.6,183.7,171.9,664.4580000000001,624.07,704.846,185.20499999999998,173.734,196.676,27.43,24.57,30.29,1.3250000000000002,1.09,1.56,0.135,0.082,0.188,0.069,0.082,0.056,2.9429999999999996,2.792,3.094,2.9429999999999996,2.792,3.094,4.125,3.846,4.404,4.125,3.846,4.404,4.247,3.926,4.568,4.247,3.926,4.568
2023-06-30T16:40:00Z,30354,358,17800,16,16,,90,90,,862.064,862.064,,,,,0.01,3.3,3,3.6,10.5,10,11,8.2,7.9,8.4,172.6,177.1,168.2,699.9780000000001,667.648,732.308,196.697,188.434,204.96,32.54,27.63,37.45,1.607,1.538,1.676,0.213,0.12,0.306,0.063,0.076,0.05,3.189,2.976,3.402,3.189,2.976,3.402,4.55,4.172,4.928,4.55,4.172,4.928,4.720000000000001,4.336,5.104,4.720000000000001,4.336,5.104
2023-06-30T16:50:00Z,30954,369,18120,16,16,,90,90,,861.958,861.958,,,,,0.01,3.2,2.8,3.6,10.2,9.7,10.8,8,7.7,8.3,175.3,180.6,170.2,680.7570000000001,643.99,717.524,194.96699999999998,185.944,203.99,31.573999999999998,25.532,37.616,1.658,1.28,2.036,0.35200000000000004,0.166,0.538,0.09,0.062,0.118,3.082,2.846,3.318,3.08,2.842,3.318,4.482,3.986,4.978,4.482,3.986,4.978,4.712,4.164,5.26,4.712,4.164,5.26
2023-06-30T17:00:00Z,31554,360,17480,15.6,15.6,,90,90,,861.892,861.892,,,,,0.01,3,2.8,3.3,9.8,9.6,10.1,7.8,7.7,7.9,178.8,181.2,176.5,655.973,639.994,671.952,185.00900000000001,181.796,188.222,29.662999999999997,26.474,32.852,1.359,1.572,1.146,0.3,0.39,0.21,0.17400000000000002,0.326,0.022,2.752,2.598,2.906,2.752,2.598,2.906,4.025,3.77,4.28,4.025,3.77,4.28,4.244,4.092,4.396,4.244,4.092,4.396
2023-06-30T17:10:00Z,32154,366,18120,16,16,,89.2,89.2,,862.05,862.05,,,,,0.01,3.1,2.7,3.5,9.9,9.4,10.5,7.8,7.5,8.1,178.1,183.7,172.9,660.682,624.118,697.246,186.57600000000002,178.288,194.864,29.817999999999998,24.264,35.372,1.2229999999999999,1.218,1.228,0.10700000000000001,0.166,0.048,0.10700000000000001,0.166,0.048,2.8810000000000002,2.66,3.102,2.8810000000000002,2.66,3.102,4.146,3.67,4.622,4.146,3.67,4.622,4.272,3.862,4.682,4.272,3.862,4.682
2023-06-30T17:20:00Z,32754,358,17800,15.6,15.6,,89,89,,862.084,862.084,,,,,0.01,3.1,2.7,3.4,10,9.4,10.5,7.9,7.6,8.2,177.5,182.8,172.4,665.347,629.478,701.216,189.38,178.148,200.612,29.654,24.522,34.786,1.395,1.26,1.53,0.156,0.104,0.208,0.088,0.054,0.122,2.865,2.604,3.126,2.865,2.604,3.126,4.162,3.662,4.662,4.162,3.662,4.662,4.289,3.77,4.808,4.289,3.77,4.808
2023-06-30T17:30:00Z,33354,353,17800,15.6,15.6,,89,89,,861.944,861.944,,,,,0.01,2.8,2.6,3,9.4,9.1,9.7,7.6,7.4,7.7,183.3,186.5,180.1,626.575,605.92,647.23,177.939,173.118,182.76,25.479,22.568,28.39,1.2389999999999999,1.246,1.232,0.135,0.19,0.08,0.019,0.038,0,2.7300000000000004,2.474,2.986,2.7300000000000004,2.474,2.986,3.8360000000000003,3.472,4.2,3.8360000000000003,3.472,4.2,3.944,3.602,4.286,3.944,3.602,4.286
2023-06-30T17:40:00Z,33954,356,18120,16,16,,89,89,,861.76,861.76,,,,,0.01,2.8,2.5,3.1,9.3,8.9,9.7,7.5,7.2,7.7,184.3,189.1,179.7,620.139,590.404,649.874,176.353,168.438,184.268,26.904,23.032,30.776,1.509,1.396,1.622,0.235,0.142,0.328,0.131,0.134,0.128,2.67,2.344,2.996,2.67,2.344,2.996,3.887,3.49,4.284,3.887,3.49,4.284,4.054,3.626,4.482,4.054,3.626,4.482
2023-06-30T17:50:00Z,34554,354,17800,16,16,,89,89,,861.696,861.696,,,,,0.01,2.7,2.6,2.9,8.9,8.8,9,7.3,7.2,7.3,188.6,190.1,187.1,593.2819999999999,584.064,602.5,166.62099999999998,164.908,168.334,26.393,23.668,29.118,1.1560000000000001,1.238,1.074,0.21000000000000002,0.086,0.334,0.044,0,0.088,2.46,2.376,2.544,2.46,2.376,2.544,3.589,3.456,3.722,3.589,3.456,3.722,3.747,3.508,3.986,3.747,3.508,3.986
2023-06-30T18:00:00Z,35154,355,17800,16,16,,89,89,,861.712,861.712,,,,,0.01,2.8,2.5,3,9.3,8.8,9.9,7.5,7.2,7.8,184.1,189.9,178.6,621.604,585.384,657.824,174.43099999999998,164.51,184.352,25.810000000000002,22.12,29.5,1.171,1.078,1.264,0.065,0.09,0.04,0.02,0,0.04,2.777,2.534,3.02,2.777,2.534,3.02,3.956,3.63,4.282,3.956,3.63,4.282,3.99,3.682,4.298,3.99,3.682,4.298
2023-06-30T18:10:00Z,35754,361,17800,16,16,,89,89,,861.7,861.7,,,,,0.01,2.7,2.4,3,9,8.4,9.5,7.3,7,7.6,188,194.1,182.3,596.749,560.454,633.044,168.32,161.364,175.276,26.3,22.308,30.292,1.681,1.322,2.04,0.10899999999999999,0.044,0.174,0.021,0,0.042,2.449,2.27,2.628,2.449,2.27,2.628,3.7889999999999997,3.376,4.202,3.7889999999999997,3.376,4.202,3.886,3.42,4.352,3.886,3.42,4.352
2023-06-30T18:20:00Z,36354,360,17800,16,16,,89,89,,861.756,861.756,,,,,0.01,2.7,2.4,3,8.8,8.4,9.3,7.2,7,7.5,189.2,194.1,184.6,589.508,560.976,618.04,168.734,161.74,175.728,25.378999999999998,21.16,29.598,1.0110000000000001,0.982,1.04,0.134,0.094,0.174,0.025,0.05,0,2.4909999999999997,2.194,2.788,2.4909999999999997,2.194,2.788,3.5969999999999995,3.166,4.028,3.5969999999999995,3.166,4.028,3.6799999999999997,3.238,4.122,3.6799999999999997,3.238,4.122
2023-06-30T18:30:00Z,36954,354,18120,16,16,,89,89,,861.882,861.882,,,,,0.01,2.5,2.3,2.8,8.4,7.9,9,7,6.7,7.3,193.9,200.4,187.8,561.932,525.416,598.448,159.135,148.71,169.56,23.815,21.17,26.46,1.209,1.158,1.26,0.26,0.312,0.208,0.08,0.114,0.046,2.203,1.868,2.538,2.203,1.868,2.538,3.1180000000000003,2.644,3.592,3.1180000000000003,2.644,3.592,3.285,2.88,3.69,3.285,2.88,3.69
2023-06-30T18:40:00Z,37554,356,18120,16,16,,89,89,,861.868,861.868,,,,,0.01,2.4,2.3,2.6,8.2,7.8,8.5,6.8,6.6,7,197.1,201.3,193.1,543.501,520.68,566.322,155.049,149.286,160.812,23.208,21.108,25.308,1.334,1.38,1.288,0.226,0.224,0.228,0.16999999999999998,0.208,0.132,2.209,1.898,2.52,2.209,1.898,2.52,3.239,2.93,3.548,3.239,2.93,3.548,3.466,3.178,3.754,3.466,3.178,3.754
2023-06-30T18:50:00Z,38154,354,18154,16,16,,89,89,,861.946,861.946,,,,,0.01,2.4,2.2,2.5,7.9,7.7,8.2,6.7,6.5,6.8,199.8,202.6,197.2,528.644,513.924,543.364,149.41,145.868,152.952,22.435,19.592,25.278,1.3679999999999999,1.214,1.522,0.1,0.16,0.04,0.061,0.082,0.04,2.05,1.83,2.27,2.05,1.83,2.27,3.098,2.692,3.504,3.098,2.692,3.504,3.181,2.818,3.544,3.181,2.818,3.544
2023-06-30T19:00:00Z,38754,365,17800,16,16,,89,89,,861.926,861.926,,,,,0.01,2.4,2.1,2.8,8.1,7.4,8.8,6.8,6.4,7.2,197.7,205.9,190.1,540.289,496.548,584.03,151.39,138.316,164.464,23.401,18.826,27.976,1.274,1.336,1.212,0.14400000000000002,0.188,0.1,0.094,0.188,0,2.059,1.682,2.436,2.059,1.682,2.436,3.136,2.518,3.754,3.136,2.518,3.754,3.2350000000000003,2.664,3.806,3.2350000000000003,2.664,3.806
2023-06-30T19:10:00Z,39354,359,17160,16,16,,89,89,,862.004,862.004,,,,,0.01,2.4,2.1,2.7,7.9,7.4,8.4,6.7,6.4,7,199.8,206.3,193.7,528.764,494.714,562.814,148.282,139.246,157.318,22.793,18.226,27.36,1.0350000000000001,0.794,1.276,0.153,0.122,0.184,0.11199999999999999,0.078,0.146,1.991,1.756,2.226,1.991,1.756,2.226,2.988,2.54,3.436,2.988,2.54,3.436,3.124,2.64,3.608,3.124,2.64,3.608
2023-06-30T19:20:00Z,39954,354,17480,16.6,16.6,,89,89,,862.17,862.17,,,,,0.01,2.3,2.2,2.5,7.7,7.3,8,6.5,6.3,6.8,203.2,208.1,198.5,510.57800000000003,485.418,535.738,144.447,139.516,149.378,22.017,20.246,23.788,1.142,1.216,1.068,0.1,0.086,0.114,0.08099999999999999,0.086,0.076,1.9609999999999999,1.88,2.042,1.9609999999999999,1.88,2.042,2.971,2.818,3.124,2.971,2.818,3.124,3.096,2.934,3.258,3.096,2.934,3.258
2023-06-30T19:30:00Z,40554,357,18120,17,17,,89,89,,862.236,862.236,,,,,0.01,2.4,2.1,2.6,7.5,7,8.1,6.4,6.1,6.8,204.9,212.4,197.9,501.977,464.718,539.236,142.47199999999998,135,149.944,23.445999999999998,20.688,26.204,1.197,1.18,1.214,0.225,0.188,0.262,0.114,0.188,0.04,1.835,1.562,2.108,1.835,1.562,2.108,2.8609999999999998,2.538,3.184,2.8609999999999998,2.538,3.184,3.031,2.672,3.39,3.031,2.672,3.39
2023-06-30T19:40:00Z,41154,354,17800,17.6,17.6,,88.2,88.2,,862.382,862.382,,,,,0.01,2.3,2,2.7,7.8,7.4,8.3,6.6,6.3,6.9,201.3,207.2,195.8,520.652,490.238,551.066,147.68099999999998,140.458,154.904,22.037,17.476,26.598,0.944,0.754,1.134,0.08800000000000001,0.038,0.138,0.043,0.038,0.048,2.1109999999999998,2.002,2.22,2.1109999999999998,2.002,2.22,3.142,2.88,3.404,3.142,2.88,3.404,3.2270000000000003,2.942,3.512,3.2270000000000003,2.942,3.512
2023-06-30T19:50:00Z,41754,358,17800,18.2,18.2,,88,88,,862.472,862.472,,,,,0.01,2.4,2.2,2.7,7.7,7.1,8.3,6.5,6.2,6.9,203.1,210.8,195.9,511.36699999999996,472.33,550.404,145.329,136.6,154.058,24.141,20.9,27.382,1.222,1.122,1.322,0.178,0.194,0.162,0.097,0.194,0,2.0060000000000002,1.808,2.204,2.0060000000000002,1.808,2.204,3.081,2.82,3.342,3.081,2.82,3.342,3.2110000000000003,2.988,3.434,3.2110000000000003,2.988,3.434
2023-06-30T20:00:00Z,42354,356,17800,19,19,,88,88,,862.428,862.428,,,,,0.01,2.4,2.2,2.6,7.6,7.3,7.9,6.5,6.3,6.7,204,208.3,200,506.279,484.52,528.038,143.327,140.116,146.538,23.503,21.13,25.876,1.037,1.112,0.962,0.139,0.1,0.178,0.046,0.05,0.042,1.8719999999999999,1.652,2.092,1.8719999999999999,1.652,2.092,2.9370000000000003,2.658,3.216,2.9370000000000003,2.658,3.216,3.06,2.794,3.326,3.06,2.794,3.326
2023-06-30T20:10:00Z,42954,360,17800,19.8,19.8,,88,88,,862.454,862.454,,,,,0.01,2.4,2,2.8,7.8,7,8.5,6.6,6.1,7,201.7,211.4,192.9,518.416,469.194,567.638,145.91199999999998,132.106,159.718,23.78,18.73,28.83,1.326,1.334,1.318,0.084,0.084,0.084,0.061,0.084,0.038,2.001,1.676,2.326,2.001,1.676,2.326,3.153,2.614,3.692,3.153,2.614,3.692,3.2169999999999996,2.662,3.772,3.2169999999999996,2.662,3.772
2023-06-30T20:20:00Z,43554,361,18120,20,20,,88,88,,862.424,862.424,,,,,0.01,2.4,2.1,2.7,7.4,7,7.9,6.4,6.1,6.7,206,211.8,200.4,496.466,467.294,525.638,140.49099999999999,133.412,147.57,23.39,19.044,27.736,0.854,0.846,0.862,0.142,0.208,0.076,0.11699999999999999,0.158,0.076,1.902,1.662,2.142,1.902,1.662,2.142,2.868,2.432,3.304,2.868,2.432,3.304,2.996,2.634,3.358,2.996,2.634,3.358
2023-06-30T20:30:00Z,44154,350,18120,20,20,,88,88,,862.35,862.35,,,,,0.01,2.4,2.1,2.6,7.6,7.4,7.9,6.5,6.3,6.6,203.9,207,200.8,507.26,491.086,523.434,143.175,138.062,148.288,22.789,19.472,26.106,1.034,1.204,0.864,0.216,0.292,0.14,0.122,0.194,0.05,1.9769999999999999,1.82,2.134,1.9769999999999999,1.82,2.134,2.876,2.582,3.17,2.876,2.582,3.17,3.037,2.822,3.252,3.037,2.822,3.252
2023-06-30T20:40:00Z,44754,359,17800,20,20,,88,88,,862.21,862.21,,,,,0.01,2.3,2.1,2.6,7.9,7.6,8.2,6.7,6.5,6.8,200.4,204.3,196.7,525.369,504.798,545.94,149.22899999999998,143.298,155.16,21.613,17.704,25.522,1.117,0.906,1.328,0.085,0.132,0.038,0.043,0.048,0.038,1.994,1.678,2.31,1.994,1.678,2.31,2.9560000000000004,2.482,3.43,2.9560000000000004,2.482,3.43,3.0149999999999997,2.566,3.464,3.0149999999999997,2.566,3.464
2023-06-30T20:50:00Z,45354,354,18120,20,20,,88,88,,861.994,861.994,,,,,0.01,2.5,2.2,2.8,7.8,7.4,8.3,6.6,6.3,6.9,201.2,207,195.6,521.558,491.152,551.964,148.676,139.418,157.934,24.73,19.696,29.764,0.9889999999999999,0.814,1.164,0.07,0.05,0.09,0.025,0.05,0,2.1,1.788,2.412,2.1,1.788,2.412,3.159,2.66,3.658,3.159,2.66,3.658,3.223,2.698,3.748,3.223,2.698,3.748
2023-06-30T21:00:00Z,45954,360,17480,20,20,,88,88,,861.876,861.876,,,,,0.01,2.4,2.2,2.6,8.1,7.8,8.4,6.8,6.6,7,198.2,201.8,194.6,537.888,518.138,557.638,151.94400000000002,146.196,157.692,22.767000000000003,19.728,25.806,1.222,1.162,1.282,0.088,0.092,0.084,0.046,0.092,0,2.105,1.896,2.314,2.105,1.896,2.314,3.145,2.782,3.508,3.145,2.782,3.508,3.258,2.934,3.582,3.258,2.934,3.582
2023-06-30T21:10:00Z,46554,354,17800,20,20,,88,88,,861.85,861.85,,,,,0.01,2.4,2.1,2.7,7.7,7.4,8,6.6,6.4,6.7,202.6,206.3,199,514.024,494.912,533.136,146.637,139.43,153.844,23.016,18.264,27.768,0.911,0.636,1.186,0.072,0,0.144,0,0,0,1.986,1.75,2.222,1.986,1.75,2.222,2.958,2.522,3.394,2.958,2.522,3.394,3.02,2.532,3.508,3.02,2.532,3.508
2023-06-30T21:20:00Z,47154,358,17800,19.8,19.8,,88,88,,861.808,861.808,,,,,0.01,2.6,2.4,2.8,8.3,8,8.5,6.9,6.8,7.1,195.5,198.5,192.5,552.873,535.84,569.906,156.024,150.358,161.69,25.198999999999998,22.674,27.724,1.225,1.076,1.374,0.10500000000000001,0.14,0.07,0.048,0.096,0,2.2119999999999997,2.156,2.268,2.2119999999999997,2.156,2.268,3.37,3.166,3.574,3.37,3.166,3.574,3.447,3.278,3.616,3.447,3.278,3.616
2023-06-30T21:30:00Z,47754,357,17800,20,20,,88,88,,861.816,861.816,,,,,0.01,2.8,2.5,3.2,9.1,8.7,9.6,7.4,7.1,7.6,186.2,191.1,181.5,608.362,578.438,638.286,173.129,166.128,180.13,27.296,22.366,32.226,1.123,1.224,1.022,0.154,0.184,0.124,0.11599999999999999,0.146,0.086,2.545,2.204,2.886,2.545,2.204,2.886,3.777,3.296,4.258,3.777,3.296,4.258,3.9130000000000003,3.474,4.352,3.9130000000000003,3.474,4.352
2023-06-30T21:40:00Z,48354,354,18120,19.4,19.4,,88.2,88.2,,861.786,861.786,,,,,0.01,3,2.8,3.2,9.8,9.8,9.9,7.8,7.8,7.8,178.9,179.5,178.4,655.348,651.718,658.978,186.68099999999998,184.262,189.1,29.185000000000002,25.602,32.768,1.672,1.654,1.69,0.29500000000000004,0.336,0.254,0.192,0.336,0.048,2.834,2.742,2.926,2.834,2.742,2.926,4.233,3.89,4.576,4.233,3.89,4.576,4.468999999999999,4.18,4.758,4.468999999999999,4.18,4.758
2023-06-30T21:50:00Z,48954,359,17800,19.6,19.6,,88,88,,861.668,861.668,,,,,0.01,3.3,3.1,3.4,10.2,9.8,10.6,8,7.8,8.2,175.6,179.3,172.1,678.071,652.73,703.412,195.645,189.984,201.306,32.687,30.73,34.644,1.837,1.908,1.766,0.20700000000000002,0.142,0.272,0.139,0.142,0.136,3.221,3.004,3.438,3.221,3.004,3.438,4.679,4.394,4.964,4.679,4.394,4.964,4.884,4.56,5.208,4.884,4.56,5.208
2023-06-30T22:00:00Z,49554,356,18120,19.8,19.8,,88,88,,861.752,861.752,,,,,0.01,3.2,2.9,3.6,10.6,10.3,10.8,8.2,8,8.3,172,174.7,169.5,703.845,684.718,722.972,198.69799999999998,192.476,204.92,31.143,25.924,36.362,1.319,1.098,1.54,0.202,0.128,0.276,0.026,0,0.052,3.173,2.9,3.446,3.173,2.9,3.446,4.3919999999999995,3.992,4.792,4.3919999999999995,3.992,4.792,4.521,4.05,4.992,4.521,4.05,4.992
2023-06-30T22:10:00Z,50154,350,18120,19.6,19.6,,88,88,,861.768,861.768,,,,,0.01,3.4,3.2,3.5,10.7,10.4,11.1,8.3,8.1,8.5,170.4,173.6,167.3,715.852,692.468,739.236,203.33300000000003,200.61,206.056,32.79,30.992,34.588,1.605,1.724,1.486,0.177,0.236,0.118,0.099,0.154,0.044,3.283,3.054,3.512,3.283,3.054,3.512,4.720000000000001,4.468,4.972,4.720000000000001,4.468,4.972,4.909000000000001,4.714,5.104,4.909000000000001,4.714,5.104
2023-06-30T22:20:00Z,50754,354,18120,19.4,19.4,,88,88,,861.71,861.71,,,,,0.01,3.1,2.8,3.5,10.4,9.9,10.9,8.1,7.8,8.4,173.2,178,168.7,695.057,661.382,728.732,197.392,189.266,205.518,29.506,23.808,35.204,1.3250000000000002,1.036,1.614,0.06,0.08,0.04,0.017,0.034,0,3.093,2.96,3.226,3.093,2.96,3.226,4.449,3.968,4.93,4.449,3.968,4.93,4.508,4.062,4.954,4.508,4.062,4.954
2023-06-30T22:30:00Z,51354,356,18120,19,19,,88,88,,861.818,861.818,,,,,0.01,3.2,3,3.5,10.6,10.4,10.8,8.2,8.1,8.3,171.6,173.7,169.5,707.2180000000001,691.94,722.496,200.808,199.35,202.266,31.084,26.75,35.418,1.417,0.864,1.97,0.035,0,0.07,0,0,0,3.3289999999999997,3.348,3.31,3.3289999999999997,3.348,3.31,4.677,4.438,4.916,4.677,4.438,4.916,4.7330000000000005,4.478,4.988,4.7330000000000005,4.478,4.988
2023-06-30T22:40:00Z,51954,369,17800,19,19,,88,88,,861.89,861.89,,,,,0.01,3.3,3.1,3.6,10.5,10.3,10.7,8.2,8,8.3,172.6,174.8,170.4,699.9290000000001,683.86,715.998,198.60500000000002,194.148,203.062,33.238,30.248,36.228,1.446,1.472,1.42,0.114,0.192,0.036,0.08800000000000001,0.14,0.036,3.161,3.012,3.31,3.161,3.012,3.31,4.577999999999999,4.316,4.84,4.577999999999999,4.316,4.84,4.691,4.51,4.872,4.691,4.51,4.872
2023-06-30T22:50:00Z,52554,359,18120,19,19,,88,88,,861.88,861.88,,,,,0.01,3,2.7,3.3,9.7,9.4,10.1,7.7,7.6,7.9,179.8,183,176.7,649.6600000000001,628.514,670.806,182.50099999999998,177.408,187.594,28.958,24.196,33.72,1.116,1.154,1.078,0.043,0.044,0.042,0.022,0.044,0,2.77,2.692,2.848,2.77,2.692,2.848,4.056,3.768,4.344,4.056,3.768,4.344,4.085,3.794,4.376,4.085,3.794,4.376
2023-06-30T23:00:00Z,53154,351,17800,19,19,,88,88,,861.868,861.868,,,,,0.01,3.2,2.8,3.5,10.2,9.7,10.7,8,7.7,8.3,175.2,179.8,170.8,681.344,649.574,713.114,193.79399999999998,186.724,200.864,30.862000000000002,26.078,35.646,1.795,1.408,2.182,0.158,0.046,0.27,0.066,0.046,0.086,2.995,2.768,3.222,2.995,2.768,3.222,4.4,3.898,4.902,4.4,3.898,4.902,4.553,4.03,5.076,4.553,4.03,5.076
2023-06-30T23:10:00Z,53754,358,17480,19,19,,88,88,,861.834,861.834,,,,,0.01,3,2.8,3.3,10.1,9.9,10.4,8,7.8,8.1,176,178.5,173.6,675.2819999999999,658.212,692.352,189.773,188.202,191.344,28.661,24.774,32.548,1.466,1.508,1.424,0.183,0.238,0.128,0.114,0.186,0.042,3.051,2.91,3.192,3.051,2.91,3.192,4.171,3.858,4.484,4.171,3.858,4.484,4.369,4.122,4.616,4.369,4.122,4.616
2023-06-30T23:20:00Z,54354,357,17800,19,19,,88,88,,861.884,861.884,,,,,0.01,3.2,3,3.4,10.5,10.2,10.7,8.1,8,8.3,173,175.3,170.8,696.668,680.63,712.706,198.711,194.954,202.468,30.591,27.19,33.992,1.5979999999999999,1.426,1.77,0.171,0.116,0.226,0.092,0.084,0.1,3.202,3.012,3.392,3.202,3.012,3.392,4.579,4.342,4.816,4.579,4.342,4.816,4.776,4.464,5.088,4.776,4.464,5.088
2023-06-30T23:30:00Z,54954,357,17800,19,19,,88,88,,861.9,861.9,,,,,0.01,3.2,3,3.5,10.4,10.1,10.8,8.1,8,8.3,173.1,176,170.3,696.087,675.452,716.722,198,194.88,201.12,31.589,27.58,35.598,1.616,1.668,1.564,0.199,0.184,0.214,0.136,0.184,0.088,3.275,3.274,3.276,3.275,3.274,3.276,4.6530000000000005,4.486,4.82,4.6530000000000005,4.486,4.82,4.7989999999999995,4.608,4.99,4.7989999999999995,4.608,4.99
2023-06-30T23:40:00Z,55554,368,17800,19,19,,88,88,,861.98,861.98,,,,,0.01,3.1,2.8,3.4,10.4,10,10.7,8.1,7.9,8.3,173.8,177.1,170.7,690.836,667.75,713.922,196.236,189.664,202.808,28.942999999999998,24.532,33.354,1.3439999999999999,1.494,1.194,0.105,0.09,0.12,0.069,0.09,0.048,3.088,2.744,3.432,3.088,2.744,3.432,4.3309999999999995,3.884,4.778,4.3309999999999995,3.884,4.778,4.475,4.058,4.892,4.475,4.058,4.892
2023-06-30T23:50:00Z,56154,352,18120,19,19,,88,88,,862.098,862.098,,,,,0.01,3.2,3.1,3.4,10.5,10.4,10.6,8.1,8.1,8.2,172.9,173.9,171.8,697.871,690.082,705.66,197.502,196.134,198.87,31.242,28.484,34,1.2599999999999998,1.394,1.126,0.194,0.244,0.144,0.14600000000000002,0.196,0.096,3.2009999999999996,3.15,3.252,3.2009999999999996,3.15,3.252,4.556,4.514,4.598,4.556,4.514,4.598,4.725,4.768,4.682,4.725,4.768,4.682
2023-07-01T00:00:00Z,56754,355,17800,19.8,19.8,,88,88,,862.186,862.186,,,,,0.01,3.3,3.1,3.4,10.6,10.5,10.7,8.2,8.2,8.3,171.7,172.6,170.9,706.072,699.724,712.42,198.79,198.45,199.13,32.055,29.398,34.712,1.624,1.646,1.602,0.137,0.22,0.054,0.067,0.134,0,3.165,3.068,3.262,3.165,3.068,3.262,4.59,4.47,4.71,4.59,4.47,4.71,4.7330000000000005,4.692,4.774,4.7330000000000005,4.692,4.774
2023-07-01T00:10:00Z,57354,355,18120,20,20,,88,88,,862.186,862.186,,,,,0.01,3.2,3,3.5,10.6,10.3,10.9,8.2,8.1,8.4,171.5,174,169.1,707.725,689.378,726.072,201.587,198.168,205.006,30.739,26.738,34.74,1.317,1.18,1.454,0.191,0.052,0.33,0.059,0,0.118,3.224,3.108,3.34,3.224,3.108,3.34,4.571999999999999,4.326,4.818,4.571999999999999,4.326,4.818,4.727,4.448,5.006,4.727,4.448,5.006
2023-07-01T00:20:00Z,57954,358,17800,20,20,,88,88,,862.222,862.222,,,,,0.01,3.4,3,3.8,11.1,10.6,11.5,8.4,8.2,8.7,167.5,171.4,163.9,737.607,708.506,766.708,207.998,199.424,216.572,32.393,26.076,38.71,1.777,1.5,2.054,0.269,0.182,0.356,0.11499999999999999,0.182,0.048,3.4530000000000003,3.31,3.596,3.4530000000000003,3.31,3.596,4.872,4.484,5.26,4.872,4.484,5.26,5.089,4.704,5.474,5.089,4.704,5.474
2023-07-01T00:30:00Z,58554,353,18120,20,20,,87.4,87.4,,862.29,862.29,,,,,0.01,3.5,3.1,3.9,11.4,11,11.8,8.6,8.4,8.8,164.5,167.9,161.2,761.767,734.788,788.746,215.877,210.02,221.734,33.257999999999996,26.844,39.672,1.454,1.448,1.46,0.193,0.214,0.172,0.088,0.176,0,3.566,3.362,3.77,3.566,3.362,3.77,4.958,4.526,5.39,4.958,4.526,5.39,5.106,4.708,5.504,5.106,4.708,5.504
2023-07-01T00:40:00Z,59154,353,17800,20.8,20.8,,87,87,,862.326,862.326,,,,,0.01,3.7,3.2,4.1,12,11.4,12.7,8.9,8.6,9.2,159.6,164.7,154.8,801.8969999999999,759.704,844.09,225.23700000000002,213.336,237.138,35.153999999999996,28.676,41.632,1.738,1.43,2.046,0.124,0.122,0.126,0.061,0.08,0.042,3.77,3.372,4.168,3.77,3.372,4.168,5.375,4.822,5.928,5.375,4.822,5.928,5.487,4.91,6.064,5.487,4.91,6.064
2023-07-01T00:50:00Z,59754,351,17480,21,21,,87,87,,862.296,862.296,,,,,0.01,3.9,3.6,4.3,12.9,12.4,13.3,9.3,9.1,9.5,153.3,156.6,150.1,858.1220000000001,828.258,887.986,240.334,230.076,250.592,38.079,32.746,43.412,2.098,1.51,2.686,0.14500000000000002,0.136,0.154,0.085,0.136,0.034,4.057,3.816,4.298,4.057,3.816,4.298,5.757,5.188,6.326,5.757,5.188,6.326,5.884,5.322,6.446,5.884,5.322,6.446
2023-07-01T01:00:00Z,60354,352,18120,21,21,,87,87,,862.352,862.352,,,,,0.01,3.9,3.6,4.1,12.7,12.4,12.9,9.2,9.1,9.3,154.8,156.4,153.2,844.082,829.52,858.644,240.063,233.788,246.338,36.943,33.006,40.88,1.8519999999999999,1.626,2.078,0.16199999999999998,0.144,0.18,0.119,0.144,0.094,4.104,3.922,4.286,4.104,3.922,4.286,5.676,5.328,6.024,5.676,5.328,6.024,5.862,5.534,6.19,5.862,5.534,6.19
2023-07-01T01:10:00Z,60954,355,18120,21,21,,87,87,,862.36,862.36,,,,,0.01,4,3.6,4.4,12.9,12.8,13.1,9.4,9.3,9.5,152.8,154.1,151.5,862.846,850.662,875.03,242.568,239.044,246.092,39.366,32.682,46.05,1.9020000000000001,2.16,1.644,0.28900000000000003,0.448,0.13,0.114,0.194,0.034,4.024,3.898,4.15,4.024,3.898,4.15,5.8580000000000005,5.37,6.346,5.8580000000000005,5.37,6.346,6.064,5.712,6.416,6.064,5.712,6.416
2023-07-01T01:20:00Z,61554,351,18120,21,21,,87,87,,862.46,862.46,,,,,0.01,4,3.7,4.3,12.7,12.4,13.1,9.3,9.1,9.4,154.2,156.5,151.9,849.9200000000001,828.676,871.164,240.339,235.49,245.188,39.741,34.572,44.91,2.13,2.038,2.222,0.344,0.194,0.494,0.181,0.152,0.21,4.127000000000001,3.99,4.264,4.127000000000001,3.99,4.264,5.848,5.58,6.116,5.848,5.58,6.116,6.132,5.814,6.45,6.132,5.814,6.45
2023-07-01T01:30:00Z,62154,354,17800,21,21,,87,87,,862.444,862.444,,,,,0.01,3.8,3.4,4.3,12.5,12.2,12.9,9.2,9,9.3,155.8,158.3,153.3,835.547,813.246,857.848,236.002,229.544,242.46,36.23,28.764,43.696,1.523,1.148,1.898,0.182,0.086,0.278,0.04,0,0.08,3.9850000000000003,3.97,4,3.9850000000000003,3.97,4,5.584,5.134,6.034,5.584,5.134,6.034,5.736000000000001,5.264,6.208,5.736000000000001,5.264,6.208
2023-07-01T01:40:00Z,62754,349,18154,21,21,,87,87,,862.494,862.494,,,,,0.01,4,3.6,4.4,12.8,12.5,13,9.3,9.2,9.4,154,156,152.1,851.2370000000001,833.168,869.306,242.736,238.842,246.63,39.495000000000005,32.944,46.046,2.191,2.026,2.356,0.182,0.116,0.248,0.027,0.054,0,4.109999999999999,3.832,4.388,4.109999999999999,3.832,4.388,5.9,5.44,6.36,5.9,5.44,6.36,6.026,5.52,6.532,6.026,5.52,6.532
2023-07-01T01:50:00Z,63354,357,17800,21,21,,87,87,,862.506,862.506,,,,,0.01,4,3.5,4.5,13.3,12.6,14.1,9.6,9.2,9.9,149.9,155.2,144.9,889.884,840.368,939.4,248.95499999999998,239.712,258.198,37.373999999999995,29.412,45.336,1.544,1.25,1.838,0.253,0.202,0.304,0.072,0.108,0.036,4.094,3.772,4.416,4.094,3.772,4.416,5.812,5.102,6.522,5.812,5.102,6.522,5.9990000000000006,5.266,6.732,5.9990000000000006,5.266,6.732
2023-07-01T02:00:00Z,63954,360,17480,21.6,21.6,,87,87,,862.616,862.616,,,,,0.01,4.5,4.2,4.8,14.6,14.2,15,10.1,9.9,10.3,141.7,144.4,139.1,973.701,945.302,1002.1,275,267.478,282.522,43.70099999999999,39.12,48.282,2.223,2.01,2.436,0.41800000000000004,0.392,0.444,0.222,0.268,0.176,4.864,4.664,5.064,4.864,4.664,5.064,6.881,6.432,7.33,6.881,6.432,7.33,7.170999999999999,6.696,7.646,7.170999999999999,6.696,7.646
2023-07-01T02:10:00Z,64554,364,17800,22,22,,87,87,,862.7,862.7,,,,,0.01,4.7,4.4,5,15.7,15,16.4,10.6,10.3,10.9,135.2,139.1,131.5,1046.7060000000001,1001.662,1091.75,296.541,285.056,308.026,45.238,40.674,49.802,2.4290000000000003,1.646,3.212,0.237,0.23,0.244,0.129,0.142,0.116,5.255000000000001,4.78,5.73,5.255000000000001,4.78,5.73,7.263,6.514,8.012,7.263,6.514,8.012,7.525,6.774,8.276,7.525,6.774,8.276
2023-07-01T02:20:00Z,65154,351,17800,22,22,,87,87,,862.708,862.708,,,,,0.01,4.5,4.1,4.8,14.4,14.1,14.7,10,9.9,10.2,143,144.9,141.1,959.718,939.53,979.906,270.03499999999997,265.712,274.358,43.778999999999996,38.598,48.96,2.024,2.032,2.016,0.265,0.274,0.256,0.157,0.186,0.128,4.7989999999999995,4.522,5.076,4.7989999999999995,4.522,5.076,6.667,6.2,7.134,6.667,6.2,7.134,6.909,6.438,7.38,6.909,6.438,7.38
2023-07-01T02:30:00Z,65754,357,18120,22,22,,87,87,,862.776,862.776,,,,,0.01,4.3,4,4.6,14,13.4,14.6,9.9,9.6,10.1,145.6,149.4,141.9,932.9,894.694,971.106,263.859,254.444,273.274,40.741,36.57,44.912,1.849,1.772,1.926,0.262,0.296,0.228,0.124,0.158,0.09,4.556,4.344,4.768,4.556,4.344,4.768,6.317,5.912,6.722,6.317,5.912,6.722,6.545,6.174,6.916,6.545,6.174,6.916
2023-07-01T02:40:00Z,66354,359,18120,22,22,,87,87,,862.87,862.87,,,,,0.01,4.1,3.9,4.3,13.7,13.6,13.9,9.7,9.7,9.8,147.4,148.5,146.3,914.377,903.778,924.976,255.86100000000002,253.514,258.208,38.209,35.23,41.188,1.69,1.44,1.94,0.041,0.034,0.048,0.017,0.034,0,4.461,4.362,4.56,4.461,4.362,4.56,6.104,5.788,6.42,6.104,5.788,6.42,6.154,5.844,6.464,6.154,5.844,6.464
2023-07-01T02:50:00Z,66954,354,18120,21.6,21.6,,87,87,,862.95,862.95,,,,,0.01,4.3,3.8,4.9,14,13.1,14.9,9.8,9.4,10.2,145.7,151.9,139.9,931.615,870.434,992.796,261.603,245.058,278.148,42.242,34.928,49.556,1.905,1.98,1.83,0.164,0.19,0.138,0.07,0.14,0,4.42,4.04,4.8,4.42,4.04,4.8,6.381,5.764,6.998,6.381,5.764,6.998,6.5120000000000005,5.938,7.086,6.5120000000000005,5.938,7.086
2023-07-01T03:00:00Z,67554,354,17480,21.8,21.8,,87,87,,863.016,863.016,,,,,0.01,4.2,3.7,4.7,13.7,13.1,14.3,9.7,9.4,10,147.6,151.7,143.7,912.643,873.082,952.204,257.78999999999996,248.618,266.962,40.396,31.962,48.83,1.928,1.322,2.534,0.255,0.196,0.314,0.094,0.146,0.042,4.486,4.148,4.824,4.486,4.148,4.824,6.092,5.342,6.842,6.092,5.342,6.842,6.3309999999999995,5.548,7.114,6.3309999999999995,5.548,7.114
2023-07-01T03:10:00Z,68154,361,18120,22,22,,87,87,,863.004,863.004,,,,,0.01,4.1,3.7,4.5,13.7,13.3,14.1,9.7,9.5,9.9,147.3,150.1,144.6,915.312,888.15,942.474,257.318,251.344,263.292,38.447,31.34,45.554,1.8239999999999998,1.45,2.198,0.16699999999999998,0.182,0.152,0.112,0.182,0.042,4.416,4.2,4.632,4.416,4.2,4.632,6.096,5.586,6.606,6.096,5.586,6.606,6.244,5.736,6.752,6.244,5.736,6.752
2023-07-01T03:20:00Z,68634,354,18120,22,22,,87,87,,863.017,863.017,,,,,0.01,4.1,3.5,4.6,13.6,13.3,14,9.7,9.5,9.8,148,150.4,145.7,908.067,885.087,931.047,254.63,247.873,261.387,38.24,28.687,47.793,1.5579999999999998,1.253,1.863,0.13,0.083,0.177,0.083,0.083,0.083,4.375,4.063,4.687,4.375,4.063,4.687,6.002,5.367,6.637,6.002,5.367,6.637,6.1465,5.463,6.83,6.1465,5.463,6.83
2023-07-01T03:30:00Z,69480,351,14104,22,22,,87,87,,862.88,862.88,,,,,0.01,4,3.8,4.2,13.2,12.5,13.8,9.5,9.2,9.8,151.2,156.1,146.5,877.725,832.2,923.25,249.505,242.76,256.25,37.06,35,39.12,0.8300000000000001,0.75,0.91,0.08,0,0.16,0,0,0,4.539999999999999,4.31,4.77,4.539999999999999,4.31,4.77,5.96,5.71,6.21,5.96,5.71,6.21,6.015000000000001,5.71,6.32,6.015000000000001,5.71,6.32
2023-07-01T03:40:00Z,69954,1495,17176,22,22,,87,87,,862.878,862.878,,,,,0.01,3.8,3.4,4.2,12.8,12.2,13.4,9.3,9,9.6,153.8,158,149.8,853.094,815.37,890.818,240.68099999999998,233.17,248.192,35.230000000000004,29.704,40.756,1.536,1.492,1.58,0.16099999999999998,0.144,0.178,0.066,0.094,0.038,3.975,3.766,4.184,3.975,3.766,4.184,5.541,5.09,5.992,5.541,5.09,5.992,5.652,5.194,6.11,5.652,5.194,6.11
2023-07-01T03:50:00Z,70554,356,17816,22,22,,87,87,,862.986,862.986,,,,,0.01,4.3,4,4.6,13.8,13.5,14.1,9.8,9.6,9.9,146.8,148.9,144.9,919.969,899.848,940.09,257.37,251.968,262.772,42.277,37.73,46.824,2.325,2.098,2.552,0.266,0.336,0.196,0.1,0.2,0,4.4510000000000005,4.274,4.628,4.4510000000000005,4.274,4.628,6.411,6.062,6.76,6.411,6.062,6.76,6.595000000000001,6.28,6.91,6.595000000000001,6.28,6.91
2023-07-01T04:00:00Z,71154,354,17176,22,22,,87,87,,862.902,862.902,,,,,0.01,4.2,3.8,4.7,13.9,13.6,14.3,9.8,9.7,10,145.9,148.5,143.5,929.004,903.524,954.484,263.212,257.164,269.26,41.06,34.224,47.896,2.319,1.964,2.674,0.248,0.16,0.336,0.11199999999999999,0.12,0.104,4.593,4.356,4.83,4.593,4.356,4.83,6.383,5.888,6.878,6.383,5.888,6.878,6.601,6.04,7.162,6.601,6.04,7.162
2023-07-01T04:10:00Z,71754,356,17816,22,22,,87,87,,862.844,862.844,,,,,0.01,4.2,3.7,4.6,13.9,13.4,14.4,9.8,9.6,10,146.1,149.4,142.9,927.835,895.08,960.59,260.443,253.756,267.13,39.604,32.46,46.748,1.8769999999999998,1.688,2.066,0.474,0.332,0.616,0.147,0.294,0,4.539,4.244,4.834,4.539,4.244,4.834,6.170999999999999,5.744,6.598,6.170999999999999,5.744,6.598,6.5169999999999995,6.006,7.028,6.5169999999999995,6.006,7.028
2023-07-01T04:20:00Z,72354,359,16856,22.8,22.8,,87,87,,862.78,862.78,,,,,0.01,4.4,3.8,5,14,13.3,14.7,9.9,9.6,10.2,145.5,150,141.1,934.043,888.57,979.516,264.656,252.006,277.306,43.641999999999996,34.774,52.51,1.98,2.354,1.606,0.126,0.156,0.096,0.039,0.078,0,4.58,4.126,5.034,4.58,4.126,5.034,6.465,5.76,7.17,6.465,5.76,7.17,6.571,5.878,7.264,6.571,5.878,7.264
2023-07-01T04:30:00Z,72894,362,17610,23,23,,87,87,,862.857,862.857,,,,,0.01,4.3,3.9,4.6,13.8,13.3,14.4,9.8,9.5,10,146.6,150.3,143.1,922.096,886.12,958.072,262.9665,254.963,270.97,41.0635,36.492,45.635,1.8675,2.163,1.572,0.1305,0.163,0.098,0.0535,0.107,0,4.616,4.29,4.942,4.616,4.29,4.942,6.359999999999999,5.888,6.832,6.359999999999999,5.888,6.832,6.4725,6.05,6.895,6.4725,6.05,6.895
2023-07-01T04:40:00Z,73554,364,17850,22,22,,87,87,,862.722,862.722,,,,,0.01,3.8,3.4,4.1,12.9,12.6,13.1,9.3,9.2,9.5,153.4,155.5,151.4,856.865,837.798,875.932,240.542,237.248,243.836,34.833,29.58,40.086,1.608,1.668,1.548,0.21200000000000002,0.144,0.28,0.111,0.096,0.126,4.052,3.842,4.262,4.052,3.842,4.262,5.556,5.186,5.926,5.556,5.186,5.926,5.725,5.332,6.118,5.725,5.332,6.118
2023-07-01T04:50:00Z,74155,1020,17910,22,22,,87,87,,862.602,862.602,,,,,0.01,3.7,3.5,3.8,12.3,12.4,12.2,9.1,9.1,9,157.5,157.1,157.9,820.059,823.826,816.292,230.18599999999998,234.368,226.004,34.715,31.23,38.2,1.9569999999999999,1.852,2.062,0.3,0.358,0.242,0.13,0.234,0.026,3.815,3.798,3.832,3.815,3.798,3.832,5.32,5.21,5.43,5.32,5.21,5.43,5.545999999999999,5.484,5.608,5.545999999999999,5.484,5.608
2023-07-01T05:00:00Z,74724,356,17686,22,22,,87.25,87.25,,862.53,862.53,,,,,0.01,3.4,3.1,3.7,11.8,11.5,12.1,8.8,8.7,9,161.2,163.6,158.8,788.8125,768.935,808.69,219.591,213.727,225.455,31.080000000000002,26.795,35.365,1.6195,1.342,1.897,0.195,0.182,0.208,0.0315,0.063,0,3.6755,3.583,3.768,3.6755,3.583,3.768,5.0024999999999995,4.62,5.385,5.0024999999999995,4.62,5.385,5.1325,4.79,5.475,5.1325,4.79,5.475
2023-07-01T05:10:00Z,75384,359,17630,22,22,,87.75,87.75,,862.423,862.423,,,,,0.01,3.2,3,3.5,10.8,10.6,11,8.3,8.2,8.4,169.8,171.8,167.7,720.7864999999999,705.435,736.138,203.8665,200.775,206.958,30.494999999999997,25.837,35.153,1.3014999999999999,1.2,1.403,0.14,0.12,0.16,0.089,0.12,0.058,3.2075,3.072,3.343,3.2075,3.072,3.343,4.5865,4.293,4.88,4.5865,4.293,4.88,4.6985,4.4,4.997,4.6985,4.4,4.997
2023-07-01T05:20:00Z,75954,353,17314,22,22,,88,88,,862.402,862.402,,,,,0.01,3.3,3.2,3.5,11.3,11.4,11.2,8.6,8.6,8.5,165.5,165,166,753.637,757.772,749.502,212.018,213.018,211.018,30.737000000000002,28.408,33.066,1.15,1.082,1.218,0.176,0.192,0.16,0.056999999999999995,0.072,0.042,3.402,3.308,3.496,3.402,3.308,3.496,4.753,4.562,4.944,4.753,4.562,4.944,4.877,4.702,5.052,4.877,4.702,5.052
2023-07-01T05:30:00Z,76594,355,16805,22,22,,87.667,87.667,,862.33,862.33,,,,,0.01,3.2,3,3.5,11.6,11.4,11.7,8.7,8.6,8.8,163.3,164.4,162.2,771.3215,762.3,780.343,217.11700000000002,215.667,218.567,28.515,25.26,31.77,1.2685,1.37,1.167,0.005,0,0.01,0,0,0,3.59,3.297,3.883,3.59,3.297,3.883,4.8100000000000005,4.41,5.21,4.8100000000000005,4.41,5.21,4.8215,4.433,5.21,4.8215,4.433,5.21
2023-07-01T05:40:00Z,77154,356,17496,21.4,21.4,,87.2,87.2,,862.144,862.144,,,,,0.01,3.2,2.8,3.5,11,10.9,11.2,8.4,8.4,8.5,167.9,169.1,166.7,735.145,725.8,744.49,207.407,205.74,209.074,28.813,22.918,34.708,1.256,1.088,1.424,0.197,0.15,0.244,0.055,0.11,0,3.322,3.226,3.418,3.322,3.226,3.418,4.537,4.234,4.84,4.537,4.234,4.84,4.677,4.366,4.988,4.677,4.366,4.988
2023-07-01T05:50:00Z,77785,355,17058,21,21,,87,87,,862.025,862.025,,,,,0.01,3.1,2.9,3.3,10.4,10,10.8,8.1,7.9,8.3,173.3,177,169.6,695.0274999999999,668.425,721.63,193.712,187.907,199.517,28.4215,25.905,30.938,1.139,0.958,1.32,0.2115,0.175,0.248,0.0375,0.075,0,3.0365,2.97,3.103,3.0365,2.97,3.103,4.1675,3.965,4.37,4.1675,3.965,4.37,4.302,4.067,4.537,4.302,4.067,4.537
2023-07-01T06:00:00Z,78354,363,17816,21,21,,87,87,,861.924,861.924,,,,,0.01,2.8,2.6,3,9.5,9.4,9.7,7.6,7.5,7.7,182,183.5,180.6,634.641,625.372,643.91,177.41,175.936,178.884,26.619999999999997,23.392,29.848,1.173,1.06,1.286,0.136,0.088,0.184,0.065,0.088,0.042,2.725,2.572,2.878,2.725,2.572,2.878,3.795,3.552,4.038,3.795,3.552,4.038,3.931,3.636,4.226,3.931,3.636,4.226
2023-07-01T06:10:00Z,78954,357,17739,20.6,20.6,,87.6,87.6,,861.904,861.904,,,,,0.01,2.6,2.3,2.9,9.3,8.8,9.7,7.5,7.2,7.7,184.7,189.9,179.8,617.304,585.13,649.478,172.325,164.438,180.212,23.526,19.188,27.864,0.9750000000000001,0.894,1.056,0.14300000000000002,0.13,0.156,0.063,0.086,0.04,2.441,2.128,2.754,2.441,2.128,2.754,3.455,2.982,3.928,3.455,2.982,3.928,3.551,3.078,4.024,3.551,3.078,4.024
2023-07-01T06:20:00Z,79554,355,18120,20,20,,87.4,87.4,,861.904,861.904,,,,,0.01,2.6,2.4,2.7,8.9,8.7,9.1,7.2,7.1,7.4,189,191.2,186.9,590.648,577.734,603.562,164.019,162.228,165.81,23.18,20.396,25.964,0.9299999999999999,0.864,0.996,0.08299999999999999,0.086,0.08,0.04,0.04,0.04,2.3369999999999997,2.298,2.376,2.3369999999999997,2.298,2.376,3.407,3.206,3.608,3.407,3.206,3.608,3.48,3.268,3.692,3.48,3.268,3.692
2023-07-01T06:30:00Z,80154,360,17800,20,20,,88,88,,861.91,861.91,,,,,0.01,2.5,2.3,2.8,8.9,8.5,9.3,7.3,7,7.5,188.8,193.2,184.7,591.9970000000001,566.174,617.82,166.865,159.18,174.55,23.103,19.786,26.42,1.389,1.286,1.492,0.046,0.048,0.044,0,0,0,2.572,2.436,2.708,2.572,2.436,2.708,3.633,3.398,3.868,3.633,3.398,3.868,3.7,3.456,3.944,3.7,3.456,3.944
2023-07-01T06:40:00Z,80754,359,17480,20,20,,88,88,,861.882,861.882,,,,,0.01,2.7,2.4,2.9,9.2,9,9.4,7.4,7.3,7.6,185.4,187.6,183.1,613.319,599.09,627.548,172.667,170.814,174.52,24.275,20.074,28.476,1.049,1.226,0.872,0.155,0.284,0.026,0.142,0.284,0,2.645,2.54,2.75,2.645,2.54,2.75,3.649,3.472,3.826,3.649,3.472,3.826,3.786,3.698,3.874,3.786,3.698,3.874
2023-07-01T06:50:00Z,81354,350,17480,20,20,,88,88,,861.842,861.842,,,,,0.01,2.6,2.5,2.7,9.3,9.2,9.4,7.5,7.4,7.6,184.5,185.9,183.1,619.0409999999999,610.192,627.89,172.099,171.96,172.238,23.215,20.766,25.664,1.121,0.836,1.406,0.128,0.052,0.204,0.024,0,0.048,2.588,2.518,2.658,2.588,2.518,2.658,3.5869999999999997,3.394,3.78,3.5869999999999997,3.394,3.78,3.692,3.436,3.948,3.692,3.436,3.948
2023-07-01T07:00:00Z,81954,349,17800,20.2,20.2,,88,88,,861.924,861.924,,,,,0.01,2.9,2.5,3.2,9.4,9,9.8,7.6,7.3,7.8,183,187.1,179.2,628.2529999999999,602.702,653.804,177.495,170.43,184.56,27.899,22.632,33.166,1.577,1.236,1.918,0.107,0.062,0.152,0.022,0.044,0,2.635,2.382,2.888,2.635,2.382,2.888,3.88,3.43,4.33,3.88,3.43,4.33,3.9939999999999998,3.55,4.438,3.9939999999999998,3.55,4.438
2023-07-01T07:10:00Z,82554,353,18120,21,21,,88,88,,861.992,861.992,,,,,0.01,2.8,2.6,3.1,9.6,9.4,9.9,7.7,7.5,7.8,180.8,183.6,178,642.962,624.562,661.362,183.037,178.496,187.578,25.855,22.116,29.594,1.077,0.888,1.266,0.151,0.108,0.194,0.034,0.03,0.038,2.732,2.508,2.956,2.732,2.508,2.956,3.827,3.426,4.228,3.827,3.426,4.228,3.945,3.524,4.366,3.945,3.524,4.366
2023-07-01T07:20:00Z,83154,398,18120,21,21,,88,88,,861.916,861.916,,,,,0.01,3,2.7,3.4,10.4,9.9,10.9,8.1,7.8,8.4,173.5,178.4,169,692.9010000000001,659.224,726.578,193.813,186.91,200.716,28.134999999999998,23.038,33.232,1.321,0.916,1.726,0.21,0.108,0.312,0.10300000000000001,0.108,0.098,3.211,3.038,3.384,3.211,3.038,3.384,4.38,3.906,4.854,4.38,3.906,4.854,4.543,4.054,5.032,4.543,4.054,5.032
2023-07-01T07:30:00Z,83754,353,18120,21,21,,88,88,,861.824,861.824,,,,,0.01,3.2,2.8,3.6,10.8,10.3,11.4,8.3,8,8.6,169.6,174.5,165,722.126,686.33,757.922,204.846,196.568,213.124,30.571,24.756,36.386,1.509,1.496,1.522,0.152,0.1,0.204,0.05,0.1,0,3.288,3.014,3.562,3.288,3.014,3.562,4.699,4.176,5.222,4.699,4.176,5.222,4.83,4.308,5.352,4.83,4.308,5.352
2023-07-01T07:40:00Z,84354,356,17800,21,21,,88,88,,861.754,861.754,,,,,0.01,3.2,2.8,3.5,10.7,10.6,10.9,8.3,8.2,8.4,170.5,172,169,715.136,704.08,726.192,201.815,196.442,207.188,29.389,23.714,35.064,1.252,1.348,1.156,0.06,0,0.12,0.018,0,0.036,3.246,3.062,3.43,3.246,3.062,3.43,4.547000000000001,4.16,4.934,4.547000000000001,4.16,4.934,4.603,4.202,5.004,4.603,4.202,5.004
2023-07-01T07:50:00Z,84954,353,17480,21,21,,88,88,,861.716,861.716,,,,,0.01,3.1,2.9,3.3,10.5,10.4,10.6,8.2,8.1,8.2,172.6,173.9,171.3,699.648,690.272,709.024,199.149,195.672,202.626,28.519,24.824,32.214,1.369,1.062,1.676,0.165,0.222,0.108,0.069,0.138,0,3.1639999999999997,3.004,3.324,3.1639999999999997,3.004,3.324,4.454000000000001,4.064,4.844,4.454000000000001,4.064,4.844,4.563000000000001,4.21,4.916,4.563000000000001,4.21,4.916
2023-07-01T08:00:00Z,85554,357,17480,21,21,,88,88,,861.604,861.604,,,,,0.01,3.1,2.9,3.3,10.7,10.6,10.8,8.3,8.2,8.3,170.5,171.4,169.6,714.992,708.198,721.786,202.262,201.656,202.868,28.147,23.97,32.324,1.2069999999999999,1.012,1.402,0.156,0.096,0.216,0.025,0.05,0,3.191,3.074,3.308,3.191,3.074,3.308,4.405,4.118,4.692,4.405,4.118,4.692,4.543,4.238,4.848,4.543,4.238,4.848
2023-07-01T08:10:00Z,86154,359,17800,21,21,,88,88,,861.304,861.304,,,,,0.01,3.3,2.9,3.6,10.9,10.7,11.2,8.4,8.2,8.5,168.6,171.2,166,729.762,710.004,749.52,206.26,201.316,211.204,31.42,25.758,37.082,1.678,1.504,1.852,0.252,0.284,0.22,0.14100000000000001,0.198,0.084,3.3360000000000003,3.072,3.6,3.3360000000000003,3.072,3.6,4.709,4.326,5.092,4.709,4.326,5.092,4.9510000000000005,4.602,5.3,4.9510000000000005,4.602,5.3
2023-07-01T08:20:00Z,86754,356,17800,21,21,,88,88,,861.108,861.108,,,,,0.01,3.1,2.9,3.3,10.5,10.5,10.5,8.2,8.1,8.2,172.6,172.9,172.3,700.028,697.842,702.214,198.56400000000002,197.62,199.508,28.388,24.762,32.014,1.416,1.332,1.5,0.251,0.252,0.25,0.139,0.148,0.13,3.0629999999999997,3.02,3.106,3.0629999999999997,3.02,3.106,4.319,4.176,4.462,4.319,4.176,4.462,4.508,4.37,4.646,4.508,4.37,4.646
2023-07-01T08:30:00Z,87354,355,17480,21,21,,88,88,,860.862,860.862,,,,,0.01,3.3,2.9,3.6,11,10.5,11.5,8.4,8.2,8.7,168.1,172.3,164.2,733.136,702.116,764.156,206.201,199.684,212.718,30.64,25.216,36.064,1.452,1.44,1.464,0.244,0.31,0.178,0.128,0.21,0.046,3.428,3.286,3.57,3.428,3.286,3.57,4.711,4.394,5.028,4.711,4.394,5.028,4.886,4.636,5.136,4.886,4.636,5.136
2023-07-01T08:40:00Z,87954,358,17800,21,21,,88,88,,861.06,861.06,,,,,0.01,3.3,3,3.6,11,10.7,11.4,8.4,8.3,8.6,167.7,170.8,164.7,736.3620000000001,712.956,759.768,207.322,201.99,212.654,31.291999999999998,26.406,36.178,1.885,1.874,1.896,0.21200000000000002,0.232,0.192,0.088,0.176,0,3.4539999999999997,3.278,3.63,3.4539999999999997,3.278,3.63,4.8100000000000005,4.486,5.134,4.8100000000000005,4.486,5.134,5.016,4.742,5.29,5.016,4.742,5.29
2023-07-01T08:50:00Z,88554,356,18120,21,21,,88,88,,861.32,861.32,,,,,0.01,3.4,3,3.7,11.1,10.6,11.6,8.5,8.2,8.7,167.4,171.9,163.1,738.615,704.748,772.482,210.649,201.866,219.432,32.265,27.062,37.468,1.92,1.606,2.234,0.217,0.192,0.242,0.145,0.148,0.142,3.569,3.406,3.732,3.569,3.406,3.732,4.971,4.54,5.402,4.971,4.54,5.402,5.176,4.69,5.662,5.176,4.69,5.662
2023-07-01T09:00:00Z,89154,350,17480,21,21,,88,88,,861.744,861.744,,,,,0.01,3.5,3.3,3.8,11.6,11.1,12.2,8.7,8.5,9,162.7,167.3,158.3,776.142,739.464,812.82,217.78500000000003,207.794,227.776,34.433,31.654,37.212,2.0010000000000003,2.128,1.874,0.329,0.316,0.342,0.15600000000000003,0.278,0.034,3.606,3.418,3.794,3.606,3.418,3.794,5.122,4.884,5.36,5.122,4.884,5.36,5.427,5.222,5.632,5.427,5.222,5.632
2023-07-01T09:10:00Z,89754,355,18120,22.2,22.2,,87.6,87.6,,862.71,862.71,,,,,0.01,3.1,2.6,3.6,10.5,9.6,11.3,8.1,7.7,8.6,173,181.1,165.6,696.944,641.066,752.822,196.375,180.722,212.028,29.703,23.03,36.376,1.649,1.584,1.714,0.23700000000000002,0.194,0.28,0.096,0.104,0.088,3.115,2.75,3.48,3.115,2.75,3.48,4.431,3.874,4.988,4.431,3.874,4.988,4.629,4.054,5.204,4.629,4.054,5.204
2023-07-01T09:20:00Z,90354,348,18120,23.8,23.8,,87,87,,862.94,862.94,,,,,0.01,2.6,2.3,2.9,8.3,7.7,8.9,6.9,6.5,7.3,195.3,202.9,188.2,554.032,512.306,595.758,158.693,145.568,171.818,25.478,22.06,28.896,1.816,1.812,1.82,0.352,0.396,0.308,0.197,0.306,0.088,2.317,2.034,2.6,2.317,2.034,2.6,3.5309999999999997,3.17,3.892,3.5309999999999997,3.17,3.892,3.8339999999999996,3.488,4.18,3.8339999999999996,3.488,4.18
2023-07-01T09:30:00Z,90954,355,18120,24,24,,87,87,,863,863,,,,,0.01,2.3,1.9,2.6,7.6,6.9,8.3,6.5,6,6.9,203.8,213.3,195,507.741,460.194,555.288,143.15800000000002,130.436,155.88,22.353,17.754,26.952,2.084,1.772,2.396,0.332,0.26,0.404,0.154,0.21,0.098,1.85,1.51,2.19,1.85,1.51,2.19,2.998,2.36,3.636,2.998,2.36,3.636,3.326,2.68,3.972,3.326,2.68,3.972
2023-07-01T09:40:00Z,91554,353,17800,24,24,,87,87,,863.256,863.256,,,,,0.01,2,1.7,2.3,7.1,6.6,7.7,6.2,5.8,6.5,210.1,218,202.8,475.55100000000004,438.334,512.768,133.336,122.85,143.822,19.285,15.306,23.264,1.528,1.38,1.676,0.325,0.262,0.388,0.217,0.214,0.22,1.6669999999999998,1.328,2.006,1.6669999999999998,1.328,2.006,2.596,2.152,3.04,2.596,2.152,3.04,2.8449999999999998,2.338,3.352,2.8449999999999998,2.338,3.352
2023-07-01T09:50:00Z,92154,353,17480,23.2,23.2,,87,87,,863.446,863.446,,,,,0.01,1.7,1.6,1.8,5.9,5.9,5.9,5.3,5.3,5.3,228.6,228.8,228.5,392.112,391.458,392.766,109.089,109.64,108.538,15.221,13.396,17.046,0.9019999999999999,0.938,0.866,0.145,0.102,0.188,0.046,0.048,0.044,1.088,0.994,1.182,1.088,0.994,1.182,1.834,1.688,1.98,1.834,1.688,1.98,1.9380000000000002,1.784,2.092,1.9380000000000002,1.784,2.092
2023-07-01T10:00:00Z,92754,355,17800,22,22,,87,87,,863.668,863.668,,,,,0.01,1.4,1.4,1.5,4.9,4.7,5.1,4.6,4.5,4.8,245,249.1,241.1,328.773,314.35,343.196,92.982,89.382,96.582,13.102,13.158,13.046,0.798,0.828,0.768,0.16,0.186,0.134,0.107,0.124,0.09,0.764,0.47,1.058,0.764,0.47,1.058,1.35,1.01,1.69,1.35,1.01,1.69,1.468,1.164,1.772,1.468,1.164,1.772
2023-07-01T10:10:00Z,93354,358,17480,22,22,,87,87,,863.84,863.84,,,,,0.01,1.5,1.4,1.7,5.3,5,5.6,4.9,4.7,5.2,238.3,243.8,233,353.709,333.028,374.39,99.54599999999999,93.544,105.548,14.425999999999998,12.626,16.226,0.833,0.676,0.99,0.086,0.03,0.142,0.046,0,0.092,1.061,0.84,1.282,1.059,0.84,1.278,1.7040000000000002,1.368,2.04,1.7040000000000002,1.368,2.04,1.791,1.416,2.166,1.791,1.416,2.166
2023-07-01T10:20:00Z,93954,351,18120,23,23,,87,87,,863.728,863.728,,,,,0.01,1.9,1.6,2.2,6.4,5.8,7,5.7,5.3,6.1,220.6,229.6,212.2,426.678,387.978,465.378,120.271,110,130.542,18.032,13.844,22.22,0.952,1.048,0.856,0.14900000000000002,0.132,0.166,0.066,0.132,0,1.315,0.976,1.654,1.315,0.976,1.654,2.131,1.696,2.566,2.131,1.696,2.566,2.265,1.854,2.676,2.265,1.854,2.676
2023-07-01T10:30:00Z,94554,397,17800,23,23,,87,87,,863.582,863.582,,,,,0.01,1.9,1.7,2.2,6.7,6.1,7.3,5.9,5.5,6.3,215.9,225.2,207.4,447.802,406.474,489.13,124.697,113.832,135.562,17.866,15.074,20.658,0.878,0.89,0.866,0.099,0.198,0,0.073,0.146,0,1.442,1.15,1.734,1.442,1.15,1.734,2.24,1.85,2.63,2.24,1.85,2.63,2.308,1.984,2.632,2.308,1.984,2.632
2023-07-01T10:40:00Z,95154,366,17800,23,23,,87,87,,863.484,863.484,,,,,0.01,2,1.8,2.3,6.8,6.4,7.2,6,5.7,6.2,215.1,220.9,209.6,451.703,425.188,478.218,127.459,120.316,134.602,19.258,16.04,22.476,1.242,1.384,1.1,0.16699999999999998,0.286,0.048,0.148,0.248,0.048,1.573,1.234,1.912,1.573,1.234,1.912,2.357,1.904,2.81,2.357,1.904,2.81,2.508,2.162,2.854,2.508,2.162,2.854
2023-07-01T10:50:00Z,95754,357,17800,22,22,,87,87,,863.348,863.348,,,,,0.01,2.1,1.8,2.4,7.1,6.7,7.5,6.2,5.9,6.4,210.8,216.8,205,472.51,443.734,501.286,133.09,126.794,139.386,19.942,16.036,23.848,1.3719999999999999,1.172,1.572,0.30400000000000005,0.274,0.334,0.136,0.23,0.042,1.688,1.454,1.922,1.688,1.454,1.922,2.523,2.18,2.866,2.523,2.18,2.866,2.753,2.39,3.116,2.753,2.39,3.116
2023-07-01T11:00:00Z,96354,355,18120,22,22,,87,87,,863.236,863.236,,,,,0.01,2.3,2.1,2.4,7.8,7.6,8,6.6,6.5,6.7,201.4,203.7,199.2,519.992,508.018,531.966,145.269,142.504,148.034,21.542,19.514,23.57,1.162,1.33,0.994,0.08499999999999999,0.046,0.124,0.041999999999999996,0.046,0.038,1.9929999999999999,1.876,2.11,1.9929999999999999,1.876,2.11,2.9829999999999997,2.868,3.098,2.9829999999999997,2.868,3.098,3.0549999999999997,2.936,3.174,3.0549999999999997,2.936,3.174
2023-07-01T11:10:00Z,96954,361,18120,22,22,,87,87,,862.762,862.762,,,,,0.01,3.4,3.1,3.7,10.9,10.2,11.5,8.3,8,8.7,169.4,175.2,164,723.385,681.394,765.376,204.541,194.16,214.922,33.793,29.448,38.138,2.146,2.076,2.216,0.266,0.196,0.336,0.069,0.096,0.042,3.239,2.82,3.658,3.239,2.82,3.658,4.798,4.256,5.34,4.798,4.256,5.34,5.015000000000001,4.49,5.54,5.015000000000001,4.49,5.54
2023-07-01T11:20:00Z,97554,351,17480,22,22,,87,87,,862.956,862.956,,,,,0.01,3.1,2.6,3.5,10.3,9.3,11.2,8,7.5,8.5,174.7,184.1,166.3,684.367,621.552,747.182,194.325,179.152,209.498,29.527,23.816,35.238,1.7610000000000001,1.966,1.556,0.33599999999999997,0.252,0.42,0.018,0.036,0,3.029,2.584,3.474,3.029,2.584,3.474,4.414,3.89,4.938,4.414,3.89,4.938,4.6129999999999995,4.036,5.19,4.6129999999999995,4.036,5.19
2023-07-01T11:30:00Z,98154,360,18120,22.2,22.2,,87,87,,862.94,862.94,,,,,0.01,3,2.7,3.4,9.5,9.1,10,7.6,7.4,7.9,182,186.4,177.7,635.21,606.594,663.826,179.989,172.93,187.048,30.456000000000003,24.694,36.218,1.705,1.548,1.862,0.23800000000000002,0.136,0.34,0.13,0.044,0.216,2.7560000000000002,2.56,2.952,2.7560000000000002,2.56,2.952,4.195,3.874,4.516,4.195,3.874,4.516,4.346,3.942,4.75,4.346,3.942,4.75
2023-07-01T11:40:00Z,98754,354,18120,23,23,,86.4,86.4,,862.756,862.756,,,,,0.01,2.7,2.4,2.9,9,8.5,9.5,7.3,7,7.6,187.8,193.6,182.5,597.855,563.756,631.954,166.04500000000002,158.038,174.052,26.366999999999997,22.598,30.136,2.034,1.7,2.368,0.302,0.168,0.436,0.14700000000000002,0.168,0.126,2.415,2.124,2.706,2.415,2.124,2.706,3.6879999999999997,3.238,4.138,3.6879999999999997,3.238,4.138,3.911,3.364,4.458,3.911,3.364,4.458
2023-07-01T11:50:00Z,99354,355,17480,22.4,22.4,,86.6,86.6,,862.652,862.652,,,,,0.01,2.3,2,2.6,7.6,7.1,8.1,6.5,6.2,6.8,203.9,210.2,198,506.96399999999994,475.09,538.838,142.048,134.006,150.09,22.581,18.584,26.578,1.377,1.266,1.488,0.15,0.152,0.148,0.054,0.108,0,1.831,1.566,2.096,1.831,1.566,2.096,2.863,2.428,3.298,2.863,2.428,3.298,2.9989999999999997,2.63,3.368,2.9989999999999997,2.63,3.368
2023-07-01T12:00:00Z,99954,355,18120,22.4,22.4,,86,86,,862.958,862.958,,,,,0.01,1.8,1.6,2,6.1,5.7,6.4,5.5,5.2,5.7,225.8,231.7,220.2,404.048,379.648,428.448,113.00899999999999,106.442,119.576,16.73,13.556,19.904,0.794,0.792,0.796,0.16099999999999998,0.144,0.178,0.046,0.05,0.042,1.194,0.974,1.414,1.194,0.974,1.414,1.895,1.612,2.178,1.895,1.612,2.178,2.016,1.742,2.29,2.016,1.742,2.29
2023-07-01T12:10:00Z,100554,351,17800,22,22,,86,86,,863.068,863.068,,,,,0.01,1.5,1.4,1.6,5.1,4.8,5.4,4.8,4.6,5,241.9,246.6,237.4,340.02,323.062,356.978,95.691,92.156,99.226,14.329,12.726,15.932,0.788,0.71,0.866,0.131,0.132,0.13,0.019,0,0.038,0.9650000000000001,0.878,1.052,0.9650000000000001,0.878,1.052,1.584,1.44,1.728,1.584,1.44,1.728,1.697,1.542,1.852,1.697,1.542,1.852
2023-07-01T12:20:00Z,101154,367,17800,22,22,,86,86,,863.1,863.1,,,,,0.01,1.3,1.2,1.5,4.6,4.1,5,4.4,4,4.7,252,260.5,244.1,304.126,276.3,331.952,84.212,76.486,91.938,13.028,11.162,14.894,0.893,0.96,0.826,0.139,0.194,0.084,0.025,0.05,0,0.755,0.598,0.912,0.755,0.598,0.912,1.2930000000000001,0.988,1.598,1.2930000000000001,0.988,1.598,1.3780000000000001,1.09,1.666,1.3780000000000001,1.09,1.666
2023-07-01T12:30:00Z,101754,347,17800,21.6,21.6,,86,86,,863.266,863.266,,,,,0.01,1.3,1.3,1.3,4.4,4.3,4.5,4.2,4.2,4.3,255.3,257.3,253.3,293.265,286.556,299.974,81.312,81.196,81.428,12.305,11.646,12.964,0.665,0.594,0.736,0.065,0.09,0.04,0,0,0,0.628,0.524,0.732,0.628,0.524,0.732,1.004,0.87,1.138,1.004,0.87,1.138,1.0619999999999998,0.95,1.174,1.0619999999999998,0.95,1.174
2023-07-01T12:40:00Z,102354,355,17480,22,22,,86,86,,863.172,863.172,,,,,0.01,1.7,1.6,1.9,6.4,6.2,6.6,5.7,5.6,5.8,220.4,223.2,217.6,427.632,415.188,440.076,116.518,114.496,118.54,14.908000000000001,12.914,16.902,0.853,0.892,0.814,0.115,0.194,0.036,0.077,0.154,0,1.3010000000000002,1.03,1.572,1.3010000000000002,1.03,1.572,1.98,1.678,2.282,1.98,1.678,2.282,2.0789999999999997,1.806,2.352,2.0789999999999997,1.806,2.352
2023-07-01T12:50:00Z,102954,353,17800,22,22,,86,86,,863.208,863.208,,,,,0.01,1.7,1.6,1.9,6.5,6.3,6.8,5.8,5.6,5.9,218.5,222,215.2,435.884,420.566,451.202,118.761,116.398,121.124,14.569,11.992,17.146,0.654,0.314,0.994,0.089,0.094,0.084,0.089,0.094,0.084,1.312,1.278,1.346,1.312,1.278,1.346,1.94,1.706,2.174,1.94,1.706,2.174,2.0389999999999997,1.786,2.292,2.0389999999999997,1.786,2.292
2023-07-01T13:00:00Z,103554,359,18120,22,22,,86,86,,863.274,863.274,,,,,0.01,2,1.8,2.2,7.3,7,7.6,6.3,6.1,6.5,207.9,212.3,203.7,486.58799999999997,465.046,508.13,135.264,128.44,142.088,18.225,15.478,20.972,1.07,1.032,1.108,0.182,0.194,0.17,0.161,0.194,0.128,1.918,1.766,2.07,1.918,1.766,2.07,2.653,2.344,2.962,2.653,2.344,2.962,2.814,2.516,3.112,2.814,2.516,3.112
2023-07-01T13:10:00Z,104154,358,17800,22,22,,86,86,,863.324,863.324,,,,,0.01,2.7,2.5,3,9.4,9.1,9.7,7.5,7.4,7.7,183.5,186.9,180.2,625.261,603.816,646.706,176.602,173.324,179.88,25.466,20.704,30.228,1.313,1.176,1.45,0.152,0.022,0.282,0.03,0.016,0.044,2.717,2.588,2.846,2.717,2.588,2.846,3.807,3.518,4.096,3.807,3.518,4.096,3.8899999999999997,3.56,4.22,3.8899999999999997,3.56,4.22
2023-07-01T13:20:00Z,104754,355,17800,22,22,,86,86,,863.408,863.408,,,,,0.01,3.3,3.1,3.6,12.3,11.9,12.7,9.1,8.9,9.3,157.5,160.6,154.5,820.221,793.696,846.746,229.707,222.36,237.054,28.406,24.284,32.528,1.2530000000000001,1.22,1.286,0.211,0.208,0.214,0.056,0.066,0.046,3.86,3.58,4.14,3.86,3.58,4.14,5.064,4.676,5.452,5.064,4.676,5.452,5.207000000000001,4.812,5.602,5.207000000000001,4.812,5.602
2023-07-01T13:30:00Z,105354,359,18120,22.6,22.6,,86,86,,863.512,863.512,,,,,0.01,4.5,3.9,5.2,15.8,14.7,16.8,10.6,10.2,11,134.9,141.1,129.2,1050.4389999999999,979.528,1121.35,292.514,275.62,309.408,41.462999999999994,32.126,50.8,2.042,1.566,2.518,0.194,0.232,0.156,0.094,0.188,0,5.166,4.604,5.728,5.166,4.604,5.728,6.994,5.986,8.002,6.994,5.986,8.002,7.1739999999999995,6.19,8.158,7.1739999999999995,6.19,8.158
2023-07-01T13:40:00Z,105954,356,18120,23,23,,86,86,,863.506,863.506,,,,,0.01,5.5,4.8,6.1,18,17.4,18.5,11.5,11.3,11.7,123.6,126.3,121,1197.566,1160.47,1234.662,337.065,325.154,348.976,52.259,41.97,62.548,2.598,2.59,2.606,0.394,0.242,0.546,0.198,0.186,0.21,6.058,5.648,6.468,6.058,5.648,6.468,8.344,7.658,9.03,8.344,7.658,9.03,8.620000000000001,7.814,9.426,8.620000000000001,7.814,9.426
2023-07-01T13:50:00Z,106554,363,18120,23,23,,86,86,,863.49,863.49,,,,,0.01,7.3,6.4,8.2,22.7,21.5,23.9,13.2,12.7,13.5,104.7,109,100.7,1513.833,1431.308,1596.358,425.822,403.01,448.634,74.715,61.488,87.942,4.99,4.706,5.274,0.714,0.544,0.884,0.389,0.418,0.36,8.067,7.594,8.54,8.067,7.594,8.54,11.593,10.6,12.586,11.593,10.6,12.586,12.21,11.162,13.258,12.21,11.162,13.258
2023-07-01T14:00:00Z,107154,364,17800,23,23,,86,86,,863.262,863.262,,,,,0.01,6.6,5.9,7.4,20.4,19.2,21.6,12.4,12,12.8,113.1,117.8,108.7,1360.598,1283.09,1438.106,384.337,363.89,404.784,69.096,57.37,80.822,5.179,3.994,6.364,0.884,0.696,1.072,0.48,0.514,0.446,6.9190000000000005,6.314,7.524,6.9190000000000005,6.314,7.524,10.248000000000001,9.012,11.484,10.248000000000001,9.012,11.484,10.992,9.7,12.284,10.992,9.7,12.284
2023-07-01T14:10:00Z,107754,354,17800,23,23,,86,86,,863.054,863.054,,,,,0.01,5.9,5.4,6.5,18.1,17.2,19.1,11.6,11.2,11.9,122.7,127.1,118.7,1209.807,1149.192,1270.422,340.884,324.08,357.688,62.531,53.982,71.08,4.568,3.584,5.552,0.605,0.282,0.928,0.29000000000000004,0.14,0.44,6.104,5.634,6.574,6.104,5.634,6.574,9.192,8.364,10.02,9.192,8.364,10.02,9.639,8.62,10.658,9.639,8.62,10.658
2023-07-01T14:20:00Z,108354,356,17800,23,23,,86,86,,862.914,862.914,,,,,0.01,5.4,4.6,6.2,16.1,14.9,17.3,10.8,10.3,11.2,132.9,139.8,126.8,1074.241,994.828,1153.654,304.35400000000004,280.91,327.798,57.484,45.788,69.18,4.3580000000000005,3.458,5.258,0.643,0.332,0.954,0.208,0.174,0.242,5.328,4.66,5.996,5.328,4.66,5.996,8.171,6.992,9.35,8.171,6.992,9.35,8.745000000000001,7.398,10.092,8.745000000000001,7.398,10.092
2023-07-01T14:30:00Z,108954,355,17480,23,23,,86,86,,862.986,862.986,,,,,0.01,5.5,4.7,6.4,16.3,15.1,17.5,10.8,10.3,11.3,132,138.9,125.8,1085.683,1003.99,1167.376,306.745,283.374,330.116,60.492000000000004,48.54,72.444,4.611,4.38,4.842,0.903,0.922,0.884,0.433,0.638,0.228,5.329000000000001,4.58,6.078,5.329000000000001,4.58,6.078,8.285,7.118,9.452,8.285,7.118,9.452,9.008,7.926,10.09,9.008,7.926,10.09
2023-07-01T14:40:00Z,109554,360,18120,23,23,,86,86,,863.018,863.018,,,,,0.01,5.5,5,6,16.4,15.5,17.3,10.9,10.5,11.2,131.3,136.4,126.7,1094.229,1033.294,1155.164,314.844,298.8,330.888,58.692,52.438,64.946,4.5809999999999995,4.498,4.664,0.577,0.458,0.696,0.28500000000000003,0.338,0.232,5.595,5.01,6.18,5.595,5.01,6.18,8.579,7.762,9.396,8.579,7.762,9.396,9.049,8.212,9.886,9.049,8.212,9.886
2023-07-01T14:50:00Z,110154,350,17800,23,23,,86,86,,863.216,863.216,,,,,0.01,5,4.4,5.6,15.3,14.4,16.2,10.4,10.1,10.8,137.3,142.7,132.4,1022.201,963.136,1081.266,288.32500000000005,271.208,305.442,52.347,43.822,60.872,4.167,3.886,4.448,0.868,0.78,0.956,0.44899999999999995,0.724,0.174,5.098,4.504,5.692,5.098,4.504,5.692,7.643000000000001,6.938,8.348,7.643000000000001,6.938,8.348,8.297,7.556,9.038,8.297,7.556,9.038
2023-07-01T15:00:00Z,110754,357,17800,24,24,,86,86,,863.256,863.256,,,,,0.01,4.8,4.1,5.5,14.9,13.8,16,10.3,9.8,10.7,139.8,146.7,133.4,994.5070000000001,920.88,1068.134,281.8,261.384,302.216,51.378,41.464,61.292,4.57,4.044,5.096,0.635,0.584,0.686,0.34600000000000003,0.54,0.152,4.807,4.334,5.28,4.807,4.334,5.28,7.522,6.608,8.436,7.522,6.608,8.436,7.976000000000001,7.12,8.832,7.976000000000001,7.12,8.832
2023-07-01T15:10:00Z,111354,373,17480,24,24,,85.6,85.6,,863.33,863.33,,,,,0.01,5.2,4.6,5.7,16,15.4,16.5,10.7,10.5,10.9,133.6,136.7,130.7,1066.164,1029.896,1102.432,303.261,295.6,310.922,53.482,43.98,62.984,3.8200000000000003,3.278,4.362,0.469,0.428,0.51,0.278,0.428,0.128,5.3420000000000005,4.958,5.726,5.3420000000000005,4.958,5.726,7.975,7.108,8.842,7.975,7.108,8.842,8.4,7.622,9.178,8.4,7.622,9.178
2023-07-01T15:20:00Z,111954,392,17160,24,24,,85,85,,863.398,863.398,,,,,0.01,4.8,4.3,5.2,15.1,14.4,15.9,10.4,10,10.7,138.5,142.8,134.4,1009.098,961.414,1056.782,284.77,272.102,297.438,48.519,42.364,54.674,3.239,3.144,3.334,0.33499999999999996,0.32,0.35,0.226,0.27,0.182,4.879,4.534,5.224,4.879,4.534,5.224,7.165,6.616,7.714,7.165,6.616,7.714,7.481999999999999,6.96,8.004,7.481999999999999,6.96,8.004
2023-07-01T15:30:00Z,112554,357,17800,24,24,,85,85,,863.524,863.524,,,,,0.01,5.1,4.4,5.8,16.2,15.2,17.2,10.8,10.4,11.2,132.5,138.2,127.3,1079.424,1011.96,1146.888,306.025,288.104,323.946,50.634,39.652,61.616,3.013,2.224,3.802,0.396,0.296,0.496,0.23,0.26,0.2,5.321,4.786,5.856,5.321,4.786,5.856,7.5440000000000005,6.598,8.49,7.5440000000000005,6.598,8.49,7.897,6.92,8.874,7.897,6.92,8.874
2023-07-01T15:40:00Z,113154,357,18120,24,24,,85,85,,863.674,863.674,,,,,0.01,4.9,4.3,5.5,14.9,13.8,15.9,10.2,9.8,10.7,140.1,147,133.9,990.794,918.664,1062.924,281.294,263.484,299.104,50.798,43.038,58.558,2.5149999999999997,2.522,2.508,0.369,0.378,0.36,0.276,0.34,0.212,4.848000000000001,4.328,5.368,4.848000000000001,4.328,5.368,7.188000000000001,6.294,8.082,7.188000000000001,6.294,8.082,7.509,6.682,8.336,7.509,6.682,8.336
2023-07-01T15:50:00Z,113754,360,18120,24,24,,85,85,,863.666,863.666,,,,,0.01,4.8,4.4,5.3,15.2,14.2,16.2,10.4,10,10.8,137.9,144,132.3,1015.8820000000001,949.524,1082.24,289.269,272.08,306.458,48.888,43.614,54.162,2.987,3.198,2.776,0.42300000000000004,0.388,0.458,0.24,0.216,0.264,5.0920000000000005,4.722,5.462,5.0920000000000005,4.722,5.462,7.3629999999999995,6.936,7.79,7.3629999999999995,6.936,7.79,7.716,7.272,8.16,7.716,7.272,8.16
2023-07-01T16:00:00Z,114354,356,17800,24,24,,85,85,,863.64,863.64,,,,,0.01,4.5,3.8,5.1,13.8,12.9,14.8,9.8,9.4,10.2,146.5,153,140.6,923.19,860.546,985.834,260.65099999999995,243.652,277.65,45.198,35.814,54.582,2.311,2.176,2.446,0.43000000000000005,0.556,0.304,0.28500000000000003,0.434,0.136,4.536,4.17,4.902,4.536,4.17,4.902,6.599,5.88,7.318,6.599,5.88,7.318,6.936,6.316,7.556,6.936,6.316,7.556
2023-07-01T16:10:00Z,114954,360,17480,24,24,,85,85,,863.698,863.698,,,,,0.01,4.2,3.7,4.6,13.5,12.9,14.1,9.6,9.3,9.9,148.8,153.3,144.6,900.211,857.398,943.024,254.639,245.004,264.274,41.544,34.496,48.592,2.601,2.17,3.032,0.269,0.286,0.252,0.176,0.196,0.156,4.436,4.064,4.808,4.436,4.064,4.808,6.3100000000000005,5.626,6.994,6.3100000000000005,5.626,6.994,6.51,5.864,7.156,6.51,5.864,7.156
2023-07-01T16:20:00Z,115554,352,17480,24,24,,85,85,,863.78,863.78,,,,,0.01,4.4,4,4.8,13.4,12.8,14,9.6,9.3,9.9,149.4,153.8,145.3,894.347,853.076,935.618,255.47199999999998,246.676,264.268,45.038,39.136,50.94,2.644,2.48,2.808,0.28600000000000003,0.23,0.342,0.181,0.23,0.132,4.275,4.012,4.538,4.275,4.012,4.538,6.438000000000001,5.966,6.91,6.438000000000001,5.966,6.91,6.652,6.16,7.144,6.652,6.16,7.144
2023-07-01T16:30:00Z,116154,356,17800,24,24,,85,85,,863.93,863.93,,,,,0.01,4.5,4.1,4.9,13.7,13.1,14.3,9.7,9.5,10,147.4,151.3,143.7,914.581,876.582,952.58,256.71799999999996,246.428,267.008,47.34,40.044,54.636,3.4109999999999996,2.302,4.52,0.451,0.438,0.464,0.216,0.258,0.174,4.25,3.948,4.552,4.25,3.948,4.552,6.537,5.752,7.322,6.537,5.752,7.322,6.888,6.1,7.676,6.888,6.1,7.676
2023-07-01T16:40:00Z,116754,354,18120,24,24,,85,85,,863.816,863.816,,,,,0.01,3.9,3.6,4.2,12.4,11.8,12.9,9.1,8.8,9.4,157,161.4,152.8,824.6610000000001,786.468,862.854,232.70100000000002,223.55,241.852,39.042,34.764,43.32,2.38,2.346,2.414,0.437,0.362,0.512,0.16399999999999998,0.24,0.088,3.993,3.76,4.226,3.993,3.76,4.226,5.663,5.356,5.97,5.663,5.356,5.97,5.999,5.656,6.342,5.999,5.656,6.342
2023-07-01T16:50:00Z,117354,357,17800,24,24,,85,85,,863.816,863.816,,,,,0.01,3.5,3.1,3.8,11.4,10.8,11.9,8.6,8.3,8.9,165.1,169.7,160.7,756.818,721.2,792.436,213.382,204.288,222.476,33.615,28.69,38.54,2.1159999999999997,2.182,2.05,0.253,0.232,0.274,0.162,0.194,0.13,3.606,3.338,3.874,3.606,3.338,3.874,5.118,4.702,5.534,5.118,4.702,5.534,5.3469999999999995,4.916,5.778,5.3469999999999995,4.916,5.778
2023-07-01T17:00:00Z,117954,356,17800,24,24,,85,85,,863.89,863.89,,,,,0.01,2.9,2.6,3.2,9.4,8.7,10,7.5,7.2,7.9,183.7,190.3,177.5,623.845,582.83,664.86,177.067,165.31,188.824,28.683999999999997,25.502,31.866,2.274,2.5,2.048,0.388,0.278,0.498,0.177,0.23,0.124,2.62,2.34,2.9,2.62,2.34,2.9,4.039,3.656,4.422,4.039,3.656,4.422,4.343,3.95,4.736,4.343,3.95,4.736
2023-07-01T17:10:00Z,118554,367,18120,24,24,,85,85,,863.986,863.986,,,,,0.01,2.4,2,2.8,8.2,7.7,8.7,6.9,6.6,7.1,196.5,202.5,190.9,546.87,514.3,579.44,153.3,143.706,162.894,22.826,16.96,28.692,1.227,0.934,1.52,0.177,0.112,0.242,0.057999999999999996,0.076,0.04,2.192,1.924,2.46,2.192,1.924,2.46,3.1740000000000004,2.632,3.716,3.1740000000000004,2.632,3.716,3.301,2.702,3.9,3.301,2.702,3.9
2023-07-01T17:20:00Z,119154,359,18120,24,24,,85,85,,864.066,864.066,,,,,0.01,2.3,2,2.7,8.1,7.5,8.8,6.8,6.4,7.2,197.2,205.3,189.8,543.007,499.786,586.228,152.339,141.08,163.598,21.694,16.83,26.558,1.607,1.73,1.484,0.266,0.36,0.172,0.119,0.238,0,2.085,1.708,2.462,2.085,1.708,2.462,3.172,2.608,3.736,3.172,2.608,3.736,3.366,2.85,3.882,3.366,2.85,3.882
2023-07-01T17:30:00Z,119754,350,18120,24,24,,85,85,,864.18,864.18,,,,,0.01,2.3,2.1,2.4,7.7,7.5,7.9,6.5,6.4,6.7,202.9,205.5,200.4,512.162,498.796,525.528,145.512,143.174,147.85,21.636,19.822,23.45,1.557,1.722,1.392,0.202,0.13,0.274,0.182,0.13,0.234,1.931,1.664,2.198,1.931,1.664,2.198,2.988,2.676,3.3,2.988,2.676,3.3,3.169,2.864,3.474,3.169,2.864,3.474
2023-07-01T17:40:00Z,120354,360,17800,24,24,,85,85,,864.234,864.234,,,,,0.01,1.9,1.6,2.1,6.6,6.2,7,5.8,5.6,6.1,217.6,223.1,212.4,440.113,415.472,464.754,123.089,116.632,129.546,17.474,13.994,20.954,1.388,1.274,1.502,0.169,0.2,0.138,0.101,0.11,0.092,1.6019999999999999,1.454,1.75,1.6019999999999999,1.454,1.75,2.433,2.21,2.656,2.433,2.21,2.656,2.534,2.306,2.762,2.534,2.306,2.762
2023-07-01T17:50:00Z,120954,353,18120,23.6,23.6,,85,85,,864.214,864.214,,,,,0.01,1.9,1.7,2.2,6.5,6.1,6.9,5.8,5.5,6,219.1,225.1,213.5,433.206,407.064,459.348,121.024,112.42,129.628,18.441,15.536,21.346,1.198,1.218,1.178,0.21100000000000002,0.324,0.098,0.113,0.226,0,1.431,1.026,1.836,1.431,1.026,1.836,2.305,1.874,2.736,2.305,1.874,2.736,2.4770000000000003,2.128,2.826,2.4770000000000003,2.128,2.826
2023-07-01T18:00:00Z,121554,356,18120,23,23,,85,85,,864.188,864.188,,,,,0.01,1.7,1.5,2,6.2,5.8,6.6,5.5,5.3,5.8,224.1,230.2,218.3,411.295,385.576,437.014,113.44800000000001,106.362,120.534,15.916,13.04,18.792,1.014,0.906,1.122,0.20299999999999999,0.114,0.292,0.081,0.082,0.08,1.324,1.028,1.62,1.324,1.028,1.62,2.04,1.694,2.386,2.04,1.694,2.386,2.1790000000000003,1.798,2.56,2.1790000000000003,1.798,2.56
2023-07-01T18:10:00Z,122154,352,17800,23,23,,85,85,,864.264,864.264,,,,,0.01,1.8,1.7,2,6.3,5.9,6.7,5.6,5.3,5.9,222.3,228.7,216.3,419.06899999999996,391.784,446.354,117.43,109.964,124.896,17.245,14.784,19.706,1.173,0.818,1.528,0.265,0.262,0.268,0.14800000000000002,0.168,0.128,1.18,0.92,1.44,1.18,0.92,1.44,2.0069999999999997,1.726,2.288,2.0069999999999997,1.726,2.288,2.1740000000000004,1.858,2.49,2.1740000000000004,1.858,2.49
2023-07-01T18:20:00Z,122754,350,17800,23,23,,85,85,,864.34,864.34,,,,,0.01,1.7,1.6,1.9,6.1,5.6,6.5,5.5,5.2,5.8,225.3,232.5,218.5,406.335,376.544,436.126,114.747,106.006,123.488,16.117,13.752,18.482,1.174,1,1.348,0.21000000000000002,0.218,0.202,0.13899999999999998,0.172,0.106,1.351,1.024,1.678,1.351,1.024,1.678,2.168,1.77,2.566,2.168,1.77,2.566,2.337,1.946,2.728,2.337,1.946,2.728
2023-07-01T18:30:00Z,123354,362,18120,23,23,,85,85,,864.386,864.386,,,,,0.01,1.4,1.2,1.7,5,4.5,5.4,4.7,4.3,5,244.5,252.7,236.8,330.601,301.786,359.416,94.75800000000001,86.464,103.052,13.421999999999999,10.136,16.708,0.859,0.832,0.886,0.225,0.128,0.322,0.113,0.086,0.14,0.9989999999999999,0.824,1.174,0.9989999999999999,0.824,1.174,1.566,1.258,1.874,1.566,1.258,1.874,1.742,1.344,2.14,1.742,1.344,2.14
2023-07-01T18:40:00Z,123954,351,18120,22.6,22.6,,84.4,84.4,,864.386,864.386,,,,,0.01,1.4,1.2,1.7,4.8,4.5,5.2,4.6,4.3,4.8,247.1,254.2,240.4,321.13300000000004,296.706,345.56,90.166,83.832,96.5,14.184999999999999,11.318,17.052,1.155,1.352,0.958,0.208,0.304,0.112,0.153,0.23,0.076,0.806,0.624,0.988,0.806,0.624,0.988,1.4889999999999999,1.166,1.812,1.4889999999999999,1.166,1.812,1.6629999999999998,1.41,1.916,1.6629999999999998,1.41,1.916
2023-07-01T18:50:00Z,124554,361,18120,22,22,,84,84,,864.326,864.326,,,,,0.01,1.3,1.1,1.4,4.3,4,4.7,4.2,3.9,4.4,256.4,263.1,250,289.51099999999997,267.976,311.046,81.71100000000001,75.864,87.558,12.447,10.68,14.214,1.0070000000000001,0.916,1.098,0.129,0.118,0.14,0.059,0.118,0,0.7150000000000001,0.542,0.888,0.7130000000000001,0.542,0.884,1.2349999999999999,0.938,1.532,1.2349999999999999,0.938,1.532,1.359,1.04,1.678,1.359,1.04,1.678
2023-07-01T19:00:00Z,125154,362,18120,22,22,,84,84,,864.286,864.286,,,,,0.01,0.8,0.7,0.9,2.6,2.3,3,2.7,2.4,3,296.7,306.5,287.5,174.758,151.46,198.056,47.422,41.282,53.562,8.32,6.784,9.856,0.939,0.694,1.184,0.121,0.106,0.136,0.062,0.106,0.018,0.10400000000000001,0.014,0.194,0.10400000000000001,0.014,0.194,0.506,0.29,0.722,0.506,0.29,0.722,0.621,0.404,0.838,0.621,0.404,0.838
2023-07-01T19:10:00Z,125754,358,18120,22,22,,84,84,,864.35,864.35,,,,,0.01,0.6,0.6,0.7,2.2,2,2.3,2.3,2.1,2.5,309.5,314.6,304.5,144.608,133.172,156.044,39.794,36.308,43.28,6.052,5.392,6.712,0.382,0.392,0.372,0.10500000000000001,0.078,0.132,0.081,0.078,0.084,0.016,0.014,0.018,0.016,0.014,0.018,0.154,0.048,0.26,0.154,0.048,0.26,0.25,0.128,0.372,0.25,0.128,0.372
2023-07-01T19:20:00Z,126354,355,17800,22,22,,84,84,,864.372,864.372,,,,,0.01,0.8,0.7,0.9,2.8,2.7,2.8,2.9,2.8,2.9,293,295.1,291,183.867,178.772,188.962,50.712,49.552,51.872,7.413,5.866,8.96,0.51,0.518,0.502,0.159,0.054,0.264,0.09,0.054,0.126,0.152,0.186,0.118,0.152,0.186,0.118,0.46399999999999997,0.45,0.478,0.46399999999999997,0.45,0.478,0.583,0.51,0.656,0.583,0.51,0.656
2023-07-01T19:30:00Z,126954,356,18120,22,22,,84,84,,864.416,864.416,,,,,0.01,1.9,1.7,2,6,5.5,6.4,5.4,5.1,5.7,227.4,235.3,219.9,397.306,365.092,429.52,111.374,101.954,120.794,19.124000000000002,17.084,21.164,1.659,1.218,2.1,0.16899999999999998,0.142,0.196,0.12,0.094,0.146,1.232,0.918,1.546,1.232,0.918,1.546,2.183,1.698,2.668,2.183,1.698,2.668,2.363,1.842,2.884,2.363,1.842,2.884
2023-07-01T19:40:00Z,127554,353,17800,22,22,,84,84,,864.534,864.534,,,,,0.01,2.4,2.1,2.7,7.5,7,7.9,6.4,6.1,6.7,205.6,211.3,200.1,498.433,469.636,527.23,141.232,132.02,150.444,24.471,19.708,29.234,1.8719999999999999,1.468,2.276,0.29900000000000004,0.194,0.404,0.087,0.12,0.054,1.7690000000000001,1.604,1.934,1.7690000000000001,1.604,1.934,2.997,2.554,3.44,2.997,2.554,3.44,3.204,2.704,3.704,3.204,2.704,3.704
2023-07-01T19:50:00Z,128154,356,17800,22,22,,84,84,,864.618,864.618,,,,,0.01,1.9,1.7,2.1,6,5.8,6.3,5.5,5.3,5.6,226.1,230.7,221.7,402.701,383.626,421.776,112.989,108.262,117.716,19.361,16.832,21.89,1.483,1.38,1.586,0.379,0.27,0.488,0.11499999999999999,0.18,0.05,1.248,1.12,1.376,1.248,1.12,1.376,2.186,1.946,2.426,2.186,1.946,2.426,2.4210000000000003,2.188,2.654,2.4210000000000003,2.188,2.654
2023-07-01T20:00:00Z,128754,350,17800,22,22,,84,84,,864.724,864.724,,,,,0.01,2,1.7,2.2,6.4,5.8,7,5.7,5.3,6.1,220.7,230.2,211.9,426.269,385.814,466.724,119.541,108.008,131.074,20.079,17.312,22.846,1.839,1.868,1.81,0.40900000000000003,0.414,0.404,0.181,0.238,0.124,1.417,1.232,1.602,1.417,1.232,1.602,2.5090000000000003,2.278,2.74,2.5090000000000003,2.278,2.74,2.7960000000000003,2.552,3.04,2.7960000000000003,2.552,3.04
2023-07-01T20:10:00Z,129354,356,18120,22,22,,84,84,,864.78,864.78,,,,,0.01,1.8,1.6,1.9,5.7,5.3,6.1,5.2,4.9,5.5,231.4,238.5,224.7,380.669,352.714,408.624,106.524,99.658,113.39,17.791,15.606,19.976,1.397,1.048,1.746,0.187,0.05,0.324,0.091,0.05,0.132,1.26,1.068,1.452,1.26,1.068,1.452,2.137,1.826,2.448,2.137,1.826,2.448,2.235,1.86,2.61,2.235,1.86,2.61
2023-07-01T20:20:00Z,129954,354,18120,22,22,,84,84,,864.774,864.774,,,,,0.01,1,0.8,1.1,3.2,2.9,3.5,3.3,3,3.5,281.5,289.4,274.1,214.096,193.156,235.036,60.504999999999995,54.51,66.5,9.843,7.948,11.738,0.843,0.522,1.164,0.09899999999999999,0.052,0.146,0.019,0,0.038,0.306,0.262,0.35,0.306,0.262,0.35,0.743,0.612,0.874,0.743,0.612,0.874,0.825,0.646,1.004,0.825,0.646,1.004
2023-07-01T20:30:00Z,130554,358,17800,22,22,,84,84,,864.836,864.836,,,,,0.01,0.5,0.5,0.6,1.7,1.6,1.8,1.9,1.8,2,323.2,327.3,319.3,114.76400000000001,106.492,123.036,31.903,29.526,34.28,5.468,4.458,6.478,0.562,0.454,0.67,0.10600000000000001,0.046,0.166,0.087,0.046,0.128,0.024,0,0.048,0.024,0,0.048,0.09999999999999999,0.018,0.182,0.09999999999999999,0.018,0.182,0.182,0.052,0.312,0.182,0.052,0.312
2023-07-01T20:40:00Z,131154,351,18120,22,22,,84,84,,864.878,864.878,,,,,0.01,0.3,0.3,0.4,1.2,1.1,1.3,1.4,1.2,1.5,340.6,344.8,336.6,80.543,72.86,88.226,22.56,21.13,23.99,3.239,2.656,3.822,0.361,0.318,0.404,0.022,0,0.044,0,0,0,0,0,0,0,0,0,0.020999999999999998,0.022,0.02,0.020999999999999998,0.022,0.02,0.031,0.022,0.04,0.031,0.022,0.04
2023-07-01T20:50:00Z,131754,357,17480,22,22,,84,84,,864.884,864.884,,,,,0.01,0.4,0.4,0.5,1.5,1.4,1.6,1.7,1.5,1.8,330,334.1,326.1,100.99600000000001,93.046,108.946,27.704,26.272,29.136,4.384,3.374,5.394,0.37,0.25,0.49,0.10500000000000001,0.042,0.168,0,0,0,0.015,0.008,0.022,0.015,0.008,0.022,0.115,0.066,0.164,0.115,0.066,0.164,0.138,0.066,0.21,0.138,0.066,0.21
2023-07-01T21:00:00Z,132414,353,18162,22,22,,84,84,,864.885,864.885,,,,,0.01,1.6,1.2,1.9,5.1,4.4,5.8,4.8,4.2,5.3,242.1,255.8,229.8,339.3845,291.387,387.382,96.285,83.592,108.978,16.0185,11.5,20.537,1.5314999999999999,1.188,1.875,0.1815,0.165,0.198,0.15250000000000002,0.165,0.14,0.9495,0.682,1.217,0.9495,0.682,1.217,1.7475,1.275,2.22,1.7475,1.275,2.22,1.921,1.427,2.415,1.921,1.427,2.415
2023-07-01T21:10:00Z,132954,356,17800,22,22,,84,84,,864.91,864.91,,,,,0.01,1.4,1.3,1.5,4.5,4.2,4.9,4.3,4.1,4.6,253,259.9,246.5,300.69,277.978,323.402,84.499,77.188,91.81,13.611,12.296,14.926,0.7849999999999999,0.584,0.986,0.222,0.112,0.332,0.147,0.112,0.182,0.802,0.668,0.936,0.798,0.66,0.936,1.299,1.092,1.506,1.299,1.092,1.506,1.46,1.178,1.742,1.46,1.178,1.742
2023-07-01T21:20:00Z,133554,353,18120,23,23,,84,84,,865.138,865.138,,,,,0.01,1.3,1.1,1.5,4.2,3.8,4.6,4.1,3.7,4.4,259.6,268.1,251.6,279.049,252.516,305.582,78.438,72.486,84.39,12.812000000000001,10.726,14.898,0.7649999999999999,0.568,0.962,0.059,0.038,0.08,0.019,0.038,0,0.627,0.512,0.742,0.627,0.512,0.742,1.181,1.036,1.326,1.181,1.036,1.326,1.2530000000000001,1.082,1.424,1.2530000000000001,1.082,1.424
2023-07-01T21:30:00Z,134154,351,18120,23,23,,84,84,,865.254,865.254,,,,,0.01,0.9,0.7,1.1,3.1,2.8,3.5,3.2,2.9,3.5,283.3,293,274.2,209.235,183.988,234.482,58.507,51.592,65.422,8.513,6.314,10.712,0.6859999999999999,0.7,0.672,0.124,0.13,0.118,0.041,0.082,0,0.237,0.086,0.388,0.236,0.086,0.386,0.621,0.448,0.794,0.621,0.448,0.794,0.688,0.51,0.866,0.688,0.51,0.866
2023-07-01T21:40:00Z,134754,390,17480,23,23,,84,84,,865.326,865.326,,,,,0.01,0.7,0.6,0.8,2.4,2.3,2.5,2.5,2.4,2.6,302.6,305.6,299.7,160.411,153.542,167.28,43.303,41.506,45.1,6.4030000000000005,5.394,7.412,0.44000000000000006,0.56,0.32,0.13,0.214,0.046,0.10600000000000001,0.166,0.046,0.014,0,0.028,0.014,0,0.028,0.20700000000000002,0.142,0.272,0.20700000000000002,0.142,0.272,0.323,0.322,0.324,0.323,0.322,0.324
2023-07-01T21:50:00Z,135354,351,17800,23.2,23.2,,83.4,83.4,,865.37,865.37,,,,,0.01,0.6,0.5,0.6,2.1,2,2.2,2.2,2.1,2.4,311.8,315.9,307.8,139.32299999999998,130.384,148.262,38.171,36.114,40.228,4.609999999999999,3.936,5.284,0.195,0.168,0.222,0.024,0,0.048,0,0,0,0.013,0,0.026,0.013,0,0.026,0.093,0.058,0.128,0.093,0.058,0.128,0.095,0.058,0.132,0.095,0.058,0.132
2023-07-01T22:00:00Z,135954,356,18120,24,24,,83,83,,865.44,865.44,,,,,0.01,0.6,0.5,0.6,2.1,2,2.1,2.2,2.1,2.3,312.6,314.9,310.4,137.493,132.51,142.476,37.958,35.568,40.348,4.9,3.96,5.84,0.21300000000000002,0.224,0.202,0.025,0.05,0,0.025,0.05,0,0.036,0,0.072,0.036,0,0.072,0.127,0.042,0.212,0.127,0.042,0.212,0.146,0.08,0.212,0.146,0.08,0.212
2023-07-01T22:10:00Z,136554,355,18120,24,24,,83,83,,865.58,865.58,,,,,0.01,0.6,0.6,0.7,2.4,2.3,2.5,2.5,2.4,2.6,303.8,307,300.6,157.702,150.248,165.156,42.525999999999996,40.876,44.176,5.3870000000000005,4.816,5.958,0.396,0.492,0.3,0.038,0,0.076,0.019,0,0.038,0.023,0,0.046,0.023,0,0.046,0.249,0.296,0.202,0.249,0.296,0.202,0.281,0.3,0.262,0.281,0.3,0.262
2023-07-01T22:20:00Z,137154,355,18120,24,24,,83,83,,865.598,865.598,,,,,0.01,1,1,1.1,3.6,3.4,3.8,3.6,3.4,3.8,271.7,276.4,267.2,241.94,228.442,255.438,67.348,64.634,70.062,9.710999999999999,8.812,10.61,0.6739999999999999,0.632,0.716,0.02,0,0.04,0,0,0,0.381,0.33,0.432,0.381,0.33,0.432,0.859,0.78,0.938,0.859,0.78,0.938,0.9079999999999999,0.818,0.998,0.9079999999999999,0.818,0.998
2023-07-01T22:30:00Z,137754,356,17800,24,24,,83,83,,865.67,865.67,,,,,0.01,1.3,1.1,1.4,4.5,4.2,4.9,4.3,4.1,4.6,253,260.1,246.3,300.841,277.414,324.268,83.051,78.056,88.046,11.398,9.756,13.04,0.74,0.7,0.78,0.091,0.05,0.132,0.07,0.05,0.09,0.687,0.534,0.84,0.687,0.534,0.84,1.135,0.92,1.35,1.135,0.92,1.35,1.216,0.988,1.444,1.216,0.988,1.444
2023-07-01T22:40:00Z,138354,352,17480,23.6,23.6,,83,83,,865.686,865.686,,,,,0.01,1,0.9,1.2,3.7,3.6,3.9,3.7,3.6,3.8,269.4,273.2,265.8,248.672,237.62,259.724,70.31700000000001,66.548,74.086,9.475,7.922,11.028,0.6659999999999999,0.608,0.724,0.075,0.072,0.078,0.036,0.072,0,0.396,0.354,0.438,0.396,0.354,0.438,0.7969999999999999,0.634,0.96,0.7969999999999999,0.634,0.96,0.849,0.698,1,0.849,0.698,1
2023-07-01T22:50:00Z,138954,350,18120,23,23,,83,83,,865.792,865.792,,,,,0.01,0.7,0.5,0.8,2.3,2.2,2.4,2.4,2.3,2.6,305.8,309.5,302.2,152.998,144.538,161.458,42.915,40.714,45.116,6.115,4.14,8.09,0.378,0.24,0.516,0.069,0.088,0.05,0.069,0.088,0.05,0.068,0.01,0.126,0.068,0.01,0.126,0.274,0.132,0.416,0.274,0.132,0.416,0.33799999999999997,0.178,0.498,0.33799999999999997,0.178,0.498
2023-07-01T23:00:00Z,139554,357,18120,23,23,,83,83,,865.942,865.942,,,,,0.01,0.5,0.4,0.5,1.8,1.7,1.9,2,1.9,2.1,319.5,322.8,316.2,122.645,115.696,129.594,33.125,32.148,34.102,4.191,3.758,4.624,0.309,0.306,0.312,0,0,0,0,0,0,0,0,0,0,0,0,0.054,0.052,0.056,0.054,0.052,0.056,0.079,0.052,0.106,0.079,0.052,0.106
2023-07-01T23:10:00Z,140154,356,18120,23,23,,83,83,,865.932,865.932,,,,,0.01,0.4,0.4,0.5,1.7,1.6,1.7,1.8,1.8,1.9,324.9,326.7,323,111.41499999999999,107.62,115.21,29.054000000000002,28.578,29.53,3.854,3.138,4.57,0.354,0.448,0.26,0.12,0.146,0.094,0.047,0.094,0,0,0,0,0,0,0,0.02,0.024,0.016,0.02,0.024,0.016,0.101,0.138,0.064,0.101,0.138,0.064
2023-07-01T23:20:00Z,140754,370,17800,23,23,,83,83,,865.992,865.992,,,,,0.01,0.5,0.4,0.6,2.1,1.9,2.3,2.2,2.1,2.4,312.1,317.4,306.9,138.69,127.058,150.322,37.751999999999995,33.64,41.864,4.632,3.244,6.02,0.32699999999999996,0.172,0.482,0.025,0,0.05,0,0,0,0.023,0,0.046,0.023,0,0.046,0.135,0.048,0.222,0.135,0.048,0.222,0.137,0.048,0.226,0.137,0.048,0.226
2023-07-01T23:30:00Z,141354,350,18120,23,23,,83,83,,865.988,865.988,,,,,0.01,0.6,0.5,0.6,2.3,2.2,2.4,2.4,2.4,2.5,305.5,307.3,303.8,153.601,149.468,157.734,41.469,41.136,41.802,4.938000000000001,4.32,5.556,0.46599999999999997,0.45,0.482,0.083,0.038,0.128,0.039,0.038,0.04,0.022,0.008,0.036,0.022,0.008,0.036,0.176,0.168,0.184,0.176,0.168,0.184,0.252,0.214,0.29,0.252,0.214,0.29
2023-07-01T23:40:00Z,141954,356,17800,23,23,,83,83,,866.148,866.148,,,,,0.01,0.6,0.5,0.7,2.4,2.2,2.6,2.5,2.4,2.7,302.5,307.6,297.5,160.80700000000002,148.856,172.758,42.757,38.87,46.644,4.911,4.162,5.66,0.38,0.312,0.448,0.091,0.084,0.098,0.019,0.038,0,0.039,0.006,0.072,0.039,0.006,0.072,0.184,0.066,0.302,0.184,0.066,0.302,0.239,0.132,0.346,0.239,0.132,0.346
2023-07-01T23:50:00Z,142554,353,17480,23,23,,83,83,,866.28,866.28,,,,,0.01,0.6,0.6,0.7,2.5,2.3,2.6,2.6,2.4,2.7,301.4,305.5,297.4,163.356,153.75,172.962,43.958,42.134,45.782,5.712,4.434,6.99,0.504,0.244,0.764,0.07,0.072,0.068,0.046,0.072,0.02,0.047,0.014,0.08,0.047,0.014,0.08,0.262,0.138,0.386,0.262,0.138,0.386,0.326,0.198,0.454,0.326,0.198,0.454
2023-07-02T00:00:00Z,143154,355,17800,23,23,,83,83,,866.434,866.434,,,,,0.01,0.7,0.6,0.8,2.7,2.5,3,2.9,2.6,3.1,293.2,300.4,286.4,183.3,165.652,200.948,49.385999999999996,43.782,54.99,5.3580000000000005,3.768,6.948,0.28500000000000003,0.25,0.32,0.065,0.092,0.038,0.046,0.092,0,0.10200000000000001,0.038,0.166,0.10200000000000001,0.038,0.166,0.272,0.114,0.43,0.272,0.114,0.43,0.324,0.188,0.46,0.324,0.188,0.46
2023-07-02T00:10:00Z,143754,354,17800,23,23,,83,83,,866.52,866.52,,,,,0.01,0.8,0.7,1,3.3,3.1,3.5,3.3,3.2,3.5,279.9,284.5,275.4,218.61,206.126,231.094,59.019,56.66,61.378,6.925000000000001,4.886,8.964,0.54,0.402,0.678,0.065,0,0.13,0.027,0,0.054,0.183,0.152,0.214,0.183,0.152,0.214,0.506,0.428,0.584,0.506,0.428,0.584,0.546,0.428,0.664,0.546,0.428,0.664
2023-07-02T00:20:00Z,144354,362,17800,23,23,,83,83,,866.672,866.672,,,,,0.01,1,0.9,1.1,4.2,4.2,4.3,4.1,4.1,4.1,258.8,259.8,257.7,281.679,278.29,285.068,76.176,73.916,78.436,7.766,6.5,9.032,0.33299999999999996,0.322,0.344,0.096,0.096,0.096,0.07200000000000001,0.048,0.096,0.639,0.548,0.73,0.639,0.548,0.73,0.9650000000000001,0.832,1.098,0.9650000000000001,0.832,1.098,1.034,0.914,1.154,1.034,0.914,1.154
2023-07-02T00:30:00Z,144954,354,17480,23,23,,83,83,,866.858,866.858,,,,,0.01,1,0.9,1.2,4.1,3.9,4.3,4,3.8,4.2,260.8,265.5,256.3,275.284,260.656,289.912,74.134,69.696,78.572,7.77,5.578,9.962,0.313,0.34,0.286,0.07400000000000001,0.05,0.098,0.026,0,0.052,0.504,0.452,0.556,0.504,0.452,0.556,0.769,0.662,0.876,0.769,0.662,0.876,0.82,0.696,0.944,0.82,0.696,0.944
2023-07-02T00:40:00Z,145554,353,18120,23,23,,83,83,,866.862,866.862,,,,,0.01,1.2,1.1,1.4,4.9,4.7,5,4.6,4.5,4.7,246.4,248.7,244.1,323.872,315.646,332.098,89.806,87.726,91.886,10.774000000000001,8.56,12.988,1.186,1.204,1.168,0.29300000000000004,0.324,0.262,0.185,0.288,0.082,0.815,0.724,0.906,0.815,0.724,0.906,1.275,1.114,1.436,1.275,1.114,1.436,1.528,1.384,1.672,1.528,1.384,1.672
2023-07-02T00:50:00Z,146154,357,18120,23.6,23.6,,83,83,,866.842,866.842,,,,,0.01,1.6,1.3,1.9,6,5.5,6.4,5.4,5.1,5.7,227.2,234.8,220,398.235,367.052,429.418,108.104,99.254,116.954,13.344999999999999,9.414,17.276,0.6619999999999999,0.5,0.824,0.05,0,0.1,0.024,0,0.048,1.187,1.052,1.322,1.187,1.052,1.322,1.858,1.548,2.168,1.858,1.548,2.168,1.901,1.548,2.254,1.901,1.548,2.254
2023-07-02T01:00:00Z,146754,358,17800,23.4,23.4,,83,83,,866.902,866.902,,,,,0.01,1.7,1.5,1.9,6.4,6.1,6.6,5.7,5.5,5.8,221.3,224.6,218.2,423.42499999999995,409.258,437.592,117.019,112.782,121.256,14.565999999999999,11.772,17.36,1.2389999999999999,1.204,1.274,0.33999999999999997,0.43,0.25,0.176,0.352,0,1.232,0.91,1.554,1.232,0.91,1.554,1.9369999999999998,1.53,2.344,1.9369999999999998,1.53,2.344,2.185,1.902,2.468,2.185,1.902,2.468
2023-07-02T01:10:00Z,147354,353,17480,23,23,,83,83,,867.052,867.052,,,,,0.01,1.3,1.1,1.5,5.1,4.9,5.3,4.8,4.6,4.9,242.3,245.7,239,338.619,326.242,350.996,93.908,90.102,97.714,11.379999999999999,8.096,14.664,0.934,0.788,1.08,0.11399999999999999,0.12,0.108,0.06,0.078,0.042,0.823,0.634,1.012,0.823,0.634,1.012,1.3119999999999998,0.992,1.632,1.3119999999999998,0.992,1.632,1.44,1.104,1.776,1.44,1.104,1.776
2023-07-02T01:20:00Z,147954,369,18120,23,23,,83,83,,867.12,867.12,,,,,0.01,1.3,1.2,1.5,4.9,4.6,5.2,4.6,4.4,4.9,245.1,250.9,239.4,328.59000000000003,307.844,349.336,90.221,84.366,96.076,11.458,9.374,13.542,0.8740000000000001,0.626,1.122,0.128,0,0.256,0.059,0,0.118,0.773,0.646,0.9,0.769,0.646,0.892,1.246,0.978,1.514,1.246,0.978,1.514,1.355,1.03,1.68,1.355,1.03,1.68
2023-07-02T01:30:00Z,148554,356,18120,23,23,,83,83,,867.252,867.252,,,,,0.01,1.2,1,1.3,4.6,4.3,4.9,4.4,4.2,4.6,251,256.4,245.8,307.827,289.598,326.056,84.75999999999999,78.958,90.562,9.804,8.09,11.518,0.992,1.058,0.926,0.353,0.398,0.308,0.177,0.262,0.092,0.683,0.556,0.81,0.683,0.556,0.81,1.073,0.88,1.266,1.073,0.88,1.266,1.334,1.174,1.494,1.334,1.174,1.494
2023-07-02T01:40:00Z,149154,358,17800,23,23,,83,83,,867.432,867.432,,,,,0.01,1.2,1.1,1.3,4.3,4.1,4.6,4.2,4,4.4,256.4,260.6,252.2,289.631,275.778,303.484,79.664,75.232,84.096,10.273,8.754,11.792,0.94,0.616,1.264,0.16,0.096,0.224,0.048,0.048,0.048,0.6699999999999999,0.642,0.698,0.6659999999999999,0.642,0.69,1.141,1.018,1.264,1.141,1.018,1.264,1.249,1.108,1.39,1.249,1.108,1.39
2023-07-02T01:50:00Z,149754,357,17800,23,23,,83,83,,867.506,867.506,,,,,0.01,1.2,0.9,1.4,4.6,4.3,4.9,4.4,4.2,4.6,250.6,256.4,245,309.123,289.618,328.628,84.075,77.842,90.308,9.49,6.192,12.788,0.575,0.416,0.734,0.088,0.11,0.066,0.055999999999999994,0.076,0.036,0.7629999999999999,0.582,0.944,0.7629999999999999,0.582,0.944,1.152,0.852,1.452,1.152,0.852,1.452,1.283,0.976,1.59,1.283,0.976,1.59
2023-07-02T02:00:00Z,150354,362,17800,23,23,,83,83,,867.556,867.556,,,,,0.01,1.4,1.2,1.6,5.1,4.8,5.3,4.7,4.6,4.9,242.7,247,238.6,337.096,321.622,352.57,94.48400000000001,89.802,99.166,12.318999999999999,9.676,14.962,0.722,0.358,1.086,0.07300000000000001,0.046,0.1,0.025,0.046,0.004,0.922,0.75,1.094,0.922,0.75,1.094,1.448,1.082,1.814,1.448,1.082,1.814,1.4820000000000002,1.1,1.864,1.4820000000000002,1.1,1.864
2023-07-02T02:10:00Z,150954,351,17800,23,23,,83,83,,867.618,867.618,,,,,0.01,1.5,1.2,1.7,5.5,5.2,5.9,5.1,4.9,5.3,234.3,240,228.9,369.099,347.178,391.02,102.327,96.566,108.088,12.475000000000001,9.448,15.502,0.933,0.998,0.868,0.10200000000000001,0.088,0.116,0.10200000000000001,0.088,0.116,0.8320000000000001,0.632,1.032,0.8320000000000001,0.632,1.032,1.463,1.116,1.81,1.463,1.116,1.81,1.5579999999999998,1.21,1.906,1.5579999999999998,1.21,1.906
2023-07-02T02:20:00Z,151554,354,17800,23,23,,83,83,,867.426,867.426,,,,,0.01,1.5,1.3,1.6,5.4,5.2,5.5,5,4.9,5.1,237.1,239.7,234.4,358.451,348.284,368.618,99.53200000000001,97.64,101.424,12.623,10.562,14.684,0.846,0.56,1.132,0.16599999999999998,0.05,0.282,0.018,0,0.036,1.0190000000000001,0.998,1.04,1.018,0.996,1.04,1.5539999999999998,1.4,1.708,1.5539999999999998,1.4,1.708,1.698,1.476,1.92,1.698,1.476,1.92
2023-07-02T02:30:00Z,152154,353,18120,23,23,,83,83,,867.512,867.512,,,,,0.01,1.4,1.2,1.6,5.6,5.3,5.9,5.2,5,5.4,232.7,237.7,228,375.389,355.982,394.796,101.267,98.242,104.292,11.208,8.974,13.442,0.6950000000000001,0.8,0.59,0.039,0.034,0.044,0.039,0.034,0.044,0.978,0.93,1.026,0.976,0.926,1.026,1.483,1.346,1.62,1.483,1.346,1.62,1.549,1.416,1.682,1.549,1.416,1.682
2023-07-02T02:40:00Z,152754,368,18120,23,23,,83,83,,867.628,867.628,,,,,0.01,1.3,1.2,1.4,5.1,4.9,5.3,4.8,4.6,4.9,242,245.8,238.2,339.911,325.902,353.92,92.938,89.51,96.366,11.405000000000001,10.108,12.702,0.903,0.676,1.13,0.181,0.122,0.24,0.065,0.084,0.046,0.802,0.71,0.894,0.802,0.71,0.894,1.274,1.09,1.458,1.274,1.09,1.458,1.3940000000000001,1.186,1.602,1.3940000000000001,1.186,1.602
2023-07-02T02:50:00Z,153354,368,17800,23,23,,83.2,83.2,,867.588,867.588,,,,,0.01,1.5,1.4,1.7,5.7,5.4,5.9,5.2,5,5.4,232.2,236.9,227.8,377.37800000000004,359.196,395.56,105.961,101.448,110.474,13.504000000000001,11.134,15.874,1.036,0.918,1.154,0.063,0.126,0,0.063,0.126,0,1.179,1.006,1.352,1.179,1.006,1.352,1.81,1.48,2.14,1.81,1.48,2.14,1.8780000000000001,1.564,2.192,1.8780000000000001,1.564,2.192
2023-07-02T03:00:00Z,153954,359,18120,23,23,,84,84,,867.556,867.556,,,,,0.01,1.6,1.4,1.8,6.2,5.9,6.4,5.5,5.4,5.7,224.3,228.3,220.3,410.573,393.326,427.82,113.068,108.892,117.244,12.716999999999999,9.26,16.174,0.663,0.598,0.728,0.14600000000000002,0.126,0.166,0.08499999999999999,0.126,0.044,1.297,1.142,1.452,1.297,1.142,1.452,1.877,1.624,2.13,1.877,1.624,2.13,1.964,1.72,2.208,1.964,1.72,2.208
2023-07-02T03:10:00Z,154554,353,18120,23,23,,84,84,,867.496,867.496,,,,,0.01,1.8,1.5,2,6.7,6.4,6.9,5.9,5.7,6.1,216.8,220.8,212.9,443.976,425.73,462.222,124.7,120.804,128.596,15.352,11.36,19.344,1.1669999999999998,1.146,1.188,0.243,0.194,0.292,0.097,0.144,0.05,1.594,1.592,1.596,1.594,1.592,1.596,2.357,2.214,2.5,2.357,2.214,2.5,2.535,2.406,2.664,2.535,2.406,2.664
2023-07-02T03:20:00Z,155154,358,18120,22.4,22.4,,84,84,,867.632,867.632,,,,,0.01,1.8,1.7,2,6.7,6.4,7,5.9,5.7,6.1,216.1,219.9,212.3,447.265,429.748,464.782,125.688,122.774,128.602,15.911000000000001,13.53,18.292,0.958,0.784,1.132,0.124,0.194,0.054,0.072,0.108,0.036,1.651,1.624,1.678,1.651,1.624,1.678,2.308,2.134,2.482,2.308,2.134,2.482,2.4379999999999997,2.314,2.562,2.4379999999999997,2.314,2.562
2023-07-02T03:30:00Z,155754,359,17800,22.8,22.8,,84,84,,867.742,867.742,,,,,0.01,2,1.8,2.3,7.2,6.9,7.5,6.2,6,6.4,209.3,213.3,205.4,479.589,460.132,499.046,136.227,131.37,141.084,18.409,14.854,21.964,1.1480000000000001,1.05,1.246,0.155,0.248,0.062,0.083,0.152,0.014,1.825,1.668,1.982,1.825,1.668,1.982,2.644,2.334,2.954,2.644,2.334,2.954,2.826,2.658,2.994,2.826,2.658,2.994
2023-07-02T03:40:00Z,156354,353,18120,23,23,,84,84,,867.764,867.764,,,,,0.01,2.1,2,2.3,8.1,7.8,8.3,6.8,6.6,6.9,198.1,201.3,195,538.2629999999999,520.858,555.668,149.506,147.576,151.436,18.274,16.51,20.038,1.115,1.198,1.032,0.191,0.18,0.202,0.108,0.18,0.036,2.1470000000000002,2.082,2.212,2.1470000000000002,2.082,2.212,2.91,2.792,3.028,2.91,2.792,3.028,3.06,2.96,3.16,3.06,2.96,3.16
2023-07-02T03:50:00Z,156954,362,18120,23,23,,84,84,,867.678,867.678,,,,,0.01,2.4,2,2.8,8.7,8,9.4,7.2,6.8,7.6,190.5,198.4,183.2,581.654,536.328,626.98,162.074,149.9,174.248,20.85,16.24,25.46,1.062,1.036,1.088,0.211,0.208,0.214,0.125,0.208,0.042,2.392,2.028,2.756,2.3899999999999997,2.024,2.756,3.241,2.778,3.704,3.241,2.778,3.704,3.418,2.982,3.854,3.418,2.982,3.854
2023-07-02T04:00:00Z,157554,353,18120,23,23,,84,84,,867.564,867.564,,,,,0.01,2.1,1.9,2.4,8,7.8,8.3,6.8,6.6,6.9,198.4,201.6,195.4,536.387,519.278,553.496,150.635,146.424,154.846,17.9,14.834,20.966,0.8400000000000001,0.918,0.762,0.144,0.216,0.072,0.082,0.128,0.036,2.238,2.132,2.344,2.238,2.132,2.344,3.018,2.89,3.146,3.018,2.89,3.146,3.114,3.034,3.194,3.114,3.034,3.194
2023-07-02T04:10:00Z,158154,356,17800,23,23,,84,84,,867.498,867.498,,,,,0.01,2.2,2,2.4,7.9,7.7,8,6.6,6.6,6.7,200.8,202.1,199.4,523.631,516.328,530.934,148.175,147.274,149.076,19.511,16.348,22.674,0.961,1.144,0.778,0.23199999999999998,0.22,0.244,0.15,0.22,0.08,2.103,1.99,2.216,2.103,1.99,2.216,2.887,2.7,3.074,2.887,2.7,3.074,3.0490000000000004,2.898,3.2,3.0490000000000004,2.898,3.2
2023-07-02T04:20:00Z,158754,360,17800,22.4,22.4,,84.4,84.4,,867.476,867.476,,,,,0.01,2.2,2,2.3,7.7,7.9,7.6,6.6,6.7,6.5,202.5,200.4,204.6,514.553,525.642,503.464,144.695,147.966,141.424,19.274,15.734,22.814,1.283,1.346,1.22,0.277,0.242,0.312,0.20500000000000002,0.242,0.168,1.9949999999999999,1.984,2.006,1.9949999999999999,1.984,2.006,2.875,2.818,2.932,2.875,2.818,2.932,3.122,3.074,3.17,3.122,3.074,3.17
2023-07-02T04:30:00Z,159354,348,17488,23,23,,85,85,,867.71,867.71,,,,,0.01,2.2,2,2.4,7.9,7.9,7.8,6.6,6.7,6.6,200.8,200.3,201.2,523.5550000000001,526.015,521.095,145.505,147.22,143.79,19.285,16.235,22.335,0.885,1.34,0.43,0.055,0.11,0,0.055,0.11,0,1.81,1.895,1.725,1.81,1.895,1.725,2.56,2.585,2.535,2.56,2.585,2.535,2.5925000000000002,2.61,2.575,2.5925000000000002,2.61,2.575
2023-07-02T04:40:00Z,159954,364,18120,22.4,22.4,,85,85,,867.706,867.706,,,,,0.01,2.5,2.2,2.7,8.5,8.1,8.8,7,6.8,7.2,193.5,198.1,189.2,564.02,538.198,589.842,160.62599999999998,153.468,167.784,22.972,19.806,26.138,1.673,1.336,2.01,0.245,0.164,0.326,0.14400000000000002,0.164,0.124,2.251,1.964,2.538,2.251,1.964,2.538,3.368,2.948,3.788,3.368,2.948,3.788,3.556,3.114,3.998,3.556,3.114,3.998
2023-07-02T04:50:00Z,160554,357,17160,22,22,,85,85,,867.782,867.782,,,,,0.01,2.3,2.2,2.5,8,7.7,8.2,6.7,6.6,6.8,199.4,202.2,196.6,531.1949999999999,515.884,546.506,148.62099999999998,144.76,152.482,21.917,19.11,24.724,1.1869999999999998,1.166,1.208,0.22299999999999998,0.142,0.304,0.099,0.11,0.088,2.049,1.906,2.192,2.049,1.906,2.192,3.1109999999999998,2.886,3.336,3.1109999999999998,2.886,3.336,3.245,2.982,3.508,3.245,2.982,3.508
2023-07-02T05:00:00Z,161154,358,17800,22,22,,85,85,,867.616,867.616,,,,,0.01,2.6,2.2,2.9,8.4,8.1,8.7,7,6.8,7.1,194,197.2,190.8,561.375,543.002,579.748,159.744,154.236,165.252,24.538,19.748,29.328,1.202,1.326,1.078,0.207,0.124,0.29,0.08399999999999999,0.124,0.044,2.368,2.226,2.51,2.368,2.226,2.51,3.38,3.12,3.64,3.38,3.12,3.64,3.5309999999999997,3.258,3.804,3.5309999999999997,3.258,3.804
2023-07-02T05:10:00Z,161754,355,17480,22,22,,85,85,,867.584,867.584,,,,,0.01,2.3,2,2.5,8,7.6,8.4,6.7,6.5,7,199.1,204,194.5,532.6759999999999,506.672,558.68,149.46499999999997,142.296,156.634,20.649,16.296,25.002,1.464,1.186,1.742,0.189,0.106,0.272,0.063,0.034,0.092,2.194,2.048,2.34,2.194,2.048,2.34,3.185,2.83,3.54,3.185,2.83,3.54,3.33,2.894,3.766,3.33,2.894,3.766
2023-07-02T05:20:00Z,162354,359,18120,22.6,22.6,,85,85,,867.57,867.57,,,,,0.01,2.3,1.9,2.6,8,7.5,8.5,6.7,6.4,7,198.9,204.7,193.5,533.747,503.06,564.434,150.01,139.838,160.182,20.243000000000002,14.582,25.904,1.158,0.91,1.406,0.16699999999999998,0.098,0.236,0.071,0.04,0.102,2.157,1.848,2.466,2.157,1.848,2.466,3.037,2.5,3.574,3.037,2.5,3.574,3.168,2.576,3.76,3.168,2.576,3.76
2023-07-02T05:30:00Z,162894,360,17720,22.75,22.75,,85,85,,867.477,867.477,,,,,0.01,2.3,2.1,2.5,8.1,7.9,8.4,6.8,6.7,7,197.5,200.5,194.6,541.5325,525.235,557.83,153.565,150.623,156.507,20.073999999999998,17.098,23.05,0.8979999999999999,0.983,0.813,0.161,0.107,0.215,0.0625,0.065,0.06,2.276,2.275,2.277,2.276,2.275,2.277,3.1565,3.045,3.268,3.1565,3.045,3.268,3.2735,3.17,3.377,3.2735,3.17,3.377
2023-07-02T05:40:00Z,163734,361,14960,23,23,,85,85,,867.58,867.58,,,,,0.01,2.5,2.1,2.8,8.6,8.2,9,7.1,6.9,7.4,191.6,196.5,187,575.1500000000001,546.975,603.325,160.875,153.135,168.615,22.6,17.34,27.86,1.2725,1.455,1.09,0.27749999999999997,0.365,0.19,0.22249999999999998,0.35,0.095,2.3449999999999998,2.185,2.505,2.3449999999999998,2.185,2.505,3.3625,3.03,3.695,3.3625,3.03,3.695,3.6125,3.345,3.88,3.6125,3.345,3.88
2023-07-02T05:50:00Z,164154,356,18120,23,23,,85,85,,867.508,867.508,,,,,0.01,2.7,2.4,3.1,9.1,8.6,9.5,7.4,7.1,7.6,186.7,191.6,182.1,604.874,575.446,634.302,171.06900000000002,164.668,177.47,26.918,22.086,31.75,2.045,1.876,2.214,0.40700000000000003,0.33,0.484,0.213,0.246,0.18,2.487,2.246,2.728,2.487,2.246,2.728,3.695,3.258,4.132,3.695,3.258,4.132,4.027,3.6,4.454,4.027,3.6,4.454
2023-07-02T06:00:00Z,164754,362,18120,22,22,,85,85,,867.488,867.488,,,,,0.01,2.7,2.3,3.1,8.7,8.3,9,7.1,6.9,7.3,191.2,195.4,187.2,577.561,553.148,601.974,163.484,156.508,170.46,27.249,20.61,33.888,2.464,1.616,3.312,0.586,0.484,0.688,0.299,0.484,0.114,2.417,2.206,2.628,2.417,2.206,2.628,3.718,3.164,4.272,3.718,3.164,4.272,4.178,3.576,4.78,4.178,3.576,4.78
2023-07-02T06:10:00Z,165354,368,17800,22,22,,85,85,,867.368,867.368,,,,,0.01,2.9,2.5,3.3,9.2,8.5,9.9,7.4,7,7.8,185.5,193.5,178,612.648,563.928,661.368,172.69,161.194,184.186,30.566000000000003,24.94,36.192,2.923,2.532,3.314,0.74,0.418,1.062,0.382,0.382,0.382,2.634,2.424,2.844,2.634,2.424,2.844,4.187,3.74,4.634,4.187,3.74,4.634,4.705,4.002,5.408,4.705,4.002,5.408
2023-07-02T06:20:00Z,165954,366,17480,22,22,,85,85,,867.364,867.364,,,,,0.01,2.7,2.3,3.1,8.8,8.4,9.2,7.2,7,7.5,189.6,194.4,185,587.296,558.816,615.776,165.091,159.672,170.51,26.949,20.396,33.502,2.083,1.942,2.224,0.484,0.238,0.73,0.28300000000000003,0.188,0.378,2.3680000000000003,2.224,2.512,2.3680000000000003,2.224,2.512,3.6879999999999997,3.26,4.116,3.6879999999999997,3.26,4.116,4.015000000000001,3.482,4.548,4.015000000000001,3.482,4.548
2023-07-02T06:30:00Z,166554,371,18120,22,22,,85,85,,867.372,867.372,,,,,0.01,2.9,2.4,3.4,9.1,8.4,9.9,7.4,7,7.8,186,194.3,178.3,609.51,559.522,659.498,174.42700000000002,161.156,187.698,28.774,21.186,36.362,1.996,1.506,2.486,0.29200000000000004,0.178,0.406,0.127,0.098,0.156,2.654,2.312,2.996,2.654,2.312,2.996,4.056,3.308,4.804,4.056,3.308,4.804,4.338,3.524,5.152,4.338,3.524,5.152
2023-07-02T06:40:00Z,167154,358,17160,22,22,,85,85,,867.46,867.46,,,,,0.01,2.8,2.3,3.4,9.3,8.7,10,7.5,7.1,7.9,183.9,190.9,177.4,622.559,579.262,665.856,178.47899999999998,164,192.958,27.227,19.54,34.914,1.443,1.114,1.772,0.3,0.164,0.436,0.08900000000000001,0.042,0.136,2.781,2.45,3.112,2.781,2.45,3.112,3.953,3.316,4.59,3.953,3.316,4.59,4.182,3.464,4.9,4.182,3.464,4.9
2023-07-02T06:50:00Z,167754,361,18120,22,22,,85,85,,867.578,867.578,,,,,0.01,2.9,2.4,3.3,9.2,8.5,9.9,7.4,7.1,7.8,185.3,192.7,178.5,613.7909999999999,569.026,658.556,173.534,161.484,185.584,28.5,22.072,34.928,1.4289999999999998,1.174,1.684,0.268,0.26,0.276,0.176,0.178,0.174,2.7030000000000003,2.39,3.016,2.7030000000000003,2.39,3.016,3.9210000000000003,3.378,4.464,3.9210000000000003,3.378,4.464,4.119,3.602,4.636,4.119,3.602,4.636
2023-07-02T07:00:00Z,168354,353,17800,22,22,,85,85,,867.59,867.59,,,,,0.01,2.7,2.3,3.1,9,8.4,9.5,7.3,7,7.6,188,193.6,182.7,596.9490000000001,563.316,630.582,170.253,161.848,178.658,25.454,20.062,30.846,1.377,1.252,1.502,0.248,0.218,0.278,0.113,0.138,0.088,2.621,2.524,2.718,2.621,2.524,2.718,3.698,3.386,4.01,3.698,3.386,4.01,3.878,3.574,4.182,3.878,3.574,4.182
2023-07-02T07:10:00Z,168954,352,17800,22,22,,85,85,,867.634,867.634,,,,,0.01,2.6,2.3,2.8,8.6,8.3,8.9,7.1,6.9,7.2,192.3,195.8,189,571.038,551.09,590.986,160.81799999999998,156.706,164.93,24.144,20.8,27.488,1.228,1.432,1.024,0.122,0.084,0.16,0.040999999999999995,0.038,0.044,2.5069999999999997,2.356,2.658,2.5069999999999997,2.356,2.658,3.508,3.394,3.622,3.508,3.394,3.622,3.612,3.456,3.768,3.612,3.456,3.768
2023-07-02T07:20:00Z,169554,351,17800,22,22,,85,85,,867.614,867.614,,,,,0.01,2.3,2.1,2.5,8.2,7.6,8.7,6.8,6.5,7.2,196.8,203.8,190.4,545.182,507.702,582.662,152.03199999999998,142.894,161.17,21.067,19.176,22.958,1.0070000000000001,1.27,0.744,0.14100000000000001,0.132,0.15,0.10300000000000001,0.132,0.074,2.137,1.706,2.568,2.137,1.706,2.568,2.988,2.684,3.292,2.988,2.684,3.292,3.123,2.844,3.402,3.123,2.844,3.402
2023-07-02T07:30:00Z,170154,357,17800,22,22,,85,85,,867.458,867.458,,,,,0.01,2.3,2.1,2.5,7.8,7.5,8.1,6.6,6.4,6.8,201.5,205,198.1,519.694,501.422,537.966,146.68400000000003,142.854,150.514,21.443,18.062,24.824,0.999,0.972,1.026,0.129,0.05,0.208,0.049,0,0.098,2.136,1.928,2.344,2.136,1.928,2.344,3.048,2.806,3.29,3.048,2.806,3.29,3.16,2.874,3.446,3.16,2.874,3.446
2023-07-02T07:40:00Z,170754,361,17800,22,22,,85,85,,867.376,867.376,,,,,0.01,2.4,2,2.8,8.2,7.8,8.7,6.9,6.6,7.2,196,201.8,190.5,549.8230000000001,517.908,581.738,156.16899999999998,147.822,164.516,22.262999999999998,16.924,27.602,1.109,1.154,1.064,0.32499999999999996,0.286,0.364,0.137,0.144,0.13,2.21,1.916,2.504,2.21,1.916,2.504,3.242,2.742,3.742,3.242,2.742,3.742,3.468,2.94,3.996,3.468,2.94,3.996
2023-07-02T07:50:00Z,171354,352,18120,22,22,,85,85,,867.406,867.406,,,,,0.01,2.3,2.1,2.6,8,7.7,8.2,6.7,6.5,6.9,199.4,202.8,196.1,531.008,512.898,549.118,151.185,147.378,154.992,21.643,16.982,26.304,1.062,0.818,1.306,0.062,0,0.124,0.022,0,0.044,2.114,1.904,2.324,2.114,1.904,2.324,3.0330000000000004,2.652,3.414,3.0330000000000004,2.652,3.414,3.076,2.652,3.5,3.076,2.652,3.5
2023-07-02T08:00:00Z,171954,396,18120,22,22,,85,85,,867.336,867.336,,,,,0.01,2.3,2.1,2.5,7.5,7.2,7.9,6.4,6.2,6.6,205.2,209.8,200.7,500.557,477.176,523.938,141.667,136.568,146.766,21.407,18.65,24.164,0.908,1.066,0.75,0.163,0.196,0.13,0.106,0.172,0.04,1.8769999999999998,1.708,2.046,1.8769999999999998,1.708,2.046,2.799,2.53,3.068,2.799,2.53,3.068,2.901,2.658,3.144,2.901,2.658,3.144
2023-07-02T08:10:00Z,172554,354,17480,22,22,,85,85,,867.2,867.2,,,,,0.01,2.4,2.1,2.7,7.9,7.6,8.3,6.7,6.5,6.9,200,204.5,195.8,527.639,504.194,551.084,149.75,142.396,157.104,22.469,18.116,26.822,0.9950000000000001,0.648,1.342,0.232,0.2,0.264,0.155,0.134,0.176,2.1310000000000002,1.92,2.342,2.1310000000000002,1.92,2.342,3.051,2.642,3.46,3.051,2.642,3.46,3.292,2.838,3.746,3.292,2.838,3.746
2023-07-02T08:20:00Z,173154,356,17800,22,22,,85,85,,867.312,867.312,,,,,0.01,2.5,2.3,2.7,8.3,8.1,8.6,6.9,6.8,7.1,195.1,198,192.3,555.079,538.98,571.178,159.119,155.016,163.222,23.372999999999998,19.938,26.808,1.251,1.056,1.446,0.16299999999999998,0.044,0.282,0.087,0.044,0.13,2.293,2.216,2.37,2.293,2.216,2.37,3.343,3.132,3.554,3.343,3.132,3.554,3.451,3.168,3.734,3.451,3.168,3.734
2023-07-02T08:30:00Z,173754,352,17480,22,22,,85,85,,867.154,867.154,,,,,0.01,2.5,2.3,2.7,8.4,8.1,8.6,6.9,6.8,7.1,194.7,197.8,191.8,557.081,539.864,574.298,157.358,155.044,159.672,23.409,20.12,26.698,1.022,0.788,1.256,0.241,0.222,0.26,0.133,0.222,0.044,2.402,2.368,2.436,2.402,2.368,2.436,3.268,3.15,3.386,3.268,3.15,3.386,3.496,3.336,3.656,3.496,3.336,3.656
2023-07-02T08:40:00Z,174354,350,17800,22,22,,85,85,,866.926,866.926,,,,,0.01,2.6,2.2,3,8.5,8.1,9,7,6.8,7.3,192.7,197.7,188,568.544,540.212,596.876,162.471,155.464,169.478,24.605,19.25,29.96,1.07,1.058,1.082,0.155,0.042,0.268,0.095,0.042,0.148,2.4699999999999998,2.32,2.62,2.4699999999999998,2.32,2.62,3.459,3.17,3.748,3.459,3.17,3.748,3.581,3.218,3.944,3.581,3.218,3.944
2023-07-02T08:50:00Z,174954,359,18120,22,22,,85.2,85.2,,866.91,866.91,,,,,0.01,2.7,2.4,3.1,8.7,8.3,9.1,7.1,6.9,7.4,191.1,195.9,186.5,578.288,550.184,606.392,163.402,156.768,170.036,26.38,20.932,31.828,1.1949999999999998,1.014,1.376,0.225,0.134,0.316,0.117,0.134,0.1,2.3529999999999998,2.062,2.644,2.3529999999999998,2.062,2.644,3.4850000000000003,3.024,3.946,3.4850000000000003,3.024,3.946,3.6580000000000004,3.172,4.144,3.6580000000000004,3.172,4.144
2023-07-02T09:00:00Z,175554,350,17800,22,22,,85.6,85.6,,866.944,866.944,,,,,0.01,2.5,2.2,2.9,8.4,7.9,8.8,6.9,6.7,7.2,194.8,199.8,190,556.822,529.096,584.548,157.868,150.776,164.96,24.005,18.752,29.258,1.175,1.034,1.316,0.137,0.188,0.086,0.08600000000000001,0.138,0.034,2.167,1.95,2.384,2.167,1.95,2.384,3.204,2.72,3.688,3.204,2.72,3.688,3.3280000000000003,2.894,3.762,3.3280000000000003,2.894,3.762
2023-07-02T09:10:00Z,176154,789,17834,22,22,,86,86,,866.914,866.914,,,,,0.01,2.7,2.4,3,8.6,8.4,8.9,7.1,7,7.3,191.4,194.6,188.4,576.4200000000001,558.076,594.764,162.763,158.122,167.404,26.627,21.424,31.83,1.496,1.222,1.77,0.225,0.196,0.254,0.149,0.196,0.102,2.355,2.132,2.578,2.355,2.132,2.578,3.535,3.124,3.946,3.535,3.124,3.946,3.718,3.276,4.16,3.718,3.276,4.16
2023-07-02T09:20:00Z,176754,360,17485,22,22,,86,86,,866.868,866.868,,,,,0.01,2.7,2.4,2.9,8.7,8.5,8.9,7.2,7,7.3,190.8,193.4,188.1,580.309,564.552,596.066,166.668,162.498,170.838,25.708,21.514,29.902,1.663,1.62,1.706,0.215,0.212,0.218,0.15,0.212,0.088,2.441,2.214,2.668,2.441,2.214,2.668,3.613,3.282,3.944,3.613,3.282,3.944,3.79,3.468,4.112,3.79,3.468,4.112
2023-07-02T09:30:00Z,177354,349,17800,22,22,,86,86,,866.75,866.75,,,,,0.01,2.9,2.6,3.3,9.2,8.6,9.8,7.4,7.1,7.8,185.4,191.4,179.7,613.332,576.284,650.38,174.493,164.224,184.762,29.619,24.848,34.39,1.602,1.362,1.842,0.187,0.06,0.314,0.07100000000000001,0.06,0.082,2.6159999999999997,2.356,2.876,2.6159999999999997,2.356,2.876,3.9829999999999997,3.504,4.462,3.9829999999999997,3.504,4.462,4.138,3.574,4.702,4.138,3.574,4.702
2023-07-02T09:40:00Z,177954,350,18120,22,22,,86,86,,866.756,866.756,,,,,0.01,3.1,2.8,3.4,9.6,9.2,10,7.7,7.4,7.9,181,185.5,176.8,641.375,612.76,669.99,181.61700000000002,174.382,188.852,31.499,27.32,35.678,2.1959999999999997,2.022,2.37,0.39,0.25,0.53,0.20500000000000002,0.198,0.212,2.791,2.58,3.002,2.791,2.58,3.002,4.245,3.86,4.63,4.245,3.86,4.63,4.557,4.106,5.008,4.557,4.106,5.008
2023-07-02T09:50:00Z,178524,360,18086,22,22,,86,86,,867.003,867.003,,,,,0.01,3.1,2.6,3.7,10.1,9.3,10.8,7.9,7.5,8.3,176.7,184,170,670.4185,622.217,718.62,191.43599999999998,179.242,203.63,31.6795,22.232,41.127,2.5665,1.613,3.52,0.42400000000000004,0.455,0.393,0.2465,0.335,0.158,2.9865,2.695,3.278,2.9865,2.695,3.278,4.51,3.692,5.328,4.51,3.692,5.328,4.855,4.015,5.695,4.855,4.015,5.695
2023-07-02T10:00:00Z,179154,365,17176,22,22,,86,86,,867.086,867.086,,,,,0.01,3.1,2.7,3.5,9.6,9.1,10.1,7.6,7.4,7.9,181.5,186.7,176.6,638.216,605.018,671.414,181.001,173.882,188.12,31.519,25.168,37.87,1.992,1.356,2.628,0.42700000000000005,0.31,0.544,0.14900000000000002,0.164,0.134,2.776,2.582,2.97,2.776,2.582,2.97,4.172,3.664,4.68,4.172,3.664,4.68,4.492,3.884,5.1,4.492,3.884,5.1
2023-07-02T10:10:00Z,179574,386,17016,22,22,,86,86,,867.095,867.095,,,,,0.01,2.9,2.6,3.1,9.2,9.1,9.4,7.5,7.4,7.5,184.9,186.2,183.6,616.3425,607.935,624.75,174.96249999999998,173.73,176.195,29.1025,23.6,34.605,2.1475,1.105,3.19,0.6375,0.23,1.045,0.335,0.23,0.44,2.5324999999999998,2.515,2.55,2.5324999999999998,2.515,2.55,3.9074999999999998,3.52,4.295,3.9074999999999998,3.52,4.295,4.3774999999999995,3.665,5.09,4.3774999999999995,3.665,5.09
2023-07-02T10:30:00Z,360,,13088,22,22,,86,86,,867.32,867.32,,,,,0.01,2.7,2.6,2.8,8.9,8.9,8.8,7.2,7.3,7.2,189.1,188.6,189.6,590.255,593.51,587,166.665,172.29,161.04,27.11,25.24,28.98,2.445,2.78,2.11,0.56,0.51,0.61,0.20500000000000002,0.25,0.16,2.175,2.44,1.91,2.175,2.44,1.91,3.5300000000000002,3.87,3.19,3.5300000000000002,3.87,3.19,3.995,4.24,3.75,3.995,4.24,3.75
2023-07-02T10:40:00Z,720,364,17565,22,22,,86,86,,867.384,867.384,,,,,0.01,2.6,2.4,2.8,8.8,8.7,8.9,7.2,7.1,7.3,189.9,191.3,188.5,585.613,577.27,593.956,165.57799999999997,164.426,166.73,25.024,21.56,28.488,1.338,1.126,1.55,0.20400000000000001,0.136,0.272,0.063,0.082,0.044,2.393,2.38,2.406,2.393,2.38,2.406,3.471,3.304,3.638,3.471,3.304,3.638,3.653,3.482,3.824,3.653,3.482,3.824
2023-07-02T10:50:00Z,1320,350,17840,22.2,22.2,,86,86,,867.492,867.492,,,,,0.01,2.7,2.6,2.9,9.2,9.1,9.3,7.4,7.4,7.5,185.6,186.7,184.5,611.87,604.916,618.824,173.731,172.846,174.616,25.689999999999998,23.08,28.3,1.189,0.862,1.516,0.128,0.136,0.12,0.042,0.084,0,2.6879999999999997,2.624,2.752,2.6879999999999997,2.624,2.752,3.7329999999999997,3.462,4.004,3.7329999999999997,3.462,4.004,3.852,3.628,4.076,3.852,3.628,4.076
2023-07-02T11:00:00Z,1920,364,17520,22.2,22.2,,86,86,,867.404,867.404,,,,,0.01,2.9,2.6,3.1,9.3,9.1,9.6,7.5,7.4,7.7,183.8,186.8,180.9,623.1800000000001,604.194,642.166,176.96,175.15,178.77,28.134,24.67,31.598,1.645,1.95,1.34,0.176,0.216,0.136,0.1,0.108,0.092,2.5810000000000004,2.49,2.672,2.5810000000000004,2.49,2.672,3.872,3.7,4.044,3.872,3.7,4.044,4.02,3.904,4.136,4.02,3.904,4.136
2023-07-02T11:10:00Z,2520,354,17840,23,23,,86,86,,867.352,867.352,,,,,0.01,3.1,2.8,3.4,9.6,9.3,9.9,7.7,7.5,7.8,181.4,184.8,178.2,638.6610000000001,616.744,660.578,182.11700000000002,175.366,188.868,31.4,25.874,36.926,1.5070000000000001,1.074,1.94,0.28400000000000003,0.174,0.394,0.129,0.088,0.17,2.74,2.58,2.9,2.74,2.58,2.9,4.144,3.678,4.61,4.144,3.678,4.61,4.343999999999999,3.814,4.874,4.343999999999999,3.814,4.874
2023-07-02T11:20:00Z,3120,352,18160,23,23,,86,86,,867.42,867.42,,,,,0.01,3,2.6,3.3,9.3,8.8,9.8,7.5,7.2,7.8,184.4,190,179.1,619.44,584.756,654.124,176.558,167.846,185.27,29.302,24.162,34.442,1.357,1.19,1.524,0.157,0.226,0.088,0.138,0.226,0.05,2.7489999999999997,2.586,2.912,2.7489999999999997,2.586,2.912,3.9829999999999997,3.568,4.398,3.9829999999999997,3.568,4.398,4.17,3.822,4.518,4.17,3.822,4.518
2023-07-02T11:30:00Z,3720,355,18160,23,23,,86,86,,867.464,867.464,,,,,0.01,3.1,2.7,3.4,9.6,9.4,9.8,7.7,7.5,7.8,181.4,183.4,179.5,638.694,625.626,651.762,183.31099999999998,181.738,184.884,31.020000000000003,25.062,36.978,1.8449999999999998,1.422,2.268,0.248,0.184,0.312,0.09,0.098,0.082,2.803,2.632,2.974,2.803,2.632,2.974,4.199,3.806,4.592,4.199,3.806,4.592,4.377000000000001,3.926,4.828,4.377000000000001,3.926,4.828
2023-07-02T11:40:00Z,4320,355,17520,23,23,,86,86,,867.512,867.512,,,,,0.01,3.1,2.9,3.4,9.8,9.4,10.3,7.8,7.6,8,178.8,182.9,174.8,656.355,628.958,683.752,187.671,182.29,193.052,30.983,26.778,35.188,1.578,1.346,1.81,0.162,0.164,0.16,0.08299999999999999,0.122,0.044,2.777,2.634,2.92,2.777,2.634,2.92,4.269,3.882,4.656,4.269,3.882,4.656,4.412,4.056,4.768,4.412,4.056,4.768
2023-07-02T11:50:00Z,4920,393,17520,23,23,,86,86,,867.528,867.528,,,,,0.01,3.1,2.8,3.5,10,9.7,10.4,7.9,7.7,8.1,176.8,180,173.8,669.694,648.414,690.974,192.558,188.572,196.544,30.787,25.336,36.238,1.955,1.982,1.928,0.219,0.222,0.216,0.138,0.146,0.13,3.0330000000000004,2.858,3.208,3.0330000000000004,2.858,3.208,4.465,4.094,4.836,4.465,4.094,4.836,4.7010000000000005,4.348,5.054,4.7010000000000005,4.348,5.054
2023-07-02T12:00:00Z,5520,357,17840,23,23,,86,86,,867.436,867.436,,,,,0.01,3.4,3,3.7,10.6,10.2,10.9,8.2,8,8.4,171.9,175,168.9,705.0550000000001,682.618,727.492,200.029,196.096,203.962,33.980000000000004,28.268,39.692,1.843,1.75,1.936,0.167,0.104,0.23,0.096,0.104,0.088,3.221,3.056,3.386,3.221,3.056,3.386,4.805,4.51,5.1,4.805,4.51,5.1,4.931,4.602,5.26,4.931,4.602,5.26
2023-07-02T12:10:00Z,6120,352,18160,23,23,,86,86,,867.478,867.478,,,,,0.01,3.5,2.9,4,10.7,10.2,11.2,8.2,8,8.5,171.1,175.6,166.8,711.0219999999999,678.326,743.718,204.41500000000002,195.282,213.548,34.842,26.626,43.058,1.79,1.944,1.636,0.201,0.212,0.19,0.066,0.092,0.04,3.292,2.996,3.588,3.292,2.996,3.588,4.837,4.342,5.332,4.837,4.342,5.332,4.975,4.48,5.47,4.975,4.48,5.47
2023-07-02T12:20:00Z,6760,361,18013,23,23,,85.667,85.667,,867.643,867.643,,,,,0.01,3.4,3.1,3.8,10.8,10.5,11.2,8.3,8.1,8.5,169.6,172.8,166.4,722.298,698.453,746.143,207.3915,202.58,212.203,34.5715,28.053,41.09,2.07,1.82,2.32,0.27,0.277,0.263,0.2,0.277,0.123,3.492,3.377,3.607,3.492,3.377,3.607,5.01,4.65,5.37,5.01,4.65,5.37,5.24,4.853,5.627,5.24,4.853,5.627
2023-07-02T12:30:00Z,7320,356,17536,23,23,,85.4,85.4,,867.604,867.604,,,,,0.01,3.6,3.1,4,10.8,10.2,11.4,8.3,8,8.6,170.1,175.4,165,718.45,679.466,757.434,206.75900000000001,195.72,217.798,36.978,29.998,43.958,2.028,1.806,2.25,0.313,0.32,0.306,0.141,0.238,0.044,3.401,3.012,3.79,3.401,3.012,3.79,5.019,4.408,5.63,5.019,4.408,5.63,5.279,4.672,5.886,5.279,4.672,5.886
2023-07-02T12:40:00Z,7920,351,18099,23,23,,85,85,,867.656,867.656,,,,,0.01,3.7,3.2,4.1,11.2,10.6,11.8,8.5,8.2,8.8,166.3,171.7,161.1,747.672,706.174,789.17,213.518,202.694,224.342,36.831,29.928,43.734,1.522,1.58,1.464,0.122,0.12,0.124,0.06,0.12,0,3.534,3.208,3.86,3.534,3.208,3.86,5.09,4.548,5.632,5.09,4.548,5.632,5.255000000000001,4.746,5.764,5.255000000000001,4.746,5.764
2023-07-02T12:50:00Z,8521,1111,17874,23,23,,85,85,,867.686,867.686,,,,,0.01,4.1,3.5,4.7,12.2,11.2,13.2,9,8.5,9.5,158.5,166.7,151.2,811.231,744.572,877.89,229.78300000000002,215.014,244.552,42.541,33.416,51.666,2.0789999999999997,1.862,2.296,0.162,0.082,0.242,0.07400000000000001,0.082,0.066,3.822,3.27,4.374,3.822,3.27,4.374,5.785,4.904,6.666,5.785,4.904,6.666,5.9030000000000005,4.97,6.836,5.9030000000000005,4.97,6.836
2023-07-02T13:00:00Z,9120,354,17840,23.4,23.4,,85,85,,867.668,867.668,,,,,0.01,4.4,4,4.8,13,12.5,13.6,9.4,9.2,9.7,152.1,155.9,148.5,869.009,834.508,903.51,249.213,242.85,255.576,45.365,38.844,51.886,2.136,1.466,2.806,0.193,0.092,0.294,0.078,0.092,0.064,4.322,4.196,4.448,4.322,4.196,4.448,6.227,5.726,6.728,6.227,5.726,6.728,6.404,5.782,7.026,6.404,5.782,7.026
2023-07-02T13:10:00Z,9720,366,17840,23.6,23.6,,85,85,,867.802,867.802,,,,,0.01,4.8,4.1,5.5,13.9,12.7,15.1,9.8,9.3,10.4,146,154.5,138.4,927.977,846.56,1009.394,267.46299999999997,247.228,287.698,50.707,41.002,60.412,2.622,2.598,2.646,0.52,0.49,0.55,0.245,0.346,0.144,4.606,4.208,5.004,4.606,4.208,5.004,6.805,6.012,7.598,6.805,6.012,7.598,7.204000000000001,6.444,7.964,7.204000000000001,6.444,7.964
2023-07-02T13:20:00Z,10320,404,17200,24,24,,85,85,,867.678,867.678,,,,,0.01,4.9,4.3,5.4,14.5,13.9,15.2,10.1,9.8,10.4,142,146.3,138,969.793,925.338,1014.248,278.58799999999997,268.428,288.748,50.57,42.296,58.844,2.6950000000000003,2.508,2.882,0.338,0.208,0.468,0.186,0.126,0.246,5.064,4.824,5.304,5.064,4.824,5.304,7.41,6.856,7.964,7.41,6.856,7.964,7.6659999999999995,7.052,8.28,7.6659999999999995,7.052,8.28
2023-07-02T13:30:00Z,10920,356,18160,24,24,,85,85,,867.68,867.68,,,,,0.01,5.1,4.5,5.7,15,14.3,15.7,10.3,10,10.6,139.3,143.7,135.1,1000.2860000000001,952.594,1047.978,284.203,272.25,296.156,53.318,44.822,61.814,2.729,2.738,2.72,0.31,0.332,0.288,0.192,0.314,0.07,5.053,4.72,5.386,5.053,4.72,5.386,7.478999999999999,6.902,8.056,7.478999999999999,6.902,8.056,7.758000000000001,7.206,8.31,7.758000000000001,7.206,8.31
2023-07-02T13:40:00Z,11490,359,18126,24,24,,85,85,,867.778,867.778,,,,,0.01,5.1,4.6,5.7,14.9,14,15.9,10.3,9.8,10.7,139.8,145.8,134.3,994.392,930.827,1057.957,285.52250000000004,268.06,302.985,54.084,45.865,62.303,2.415,1.82,3.01,0.509,0.343,0.675,0.16999999999999998,0.242,0.098,4.9375,4.633,5.242,4.9375,4.633,5.242,7.35,6.563,8.137,7.35,6.563,8.137,7.6925,6.76,8.625,7.6925,6.76,8.625
2023-07-02T13:50:00Z,12120,353,17856,24,24,,85,85,,867.838,867.838,,,,,0.01,5,4.5,5.6,14.9,14,15.8,10.2,9.9,10.6,140,145.5,134.8,992.6020000000001,933.946,1051.258,284.592,270.738,298.446,52.292,44.362,60.222,2.4850000000000003,2.43,2.54,0.187,0.202,0.172,0.122,0.164,0.08,5.141,4.814,5.468,5.141,4.814,5.468,7.457,6.824,8.09,7.457,6.824,8.09,7.624,7.01,8.238,7.624,7.01,8.238
2023-07-02T14:00:00Z,12720,353,17658,24,24,,85,85,,867.924,867.924,,,,,0.01,4.8,4.1,5.5,14.5,13.4,15.5,10.1,9.6,10.5,142.5,149.4,136.1,965.153,894.216,1036.09,274.176,258.342,290.01,49.383,39.34,59.426,2.521,2.588,2.454,0.20400000000000001,0.238,0.17,0.039,0.036,0.042,4.837,4.492,5.182,4.837,4.492,5.182,7.139,6.448,7.83,7.139,6.448,7.83,7.300000000000001,6.604,7.996,7.300000000000001,6.604,7.996
2023-07-02T14:10:00Z,13320,353,17840,24,24,,85,85,,867.676,867.676,,,,,0.01,4.9,4.3,5.5,14.3,13.1,15.4,10,9.5,10.5,143.8,151.3,136.9,951.508,876.198,1026.818,272.562,251.686,293.438,51.203,43.904,58.502,2.085,1.972,2.198,0.212,0.21,0.214,0.061,0.122,0,4.904999999999999,4.382,5.428,4.904999999999999,4.382,5.428,7.045,6.162,7.928,7.045,6.162,7.928,7.184,6.366,8.002,7.184,6.366,8.002
2023-07-02T14:20:00Z,13920,413,17840,24,24,,85,85,,867.554,867.554,,,,,0.01,5.1,4.7,5.6,15,14.3,15.7,10.3,10,10.6,139.2,143.7,135,1000.513,952.194,1048.832,286.04499999999996,275.798,296.292,54.496,46.984,62.008,2.934,1.948,3.92,0.294,0.292,0.296,0.172,0.206,0.138,4.984,4.72,5.248,4.984,4.72,5.248,7.459999999999999,6.672,8.248,7.459999999999999,6.672,8.248,7.689,6.894,8.484,7.689,6.894,8.484
2023-07-02T14:30:00Z,14520,355,17840,24,24,,85,85,,867.394,867.394,,,,,0.01,5.6,5.1,6.1,16.6,15.8,17.4,11,10.7,11.3,130.3,134.4,126.5,1106.819,1056.15,1157.488,315.863,304.536,327.19,58.05,50.374,65.726,2.9699999999999998,2.786,3.154,0.272,0.118,0.426,0.11699999999999999,0.078,0.156,5.760999999999999,5.51,6.012,5.760999999999999,5.51,6.012,8.355,7.844,8.866,8.355,7.844,8.866,8.568999999999999,7.996,9.142,8.568999999999999,7.996,9.142
2023-07-02T14:40:00Z,15120,352,18160,24,24,,85,85,,867.376,867.376,,,,,0.01,5.7,5.1,6.2,17,16,18,11.1,10.7,11.5,128.4,133.6,123.6,1131.6779999999999,1065.598,1197.758,321.904,308.494,335.314,58.891000000000005,51.642,66.14,3.286,2.814,3.758,0.30400000000000005,0.334,0.274,0.24,0.224,0.256,5.839,5.472,6.206,5.839,5.472,6.206,8.592,7.756,9.428,8.592,7.756,9.428,8.846,8.06,9.632,8.846,8.06,9.632
2023-07-02T15:10:00Z,600,,14160,24,24,,85,85,,867.28,867.28,,,,,0.01,5.8,5.1,6.4,16.2,15.2,17.3,10.8,10.4,11.2,132.2,138.3,126.7,1082.885,1011.65,1154.12,310.98,292.24,329.72,61.2,52.4,70,2.13,1.73,2.53,0.02,0.04,0,0.02,0.04,0,5.78,5.2,6.36,5.78,5.2,6.36,8.280000000000001,7.16,9.4,8.280000000000001,7.16,9.4,8.375,7.35,9.4,8.375,7.35,9.4
2023-07-02T15:20:00Z,960,394,17286,24,24,,85,85,,867.24,867.24,,,,,0.01,5.8,5,6.6,16.6,15.7,17.5,11,10.6,11.3,130.3,135.4,125.6,1107.096,1044.52,1169.672,315.34900000000005,297.016,333.682,62.706,51.508,73.904,3.74,4.346,3.134,0.263,0.188,0.338,0.127,0.1,0.154,5.65,5.224,6.076,5.65,5.224,6.076,8.783999999999999,8.138,9.43,8.783999999999999,8.138,9.43,8.969000000000001,8.298,9.64,8.969000000000001,8.298,9.64
2023-07-02T15:30:00Z,1560,348,18160,24,24,,84.8,84.8,,867.176,867.176,,,,,0.01,5.8,5.4,6.2,16.8,16.3,17.4,11,10.8,11.3,129.2,132.2,126.4,1120.913,1083.452,1158.374,320.937,309.398,332.476,61.022000000000006,54.374,67.67,2.964,2.384,3.544,0.494,0.392,0.596,0.225,0.318,0.132,5.945,5.692,6.198,5.945,5.692,6.198,8.681000000000001,8.12,9.242,8.681000000000001,8.12,9.242,9.06,8.442,9.678,9.06,8.442,9.678
2023-07-02T15:40:00Z,2160,351,18160,24,24,,84.2,84.2,,867.332,867.332,,,,,0.01,5.9,5.1,6.7,17.2,16.3,18.1,11.2,10.8,11.5,127.3,132,122.9,1146.571,1086.056,1207.086,329.586,313.424,345.748,62.201,50.178,74.224,2.608,2.282,2.934,0.153,0.178,0.128,0.11199999999999999,0.142,0.082,6.116,5.792,6.44,6.116,5.792,6.44,8.898,8.12,9.676,8.898,8.12,9.676,9.033,8.276,9.79,9.033,8.276,9.79
2023-07-02T15:50:00Z,2580,353,18160,24,24,,84,84,,867.465,867.465,,,,,0.01,6.3,5.7,6.8,18,16.8,19.2,11.5,11,12,123.4,129.3,118,1200.67,1120.04,1281.3,339.3275,320.74,357.915,66.4375,59.035,73.84,2.815,2.385,3.245,0.21500000000000002,0.17,0.26,0.14,0.17,0.11,6.14,5.635,6.645,6.14,5.635,6.645,9.122499999999999,8.205,10.04,9.122499999999999,8.205,10.04,9.2975,8.36,10.235,9.2975,8.36,10.235
2023-07-02T16:00:00Z,3240,355,12224,24,24,,84,84,,866.96,866.96,,,,,0.01,6.9,6.3,7.5,19.1,18.4,19.8,11.9,11.7,12.2,118.3,121.4,115.3,1276.225,1229.29,1323.16,367.115,355.56,378.67,75.595,69.05,82.14,4.35,6.66,2.04,0,0,0,0,0,0,6.8100000000000005,6.46,7.16,6.8100000000000005,6.46,7.16,10.635,10.66,10.61,10.635,10.66,10.61,10.815,11.02,10.61,10.815,11.02,10.61
2023-07-02T16:50:00Z,719,351,17026,25,25,,84,84,,867.508,867.508,,,,,0.01,5.9,5.4,6.4,16.6,15.4,17.7,11,10.5,11.4,130.5,136.7,124.8,1105.258,1029.526,1180.99,318.226,300.546,335.906,63.376999999999995,56.496,70.258,2.923,2.748,3.098,0.472,0.436,0.508,0.313,0.436,0.19,5.807,5.442,6.172,5.807,5.442,6.172,8.705,7.912,9.498,8.705,7.912,9.498,9.047,8.292,9.802,9.047,8.292,9.802
2023-07-02T17:00:00Z,1319,353,17840,25,25,,84,84,,867.53,867.53,,,,,0.01,5.8,5.3,6.2,16,15.1,16.9,10.7,10.3,11.1,133.6,138.6,129,1065.865,1007.516,1124.214,306.10900000000004,292.038,320.18,62.583,56.562,68.604,2.636,2.606,2.666,0.296,0.238,0.354,0.126,0.156,0.096,5.573,5.334,5.812,5.573,5.334,5.812,8.268,7.728,8.808,8.268,7.728,8.808,8.499,7.986,9.012,8.499,7.986,9.012
2023-07-02T17:10:00Z,1919,349,18160,25,25,,84,84,,867.624,867.624,,,,,0.01,5.8,4.9,6.7,16.5,15.1,17.9,10.9,10.4,11.5,130.8,138.4,123.9,1101.371,1009.46,1193.282,316.91700000000003,292.312,341.522,62.17400000000001,49.234,75.114,2.7430000000000003,2.136,3.35,0.28300000000000003,0.178,0.388,0.138,0.13,0.146,5.7940000000000005,5.394,6.194,5.7940000000000005,5.394,6.194,8.652999999999999,7.616,9.69,8.652999999999999,7.616,9.69,8.878,7.776,9.98,8.878,7.776,9.98
2023-07-02T17:20:00Z,2519,351,18160,25,25,,84,84,,867.64,867.64,,,,,0.01,6.3,5.6,6.9,18.1,17,19.3,11.6,11.1,12,122.9,128.5,117.7,1207.895,1131.2,1284.59,346.417,328.518,364.316,67.935,57.576,78.294,4.539,3.382,5.696,0.5369999999999999,0.372,0.702,0.152,0.154,0.15,6.3870000000000005,6.08,6.694,6.3870000000000005,6.08,6.694,9.793,8.814,10.772,9.793,8.814,10.772,10.189,9.082,11.296,10.189,9.082,11.296
2023-07-02T17:30:00Z,3119,353,18160,25,25,,84,84,,867.58,867.58,,,,,0.01,6.1,5.7,6.6,17.6,16.6,18.7,11.4,11,11.8,125.2,130.5,120.4,1174.321,1105.202,1243.44,335.097,321.576,348.618,65.856,60.26,71.452,3.463,3.092,3.834,0.30000000000000004,0.26,0.34,0.132,0.174,0.09,6.226,5.992,6.46,6.226,5.992,6.46,9.308,8.776,9.84,9.308,8.776,9.84,9.555,9.026,10.084,9.555,9.026,10.084
2023-07-02T17:40:00Z,3719,352,18160,25,25,,84,84,,867.566,867.566,,,,,0.01,6,5.4,6.5,17,15.9,18,11.1,10.7,11.5,128.5,134,123.5,1130.084,1061.064,1199.104,322.573,307.71,337.436,64.562,55.44,73.684,3.571,2.652,4.49,0.352,0.286,0.418,0.13,0.2,0.06,5.789,5.382,6.196,5.789,5.382,6.196,8.805,7.854,9.756,8.805,7.854,9.756,9.05,8.134,9.966,9.05,8.134,9.966
2023-07-02T17:50:00Z,4319,351,17520,25,25,,83.2,83.2,,867.494,867.494,,,,,0.01,5.7,5.2,6.1,16.4,15.7,17.2,10.9,10.6,11.2,131.2,135.1,127.5,1095.56,1047.73,1143.39,315.06399999999996,304.024,326.104,60.306,53.436,67.176,3.194,2.658,3.73,0.456,0.51,0.402,0.29200000000000004,0.46,0.124,5.795999999999999,5.52,6.072,5.795999999999999,5.52,6.072,8.48,7.82,9.14,8.48,7.82,9.14,8.844,8.286,9.402,8.844,8.286,9.402
2023-07-02T18:00:00Z,4919,349,17840,25,25,,83.4,83.4,,867.584,867.584,,,,,0.01,5.6,5,6.3,16.3,15.3,17.2,10.8,10.4,11.2,132.2,137.6,127.2,1083.6970000000001,1018.956,1148.438,310.793,293.762,327.824,59.994,51.128,68.86,3.3520000000000003,3.298,3.406,0.23299999999999998,0.156,0.31,0.095,0.034,0.156,5.529,5.144,5.914,5.529,5.144,5.914,8.484,7.81,9.158,8.484,7.81,9.158,8.652000000000001,7.892,9.412,8.652000000000001,7.892,9.412
2023-07-02T18:10:00Z,5519,354,17840,25,25,,83.2,83.2,,867.598,867.598,,,,,0.01,5.7,5,6.4,17,16,18,11.1,10.7,11.5,128.2,133.5,123.2,1134.7730000000001,1066.924,1202.622,323.536,306.16,340.912,59.526,48.792,70.26,3.223,2.738,3.708,0.385,0.308,0.462,0.197,0.212,0.182,5.961,5.634,6.288,5.961,5.634,6.288,8.671,7.802,9.54,8.671,7.802,9.54,8.996,8.102,9.89,8.996,8.102,9.89
2023-07-02T18:20:00Z,6119,352,18160,25,25,,83.2,83.2,,867.554,867.554,,,,,0.01,5.6,5.1,6.2,16.9,16.1,17.7,11.1,10.7,11.4,129,133.2,125,1124.624,1071.328,1177.92,322.951,310.764,335.138,58.343999999999994,49.492,67.196,3.143,2.118,4.168,0.351,0.396,0.306,0.124,0.248,0,5.853,5.524,6.182,5.853,5.524,6.182,8.638,7.722,9.554,8.638,7.722,9.554,8.896,8.04,9.752,8.896,8.04,9.752
2023-07-02T18:30:00Z,6719,348,17840,25,25,,83,83,,867.538,867.538,,,,,0.01,6.1,5.4,6.9,17.4,16.3,18.4,11.3,10.9,11.7,126.5,131.7,121.6,1157.434,1089.004,1225.864,332.358,317.004,347.712,66.814,55.232,78.396,4.1579999999999995,3.386,4.93,0.46499999999999997,0.354,0.576,0.16999999999999998,0.178,0.162,6.0649999999999995,5.654,6.476,6.0649999999999995,5.654,6.476,9.312000000000001,8.304,10.32,9.312000000000001,8.304,10.32,9.616,8.582,10.65,9.616,8.582,10.65
2023-07-02T18:40:00Z,7319,362,17840,25,25,,83,83,,867.512,867.512,,,,,0.01,6.2,5.6,6.9,17.3,16.3,18.3,11.2,10.8,11.6,127,132.2,122.1,1150.807,1083.364,1218.25,332.095,316.568,347.622,67.783,58.274,77.292,3.553,3.2,3.906,0.494,0.274,0.714,0.085,0,0.17,5.997,5.662,6.332,5.997,5.662,6.332,9.105,8.356,9.854,9.105,8.356,9.854,9.443999999999999,8.56,10.328,9.443999999999999,8.56,10.328
2023-07-02T18:50:00Z,7919,351,18160,25,25,,83,83,,867.406,867.406,,,,,0.01,6.2,5.3,7,17,15.7,18.2,11.1,10.6,11.6,128.4,135.1,122.4,1131.6399999999999,1048.084,1215.196,326.445,305.104,347.786,67.844,56.094,79.594,3.636,3.218,4.054,0.277,0.25,0.304,0.175,0.25,0.1,5.803000000000001,5.424,6.182,5.803000000000001,5.424,6.182,9.033999999999999,7.994,10.074,9.033999999999999,7.994,10.074,9.32,8.282,10.358,9.32,8.282,10.358
2023-07-02T19:00:00Z,8519,357,17840,25,25,,83,83,,867.33,867.33,,,,,0.01,6.2,5.5,6.9,16.9,15.7,18.1,11.1,10.6,11.5,128.8,135.1,123.1,1126.319,1048.742,1203.896,325.521,305.43,345.612,68.403,58.516,78.29,3.185,2.95,3.42,0.27,0.242,0.298,0.177,0.242,0.112,5.8580000000000005,5.214,6.502,5.8580000000000005,5.214,6.502,9.065000000000001,8.17,9.96,9.065000000000001,8.17,9.96,9.309000000000001,8.422,10.196,9.309000000000001,8.422,10.196
2023-07-02T19:10:00Z,9119,355,17840,25,25,,83,83,,867.346,867.346,,,,,0.01,6.1,5.6,6.7,17.1,16.2,18.1,11.2,10.8,11.6,127.6,132.7,122.8,1142.931,1077.144,1208.718,329.62,313.44,345.8,68.384,59.716,77.052,4.78,3.908,5.652,0.7490000000000001,0.812,0.686,0.343,0.464,0.222,5.945,5.704,6.186,5.945,5.704,6.186,9.184000000000001,8.352,10.016,9.184000000000001,8.352,10.016,9.754,8.982,10.526,9.754,8.982,10.526
2023-07-02T19:20:00Z,9719,350,18160,25,25,,83,83,,867.272,867.272,,,,,0.01,6.5,5.9,7.1,18.1,17,19.2,11.5,11.1,11.9,122.9,128.1,118.1,1207.147,1135.964,1278.33,350.225,333.034,367.416,71.677,62.368,80.986,3.769,2.688,4.85,0.323,0.248,0.398,0.118,0.15,0.086,6.473,6.064,6.882,6.473,6.064,6.882,9.835,8.972,10.698,9.835,8.972,10.698,10.152999999999999,9.254,11.052,10.152999999999999,9.254,11.052
2023-07-02T19:30:00Z,10319,352,17840,25,25,,83,83,,866.994,866.994,,,,,0.01,6.5,5.8,7.3,17.9,16.7,19,11.5,11,11.9,124,129.8,118.7,1191.245,1113.234,1269.256,344.48400000000004,324.588,364.38,72.998,61.784,84.212,4.421,3.32,5.522,0.296,0.148,0.444,0.175,0.148,0.202,6.2669999999999995,5.954,6.58,6.2669999999999995,5.954,6.58,9.934999999999999,9.03,10.84,9.934999999999999,9.03,10.84,10.18,9.18,11.18,10.18,9.18,11.18
2023-07-02T19:40:00Z,10919,353,17840,25,25,,83,83,,866.62,866.62,,,,,0.01,6,5.4,6.6,16.8,16,17.7,11.1,10.7,11.4,129.1,133.6,124.8,1122.892,1065.69,1180.094,320.506,305.944,335.068,65.988,56.882,75.094,3.951,2.886,5.016,0.307,0.29,0.324,0.188,0.242,0.134,5.883,5.542,6.224,5.883,5.542,6.224,9.074,8.2,9.948,9.074,8.2,9.948,9.317,8.474,10.16,9.317,8.474,10.16
2023-07-02T19:50:00Z,11519,356,18160,25,25,,83,83,,866.536,866.536,,,,,0.01,5.9,5.3,6.5,15.9,15,16.8,10.7,10.3,11,134.2,139.4,129.4,1058.97,999.112,1118.828,304.18399999999997,291.038,317.33,64.828,56.398,73.258,2.636,2.358,2.914,0.263,0.202,0.324,0.082,0.116,0.048,5.47,5.178,5.762,5.47,5.178,5.762,8.453,7.698,9.208,8.453,7.698,9.208,8.671,7.862,9.48,8.671,7.862,9.48
2023-07-02T20:00:00Z,12119,348,18160,25,25,,83,83,,866.32,866.32,,,,,0.01,5.5,5,6,15.5,14.9,16.2,10.5,10.3,10.8,136.2,139.8,132.7,1035.594,993.826,1077.362,296.98699999999997,287.894,306.08,60.161,52.662,67.66,3.3760000000000003,3.504,3.248,0.229,0.226,0.232,0.134,0.166,0.102,5.466,5.246,5.686,5.466,5.246,5.686,8.245,7.8,8.69,8.245,7.8,8.69,8.431999999999999,7.978,8.886,8.431999999999999,7.978,8.886
2023-07-02T20:10:00Z,12719,353,18160,25,25,,83,83,,866.278,866.278,,,,,0.01,5.4,4.7,6.1,16.1,15.3,16.9,10.8,10.4,11.1,133.1,137.6,128.9,1072.254,1019.354,1125.154,306.65099999999995,292.188,321.114,56.697,46.296,67.098,2.816,2.488,3.144,0.347,0.256,0.438,0.21699999999999997,0.144,0.29,5.51,5.204,5.816,5.51,5.204,5.816,8.004,7.252,8.756,8.004,7.252,8.756,8.298,7.464,9.132,8.298,7.464,9.132
2023-07-02T20:20:00Z,13319,355,18160,25,25,,83,83,,866.24,866.24,,,,,0.01,5.4,4.7,6.1,15.8,14.9,16.8,10.6,10.2,11,134.5,140.1,129.3,1055.775,991.038,1120.512,301.95799999999997,283.88,320.036,56.647999999999996,47.412,65.884,2.771,3.094,2.448,0.32799999999999996,0.354,0.302,0.17300000000000001,0.272,0.074,5.5649999999999995,5.186,5.944,5.5649999999999995,5.186,5.944,8,7.358,8.642,8,7.358,8.642,8.277999999999999,7.686,8.87,8.277999999999999,7.686,8.87
2023-07-02T20:30:00Z,13919,352,17520,25,25,,83,83,,866.002,866.002,,,,,0.01,5.5,5,6,16.3,15.7,17,10.9,10.6,11.1,131.7,135.4,128.3,1089.269,1044.846,1133.692,312.198,301.156,323.24,56.995,48.922,65.068,2.917,2.48,3.354,0.344,0.194,0.494,0.147,0.182,0.112,5.763,5.494,6.032,5.763,5.494,6.032,8.352,7.742,8.962,8.352,7.742,8.962,8.645999999999999,7.97,9.322,8.645999999999999,7.97,9.322
2023-07-02T20:40:00Z,14519,348,18160,25,25,,83,83,,865.902,865.902,,,,,0.01,5.4,4.8,5.9,16,14.9,17,10.7,10.3,11.1,133.8,139.6,128.4,1063.838,996.074,1131.602,304.472,287.676,321.268,55.513000000000005,47.558,63.468,2.322,1.92,2.724,0.315,0.29,0.34,0.132,0.116,0.148,5.481999999999999,5.14,5.824,5.481999999999999,5.14,5.824,7.958,7.334,8.582,7.958,7.334,8.582,8.178,7.554,8.802,8.178,7.554,8.802
2023-07-02T20:50:00Z,15119,353,18160,24.8,24.8,,83,83,,865.686,865.686,,,,,0.01,4.5,4.2,4.8,13.8,13.2,14.4,9.8,9.5,10,146.7,150.7,142.9,921.246,882.164,960.328,263.031,254.228,271.834,46.292,42.006,50.578,2.625,2.12,3.13,0.308,0.16,0.456,0.171,0.114,0.228,4.649,4.516,4.782,4.649,4.516,4.782,6.7490000000000006,6.384,7.114,6.7490000000000006,6.384,7.114,7.053,6.568,7.538,7.053,6.568,7.538
2023-07-02T21:00:00Z,15719,365,18160,24,24,,83,83,,865.526,865.526,,,,,0.01,4.2,3.7,4.7,12.6,12,13.3,9.2,8.9,9.5,155,159.8,150.5,842.3720000000001,800.422,884.322,242.187,231.648,252.726,43.191,36.354,50.028,2.2990000000000004,2.228,2.37,0.381,0.432,0.33,0.207,0.352,0.062,4.134,3.788,4.48,4.134,3.788,4.48,6.042999999999999,5.438,6.648,6.042999999999999,5.438,6.648,6.321999999999999,5.77,6.874,6.321999999999999,5.77,6.874
2023-07-02T21:10:00Z,16319,359,18160,24,24,,83,83,,865.478,865.478,,,,,0.01,3.4,3.1,3.7,10.5,10,11,8.1,7.9,8.4,172.9,177.7,168.4,697.55,663.766,731.334,199.011,189.998,208.024,34.58,30.282,38.878,1.604,1.294,1.914,0.105,0.062,0.148,0.05,0.048,0.052,3.304,3.074,3.534,3.304,3.074,3.534,4.829,4.398,5.26,4.829,4.398,5.26,4.959,4.474,5.444,4.959,4.474,5.444
2023-07-02T21:20:00Z,16919,361,17840,24,24,,83,83,,865.584,865.584,,,,,0.01,3,2.6,3.3,9.2,8.8,9.7,7.5,7.2,7.7,185.1,190.2,180.2,615.196,583.464,646.928,176.666,168.098,185.234,30.028,24.674,35.382,1.7919999999999998,1.558,2.026,0.192,0.16,0.224,0.087,0.124,0.05,2.737,2.538,2.936,2.737,2.538,2.936,4.223,3.762,4.684,4.223,3.762,4.684,4.3740000000000006,3.928,4.82,4.3740000000000006,3.928,4.82
2023-07-02T21:30:00Z,17519,357,17840,24,24,,83,83,,865.902,865.902,,,,,0.01,3.1,2.9,3.3,9.4,9.2,9.7,7.6,7.4,7.7,183,185.6,180.4,628.606,611.91,645.302,181.323,177.228,185.418,31.066,27.57,34.562,1.558,1.362,1.754,0.178,0.152,0.204,0.098,0.152,0.044,2.819,2.798,2.84,2.819,2.798,2.84,4.2490000000000006,4.018,4.48,4.2490000000000006,4.018,4.48,4.378,4.134,4.622,4.378,4.134,4.622
2023-07-02T21:40:00Z,18119,352,18160,24,24,,83,83,,865.862,865.862,,,,,0.01,3.8,3.4,4.3,11.8,11.4,12.2,8.8,8.6,9,161.2,164.3,158.2,788.428,762.864,813.992,221.913,214.966,228.86,38.806,31.698,45.914,1.575,1.036,2.114,0.273,0.174,0.372,0.126,0.174,0.078,3.885,3.86,3.91,3.885,3.86,3.91,5.428,4.998,5.858,5.428,4.998,5.858,5.638,5.172,6.104,5.638,5.172,6.104
2023-07-02T21:50:00Z,18719,353,17840,24,24,,83.8,83.8,,865.784,865.784,,,,,0.01,3.7,3.3,4,11.2,10.8,11.6,8.5,8.3,8.7,166.5,170.3,162.9,745.696,716.772,774.62,212.231,206.734,217.728,37.507999999999996,32.524,42.492,2.015,1.724,2.306,0.216,0.044,0.388,0.10600000000000001,0.044,0.168,3.511,3.366,3.656,3.511,3.366,3.656,5.179,4.81,5.548,5.179,4.81,5.548,5.3469999999999995,4.892,5.802,5.3469999999999995,4.892,5.802
2023-07-02T22:00:00Z,19319,353,17840,24,24,,83.4,83.4,,865.764,865.764,,,,,0.01,3.8,3.3,4.3,11.5,10.9,12.1,8.7,8.4,9,163.6,168.8,158.7,768.7180000000001,727.996,809.44,221.72199999999998,211.804,231.64,39.37,32.016,46.724,2.71,2.352,3.068,0.396,0.184,0.608,0.18,0.098,0.262,3.7380000000000004,3.486,3.99,3.7380000000000004,3.486,3.99,5.609999999999999,5.028,6.192,5.609999999999999,5.028,6.192,5.893000000000001,5.136,6.65,5.893000000000001,5.136,6.65
2023-07-02T22:10:00Z,19949,362,17974,24,24,,83.5,83.5,,865.735,865.735,,,,,0.01,3.5,3.1,4,11.2,10.9,11.6,8.5,8.3,8.7,166,169.3,162.8,749.8665000000001,724.528,775.205,214.45999999999998,206.97,221.95,34.6275,27.685,41.57,1.6235,1.887,1.36,0.1665,0.273,0.06,0.075,0.15,0,3.6094999999999997,3.447,3.772,3.6094999999999997,3.447,3.772,5.2125,4.855,5.57,5.2125,4.855,5.57,5.361000000000001,5.072,5.65,5.361000000000001,5.072,5.65
2023-07-02T22:20:00Z,20519,354,17856,24,24,,84,84,,865.83,865.83,,,,,0.01,3.8,3.5,4.1,11.7,11.1,12.3,8.8,8.5,9.1,162.1,167,157.5,780.9359999999999,741.784,820.088,223.78199999999998,213.146,234.418,37.71,34.252,41.168,2.076,2.414,1.738,0.361,0.424,0.298,0.159,0.23,0.088,3.8810000000000002,3.642,4.12,3.8810000000000002,3.642,4.12,5.536,5.138,5.934,5.536,5.138,5.934,5.7940000000000005,5.48,6.108,5.7940000000000005,5.48,6.108
2023-07-02T22:30:00Z,21119,356,18099,24,24,,83.8,83.8,,865.95,865.95,,,,,0.01,4.1,3.6,4.5,12.4,11.9,13,9.1,8.9,9.4,156.6,160.7,152.6,828.4490000000001,792.774,864.124,233.858,226.578,241.138,41.016000000000005,35.21,46.822,1.7719999999999998,1.918,1.626,0.239,0.174,0.304,0.16799999999999998,0.174,0.162,4.095,3.89,4.3,4.095,3.89,4.3,5.806,5.422,6.19,5.806,5.422,6.19,6.023,5.608,6.438,6.023,5.608,6.438
2023-07-02T22:40:00Z,21719,350,18160,24,24,,84,84,,865.914,865.914,,,,,0.01,4.1,3.6,4.7,13,12.5,13.5,9.4,9.2,9.6,152.2,155.7,148.8,868.423,836.186,900.66,247.756,241.396,254.116,41.471000000000004,33.01,49.932,2.27,1.82,2.72,0.173,0.164,0.182,0.088,0.128,0.048,4.281000000000001,4.23,4.332,4.281000000000001,4.23,4.332,6.2620000000000005,5.83,6.694,6.2620000000000005,5.83,6.694,6.416,5.982,6.85,6.416,5.982,6.85
2023-07-02T22:50:00Z,22319,350,18160,24,24,,84,84,,865.806,865.806,,,,,0.01,4.4,3.8,5.1,13.5,12.6,14.3,9.6,9.2,10,149.2,155.1,143.7,897.0509999999999,841.502,952.6,255.897,239.07,272.724,46.217,35.688,56.746,2.8609999999999998,2.136,3.586,0.33999999999999997,0.116,0.564,0.065,0.044,0.086,4.441,4.114,4.768,4.441,4.114,4.768,6.609999999999999,5.818,7.402,6.609999999999999,5.818,7.402,6.87,5.892,7.848,6.87,5.892,7.848
2023-07-02T23:00:00Z,22919,392,17840,24,24,,84,84,,865.624,865.624,,,,,0.01,4.3,3.9,4.7,13.6,13.1,14.1,9.7,9.4,9.9,148.1,151.6,144.7,907.688,873.364,942.012,258.473,251.184,265.762,42.767,36.63,48.904,2.109,1.646,2.572,0.176,0.042,0.31,0.089,0,0.178,4.557,4.432,4.682,4.557,4.432,4.682,6.525,6.1,6.95,6.525,6.1,6.95,6.7170000000000005,6.204,7.23,6.7170000000000005,6.204,7.23
2023-07-02T23:10:00Z,23519,350,17840,24,24,,84,84,,865.536,865.536,,,,,0.01,4,3.7,4.3,12.7,12.3,13.1,9.3,9.1,9.5,154.4,157.7,151.3,847.421,818.594,876.248,240.16899999999998,234.958,245.38,39.542,34.29,44.794,1.9929999999999999,1.992,1.994,0.29600000000000004,0.314,0.278,0.086,0.172,0,4.143,4.034,4.252,4.143,4.034,4.252,5.893,5.582,6.204,5.893,5.582,6.204,6.098,5.826,6.37,6.098,5.826,6.37
2023-07-02T23:20:00Z,24119,355,18160,24,24,,84,84,,865.506,865.506,,,,,0.01,4.1,3.6,4.6,12.6,12.2,13,9.2,9,9.4,155.1,158.2,152.1,841.169,813.778,868.56,238.855,232.832,244.878,41.492000000000004,34.058,48.926,2.122,2.138,2.106,0.363,0.384,0.342,0.256,0.384,0.128,4.058,3.934,4.182,4.058,3.934,4.182,5.907,5.508,6.306,5.907,5.508,6.306,6.194,5.832,6.556,6.194,5.832,6.556
2023-07-02T23:30:00Z,24719,350,18160,24,24,,84,84,,865.438,865.438,,,,,0.01,3.9,3.5,4.4,12.2,11.8,12.6,9,8.8,9.2,158.1,161.1,155.2,814.864,789.306,840.422,233.147,228.18,238.114,40.16,33.152,47.168,2.573,2.604,2.542,0.099,0,0.198,0.035,0,0.07,3.9589999999999996,3.86,4.058,3.9589999999999996,3.86,4.058,5.893,5.5,6.286,5.893,5.5,6.286,6.053,5.662,6.444,6.053,5.662,6.444
2023-07-02T23:40:00Z,25319,353,17840,24,24,,84,84,,865.36,865.36,,,,,0.01,4,3.6,4.4,12.4,11.9,12.9,9.1,8.9,9.4,156.8,160.8,153,826.486,792.034,860.938,235.201,226.268,244.134,40.673,34.68,46.666,2.356,2.262,2.45,0.192,0.142,0.242,0.05,0.048,0.052,4.016,3.854,4.178,4.016,3.854,4.178,5.9030000000000005,5.392,6.414,5.9030000000000005,5.392,6.414,6.084,5.532,6.636,6.084,5.532,6.636
2023-07-02T23:50:00Z,25919,355,17840,24,24,,84,84,,865.25,865.25,,,,,0.01,4.1,3.6,4.5,12.6,12.1,13,9.2,9,9.4,155.4,158.8,152.2,838.366,808.552,868.18,238.606,233.21,244.002,40.861999999999995,33.3,48.424,2.134,1.46,2.808,0.421,0.236,0.606,0.18,0.236,0.124,4.035,4.022,4.048,4.035,4.022,4.048,5.836,5.388,6.284,5.836,5.388,6.284,6.166,5.612,6.72,6.166,5.612,6.72
2023-07-03T00:00:00Z,26519,351,17840,24,24,,84,84,,865.178,865.178,,,,,0.01,4.1,3.7,4.5,12.6,12.1,13,9.2,9,9.4,155.5,159.1,152.1,837.61,806.26,868.96,239.099,231.83,246.368,41.233000000000004,35.144,47.322,1.916,1.854,1.978,0.28099999999999997,0.154,0.408,0.095,0.07,0.12,4.195,4.05,4.34,4.195,4.05,4.34,6.074,5.694,6.454,6.074,5.694,6.454,6.275,5.816,6.734,6.275,5.816,6.734
2023-07-03T00:10:00Z,27119,351,18160,23.8,23.8,,84,84,,865.152,865.152,,,,,0.01,3.9,3.6,4.3,12.4,12.2,12.6,9.1,9,9.2,156.7,158.3,155.1,827.189,812.732,841.646,234.019,229.854,238.184,39.486999999999995,32.846,46.128,2.169,1.72,2.618,0.364,0.13,0.598,0.07100000000000001,0.058,0.084,3.9459999999999997,3.84,4.052,3.9459999999999997,3.84,4.052,5.71,5.35,6.07,5.71,5.35,6.07,5.973000000000001,5.456,6.49,5.973000000000001,5.456,6.49
2023-07-03T00:20:00Z,27719,353,18160,23.2,23.2,,84,84,,865.188,865.188,,,,,0.01,3.6,3.3,3.9,11.5,11.3,11.8,8.7,8.6,8.8,163.7,165.8,161.6,768.101,751.156,785.046,220.252,215.142,225.362,35.346000000000004,30.046,40.646,1.756,1.444,2.068,0.39,0.32,0.46,0.203,0.32,0.086,3.8369999999999997,3.752,3.922,3.8369999999999997,3.752,3.922,5.319,4.936,5.702,5.319,4.936,5.702,5.612,5.214,6.01,5.612,5.214,6.01
2023-07-03T00:30:00Z,28319,350,18160,24,24,,84.6,84.6,,865.028,865.028,,,,,0.01,3.4,3.1,3.7,10.9,10.7,11.1,8.4,8.3,8.5,169,170.5,167.4,726.836,715.09,738.582,206.596,204.104,209.088,33.5,28.316,38.684,1.5419999999999998,1.394,1.69,0.28400000000000003,0.13,0.438,0.114,0.13,0.098,3.388,3.37,3.406,3.388,3.37,3.406,4.8260000000000005,4.588,5.064,4.8260000000000005,4.588,5.064,5.063000000000001,4.73,5.396,5.063000000000001,4.73,5.396
2023-07-03T00:40:00Z,28919,354,17520,24,24,,84.2,84.2,,864.752,864.752,,,,,0.01,3.3,3,3.6,10.5,10.3,10.7,8.1,8,8.3,172.7,174.8,170.8,698.78,684.29,713.27,199.07999999999998,196.612,201.548,32.620000000000005,27.058,38.182,1.376,1.188,1.564,0.132,0.18,0.084,0.097,0.146,0.048,3.199,3.172,3.226,3.199,3.172,3.226,4.629,4.268,4.99,4.629,4.268,4.99,4.7379999999999995,4.43,5.046,4.7379999999999995,4.43,5.046
2023-07-03T00:50:00Z,29399,347,18160,24,24,,84,84,,864.54,864.54,,,,,0.01,3.3,2.8,3.7,11.2,10.6,11.7,8.5,8.2,8.8,166.8,172,161.9,743.62,704.27,782.97,209.95999999999998,199.39,220.53,29.729999999999997,22.98,36.48,1.1,0.913,1.287,0.173,0.203,0.143,0.1015,0.203,0,3.6615,3.36,3.963,3.6615,3.36,3.963,4.7785,4.277,5.28,4.7785,4.277,5.28,4.9115,4.51,5.313,4.9115,4.51,5.313
2023-07-03T02:00:00Z,713,,11776,24,24,,84,84,,864.73,864.73,,,,,0.01,2.8,2.3,3.4,9.6,8.8,10.3,7.7,7.2,8.1,181.5,189.6,174,638.345,587.02,689.67,180.57999999999998,163.1,198.06,26.12,18.67,33.57,1.27,1.17,1.37,0.12,0.24,0,0.12,0.24,0,3.1100000000000003,2.81,3.41,3.1100000000000003,2.81,3.41,4.015,3.4,4.63,4.015,3.4,4.63,4.21,3.64,4.78,4.21,3.64,4.78
2023-07-03T02:10:00Z,1253,365,17618,24.25,24.25,,84,84,,864.65,864.65,,,,,0.01,2.9,2.6,3.2,9.8,9.5,10.1,7.8,7.6,8,178.9,181.9,176.1,655.2375,635.735,674.74,184.9145,179.947,189.882,26.996,22.525,31.467,1.169,1.308,1.03,0.1265,0.253,0,0.1,0.2,0,2.974,2.718,3.23,2.974,2.718,3.23,4.1045,3.707,4.502,4.1045,3.707,4.502,4.196,3.89,4.502,4.196,3.89,4.502
2023-07-03T02:20:00Z,1733,351,17962,25,25,,84.75,84.75,,864.55,864.55,,,,,0.01,2.7,2.6,2.7,9.3,9.3,9.4,7.5,7.5,7.5,183.8,184.3,183.4,623.0675,620.305,625.83,175.838,176.938,174.738,24.1695,23.407,24.932,0.8835,1.035,0.732,0.10650000000000001,0.075,0.138,0.057499999999999996,0.075,0.04,2.795,2.75,2.84,2.795,2.75,2.84,3.7735,3.775,3.772,3.7735,3.775,3.772,3.8810000000000002,3.895,3.867,3.8810000000000002,3.895,3.867
2023-07-03T02:30:00Z,2333,347,17930,25,25,,85,85,,864.438,864.438,,,,,0.01,3.1,2.8,3.4,10.3,10.1,10.4,8,7.9,8.1,174.9,176.4,173.3,683.5115,672.665,694.358,195.7375,195.137,196.338,28.21,23.038,33.382,0.9915,0.955,1.028,0.14,0.065,0.215,0.0625,0.065,0.06,3,2.917,3.083,3,2.917,3.083,4.259,3.968,4.55,4.259,3.968,4.55,4.3435,4.012,4.675,4.3435,4.012,4.675
2023-07-03T02:40:00Z,3053,357,16870,25,25,,85,85,,864.322,864.322,,,,,0.01,3.2,2.9,3.5,10.3,9.9,10.7,8,7.8,8.2,174.8,178.6,171.2,683.8695,657.577,710.162,194.7535,191,198.507,30.750999999999998,26.56,34.942,1.2835,1.172,1.395,0.086,0.107,0.065,0.026,0.052,0,3.153,3.083,3.223,3.153,3.083,3.223,4.4625,4.263,4.662,4.4625,4.263,4.662,4.559,4.388,4.73,4.559,4.388,4.73
2023-07-03T02:50:00Z,3593,421,17277,25.4,25.4,,85,85,,864.272,864.272,,,,,0.01,3.3,3,3.6,10.9,10.5,11.2,8.3,8.1,8.5,169.4,172.9,166.1,723.3720000000001,697.696,749.048,205.601,200.228,210.974,31.039,25.702,36.376,1.3050000000000002,1.066,1.544,0.221,0.172,0.27,0.133,0.172,0.094,3.311,3.118,3.504,3.311,3.118,3.504,4.648,4.262,5.034,4.648,4.262,5.034,4.816,4.422,5.21,4.816,4.422,5.21
2023-07-03T03:00:00Z,4193,436,18160,26,26,,85,85,,864.114,864.114,,,,,0.01,3.5,3.3,3.8,11.4,11.3,11.5,8.6,8.6,8.7,164.5,165.2,163.8,761.451,755.862,767.04,217.97899999999998,219,216.958,34.349,30.16,38.538,1.775,1.796,1.754,0.243,0.298,0.188,0.186,0.252,0.12,3.599,3.506,3.692,3.599,3.506,3.692,5.081,4.682,5.48,5.081,4.682,5.48,5.3420000000000005,5.066,5.618,5.3420000000000005,5.066,5.618
2023-07-03T03:10:00Z,4793,360,18194,26.2,26.2,,85,85,,864.02,864.02,,,,,0.01,4.1,3.6,4.6,12.9,12.5,13.2,9.3,9.2,9.5,153.4,156.2,150.8,856.75,831.94,881.56,244.192,240.65,247.734,40.355000000000004,32.002,48.708,1.48,1.184,1.776,0.194,0.084,0.304,0.065,0.084,0.046,4.144,3.83,4.458,4.144,3.83,4.458,5.843,5.296,6.39,5.843,5.296,6.39,6.019,5.414,6.624,6.019,5.414,6.624
2023-07-03T03:20:00Z,5393,851,18160,27,27,,85,85,,863.978,863.978,,,,,0.01,4.1,3.7,4.4,13,12.4,13.5,9.4,9.1,9.6,152.7,156.8,148.8,863.6579999999999,826.56,900.756,244.54500000000002,236.132,252.958,40.045,35.032,45.058,1.776,1.936,1.616,0.244,0.226,0.262,0.139,0.184,0.094,4.157,4.022,4.292,4.157,4.022,4.292,5.979,5.634,6.324,5.979,5.634,6.324,6.154,5.822,6.486,6.154,5.822,6.486
2023-07-03T03:30:00Z,5993,451,18160,27,27,,85,85,,863.892,863.892,,,,,0.01,4.8,4.4,5.2,14.8,14.3,15.4,10.2,10,10.5,140.3,143.8,137,988.588,950.696,1026.48,281.396,272.562,290.23,47.593,41.01,54.176,1.9969999999999999,1.566,2.428,0.131,0.052,0.21,0.023,0,0.046,5.047000000000001,4.888,5.206,5.047000000000001,4.888,5.206,7.093999999999999,6.47,7.718,7.093999999999999,6.47,7.718,7.195,6.554,7.836,7.195,6.554,7.836
2023-07-03T03:40:00Z,6593,361,17840,27,27,,85,85,,863.742,863.742,,,,,0.01,4.7,4.2,5.1,14.7,14.3,15.1,10.2,10,10.3,141.2,143.8,138.7,978.74,950.844,1006.636,275.975,271.932,280.018,46.887,40.63,53.144,2.721,2.87,2.572,0.244,0.272,0.216,0.078,0.142,0.014,4.774,4.686,4.862,4.774,4.686,4.862,6.915,6.566,7.264,6.915,6.566,7.264,7.106999999999999,6.794,7.42,7.106999999999999,6.794,7.42
2023-07-03T03:50:00Z,7193,703,17840,27,27,,85,85,,863.558,863.558,,,,,0.01,4.5,4,4.9,14,13.3,14.6,9.8,9.5,10.1,145.7,150.2,141.4,931.811,887.384,976.238,266.40999999999997,256.304,276.516,43.943,37.5,50.386,1.72,1.796,1.644,0.10800000000000001,0.138,0.078,0.069,0.138,0,4.6080000000000005,4.386,4.83,4.6080000000000005,4.386,4.83,6.557,6.032,7.082,6.557,6.032,7.082,6.638,6.152,7.124,6.638,6.152,7.124
2023-07-03T04:00:00Z,7793,363,17520,27,27,,85,85,,863.43,863.43,,,,,0.01,4.4,4.1,4.7,13.9,13.7,14,9.8,9.7,9.9,146.4,147.3,145.4,924.813,914.882,934.744,265.203,262.228,268.178,43.74,38.652,48.828,2.104,1.554,2.654,0.279,0.17,0.388,0.128,0.17,0.086,4.64,4.422,4.858,4.64,4.422,4.858,6.6129999999999995,6.172,7.054,6.6129999999999995,6.172,7.054,6.773,6.288,7.258,6.773,6.288,7.258
2023-07-03T04:10:00Z,8453,363,18202,27,27,,85,85,,863.245,863.245,,,,,0.01,4,3.7,4.2,13,12.9,13,9.4,9.3,9.4,152.7,153.2,152.1,863.6075000000001,858.418,868.797,246.07150000000001,246.49,245.653,38.8635,34.21,43.517,2.3935,2.332,2.455,0.3695,0.242,0.497,0.1625,0.165,0.16,4.173500000000001,4.2,4.147,4.173500000000001,4.2,4.147,6.021,5.947,6.095,6.021,5.947,6.095,6.285,6.16,6.41,6.285,6.16,6.41
2023-07-03T04:20:00Z,8873,349,18160,27,27,,85,85,,863.183,863.183,,,,,0.01,3.7,3.6,3.8,11.7,11.2,12.2,8.8,8.5,9,162,166.1,158.1,781.7785,748.527,815.03,225.60649999999998,218.963,232.25,35.406499999999994,34.12,36.693,1.2535,1.06,1.447,0.1865,0.063,0.31,0.0665,0.063,0.07,3.7915,3.64,3.943,3.7915,3.64,3.943,5.33,5.113,5.547,5.33,5.113,5.547,5.425,5.17,5.68,5.425,5.17,5.68
